{"value": [{"zip_code":"98326","country":"US","city":"Clallam Bay","state":"Washington","state_ab":"WA","county":"Clallam","geo_location":{ "type": "Point", "coordinates": [-124.2015, 48.2255] }},
{"zip_code":"98663","country":"US","city":"Vancouver","state":"Washington","state_ab":"WA","county":"Clark","geo_location":{ "type": "Point", "coordinates": [-122.6604, 45.6514] }},
{"zip_code":"98609","country":"US","city":"Carrolls","state":"Washington","state_ab":"WA","county":"Cowlitz","geo_location":{ "type": "Point", "coordinates": [-122.8648, 46.0715] }},
{"zip_code":"98649","country":"US","city":"Toutle","state":"Washington","state_ab":"WA","county":"Cowlitz","geo_location":{ "type": "Point", "coordinates": [-122.6477, 46.2956] }},
{"zip_code":"98830","country":"US","city":"Mansfield","state":"Washington","state_ab":"WA","county":"Douglas","geo_location":{ "type": "Point", "coordinates": [-119.4053, 47.9021] }},
{"zip_code":"98843","country":"US","city":"Orondo","state":"Washington","state_ab":"WA","county":"Douglas","geo_location":{ "type": "Point", "coordinates": [-120.1721, 47.6969] }},
{"zip_code":"99150","country":"US","city":"Malo","state":"Washington","state_ab":"WA","county":"Ferry","geo_location":{ "type": "Point", "coordinates": [-118.6044, 48.811] }},
{"zip_code":"99330","country":"US","city":"Eltopia","state":"Washington","state_ab":"WA","county":"Franklin","geo_location":{ "type": "Point", "coordinates": [-119.1013, 46.475] }},
{"zip_code":"99343","country":"US","city":"Mesa","state":"Washington","state_ab":"WA","county":"Franklin","geo_location":{ "type": "Point", "coordinates": [-119.1373, 46.5782] }},
{"zip_code":"99123","country":"US","city":"Electric City","state":"Washington","state_ab":"WA","county":"Grant","geo_location":{ "type": "Point", "coordinates": [-119.0426, 47.9131] }},
{"zip_code":"98520","country":"US","city":"Aberdeen","state":"Washington","state_ab":"WA","county":"Grays Harbor","geo_location":{ "type": "Point", "coordinates": [-123.7963, 46.9843] }},
{"zip_code":"98559","country":"US","city":"Malone","state":"Washington","state_ab":"WA","county":"Grays Harbor","geo_location":{ "type": "Point", "coordinates": [-123.3268, 46.9589] }},
{"zip_code":"98236","country":"US","city":"Clinton","state":"Washington","state_ab":"WA","county":"Island","geo_location":{ "type": "Point", "coordinates": [-122.3916, 47.9508] }},
{"zip_code":"98249","country":"US","city":"Freeland","state":"Washington","state_ab":"WA","county":"Island","geo_location":{ "type": "Point", "coordinates": [-122.5641, 48.0342] }},
{"zip_code":"98339","country":"US","city":"Port Hadlock","state":"Washington","state_ab":"WA","county":"Jefferson","geo_location":{ "type": "Point", "coordinates": [-122.7682, 48.0345] }},
{"zip_code":"98003","country":"US","city":"Federal Way","state":"Washington","state_ab":"WA","county":"King","geo_location":{ "type": "Point", "coordinates": [-122.3117, 47.3203] }},
{"zip_code":"98029","country":"US","city":"Issaquah","state":"Washington","state_ab":"WA","county":"King","geo_location":{ "type": "Point", "coordinates": [-122.0055, 47.5585] }},
{"zip_code":"98030","country":"US","city":"Kent","state":"Washington","state_ab":"WA","county":"King County","geo_location":{ "type": "Point", "coordinates": [-122.2109, 47.3866] }},
{"zip_code":"98056","country":"US","city":"Renton","state":"Washington","state_ab":"WA","county":"King","geo_location":{ "type": "Point", "coordinates": [-122.1819, 47.5073] }},
{"zip_code":"98070","country":"US","city":"Vashon","state":"Washington","state_ab":"WA","county":"King","geo_location":{ "type": "Point", "coordinates": [-122.4644, 47.4259] }},
{"zip_code":"98083","country":"US","city":"Kirkland","state":"Washington","state_ab":"WA","county":"King","geo_location":{ "type": "Point", "coordinates": [-121.8034, 47.4323] }},
{"zip_code":"98106","country":"US","city":"Seattle","state":"Washington","state_ab":"WA","county":"King","geo_location":{ "type": "Point", "coordinates": [-122.3547, 47.5344] }},
{"zip_code":"98119","country":"US","city":"Seattle","state":"Washington","state_ab":"WA","county":"King","geo_location":{ "type": "Point", "coordinates": [-122.3643, 47.6379] }},
{"zip_code":"98133","country":"US","city":"Seattle","state":"Washington","state_ab":"WA","county":"King","geo_location":{ "type": "Point", "coordinates": [-122.3431, 47.7377] }},
{"zip_code":"98146","country":"US","city":"Seattle","state":"Washington","state_ab":"WA","county":"King","geo_location":{ "type": "Point", "coordinates": [-122.3603, 47.4995] }},
{"zip_code":"98160","country":"US","city":"Seattle","state":"Washington","state_ab":"WA","county":"King","geo_location":{ "type": "Point", "coordinates": [-121.8034, 47.4323] }},
{"zip_code":"98199","country":"US","city":"Seattle","state":"Washington","state_ab":"WA","county":"King","geo_location":{ "type": "Point", "coordinates": [-122.3964, 47.6488] }},
{"zip_code":"98340","country":"US","city":"Hansville","state":"Washington","state_ab":"WA","county":"Kitsap","geo_location":{ "type": "Point", "coordinates": [-122.5655, 47.9061] }},
{"zip_code":"98353","country":"US","city":"Manchester","state":"Washington","state_ab":"WA","county":"Kitsap","geo_location":{ "type": "Point", "coordinates": [-122.6225, 47.5952] }},
{"zip_code":"98366","country":"US","city":"Port Orchard","state":"Washington","state_ab":"WA","county":"Kitsap","geo_location":{ "type": "Point", "coordinates": [-122.5871, 47.5427] }},
{"zip_code":"98380","country":"US","city":"Seabeck","state":"Washington","state_ab":"WA","county":"Kitsap","geo_location":{ "type": "Point", "coordinates": [-122.8686, 47.5913] }},
{"zip_code":"98393","country":"US","city":"Tracyton","state":"Washington","state_ab":"WA","county":"Kitsap","geo_location":{ "type": "Point", "coordinates": [-122.65, 47.6267] }},
{"zip_code":"98946","country":"US","city":"Thorp","state":"Washington","state_ab":"WA","county":"Kittitas","geo_location":{ "type": "Point", "coordinates": [-120.7583, 47.0739] }},
{"zip_code":"98623","country":"US","city":"Husum","state":"Washington","state_ab":"WA","county":"Klickitat","geo_location":{ "type": "Point", "coordinates": [-121.4877, 45.8076] }},
{"zip_code":"98650","country":"US","city":"Trout Lake","state":"Washington","state_ab":"WA","county":"Klickitat","geo_location":{ "type": "Point", "coordinates": [-121.5163, 45.9828] }},
{"zip_code":"99356","country":"US","city":"Roosevelt","state":"Washington","state_ab":"WA","county":"Klickitat","geo_location":{ "type": "Point", "coordinates": [-120.3543, 45.8514] }},
{"zip_code":"98533","country":"US","city":"Cinebar","state":"Washington","state_ab":"WA","county":"Lewis","geo_location":{ "type": "Point", "coordinates": [-122.5687, 46.5793] }},
{"zip_code":"98546","country":"US","city":"Grapeview","state":"Washington","state_ab":"WA","county":"Mason","geo_location":{ "type": "Point", "coordinates": [-122.9163, 47.3273] }},
{"zip_code":"98560","country":"US","city":"Matlock","state":"Washington","state_ab":"WA","county":"Mason","geo_location":{ "type": "Point", "coordinates": [-123.4412, 47.2636] }},
{"zip_code":"98829","country":"US","city":"Malott","state":"Washington","state_ab":"WA","county":"Okanogan","geo_location":{ "type": "Point", "coordinates": [-119.7525, 48.248] }},
{"zip_code":"98856","country":"US","city":"Twisp","state":"Washington","state_ab":"WA","county":"Okanogan","geo_location":{ "type": "Point", "coordinates": [-120.135, 48.3632] }},
{"zip_code":"98586","country":"US","city":"South Bend","state":"Washington","state_ab":"WA","county":"Pacific","geo_location":{ "type": "Point", "coordinates": [-123.8203, 46.6544] }},
{"zip_code":"98403","country":"US","city":"Tacoma","state":"Washington","state_ab":"WA","county":"Pierce","geo_location":{ "type": "Point", "coordinates": [-122.4575, 47.2643] }},
{"zip_code":"98416","country":"US","city":"Tacoma","state":"Washington","state_ab":"WA","county":"Pierce","geo_location":{ "type": "Point", "coordinates": [-122.4821, 47.2646] }},
{"zip_code":"98430","country":"US","city":"Camp Murray","state":"Washington","state_ab":"WA","county":"Pierce","geo_location":{ "type": "Point", "coordinates": [-122.1132, 47.0662] }},
{"zip_code":"98443","country":"US","city":"Tacoma","state":"Washington","state_ab":"WA","county":"Pierce","geo_location":{ "type": "Point", "coordinates": [-122.3728, 47.2044] }},
{"zip_code":"98496","country":"US","city":"Lakewood","state":"Washington","state_ab":"WA","county":"Pierce County","geo_location":{ "type": "Point", "coordinates": [-122.5089, 47.1666] }},
{"zip_code":"98250","country":"US","city":"Friday Harbor","state":"Washington","state_ab":"WA","county":"San Juan","geo_location":{ "type": "Point", "coordinates": [-123.0947, 48.5454] }},
{"zip_code":"98263","country":"US","city":"Lyman","state":"Washington","state_ab":"WA","county":"Skagit","geo_location":{ "type": "Point", "coordinates": [-122.0586, 48.5345] }},
{"zip_code":"98610","country":"US","city":"Carson","state":"Washington","state_ab":"WA","county":"Skamania","geo_location":{ "type": "Point", "coordinates": [-121.8351, 45.7493] }},
{"zip_code":"98043","country":"US","city":"Mountlake Terrace","state":"Washington","state_ab":"WA","county":"Snohomish","geo_location":{ "type": "Point", "coordinates": [-122.3076, 47.7933] }},
{"zip_code":"98223","country":"US","city":"Arlington","state":"Washington","state_ab":"WA","county":"Snohomish","geo_location":{ "type": "Point", "coordinates": [-122.1121, 48.1829] }},
{"zip_code":"98290","country":"US","city":"Snohomish","state":"Washington","state_ab":"WA","county":"Snohomish","geo_location":{ "type": "Point", "coordinates": [-122.0716, 47.8954] }},
{"zip_code":"99006","country":"US","city":"Deer Park","state":"Washington","state_ab":"WA","county":"Spokane","geo_location":{ "type": "Point", "coordinates": [-117.4436, 47.9486] }},
{"zip_code":"99019","country":"US","city":"Liberty Lake","state":"Washington","state_ab":"WA","county":"Spokane","geo_location":{ "type": "Point", "coordinates": [-117.0838, 47.6517] }},
{"zip_code":"99020","country":"US","city":"Marshall","state":"Washington","state_ab":"WA","county":"Spokane","geo_location":{ "type": "Point", "coordinates": [-117.5926, 47.6177] }},
{"zip_code":"99213","country":"US","city":"Spokane","state":"Washington","state_ab":"WA","county":"Spokane","geo_location":{ "type": "Point", "coordinates": [-117.2825, 47.6567] }},
{"zip_code":"99109","country":"US","city":"Chewelah","state":"Washington","state_ab":"WA","county":"Stevens","geo_location":{ "type": "Point", "coordinates": [-117.7754, 48.2876] }},
{"zip_code":"99110","country":"US","city":"Clayton","state":"Washington","state_ab":"WA","county":"Stevens","geo_location":{ "type": "Point", "coordinates": [-117.5579, 48.0071] }},
{"zip_code":"98506","country":"US","city":"Olympia","state":"Washington","state_ab":"WA","county":"Thurston","geo_location":{ "type": "Point", "coordinates": [-122.87, 47.1042] }},
{"zip_code":"98599","country":"US","city":"Olympia","state":"Washington","state_ab":"WA","county":"Thurston","geo_location":{ "type": "Point", "coordinates": [-122.7024, 46.9781] }},
{"zip_code":"99329","country":"US","city":"Dixie","state":"Washington","state_ab":"WA","county":"Walla Walla","geo_location":{ "type": "Point", "coordinates": [-118.1531, 46.1408] }},
{"zip_code":"98276","country":"US","city":"Nooksack","state":"Washington","state_ab":"WA","county":"Whatcom","geo_location":{ "type": "Point", "coordinates": [-122.3357, 48.8342] }},
{"zip_code":"99033","country":"US","city":"Tekoa","state":"Washington","state_ab":"WA","county":"Whitman","geo_location":{ "type": "Point", "coordinates": [-117.0819, 47.2271] }},
{"zip_code":"99136","country":"US","city":"Hay","state":"Washington","state_ab":"WA","county":"Whitman","geo_location":{ "type": "Point", "coordinates": [-117.9417, 46.6973] }},
{"zip_code":"99149","country":"US","city":"Malden","state":"Washington","state_ab":"WA","county":"Whitman","geo_location":{ "type": "Point", "coordinates": [-117.4766, 47.0101] }},
{"zip_code":"99163","country":"US","city":"Pullman","state":"Washington","state_ab":"WA","county":"Whitman","geo_location":{ "type": "Point", "coordinates": [-117.1729, 46.7352] }},
{"zip_code":"99176","country":"US","city":"Thornton","state":"Washington","state_ab":"WA","county":"Whitman","geo_location":{ "type": "Point", "coordinates": [-117.3864, 47.1253] }},
{"zip_code":"98920","country":"US","city":"Brownstown","state":"Washington","state_ab":"WA","county":"Yakima","geo_location":{ "type": "Point", "coordinates": [-120.6947, 46.5645] }},
{"zip_code":"98933","country":"US","city":"Harrah","state":"Washington","state_ab":"WA","county":"Yakima","geo_location":{ "type": "Point", "coordinates": [-120.5736, 46.4104] }},
{"zip_code":"54546","country":"US","city":"Mellen","state":"Wisconsin","state_ab":"WI","county":"Ashland","geo_location":{ "type": "Point", "coordinates": [-90.6552, 46.3007] }},
{"zip_code":"54829","country":"US","city":"Cumberland","state":"Wisconsin","state_ab":"WI","county":"Barron","geo_location":{ "type": "Point", "coordinates": [-92.0297, 45.5403] }},
{"zip_code":"54816","country":"US","city":"Benoit","state":"Wisconsin","state_ab":"WI","county":"Bayfield","geo_location":{ "type": "Point", "coordinates": [-91.1433, 46.6828] }},
{"zip_code":"54856","country":"US","city":"Mason","state":"Wisconsin","state_ab":"WI","county":"Bayfield","geo_location":{ "type": "Point", "coordinates": [-91.1318, 46.4399] }},
{"zip_code":"54173","country":"US","city":"Suamico","state":"Wisconsin","state_ab":"WI","county":"Brown","geo_location":{ "type": "Point", "coordinates": [-88.0317, 44.6435] }},
{"zip_code":"54313","country":"US","city":"Green Bay","state":"Wisconsin","state_ab":"WI","county":"Brown","geo_location":{ "type": "Point", "coordinates": [-88.1021, 44.5463] }},
{"zip_code":"54610","country":"US","city":"Alma","state":"Wisconsin","state_ab":"WI","county":"Buffalo","geo_location":{ "type": "Point", "coordinates": [-91.8079, 44.4294] }},
{"zip_code":"54830","country":"US","city":"Danbury","state":"Wisconsin","state_ab":"WI","county":"Burnett","geo_location":{ "type": "Point", "coordinates": [-92.293, 45.9726] }},
{"zip_code":"54160","country":"US","city":"Potter","state":"Wisconsin","state_ab":"WI","county":"Calumet","geo_location":{ "type": "Point", "coordinates": [-88.0965, 44.1199] }},
{"zip_code":"54726","country":"US","city":"Boyd","state":"Wisconsin","state_ab":"WI","county":"Chippewa","geo_location":{ "type": "Point", "coordinates": [-91.0294, 44.9437] }},
{"zip_code":"54456","country":"US","city":"Neillsville","state":"Wisconsin","state_ab":"WI","county":"Clark","geo_location":{ "type": "Point", "coordinates": [-90.6112, 44.5494] }},
{"zip_code":"53969","country":"US","city":"Wyocena","state":"Wisconsin","state_ab":"WI","county":"Columbia","geo_location":{ "type": "Point", "coordinates": [-89.305, 43.4989] }},
{"zip_code":"53826","country":"US","city":"Wauzeka","state":"Wisconsin","state_ab":"WI","county":"Crawford","geo_location":{ "type": "Point", "coordinates": [-90.9239, 43.1143] }},
{"zip_code":"53529","country":"US","city":"Dane","state":"Wisconsin","state_ab":"WI","county":"Dane","geo_location":{ "type": "Point", "coordinates": [-89.5117, 43.2424] }},
{"zip_code":"53596","country":"US","city":"Sun Prairie","state":"Wisconsin","state_ab":"WI","county":"Dane","geo_location":{ "type": "Point", "coordinates": [-89.2629, 43.1924] }},
{"zip_code":"53709","country":"US","city":"Madison","state":"Wisconsin","state_ab":"WI","county":"Dane","geo_location":{ "type": "Point", "coordinates": [-89.4239, 43.0696] }},
{"zip_code":"53710","country":"US","city":"Madison","state":"Wisconsin","state_ab":"WI","county":"Dane","geo_location":{ "type": "Point", "coordinates": [-89.4239, 43.0696] }},
{"zip_code":"53789","country":"US","city":"Madison","state":"Wisconsin","state_ab":"WI","county":"Dane","geo_location":{ "type": "Point", "coordinates": [-89.4239, 43.0696] }},
{"zip_code":"53790","country":"US","city":"Madison","state":"Wisconsin","state_ab":"WI","county":"Dane","geo_location":{ "type": "Point", "coordinates": [-89.4239, 43.0696] }},
{"zip_code":"53039","country":"US","city":"Juneau","state":"Wisconsin","state_ab":"WI","county":"Dodge","geo_location":{ "type": "Point", "coordinates": [-88.6845, 43.3792] }},
{"zip_code":"53916","country":"US","city":"Beaver Dam","state":"Wisconsin","state_ab":"WI","county":"Dodge","geo_location":{ "type": "Point", "coordinates": [-88.8407, 43.4616] }},
{"zip_code":"53956","country":"US","city":"Randolph","state":"Wisconsin","state_ab":"WI","county":"Dodge","geo_location":{ "type": "Point", "coordinates": [-89.003, 43.5397] }},
{"zip_code":"54209","country":"US","city":"Egg Harbor","state":"Wisconsin","state_ab":"WI","county":"Door","geo_location":{ "type": "Point", "coordinates": [-87.2805, 45.01] }},
{"zip_code":"54210","country":"US","city":"Ellison Bay","state":"Wisconsin","state_ab":"WI","county":"Door","geo_location":{ "type": "Point", "coordinates": [-87.0512, 45.2572] }},
{"zip_code":"54739","country":"US","city":"Elk Mound","state":"Wisconsin","state_ab":"WI","county":"Dunn","geo_location":{ "type": "Point", "coordinates": [-91.6752, 44.867] }},
{"zip_code":"54120","country":"US","city":"Fence","state":"Wisconsin","state_ab":"WI","county":"Florence","geo_location":{ "type": "Point", "coordinates": [-88.3649, 45.7597] }},
{"zip_code":"53079","country":"US","city":"Saint Cloud","state":"Wisconsin","state_ab":"WI","county":"Fond du Lac","geo_location":{ "type": "Point", "coordinates": [-88.1845, 43.8074] }},
{"zip_code":"54520","country":"US","city":"Crandon","state":"Wisconsin","state_ab":"WI","county":"Forest","geo_location":{ "type": "Point", "coordinates": [-88.9116, 45.5416] }},
{"zip_code":"53569","country":"US","city":"Montfort","state":"Wisconsin","state_ab":"WI","county":"Grant","geo_location":{ "type": "Point", "coordinates": [-90.4447, 42.9757] }},
{"zip_code":"53813","country":"US","city":"Lancaster","state":"Wisconsin","state_ab":"WI","county":"Grant","geo_location":{ "type": "Point", "coordinates": [-90.7109, 42.8445] }},
{"zip_code":"53570","country":"US","city":"Monticello","state":"Wisconsin","state_ab":"WI","county":"Green","geo_location":{ "type": "Point", "coordinates": [-89.6081, 42.7415] }},
{"zip_code":"53503","country":"US","city":"Arena","state":"Wisconsin","state_ab":"WI","county":"Iowa","geo_location":{ "type": "Point", "coordinates": [-89.9386, 43.1521] }},
{"zip_code":"53543","country":"US","city":"Highland","state":"Wisconsin","state_ab":"WI","county":"Iowa","geo_location":{ "type": "Point", "coordinates": [-90.365, 43.0524] }},
{"zip_code":"54559","country":"US","city":"Saxon","state":"Wisconsin","state_ab":"WI","county":"Iron","geo_location":{ "type": "Point", "coordinates": [-90.4383, 46.4959] }},
{"zip_code":"53156","country":"US","city":"Palmyra","state":"Wisconsin","state_ab":"WI","county":"Jefferson","geo_location":{ "type": "Point", "coordinates": [-88.5903, 42.8793] }},
{"zip_code":"53929","country":"US","city":"Elroy","state":"Wisconsin","state_ab":"WI","county":"Juneau","geo_location":{ "type": "Point", "coordinates": [-90.2889, 43.7516] }},
{"zip_code":"53143","country":"US","city":"Kenosha","state":"Wisconsin","state_ab":"WI","county":"Kenosha","geo_location":{ "type": "Point", "coordinates": [-87.8301, 42.5617] }},
{"zip_code":"53170","country":"US","city":"Silver Lake","state":"Wisconsin","state_ab":"WI","county":"Kenosha","geo_location":{ "type": "Point", "coordinates": [-88.1608, 42.552] }},
{"zip_code":"54636","country":"US","city":"Holmen","state":"Wisconsin","state_ab":"WI","county":"La Crosse","geo_location":{ "type": "Point", "coordinates": [-91.2497, 43.9761] }},
{"zip_code":"54650","country":"US","city":"Onalaska","state":"Wisconsin","state_ab":"WI","county":"La Crosse","geo_location":{ "type": "Point", "coordinates": [-91.2314, 43.8974] }},
{"zip_code":"53516","country":"US","city":"Blanchardville","state":"Wisconsin","state_ab":"WI","county":"Lafayette","geo_location":{ "type": "Point", "coordinates": [-89.8555, 42.8062] }},
{"zip_code":"53530","country":"US","city":"Darlington","state":"Wisconsin","state_ab":"WI","county":"Lafayette","geo_location":{ "type": "Point", "coordinates": [-90.1106, 42.6878] }},
{"zip_code":"54430","country":"US","city":"Elton","state":"Wisconsin","state_ab":"WI","county":"Langlade","geo_location":{ "type": "Point", "coordinates": [-88.8837, 45.1562] }},
{"zip_code":"54403","country":"US","city":"Wausau","state":"Wisconsin","state_ab":"WI","county":"Marathon","geo_location":{ "type": "Point", "coordinates": [-89.5318, 44.9529] }},
{"zip_code":"54429","country":"US","city":"Elderon","state":"Wisconsin","state_ab":"WI","county":"Marathon","geo_location":{ "type": "Point", "coordinates": [-89.2478, 44.7802] }},
{"zip_code":"54119","country":"US","city":"Dunbar","state":"Wisconsin","state_ab":"WI","county":"Marinette","geo_location":{ "type": "Point", "coordinates": [-88.1067, 45.6009] }},
{"zip_code":"54159","country":"US","city":"Porterfield","state":"Wisconsin","state_ab":"WI","county":"Marinette","geo_location":{ "type": "Point", "coordinates": [-87.8062, 45.1934] }},
{"zip_code":"53930","country":"US","city":"Endeavor","state":"Wisconsin","state_ab":"WI","county":"Marquette","geo_location":{ "type": "Point", "coordinates": [-89.4617, 43.6963] }},
{"zip_code":"54960","country":"US","city":"Neshkoro","state":"Wisconsin","state_ab":"WI","county":"Marquette","geo_location":{ "type": "Point", "coordinates": [-89.2336, 43.8989] }},
{"zip_code":"53129","country":"US","city":"Greendale","state":"Wisconsin","state_ab":"WI","county":"Milwaukee","geo_location":{ "type": "Point", "coordinates": [-87.9943, 42.9373] }},
{"zip_code":"53130","country":"US","city":"Hales Corners","state":"Wisconsin","state_ab":"WI","county":"Milwaukee","geo_location":{ "type": "Point", "coordinates": [-88.0503, 42.941] }},
{"zip_code":"53206","country":"US","city":"Milwaukee","state":"Wisconsin","state_ab":"WI","county":"Milwaukee","geo_location":{ "type": "Point", "coordinates": [-87.9347, 43.0753] }},
{"zip_code":"53219","country":"US","city":"Milwaukee","state":"Wisconsin","state_ab":"WI","county":"Milwaukee","geo_location":{ "type": "Point", "coordinates": [-87.9944, 42.9959] }},
{"zip_code":"53220","country":"US","city":"Milwaukee","state":"Wisconsin","state_ab":"WI","county":"Milwaukee","geo_location":{ "type": "Point", "coordinates": [-87.9933, 42.9559] }},
{"zip_code":"53233","country":"US","city":"Milwaukee","state":"Wisconsin","state_ab":"WI","county":"Milwaukee","geo_location":{ "type": "Point", "coordinates": [-87.9357, 43.0407] }},
{"zip_code":"53259","country":"US","city":"Milwaukee","state":"Wisconsin","state_ab":"WI","county":"Milwaukee","geo_location":{ "type": "Point", "coordinates": [-87.9139, 43.0387] }},
{"zip_code":"54649","country":"US","city":"Oakdale","state":"Wisconsin","state_ab":"WI","county":"Monroe","geo_location":{ "type": "Point", "coordinates": [-90.3612, 43.9715] }},
{"zip_code":"54106","country":"US","city":"Black Creek","state":"Wisconsin","state_ab":"WI","county":"Outagamie","geo_location":{ "type": "Point", "coordinates": [-88.4547, 44.4702] }},
{"zip_code":"54919","country":"US","city":"Appleton","state":"Wisconsin","state_ab":"WI","county":"Outagamie","geo_location":{ "type": "Point", "coordinates": [-88.4649, 44.4163] }},
{"zip_code":"53080","country":"US","city":"Saukville","state":"Wisconsin","state_ab":"WI","county":"Ozaukee","geo_location":{ "type": "Point", "coordinates": [-87.9568, 43.3913] }},
{"zip_code":"54003","country":"US","city":"Beldenville","state":"Wisconsin","state_ab":"WI","county":"Pierce","geo_location":{ "type": "Point", "coordinates": [-92.4372, 44.7721] }},
{"zip_code":"54740","country":"US","city":"Elmwood","state":"Wisconsin","state_ab":"WI","county":"Pierce","geo_location":{ "type": "Point", "coordinates": [-92.2022, 44.7561] }},
{"zip_code":"54443","country":"US","city":"Junction City","state":"Wisconsin","state_ab":"WI","county":"Portage","geo_location":{ "type": "Point", "coordinates": [-89.7438, 44.5963] }},
{"zip_code":"53556","country":"US","city":"Lone Rock","state":"Wisconsin","state_ab":"WI","county":"Richland","geo_location":{ "type": "Point", "coordinates": [-90.2352, 43.2208] }},
{"zip_code":"54766","country":"US","city":"Sheldon","state":"Wisconsin","state_ab":"WI","county":"Rusk","geo_location":{ "type": "Point", "coordinates": [-90.9141, 45.3182] }},
{"zip_code":"54016","country":"US","city":"Hudson","state":"Wisconsin","state_ab":"WI","county":"St. Croix","geo_location":{ "type": "Point", "coordinates": [-92.7271, 44.9842] }},
{"zip_code":"53583","country":"US","city":"Sauk City","state":"Wisconsin","state_ab":"WI","county":"Sauk","geo_location":{ "type": "Point", "coordinates": [-89.7418, 43.2686] }},
{"zip_code":"53943","country":"US","city":"Loganville","state":"Wisconsin","state_ab":"WI","county":"Sauk","geo_location":{ "type": "Point", "coordinates": [-90.0337, 43.405] }},
{"zip_code":"54843","country":"US","city":"Hayward","state":"Wisconsin","state_ab":"WI","county":"Sawyer","geo_location":{ "type": "Point", "coordinates": [-91.2783, 45.9552] }},
{"zip_code":"54896","country":"US","city":"Winter","state":"Wisconsin","state_ab":"WI","county":"Sawyer","geo_location":{ "type": "Point", "coordinates": [-91.0144, 45.8327] }},
{"zip_code":"54416","country":"US","city":"Bowler","state":"Wisconsin","state_ab":"WI","county":"Shawano","geo_location":{ "type": "Point", "coordinates": [-88.9761, 44.9337] }},
{"zip_code":"53013","country":"US","city":"Cedar Grove","state":"Wisconsin","state_ab":"WI","county":"Sheboygan","geo_location":{ "type": "Point", "coordinates": [-87.8401, 43.5751] }},
{"zip_code":"53026","country":"US","city":"Greenbush","state":"Wisconsin","state_ab":"WI","county":"Sheboygan","geo_location":{ "type": "Point", "coordinates": [-87.6187, 43.7183] }},
{"zip_code":"53093","country":"US","city":"Waldo","state":"Wisconsin","state_ab":"WI","county":"Sheboygan","geo_location":{ "type": "Point", "coordinates": [-87.9722, 43.6571] }},
{"zip_code":"54470","country":"US","city":"Rib Lake","state":"Wisconsin","state_ab":"WI","county":"Taylor","geo_location":{ "type": "Point", "coordinates": [-90.1763, 45.2984] }},
{"zip_code":"54623","country":"US","city":"Coon Valley","state":"Wisconsin","state_ab":"WI","county":"Vernon","geo_location":{ "type": "Point", "coordinates": [-91.0143, 43.7218] }},
{"zip_code":"54519","country":"US","city":"Conover","state":"Wisconsin","state_ab":"WI","county":"Vilas","geo_location":{ "type": "Point", "coordinates": [-89.2389, 46.044] }},
{"zip_code":"54560","country":"US","city":"Sayner","state":"Wisconsin","state_ab":"WI","county":"Vilas","geo_location":{ "type": "Point", "coordinates": [-89.5194, 45.9867] }},
{"zip_code":"54870","country":"US","city":"Sarona","state":"Wisconsin","state_ab":"WI","county":"Washburn","geo_location":{ "type": "Point", "coordinates": [-91.7621, 45.7085] }},
{"zip_code":"53040","country":"US","city":"Kewaskum","state":"Wisconsin","state_ab":"WI","county":"Washington","geo_location":{ "type": "Point", "coordinates": [-88.1925, 43.5214] }},
{"zip_code":"53066","country":"US","city":"Oconomowoc","state":"Wisconsin","state_ab":"WI","county":"Waukesha","geo_location":{ "type": "Point", "coordinates": [-88.4862, 43.1095] }},
{"zip_code":"53103","country":"US","city":"Big Bend","state":"Wisconsin","state_ab":"WI","county":"Waukesha","geo_location":{ "type": "Point", "coordinates": [-88.2122, 42.8885] }},
{"zip_code":"53183","country":"US","city":"Wales","state":"Wisconsin","state_ab":"WI","county":"Waukesha","geo_location":{ "type": "Point", "coordinates": [-88.3787, 43.0088] }},
{"zip_code":"54933","country":"US","city":"Embarrass","state":"Wisconsin","state_ab":"WI","county":"Waupaca","geo_location":{ "type": "Point", "coordinates": [-88.7043, 44.6686] }},
{"zip_code":"54946","country":"US","city":"King","state":"Wisconsin","state_ab":"WI","county":"Waupaca","geo_location":{ "type": "Point", "coordinates": [-89.1463, 44.3365] }},
{"zip_code":"54906","country":"US","city":"Oshkosh","state":"Wisconsin","state_ab":"WI","county":"Winnebago","geo_location":{ "type": "Point", "coordinates": [-88.6449, 44.0686] }},
{"zip_code":"54986","country":"US","city":"Winneconne","state":"Wisconsin","state_ab":"WI","county":"Winnebago","geo_location":{ "type": "Point", "coordinates": [-88.7214, 44.1187] }},
{"zip_code":"54469","country":"US","city":"Port Edwards","state":"Wisconsin","state_ab":"WI","county":"Wood","geo_location":{ "type": "Point", "coordinates": [-89.8652, 44.3497] }},
{"zip_code":"26349","country":"US","city":"Galloway","state":"West Virginia","state_ab":"WV","county":"Barbour","geo_location":{ "type": "Point", "coordinates": [-80.018, 39.1251] }},
{"zip_code":"25009","country":"US","city":"Ashford","state":"West Virginia","state_ab":"WV","county":"Boone","geo_location":{ "type": "Point", "coordinates": [-81.7113, 38.1823] }},
{"zip_code":"25010","country":"US","city":"Bald Knob","state":"West Virginia","state_ab":"WV","county":"Boone","geo_location":{ "type": "Point", "coordinates": [-81.6229, 37.844] }},
{"zip_code":"25049","country":"US","city":"Comfort","state":"West Virginia","state_ab":"WV","county":"Boone","geo_location":{ "type": "Point", "coordinates": [-81.5962, 38.1372] }},
{"zip_code":"25193","country":"US","city":"Sylvester","state":"West Virginia","state_ab":"WV","county":"Boone","geo_location":{ "type": "Point", "coordinates": [-81.5492, 38.0091] }},
{"zip_code":"25203","country":"US","city":"Turtle Creek","state":"West Virginia","state_ab":"WV","county":"Boone","geo_location":{ "type": "Point", "coordinates": [-81.9427, 37.9863] }},
{"zip_code":"26619","country":"US","city":"Exchange","state":"West Virginia","state_ab":"WV","county":"Braxton","geo_location":{ "type": "Point", "coordinates": [-80.7324, 38.7358] }},
{"zip_code":"26620","country":"US","city":"Falls Mill","state":"West Virginia","state_ab":"WV","county":"Braxton County","geo_location":{ "type": "Point", "coordinates": [-80.5506, 38.7757] }},
{"zip_code":"25706","country":"US","city":"Huntington","state":"West Virginia","state_ab":"WV","county":"Cabell","geo_location":{ "type": "Point", "coordinates": [-82.2774, 38.4134] }},
{"zip_code":"25719","country":"US","city":"Huntington","state":"West Virginia","state_ab":"WV","county":"Cabell","geo_location":{ "type": "Point", "coordinates": [-82.2774, 38.4134] }},
{"zip_code":"25720","country":"US","city":"Huntington","state":"West Virginia","state_ab":"WV","county":"Cabell","geo_location":{ "type": "Point", "coordinates": [-82.2774, 38.4134] }},
{"zip_code":"25773","country":"US","city":"Huntington","state":"West Virginia","state_ab":"WV","county":"Cabell","geo_location":{ "type": "Point", "coordinates": [-82.2774, 38.4134] }},
{"zip_code":"26633","country":"US","city":"Nicut","state":"West Virginia","state_ab":"WV","county":"Calhoun County","geo_location":{ "type": "Point", "coordinates": [-81.0088, 38.7143] }},
{"zip_code":"25063","country":"US","city":"Duck","state":"West Virginia","state_ab":"WV","county":"Clay","geo_location":{ "type": "Point", "coordinates": [-80.9764, 38.5647] }},
{"zip_code":"25113","country":"US","city":"Ivydale","state":"West Virginia","state_ab":"WV","county":"Clay","geo_location":{ "type": "Point", "coordinates": [-81.0507, 38.4658] }},
{"zip_code":"25283","country":"US","city":"Valley Fork","state":"West Virginia","state_ab":"WV","county":"Clay","geo_location":{ "type": "Point", "coordinates": [-81.0507, 38.4658] }},
{"zip_code":"25036","country":"US","city":"Cannelton","state":"West Virginia","state_ab":"WV","county":"Fayette","geo_location":{ "type": "Point", "coordinates": [-81.0648, 38.0413] }},
{"zip_code":"25090","country":"US","city":"Glen Ferris","state":"West Virginia","state_ab":"WV","county":"Fayette","geo_location":{ "type": "Point", "coordinates": [-81.0648, 38.0413] }},
{"zip_code":"25139","country":"US","city":"Mount Carbon","state":"West Virginia","state_ab":"WV","county":"Fayette","geo_location":{ "type": "Point", "coordinates": [-81.2931, 38.1399] }},
{"zip_code":"26350","country":"US","city":"Gilmer","state":"West Virginia","state_ab":"WV","county":"Gilmer","geo_location":{ "type": "Point", "coordinates": [-80.8313, 38.9136] }},
{"zip_code":"26439","country":"US","city":"Stouts Mills","state":"West Virginia","state_ab":"WV","county":"Gilmer County","geo_location":{ "type": "Point", "coordinates": [-80.7411, 38.8933] }},
{"zip_code":"24910","country":"US","city":"Alderson","state":"West Virginia","state_ab":"WV","county":"Greenbrier","geo_location":{ "type": "Point", "coordinates": [-80.661, 37.7371] }},
{"zip_code":"24936","country":"US","city":"Fort Spring","state":"West Virginia","state_ab":"WV","county":"Greenbrier","geo_location":{ "type": "Point", "coordinates": [-80.4269, 37.9756] }},
{"zip_code":"24950","country":"US","city":"Kieffer","state":"West Virginia","state_ab":"WV","county":"Greenbrier","geo_location":{ "type": "Point", "coordinates": [-80.5902, 37.943] }},
{"zip_code":"26763","country":"US","city":"Springfield","state":"West Virginia","state_ab":"WV","county":"Hampshire","geo_location":{ "type": "Point", "coordinates": [-78.695, 39.463] }},
{"zip_code":"26323","country":"US","city":"Anmoore","state":"West Virginia","state_ab":"WV","county":"Harrison","geo_location":{ "type": "Point", "coordinates": [-80.2875, 39.2587] }},
{"zip_code":"26426","country":"US","city":"Salem","state":"West Virginia","state_ab":"WV","county":"Harrison","geo_location":{ "type": "Point", "coordinates": [-80.5898, 39.2948] }},
{"zip_code":"25410","country":"US","city":"Bakerton","state":"West Virginia","state_ab":"WV","county":"Jefferson","geo_location":{ "type": "Point", "coordinates": [-77.8772, 39.3159] }},
{"zip_code":"25423","country":"US","city":"Halltown","state":"West Virginia","state_ab":"WV","county":"Jefferson","geo_location":{ "type": "Point", "coordinates": [-77.8772, 39.3159] }},
{"zip_code":"25126","country":"US","city":"London","state":"West Virginia","state_ab":"WV","county":"Kanawha","geo_location":{ "type": "Point", "coordinates": [-81.3714, 38.196] }},
{"zip_code":"25306","country":"US","city":"Charleston","state":"West Virginia","state_ab":"WV","county":"Kanawha","geo_location":{ "type": "Point", "coordinates": [-81.5274, 38.3175] }},
{"zip_code":"25320","country":"US","city":"Charleston","state":"West Virginia","state_ab":"WV","county":"Kanawha","geo_location":{ "type": "Point", "coordinates": [-81.6334, 38.5428] }},
{"zip_code":"25333","country":"US","city":"Charleston","state":"West Virginia","state_ab":"WV","county":"Kanawha","geo_location":{ "type": "Point", "coordinates": [-81.5547, 38.2968] }},
{"zip_code":"25360","country":"US","city":"Charleston","state":"West Virginia","state_ab":"WV","county":"Kanawha","geo_location":{ "type": "Point", "coordinates": [-81.5547, 38.2968] }},
{"zip_code":"26376","country":"US","city":"Ireland","state":"West Virginia","state_ab":"WV","county":"Lewis","geo_location":{ "type": "Point", "coordinates": [-80.4567, 38.7763] }},
{"zip_code":"25540","country":"US","city":"Midkiff","state":"West Virginia","state_ab":"WV","county":"Lincoln","geo_location":{ "type": "Point", "coordinates": [-82.0541, 38.1602] }},
{"zip_code":"25076","country":"US","city":"Ethel","state":"West Virginia","state_ab":"WV","county":"Logan","geo_location":{ "type": "Point", "coordinates": [-81.9024, 37.8332] }},
{"zip_code":"25630","country":"US","city":"Lorado","state":"West Virginia","state_ab":"WV","county":"Logan","geo_location":{ "type": "Point", "coordinates": [-81.9024, 37.8332] }},
{"zip_code":"25643","country":"US","city":"Rossmore","state":"West Virginia","state_ab":"WV","county":"Logan County","geo_location":{ "type": "Point", "coordinates": [-81.9814, 37.8092] }},
{"zip_code":"24819","country":"US","city":"Canebrake","state":"West Virginia","state_ab":"WV","county":"McDowell County","geo_location":{ "type": "Point", "coordinates": [-81.6938, 37.2916] }},
{"zip_code":"24820","country":"US","city":"Capels","state":"West Virginia","state_ab":"WV","county":"McDowell","geo_location":{ "type": "Point", "coordinates": [-81.6539, 37.3752] }},
{"zip_code":"24846","country":"US","city":"Isaban","state":"West Virginia","state_ab":"WV","county":"McDowell","geo_location":{ "type": "Point", "coordinates": [-81.6539, 37.3752] }},
{"zip_code":"24873","country":"US","city":"Paynesville","state":"West Virginia","state_ab":"WV","county":"McDowell","geo_location":{ "type": "Point", "coordinates": [-81.6539, 37.3752] }},
{"zip_code":"24886","country":"US","city":"Superior","state":"West Virginia","state_ab":"WV","county":"McDowell County","geo_location":{ "type": "Point", "coordinates": [-81.5424, 37.421] }},
{"zip_code":"24899","country":"US","city":"Yukon","state":"West Virginia","state_ab":"WV","county":"McDowell","geo_location":{ "type": "Point", "coordinates": [-81.6539, 37.3752] }},
{"zip_code":"26570","country":"US","city":"Fairview","state":"West Virginia","state_ab":"WV","county":"Marion","geo_location":{ "type": "Point", "coordinates": [-80.2529, 39.6103] }},
{"zip_code":"26039","country":"US","city":"Glen Easton","state":"West Virginia","state_ab":"WV","county":"Marshall","geo_location":{ "type": "Point", "coordinates": [-80.6661, 39.8531] }},
{"zip_code":"26040","country":"US","city":"Mc Mechen","state":"West Virginia","state_ab":"WV","county":"Marshall","geo_location":{ "type": "Point", "coordinates": [-80.7308, 39.9878] }},
{"zip_code":"24729","country":"US","city":"Hiawatha","state":"West Virginia","state_ab":"WV","county":"Mercer","geo_location":{ "type": "Point", "coordinates": [-81.1058, 37.4164] }},
{"zip_code":"26710","country":"US","city":"Burlington","state":"West Virginia","state_ab":"WV","county":"Mineral","geo_location":{ "type": "Point", "coordinates": [-78.9647, 39.4431] }},
{"zip_code":"26750","country":"US","city":"Piedmont","state":"West Virginia","state_ab":"WV","county":"Mineral","geo_location":{ "type": "Point", "coordinates": [-79.0489, 39.4799] }},
{"zip_code":"25670","country":"US","city":"Delbarton","state":"West Virginia","state_ab":"WV","county":"Mingo","geo_location":{ "type": "Point", "coordinates": [-82.1931, 37.7189] }},
{"zip_code":"25696","country":"US","city":"Varney","state":"West Virginia","state_ab":"WV","county":"Mingo","geo_location":{ "type": "Point", "coordinates": [-82.108, 37.7431] }},
{"zip_code":"26503","country":"US","city":"Morgantown","state":"West Virginia","state_ab":"WV","county":"Monongalia","geo_location":{ "type": "Point", "coordinates": [-79.8956, 39.6366] }},
{"zip_code":"26529","country":"US","city":"Core","state":"West Virginia","state_ab":"WV","county":"Monongalia","geo_location":{ "type": "Point", "coordinates": [-80.1597, 39.6516] }},
{"zip_code":"26543","country":"US","city":"Osage","state":"West Virginia","state_ab":"WV","county":"Monongalia","geo_location":{ "type": "Point", "coordinates": [-80.093, 39.5785] }},
{"zip_code":"24923","country":"US","city":"Bozoo","state":"West Virginia","state_ab":"WV","county":"Monroe County","geo_location":{ "type": "Point", "coordinates": [-80.8183, 37.4583] }},
{"zip_code":"24963","country":"US","city":"Peterstown","state":"West Virginia","state_ab":"WV","county":"Monroe","geo_location":{ "type": "Point", "coordinates": [-80.7686, 37.4147] }},
{"zip_code":"24976","country":"US","city":"Sinks Grove","state":"West Virginia","state_ab":"WV","county":"Monroe","geo_location":{ "type": "Point", "coordinates": [-80.5397, 37.552] }},
{"zip_code":"26660","country":"US","city":"Calvin","state":"West Virginia","state_ab":"WV","county":"Nicholas","geo_location":{ "type": "Point", "coordinates": [-80.8342, 38.3184] }},
{"zip_code":"26813","country":"US","city":"Moyers","state":"West Virginia","state_ab":"WV","county":"Pendleton County","geo_location":{ "type": "Point", "coordinates": [-79.383, 38.5006] }},
{"zip_code":"26866","country":"US","city":"Upper Tract","state":"West Virginia","state_ab":"WV","county":"Pendleton","geo_location":{ "type": "Point", "coordinates": [-79.2586, 38.795] }},
{"zip_code":"26170","country":"US","city":"Saint Marys","state":"West Virginia","state_ab":"WV","county":"Pleasants","geo_location":{ "type": "Point", "coordinates": [-81.1725, 39.386] }},
{"zip_code":"25526","country":"US","city":"Hurricane","state":"West Virginia","state_ab":"WV","county":"Putnam","geo_location":{ "type": "Point", "coordinates": [-81.9943, 38.4257] }},
{"zip_code":"25140","country":"US","city":"Naoma","state":"West Virginia","state_ab":"WV","county":"Raleigh","geo_location":{ "type": "Point", "coordinates": [-81.5214, 37.9154] }},
{"zip_code":"25180","country":"US","city":"Saxon","state":"West Virginia","state_ab":"WV","county":"Raleigh","geo_location":{ "type": "Point", "coordinates": [-81.4346, 37.7901] }},
{"zip_code":"25823","country":"US","city":"Coal City","state":"West Virginia","state_ab":"WV","county":"Raleigh","geo_location":{ "type": "Point", "coordinates": [-81.1749, 37.6708] }},
{"zip_code":"25836","country":"US","city":"Eccles","state":"West Virginia","state_ab":"WV","county":"Raleigh","geo_location":{ "type": "Point", "coordinates": [-81.2635, 37.7792] }},
{"zip_code":"25849","country":"US","city":"Glen White","state":"West Virginia","state_ab":"WV","county":"Raleigh","geo_location":{ "type": "Point", "coordinates": [-81.2799, 37.7306] }},
{"zip_code":"25926","country":"US","city":"Sprague","state":"West Virginia","state_ab":"WV","county":"Raleigh","geo_location":{ "type": "Point", "coordinates": [-81.1951, 37.7873] }},
{"zip_code":"26259","country":"US","city":"Dailey","state":"West Virginia","state_ab":"WV","county":"Randolph","geo_location":{ "type": "Point", "coordinates": [-79.8147, 38.7534] }},
{"zip_code":"26273","country":"US","city":"Huttonsville","state":"West Virginia","state_ab":"WV","county":"Randolph","geo_location":{ "type": "Point", "coordinates": [-79.9775, 38.6784] }},
{"zip_code":"25243","country":"US","city":"Gandeeville","state":"West Virginia","state_ab":"WV","county":"Roane","geo_location":{ "type": "Point", "coordinates": [-81.4243, 38.7034] }},
{"zip_code":"25256","country":"US","city":"Linden","state":"West Virginia","state_ab":"WV","county":"Roane","geo_location":{ "type": "Point", "coordinates": [-81.3146, 38.7317] }},
{"zip_code":"25270","country":"US","city":"Reedy","state":"West Virginia","state_ab":"WV","county":"Roane","geo_location":{ "type": "Point", "coordinates": [-81.4399, 38.8889] }},
{"zip_code":"25966","country":"US","city":"Green Sulphur Springs","state":"West Virginia","state_ab":"WV","county":"Summers","geo_location":{ "type": "Point", "coordinates": [-80.8774, 37.6485] }},
{"zip_code":"25979","country":"US","city":"Pipestem","state":"West Virginia","state_ab":"WV","county":"Summers","geo_location":{ "type": "Point", "coordinates": [-80.9463, 37.5303] }},
{"zip_code":"26440","country":"US","city":"Thornton","state":"West Virginia","state_ab":"WV","county":"Taylor","geo_location":{ "type": "Point", "coordinates": [-79.9096, 39.3329] }},
{"zip_code":"26260","country":"US","city":"Davis","state":"West Virginia","state_ab":"WV","county":"Tucker","geo_location":{ "type": "Point", "coordinates": [-79.4563, 39.0882] }},
{"zip_code":"26219","country":"US","city":"Frenchton","state":"West Virginia","state_ab":"WV","county":"Upshur","geo_location":{ "type": "Point", "coordinates": [-80.2269, 38.8993] }},
{"zip_code":"25669","country":"US","city":"Crum","state":"West Virginia","state_ab":"WV","county":"Wayne","geo_location":{ "type": "Point", "coordinates": [-82.4624, 37.9389] }},
{"zip_code":"26206","country":"US","city":"Cowen","state":"West Virginia","state_ab":"WV","county":"Webster","geo_location":{ "type": "Point", "coordinates": [-80.5358, 38.4133] }},
{"zip_code":"26299","country":"US","city":"Boggs","state":"West Virginia","state_ab":"WV","county":"Webster County","geo_location":{ "type": "Point", "coordinates": [-80.6074, 38.4821] }},
{"zip_code":"26143","country":"US","city":"Elizabeth","state":"West Virginia","state_ab":"WV","county":"Wirt","geo_location":{ "type": "Point", "coordinates": [-81.3989, 39.0566] }},
{"zip_code":"26103","country":"US","city":"Parkersburg","state":"West Virginia","state_ab":"WV","county":"Wood","geo_location":{ "type": "Point", "coordinates": [-81.5405, 39.2364] }},
{"zip_code":"26169","country":"US","city":"Rockport","state":"West Virginia","state_ab":"WV","county":"Wood","geo_location":{ "type": "Point", "coordinates": [-81.5713, 39.0798] }},
{"zip_code":"24716","country":"US","city":"Bud","state":"West Virginia","state_ab":"WV","county":"Wyoming","geo_location":{ "type": "Point", "coordinates": [-81.54, 37.6033] }},
{"zip_code":"24859","country":"US","city":"Marianna","state":"West Virginia","state_ab":"WV","county":"Wyoming","geo_location":{ "type": "Point", "coordinates": [-81.54, 37.6033] }},
{"zip_code":"24860","country":"US","city":"Matheny","state":"West Virginia","state_ab":"WV","county":"Wyoming","geo_location":{ "type": "Point", "coordinates": [-81.607, 37.6624] }},
{"zip_code":"25810","country":"US","city":"Allen Junction","state":"West Virginia","state_ab":"WV","county":"Wyoming","geo_location":{ "type": "Point", "coordinates": [-81.54, 37.6033] }},
{"zip_code":"25876","country":"US","city":"Saulsville","state":"West Virginia","state_ab":"WV","county":"Wyoming","geo_location":{ "type": "Point", "coordinates": [-81.54, 37.6033] }},
{"zip_code":"25913","country":"US","city":"Ravencliff","state":"West Virginia","state_ab":"WV","county":"Wyoming","geo_location":{ "type": "Point", "coordinates": [-81.4895, 37.7141] }},
{"zip_code":"82073","country":"US","city":"Laramie","state":"Wyoming","state_ab":"WY","county":"Albany","geo_location":{ "type": "Point", "coordinates": [-105.6247, 41.3071] }},
{"zip_code":"82420","country":"US","city":"Cowley","state":"Wyoming","state_ab":"WY","county":"Big Horn","geo_location":{ "type": "Point", "coordinates": [-108.4638, 44.8841] }},
{"zip_code":"82716","country":"US","city":"Gillette","state":"Wyoming","state_ab":"WY","county":"Campbell","geo_location":{ "type": "Point", "coordinates": [-105.4974, 44.282] }},
{"zip_code":"82329","country":"US","city":"Medicine Bow","state":"Wyoming","state_ab":"WY","county":"Carbon","geo_location":{ "type": "Point", "coordinates": [-106.2012, 41.903] }},
{"zip_code":"82729","country":"US","city":"Sundance","state":"Wyoming","state_ab":"WY","county":"Crook","geo_location":{ "type": "Point", "coordinates": [-104.3837, 44.4058] }},
{"zip_code":"82510","country":"US","city":"Arapahoe","state":"Wyoming","state_ab":"WY","county":"Fremont","geo_location":{ "type": "Point", "coordinates": [-108.4941, 42.9679] }},
{"zip_code":"82523","country":"US","city":"Pavillion","state":"Wyoming","state_ab":"WY","county":"Fremont","geo_location":{ "type": "Point", "coordinates": [-108.6998, 43.3623] }},
{"zip_code":"82240","country":"US","city":"Torrington","state":"Wyoming","state_ab":"WY","county":"Goshen","geo_location":{ "type": "Point", "coordinates": [-104.1917, 42.0624] }},
{"zip_code":"82639","country":"US","city":"Kaycee","state":"Wyoming","state_ab":"WY","county":"Johnson","geo_location":{ "type": "Point", "coordinates": [-106.5632, 43.7236] }},
{"zip_code":"82640","country":"US","city":"Linch","state":"Wyoming","state_ab":"WY","county":"Johnson","geo_location":{ "type": "Point", "coordinates": [-106.1728, 43.5651] }},
{"zip_code":"82006","country":"US","city":"Cheyenne","state":"Wyoming","state_ab":"WY","county":"Laramie","geo_location":{ "type": "Point", "coordinates": [-104.6664, 41.3274] }},
{"zip_code":"82059","country":"US","city":"Granite Canon","state":"Wyoming","state_ab":"WY","county":"Laramie","geo_location":{ "type": "Point", "coordinates": [-105.1517, 41.0473] }},
{"zip_code":"82060","country":"US","city":"Hillsdale","state":"Wyoming","state_ab":"WY","county":"Laramie","geo_location":{ "type": "Point", "coordinates": [-104.4933, 41.2136] }},
{"zip_code":"83126","country":"US","city":"Smoot","state":"Wyoming","state_ab":"WY","county":"Lincoln","geo_location":{ "type": "Point", "coordinates": [-110.9224, 42.6192] }},
{"zip_code":"82190","country":"US","city":"Yellowstone National Park","state":"Wyoming","state_ab":"WY","county":"Park","geo_location":{ "type": "Point", "coordinates": [-110.6137, 44.7957] }},
{"zip_code":"82433","country":"US","city":"Meeteetse","state":"Wyoming","state_ab":"WY","county":"Park","geo_location":{ "type": "Point", "coordinates": [-108.95, 44.1962] }},
{"zip_code":"82213","country":"US","city":"Glendo","state":"Wyoming","state_ab":"WY","county":"Platte","geo_location":{ "type": "Point", "coordinates": [-105.0, 42.5004] }},
{"zip_code":"82833","country":"US","city":"Big Horn","state":"Wyoming","state_ab":"WY","county":"Sheridan","geo_location":{ "type": "Point", "coordinates": [-107.0247, 44.6531] }},
{"zip_code":"82923","country":"US","city":"Boulder","state":"Wyoming","state_ab":"WY","county":"Sublette","geo_location":{ "type": "Point", "coordinates": [-109.5401, 42.6881] }},
{"zip_code":"83113","country":"US","city":"Big Piney","state":"Wyoming","state_ab":"WY","county":"Sublette","geo_location":{ "type": "Point", "coordinates": [-110.1246, 42.6483] }},
{"zip_code":"82936","country":"US","city":"Lonetree","state":"Wyoming","state_ab":"WY","county":"Uinta","geo_location":{ "type": "Point", "coordinates": [-110.1603, 41.0552] }},
{"zip_code":"82730","country":"US","city":"Upton","state":"Wyoming","state_ab":"WY","county":"Weston","geo_location":{ "type": "Point", "coordinates": [-104.6352, 44.0893] }},
{"zip_code":"30217","country":"US","city":"Franklin","state":"Georgia","state_ab":"GA","county":"Heard","geo_location":{ "type": "Point", "coordinates": [-85.134, 33.278] }},
{"zip_code":"30567","country":"US","city":"Pendergrass","state":"Georgia","state_ab":"GA","county":"Jackson","geo_location":{ "type": "Point", "coordinates": [-83.6634, 34.1796] }},
{"zip_code":"30477","country":"US","city":"Wadley","state":"Georgia","state_ab":"GA","county":"Jefferson","geo_location":{ "type": "Point", "coordinates": [-82.4025, 32.8747] }},
{"zip_code":"30204","country":"US","city":"Barnesville","state":"Georgia","state_ab":"GA","county":"Lamar","geo_location":{ "type": "Point", "coordinates": [-84.1515, 33.0457] }},
{"zip_code":"30257","country":"US","city":"Milner","state":"Georgia","state_ab":"GA","county":"Lamar","geo_location":{ "type": "Point", "coordinates": [-84.1759, 33.141] }},
{"zip_code":"31027","country":"US","city":"Dublin","state":"Georgia","state_ab":"GA","county":"Laurens","geo_location":{ "type": "Point", "coordinates": [-82.7817, 32.5524] }},
{"zip_code":"30824","country":"US","city":"Thomson","state":"Georgia","state_ab":"GA","county":"McDuffie","geo_location":{ "type": "Point", "coordinates": [-82.4942, 33.4774] }},
{"zip_code":"31041","country":"US","city":"Ideal","state":"Georgia","state_ab":"GA","county":"Macon","geo_location":{ "type": "Point", "coordinates": [-84.1481, 32.393] }},
{"zip_code":"31737","country":"US","city":"Colquitt","state":"Georgia","state_ab":"GA","county":"Miller","geo_location":{ "type": "Point", "coordinates": [-84.7309, 31.1619] }},
{"zip_code":"31904","country":"US","city":"Columbus","state":"Georgia","state_ab":"GA","county":"Muscogee","geo_location":{ "type": "Point", "coordinates": [-84.9785, 32.5161] }},
{"zip_code":"31917","country":"US","city":"Columbus","state":"Georgia","state_ab":"GA","county":"Muscogee","geo_location":{ "type": "Point", "coordinates": [-84.8741, 32.491] }},
{"zip_code":"31997","country":"US","city":"Columbus","state":"Georgia","state_ab":"GA","county":"Muscogee","geo_location":{ "type": "Point", "coordinates": [-84.8741, 32.491] }},
{"zip_code":"30671","country":"US","city":"Maxeys","state":"Georgia","state_ab":"GA","county":"Oglethorpe","geo_location":{ "type": "Point", "coordinates": [-83.1706, 33.7405] }},
{"zip_code":"30141","country":"US","city":"Hiram","state":"Georgia","state_ab":"GA","county":"Paulding","geo_location":{ "type": "Point", "coordinates": [-84.7699, 33.8673] }},
{"zip_code":"31557","country":"US","city":"Patterson","state":"Georgia","state_ab":"GA","county":"Pierce","geo_location":{ "type": "Point", "coordinates": [-82.1274, 31.3903] }},
{"zip_code":"30581","country":"US","city":"Wiley","state":"Georgia","state_ab":"GA","county":"Rabun","geo_location":{ "type": "Point", "coordinates": [-83.4191, 34.8045] }},
{"zip_code":"30901","country":"US","city":"Augusta","state":"Georgia","state_ab":"GA","county":"Richmond","geo_location":{ "type": "Point", "coordinates": [-81.973, 33.4601] }},
{"zip_code":"30914","country":"US","city":"Augusta","state":"Georgia","state_ab":"GA","county":"Richmond","geo_location":{ "type": "Point", "coordinates": [-82.091, 33.386] }},
{"zip_code":"30424","country":"US","city":"Dover","state":"Georgia","state_ab":"GA","county":"Screven","geo_location":{ "type": "Point", "coordinates": [-81.6291, 32.7676] }},
{"zip_code":"30284","country":"US","city":"Sunny Side","state":"Georgia","state_ab":"GA","county":"Spalding","geo_location":{ "type": "Point", "coordinates": [-84.2898, 33.3453] }},
{"zip_code":"31814","country":"US","city":"Louvale","state":"Georgia","state_ab":"GA","county":"Stewart","geo_location":{ "type": "Point", "coordinates": [-84.8497, 32.0766] }},
{"zip_code":"31711","country":"US","city":"Andersonville","state":"Georgia","state_ab":"GA","county":"Sumter","geo_location":{ "type": "Point", "coordinates": [-84.164, 32.1559] }},
{"zip_code":"31764","country":"US","city":"Leslie","state":"Georgia","state_ab":"GA","county":"Sumter","geo_location":{ "type": "Point", "coordinates": [-84.0783, 31.954] }},
{"zip_code":"31801","country":"US","city":"Box Springs","state":"Georgia","state_ab":"GA","county":"Talbot","geo_location":{ "type": "Point", "coordinates": [-84.5927, 32.5195] }},
{"zip_code":"31827","country":"US","city":"Talbotton","state":"Georgia","state_ab":"GA","county":"Talbot","geo_location":{ "type": "Point", "coordinates": [-84.5462, 32.6797] }},
{"zip_code":"30631","country":"US","city":"Crawfordville","state":"Georgia","state_ab":"GA","county":"Taliaferro","geo_location":{ "type": "Point", "coordinates": [-82.8872, 33.5708] }},
{"zip_code":"31081","country":"US","city":"Rupert","state":"Georgia","state_ab":"GA","county":"Taylor","geo_location":{ "type": "Point", "coordinates": [-84.2738, 32.4325] }},
{"zip_code":"31544","country":"US","city":"Jacksonville","state":"Georgia","state_ab":"GA","county":"Telfair","geo_location":{ "type": "Point", "coordinates": [-82.975, 31.8481] }},
{"zip_code":"31777","country":"US","city":"Parrott","state":"Georgia","state_ab":"GA","county":"Terrell","geo_location":{ "type": "Point", "coordinates": [-84.5061, 31.9117] }},
{"zip_code":"30051","country":"US","city":"Forest Park","state":"Georgia","state_ab":"GA","county":"Union County","geo_location":{ "type": "Point", "coordinates": [-84.3543, 33.6185] }},
{"zip_code":"30514","country":"US","city":"Blairsville","state":"Georgia","state_ab":"GA","county":"Union","geo_location":{ "type": "Point", "coordinates": [-84.0192, 34.9034] }},
{"zip_code":"30707","country":"US","city":"Chickamauga","state":"Georgia","state_ab":"GA","county":"Walker","geo_location":{ "type": "Point", "coordinates": [-85.3221, 34.858] }},
{"zip_code":"31067","country":"US","city":"Oconee","state":"Georgia","state_ab":"GA","county":"Washington","geo_location":{ "type": "Point", "coordinates": [-82.9469, 32.8767] }},
{"zip_code":"31094","country":"US","city":"Warthen","state":"Georgia","state_ab":"GA","county":"Washington","geo_location":{ "type": "Point", "coordinates": [-82.8039, 33.1255] }},
{"zip_code":"30411","country":"US","city":"Alamo","state":"Georgia","state_ab":"GA","county":"Wheeler","geo_location":{ "type": "Point", "coordinates": [-82.7944, 32.133] }},
{"zip_code":"30721","country":"US","city":"Dalton","state":"Georgia","state_ab":"GA","county":"Whitfield","geo_location":{ "type": "Point", "coordinates": [-84.9339, 34.7792] }},
{"zip_code":"31001","country":"US","city":"Abbeville","state":"Georgia","state_ab":"GA","county":"Wilcox","geo_location":{ "type": "Point", "coordinates": [-83.3068, 31.9648] }},
{"zip_code":"31054","country":"US","city":"Mc Intyre","state":"Georgia","state_ab":"GA","county":"Wilkinson","geo_location":{ "type": "Point", "coordinates": [-83.204, 32.8468] }},
{"zip_code":"31791","country":"US","city":"Sylvester","state":"Georgia","state_ab":"GA","county":"Worth","geo_location":{ "type": "Point", "coordinates": [-83.8607, 31.5393] }},
{"zip_code":"96721","country":"US","city":"Hilo","state":"Hawaii","state_ab":"HI","county":"Hawaii","geo_location":{ "type": "Point", "coordinates": [-155.438, 19.5935] }},
{"zip_code":"96774","country":"US","city":"Ookala","state":"Hawaii","state_ab":"HI","county":"Hawaii","geo_location":{ "type": "Point", "coordinates": [-155.2747, 20.0119] }},
{"zip_code":"96707","country":"US","city":"Kapolei","state":"Hawaii","state_ab":"HI","county":"Honolulu","geo_location":{ "type": "Point", "coordinates": [-158.087, 21.3453] }},
{"zip_code":"96734","country":"US","city":"Kailua","state":"Hawaii","state_ab":"HI","county":"Honolulu","geo_location":{ "type": "Point", "coordinates": [-157.7448, 21.4063] }},
{"zip_code":"96811","country":"US","city":"Honolulu","state":"Hawaii","state_ab":"HI","county":"Honolulu","geo_location":{ "type": "Point", "coordinates": [-157.8294, 21.3278] }},
{"zip_code":"96824","country":"US","city":"Honolulu","state":"Hawaii","state_ab":"HI","county":"Honolulu","geo_location":{ "type": "Point", "coordinates": [-157.7552, 21.2808] }},
{"zip_code":"96837","country":"US","city":"Honolulu","state":"Hawaii","state_ab":"HI","county":"Honolulu","geo_location":{ "type": "Point", "coordinates": [-157.8633, 21.315] }},
{"zip_code":"96747","country":"US","city":"Kaumakani","state":"Hawaii","state_ab":"HI","county":"Kauai","geo_location":{ "type": "Point", "coordinates": [-159.6241, 21.9213] }},
{"zip_code":"96761","country":"US","city":"Lahaina","state":"Hawaii","state_ab":"HI","county":"Maui","geo_location":{ "type": "Point", "coordinates": [-156.6772, 20.9174] }},
{"zip_code":"50857","country":"US","city":"Nodaway","state":"Iowa","state_ab":"IA","county":"Adams","geo_location":{ "type": "Point", "coordinates": [-94.8731, 40.954] }},
{"zip_code":"52581","country":"US","city":"Plano","state":"Iowa","state_ab":"IA","county":"Appanoose","geo_location":{ "type": "Point", "coordinates": [-93.0386, 40.7751] }},
{"zip_code":"52594","country":"US","city":"Unionville","state":"Iowa","state_ab":"IA","county":"Appanoose","geo_location":{ "type": "Point", "coordinates": [-92.6935, 40.8416] }},
{"zip_code":"52257","country":"US","city":"Luzerne","state":"Iowa","state_ab":"IA","county":"Benton","geo_location":{ "type": "Point", "coordinates": [-92.1793, 41.9061] }},
{"zip_code":"50651","country":"US","city":"La Porte City","state":"Iowa","state_ab":"IA","county":"Black Hawk","geo_location":{ "type": "Point", "coordinates": [-92.1862, 42.3416] }},
{"zip_code":"50701","country":"US","city":"Waterloo","state":"Iowa","state_ab":"IA","county":"Black Hawk","geo_location":{ "type": "Point", "coordinates": [-92.3661, 42.4778] }},
{"zip_code":"50031","country":"US","city":"Beaver","state":"Iowa","state_ab":"IA","county":"Boone","geo_location":{ "type": "Point", "coordinates": [-94.1436, 42.0387] }},
{"zip_code":"50677","country":"US","city":"Waverly","state":"Iowa","state_ab":"IA","county":"Bremer","geo_location":{ "type": "Point", "coordinates": [-92.404, 42.7748] }},
{"zip_code":"50611","country":"US","city":"Bristow","state":"Iowa","state_ab":"IA","county":"Butler","geo_location":{ "type": "Point", "coordinates": [-92.8864, 42.7741] }},
{"zip_code":"50561","country":"US","city":"Lytton","state":"Iowa","state_ab":"IA","county":"Calhoun","geo_location":{ "type": "Point", "coordinates": [-94.814, 42.4304] }},
{"zip_code":"50587","country":"US","city":"Rinard","state":"Iowa","state_ab":"IA","county":"Calhoun","geo_location":{ "type": "Point", "coordinates": [-94.4886, 42.3391] }},
{"zip_code":"52721","country":"US","city":"Bennett","state":"Iowa","state_ab":"IA","county":"Cedar","geo_location":{ "type": "Point", "coordinates": [-90.9656, 41.7353] }},
{"zip_code":"52747","country":"US","city":"Durant","state":"Iowa","state_ab":"IA","county":"Cedar","geo_location":{ "type": "Point", "coordinates": [-90.91, 41.6145] }},
{"zip_code":"50457","country":"US","city":"Meservey","state":"Iowa","state_ab":"IA","county":"Cerro Gordo","geo_location":{ "type": "Point", "coordinates": [-93.4773, 42.9137] }},
{"zip_code":"51061","country":"US","city":"Washta","state":"Iowa","state_ab":"IA","county":"Cherokee","geo_location":{ "type": "Point", "coordinates": [-95.7295, 42.5781] }},
{"zip_code":"52154","country":"US","city":"Lawler","state":"Iowa","state_ab":"IA","county":"Chickasaw","geo_location":{ "type": "Point", "coordinates": [-92.144, 43.0932] }},
{"zip_code":"50174","country":"US","city":"Murray","state":"Iowa","state_ab":"IA","county":"Clarke","geo_location":{ "type": "Point", "coordinates": [-93.953, 41.0376] }},
{"zip_code":"51047","country":"US","city":"Peterson","state":"Iowa","state_ab":"IA","county":"Clay","geo_location":{ "type": "Point", "coordinates": [-95.3377, 42.9328] }},
{"zip_code":"51357","country":"US","city":"Royal","state":"Iowa","state_ab":"IA","county":"Clay","geo_location":{ "type": "Point", "coordinates": [-95.2679, 43.0488] }},
{"zip_code":"52077","country":"US","city":"Volga","state":"Iowa","state_ab":"IA","county":"Clayton","geo_location":{ "type": "Point", "coordinates": [-91.5429, 42.7904] }},
{"zip_code":"52037","country":"US","city":"Delmar","state":"Iowa","state_ab":"IA","county":"Clinton","geo_location":{ "type": "Point", "coordinates": [-90.6087, 41.9961] }},
{"zip_code":"52734","country":"US","city":"Clinton","state":"Iowa","state_ab":"IA","county":"Clinton County","geo_location":{ "type": "Point", "coordinates": [-90.1885, 41.8444] }},
{"zip_code":"52774","country":"US","city":"Welton","state":"Iowa","state_ab":"IA","county":"Clinton","geo_location":{ "type": "Point", "coordinates": [-90.597, 41.9174] }},
{"zip_code":"51461","country":"US","city":"Schleswig","state":"Iowa","state_ab":"IA","county":"Crawford","geo_location":{ "type": "Point", "coordinates": [-95.4443, 42.1646] }},
{"zip_code":"50264","country":"US","city":"Weldon","state":"Iowa","state_ab":"IA","county":"Decatur","geo_location":{ "type": "Point", "coordinates": [-93.7387, 40.8739] }},
{"zip_code":"51331","country":"US","city":"Arnolds Park","state":"Iowa","state_ab":"IA","county":"Dickinson","geo_location":{ "type": "Point", "coordinates": [-95.1282, 43.3637] }},
{"zip_code":"51344","country":"US","city":"Gruver","state":"Iowa","state_ab":"IA","county":"Emmet","geo_location":{ "type": "Point", "coordinates": [-94.7049, 43.3936] }},
{"zip_code":"50664","country":"US","city":"Oran","state":"Iowa","state_ab":"IA","county":"Fayette","geo_location":{ "type": "Point", "coordinates": [-92.0762, 42.7012] }},
{"zip_code":"52141","country":"US","city":"Elgin","state":"Iowa","state_ab":"IA","county":"Fayette","geo_location":{ "type": "Point", "coordinates": [-91.6454, 42.9548] }},
{"zip_code":"50471","country":"US","city":"Rudd","state":"Iowa","state_ab":"IA","county":"Floyd","geo_location":{ "type": "Point", "coordinates": [-92.8885, 43.142] }},
{"zip_code":"50431","country":"US","city":"Coulter","state":"Iowa","state_ab":"IA","county":"Franklin","geo_location":{ "type": "Point", "coordinates": [-93.37, 42.7382] }},
{"zip_code":"51654","country":"US","city":"Thurman","state":"Iowa","state_ab":"IA","county":"Fremont","geo_location":{ "type": "Point", "coordinates": [-95.7605, 40.8424] }},
{"zip_code":"50107","country":"US","city":"Grand Junction","state":"Iowa","state_ab":"IA","county":"Greene","geo_location":{ "type": "Point", "coordinates": [-94.2336, 42.0296] }},
{"zip_code":"50624","country":"US","city":"Dike","state":"Iowa","state_ab":"IA","county":"Grundy","geo_location":{ "type": "Point", "coordinates": [-92.6122, 42.473] }},
{"zip_code":"50277","country":"US","city":"Yale","state":"Iowa","state_ab":"IA","county":"Guthrie","geo_location":{ "type": "Point", "coordinates": [-94.3503, 41.7753] }},
{"zip_code":"50484","country":"US","city":"Woden","state":"Iowa","state_ab":"IA","county":"Hancock","geo_location":{ "type": "Point", "coordinates": [-93.9109, 43.2226] }},
{"zip_code":"51564","country":"US","city":"Pisgah","state":"Iowa","state_ab":"IA","county":"Harrison","geo_location":{ "type": "Point", "coordinates": [-95.9192, 41.8214] }},
{"zip_code":"52644","country":"US","city":"Mount Union","state":"Iowa","state_ab":"IA","county":"Henry","geo_location":{ "type": "Point", "coordinates": [-91.4138, 41.0374] }},
{"zip_code":"52204","country":"US","city":"Amana","state":"Iowa","state_ab":"IA","county":"Iowa","geo_location":{ "type": "Point", "coordinates": [-92.0636, 41.6864] }},
{"zip_code":"52307","country":"US","city":"Middle Amana","state":"Iowa","state_ab":"IA","county":"Iowa","geo_location":{ "type": "Point", "coordinates": [-91.9018, 41.7954] }},
{"zip_code":"52334","country":"US","city":"South Amana","state":"Iowa","state_ab":"IA","county":"Iowa","geo_location":{ "type": "Point", "coordinates": [-91.9263, 41.7576] }},
{"zip_code":"52347","country":"US","city":"Victor","state":"Iowa","state_ab":"IA","county":"Iowa","geo_location":{ "type": "Point", "coordinates": [-92.2842, 41.729] }},
{"zip_code":"52361","country":"US","city":"Williamsburg","state":"Iowa","state_ab":"IA","county":"Iowa","geo_location":{ "type": "Point", "coordinates": [-92.024, 41.6393] }},
{"zip_code":"52064","country":"US","city":"Miles","state":"Iowa","state_ab":"IA","county":"Jackson","geo_location":{ "type": "Point", "coordinates": [-90.3367, 42.1006] }},
{"zip_code":"50251","country":"US","city":"Sully","state":"Iowa","state_ab":"IA","county":"Jasper","geo_location":{ "type": "Point", "coordinates": [-92.8451, 41.574] }},
{"zip_code":"52567","country":"US","city":"Libertyville","state":"Iowa","state_ab":"IA","county":"Jefferson","geo_location":{ "type": "Point", "coordinates": [-92.025, 40.9499] }},
{"zip_code":"52244","country":"US","city":"Iowa City","state":"Iowa","state_ab":"IA","county":"Johnson","geo_location":{ "type": "Point", "coordinates": [-91.6619, 41.5727] }},
{"zip_code":"52321","country":"US","city":"Onslow","state":"Iowa","state_ab":"IA","county":"Jones","geo_location":{ "type": "Point", "coordinates": [-90.9731, 42.1235] }},
{"zip_code":"52231","country":"US","city":"Harper","state":"Iowa","state_ab":"IA","county":"Keokuk","geo_location":{ "type": "Point", "coordinates": [-92.0388, 41.3728] }},
{"zip_code":"52631","country":"US","city":"Houghton","state":"Iowa","state_ab":"IA","county":"Lee","geo_location":{ "type": "Point", "coordinates": [-91.6138, 40.77] }},
{"zip_code":"52657","country":"US","city":"Saint Paul","state":"Iowa","state_ab":"IA","county":"Lee","geo_location":{ "type": "Point", "coordinates": [-91.4783, 40.7587] }},
{"zip_code":"52411","country":"US","city":"Cedar Rapids","state":"Iowa","state_ab":"IA","county":"Linn","geo_location":{ "type": "Point", "coordinates": [-91.7263, 42.0493] }},
{"zip_code":"51241","country":"US","city":"Larchwood","state":"Iowa","state_ab":"IA","county":"Lyon","geo_location":{ "type": "Point", "coordinates": [-96.4252, 43.4387] }},
{"zip_code":"50044","country":"US","city":"Bussey","state":"Iowa","state_ab":"IA","county":"Marion","geo_location":{ "type": "Point", "coordinates": [-92.8963, 41.2094] }},
{"zip_code":"50057","country":"US","city":"Columbia","state":"Iowa","state_ab":"IA","county":"Marion","geo_location":{ "type": "Point", "coordinates": [-93.1582, 41.1838] }},
{"zip_code":"50637","country":"US","city":"Green Mountain","state":"Iowa","state_ab":"IA","county":"Marshall County","geo_location":{ "type": "Point", "coordinates": [-92.8201, 42.1016] }},
{"zip_code":"51551","country":"US","city":"Malvern","state":"Iowa","state_ab":"IA","county":"Mills","geo_location":{ "type": "Point", "coordinates": [-95.584, 41.0074] }},
{"zip_code":"51034","country":"US","city":"Mapleton","state":"Iowa","state_ab":"IA","county":"Monona","geo_location":{ "type": "Point", "coordinates": [-95.7909, 42.1585] }},
{"zip_code":"51591","country":"US","city":"Red Oak","state":"Iowa","state_ab":"IA","county":"Montgomery","geo_location":{ "type": "Point", "coordinates": [-95.1562, 41.0303] }},
{"zip_code":"52761","country":"US","city":"Muscatine","state":"Iowa","state_ab":"IA","county":"Muscatine","geo_location":{ "type": "Point", "coordinates": [-91.0509, 41.4304] }},
{"zip_code":"51201","country":"US","city":"Sheldon","state":"Iowa","state_ab":"IA","county":"O'Brien","geo_location":{ "type": "Point", "coordinates": [-95.8401, 43.1808] }},
{"zip_code":"51601","country":"US","city":"Shenandoah","state":"Iowa","state_ab":"IA","county":"Page","geo_location":{ "type": "Point", "coordinates": [-95.3648, 40.7581] }},
{"zip_code":"50574","country":"US","city":"Pocahontas","state":"Iowa","state_ab":"IA","county":"Pocahontas","geo_location":{ "type": "Point", "coordinates": [-94.6737, 42.7296] }},
{"zip_code":"50237","country":"US","city":"Runnells","state":"Iowa","state_ab":"IA","county":"Polk","geo_location":{ "type": "Point", "coordinates": [-93.4202, 41.5515] }},
{"zip_code":"50301","country":"US","city":"Des Moines","state":"Iowa","state_ab":"IA","county":"Polk","geo_location":{ "type": "Point", "coordinates": [-93.5722, 41.6727] }},
{"zip_code":"50314","country":"US","city":"Des Moines","state":"Iowa","state_ab":"IA","county":"Polk","geo_location":{ "type": "Point", "coordinates": [-93.633, 41.603] }},
{"zip_code":"50327","country":"US","city":"Des Moines","state":"Iowa","state_ab":"IA","county":"Polk","geo_location":{ "type": "Point", "coordinates": [-93.4848, 41.5815] }},
{"zip_code":"50367","country":"US","city":"Des Moines","state":"Iowa","state_ab":"IA","county":"Polk","geo_location":{ "type": "Point", "coordinates": [-93.5722, 41.6727] }},
{"zip_code":"50381","country":"US","city":"Des Moines","state":"Iowa","state_ab":"IA","county":"Polk","geo_location":{ "type": "Point", "coordinates": [-93.5722, 41.6727] }},
{"zip_code":"50394","country":"US","city":"Des Moines","state":"Iowa","state_ab":"IA","county":"Polk","geo_location":{ "type": "Point", "coordinates": [-93.5722, 41.6727] }},
{"zip_code":"50947","country":"US","city":"Des Moines","state":"Iowa","state_ab":"IA","county":"Polk","geo_location":{ "type": "Point", "coordinates": [-93.5722, 41.6727] }},
{"zip_code":"51577","country":"US","city":"Walnut","state":"Iowa","state_ab":"IA","county":"Pottawattamie","geo_location":{ "type": "Point", "coordinates": [-95.218, 41.4623] }},
{"zip_code":"50844","country":"US","city":"Delphos","state":"Iowa","state_ab":"IA","county":"Ringgold County","geo_location":{ "type": "Point", "coordinates": [-94.317, 40.664] }},
{"zip_code":"51447","country":"US","city":"Kirkman","state":"Iowa","state_ab":"IA","county":"Shelby","geo_location":{ "type": "Point", "coordinates": [-95.2671, 41.7308] }},
{"zip_code":"51537","country":"US","city":"Harlan","state":"Iowa","state_ab":"IA","county":"Shelby","geo_location":{ "type": "Point", "coordinates": [-95.3111, 41.6437] }},
{"zip_code":"50134","country":"US","city":"Kelley","state":"Iowa","state_ab":"IA","county":"Story","geo_location":{ "type": "Point", "coordinates": [-93.6644, 41.9488] }},
{"zip_code":"50161","country":"US","city":"Maxwell","state":"Iowa","state_ab":"IA","county":"Story","geo_location":{ "type": "Point", "coordinates": [-93.4001, 41.8967] }},
{"zip_code":"52217","country":"US","city":"Clutier","state":"Iowa","state_ab":"IA","county":"Tama","geo_location":{ "type": "Point", "coordinates": [-92.3763, 42.0789] }},
{"zip_code":"50831","country":"US","city":"Arispe","state":"Iowa","state_ab":"IA","county":"Union","geo_location":{ "type": "Point", "coordinates": [-94.2193, 40.9314] }},
{"zip_code":"52501","country":"US","city":"Ottumwa","state":"Iowa","state_ab":"IA","county":"Wapello","geo_location":{ "type": "Point", "coordinates": [-92.4098, 41.0309] }},
{"zip_code":"52554","country":"US","city":"Eldon","state":"Iowa","state_ab":"IA","county":"Wapello","geo_location":{ "type": "Point", "coordinates": [-92.2268, 40.9261] }},
{"zip_code":"50211","country":"US","city":"Norwalk","state":"Iowa","state_ab":"IA","county":"Warren","geo_location":{ "type": "Point", "coordinates": [-93.6573, 41.4861] }},
{"zip_code":"50147","country":"US","city":"Lineville","state":"Iowa","state_ab":"IA","county":"Wayne","geo_location":{ "type": "Point", "coordinates": [-93.4862, 40.6004] }},
{"zip_code":"50521","country":"US","city":"Burnside","state":"Iowa","state_ab":"IA","county":"Webster","geo_location":{ "type": "Point", "coordinates": [-94.1143, 42.3413] }},
{"zip_code":"52101","country":"US","city":"Decorah","state":"Iowa","state_ab":"IA","county":"Winneshiek","geo_location":{ "type": "Point", "coordinates": [-91.7939, 43.3227] }},
{"zip_code":"51007","country":"US","city":"Bronson","state":"Iowa","state_ab":"IA","county":"Woodbury","geo_location":{ "type": "Point", "coordinates": [-96.1986, 42.4292] }},
{"zip_code":"51111","country":"US","city":"Sioux City","state":"Iowa","state_ab":"IA","county":"Woodbury","geo_location":{ "type": "Point", "coordinates": [-96.3713, 42.4089] }},
{"zip_code":"50444","country":"US","city":"Hanlontown","state":"Iowa","state_ab":"IA","county":"Worth","geo_location":{ "type": "Point", "coordinates": [-93.3789, 43.3207] }},
{"zip_code":"50071","country":"US","city":"Dows","state":"Iowa","state_ab":"IA","county":"Wright","geo_location":{ "type": "Point", "coordinates": [-93.5058, 42.661] }},
{"zip_code":"83707","country":"US","city":"Boise","state":"Idaho","state_ab":"ID","county":"Ada","geo_location":{ "type": "Point", "coordinates": [-115.9971, 43.3847] }},
{"zip_code":"83721","country":"US","city":"Boise","state":"Idaho","state_ab":"ID","county":"Ada","geo_location":{ "type": "Point", "coordinates": [-116.244, 43.4599] }},
{"zip_code":"83204","country":"US","city":"Pocatello","state":"Idaho","state_ab":"ID","county":"Bannock","geo_location":{ "type": "Point", "coordinates": [-112.4434, 42.8465] }},
{"zip_code":"83824","country":"US","city":"Desmet","state":"Idaho","state_ab":"ID","county":"Benewah","geo_location":{ "type": "Point", "coordinates": [-116.8937, 47.126] }},
{"zip_code":"83851","country":"US","city":"Plummer","state":"Idaho","state_ab":"ID","county":"Benewah","geo_location":{ "type": "Point", "coordinates": [-116.8662, 47.3278] }},
{"zip_code":"83631","country":"US","city":"Idaho City","state":"Idaho","state_ab":"ID","county":"Boise","geo_location":{ "type": "Point", "coordinates": [-115.708, 43.8834] }},
{"zip_code":"83811","country":"US","city":"Clark Fork","state":"Idaho","state_ab":"ID","county":"Bonner","geo_location":{ "type": "Point", "coordinates": [-116.1699, 48.1405] }},
{"zip_code":"83864","country":"US","city":"Sandpoint","state":"Idaho","state_ab":"ID","county":"Bonner","geo_location":{ "type": "Point", "coordinates": [-116.5332, 48.312] }},
{"zip_code":"83437","country":"US","city":"Palisades","state":"Idaho","state_ab":"ID","county":"Bonneville County","geo_location":{ "type": "Point", "coordinates": [-111.2169, 43.3519] }},
{"zip_code":"83231","country":"US","city":"Moore","state":"Idaho","state_ab":"ID","county":"Butte County","geo_location":{ "type": "Point", "coordinates": [-113.3803, 43.7715] }},
{"zip_code":"83244","country":"US","city":"Howe","state":"Idaho","state_ab":"ID","county":"Butte","geo_location":{ "type": "Point", "coordinates": [-113.0878, 43.9087] }},
{"zip_code":"83644","country":"US","city":"Middleton","state":"Idaho","state_ab":"ID","county":"Canyon","geo_location":{ "type": "Point", "coordinates": [-116.6112, 43.7191] }},
{"zip_code":"83217","country":"US","city":"Bancroft","state":"Idaho","state_ab":"ID","county":"Caribou","geo_location":{ "type": "Point", "coordinates": [-111.8429, 42.7205] }},
{"zip_code":"83541","country":"US","city":"Lenore","state":"Idaho","state_ab":"ID","county":"Clearwater","geo_location":{ "type": "Point", "coordinates": [-116.513, 46.5354] }},
{"zip_code":"83451","country":"US","city":"Teton","state":"Idaho","state_ab":"ID","county":"Fremont","geo_location":{ "type": "Point", "coordinates": [-111.6504, 43.8907] }},
{"zip_code":"83617","country":"US","city":"Emmett","state":"Idaho","state_ab":"ID","county":"Gem","geo_location":{ "type": "Point", "coordinates": [-116.4927, 43.9089] }},
{"zip_code":"83657","country":"US","city":"Ola","state":"Idaho","state_ab":"ID","county":"Gem","geo_location":{ "type": "Point", "coordinates": [-116.2732, 44.2418] }},
{"zip_code":"83554","country":"US","city":"White Bird","state":"Idaho","state_ab":"ID","county":"Idaho","geo_location":{ "type": "Point", "coordinates": [-116.2889, 45.7521] }},
{"zip_code":"83671","country":"US","city":"Warren","state":"Idaho","state_ab":"ID","county":"Idaho","geo_location":{ "type": "Point", "coordinates": [-115.5574, 45.8893] }},
{"zip_code":"83877","country":"US","city":"Post Falls","state":"Idaho","state_ab":"ID","county":"Kootenai","geo_location":{ "type": "Point", "coordinates": [-116.6827, 47.6788] }},
{"zip_code":"83464","country":"US","city":"Leadore","state":"Idaho","state_ab":"ID","county":"Lemhi","geo_location":{ "type": "Point", "coordinates": [-113.4926, 44.7389] }},
{"zip_code":"83347","country":"US","city":"Paul","state":"Idaho","state_ab":"ID","county":"Minidoka","geo_location":{ "type": "Point", "coordinates": [-113.7971, 42.624] }},
{"zip_code":"83501","country":"US","city":"Lewiston","state":"Idaho","state_ab":"ID","county":"Nez Perce","geo_location":{ "type": "Point", "coordinates": [-116.8609, 46.3646] }},
{"zip_code":"83604","country":"US","city":"Bruneau","state":"Idaho","state_ab":"ID","county":"Owyhee","geo_location":{ "type": "Point", "coordinates": [-115.8419, 42.614] }},
{"zip_code":"83271","country":"US","city":"Rockland","state":"Idaho","state_ab":"ID","county":"Power","geo_location":{ "type": "Point", "coordinates": [-112.854, 42.5556] }},
{"zip_code":"83837","country":"US","city":"Kellogg","state":"Idaho","state_ab":"ID","county":"Shoshone","geo_location":{ "type": "Point", "coordinates": [-116.1253, 47.5431] }},
{"zip_code":"83424","country":"US","city":"Felt","state":"Idaho","state_ab":"ID","county":"Teton","geo_location":{ "type": "Point", "coordinates": [-111.1895, 43.8724] }},
{"zip_code":"83321","country":"US","city":"Castleford","state":"Idaho","state_ab":"ID","county":"Twin Falls","geo_location":{ "type": "Point", "coordinates": [-114.8734, 42.521] }},
{"zip_code":"83334","country":"US","city":"Hansen","state":"Idaho","state_ab":"ID","county":"Twin Falls","geo_location":{ "type": "Point", "coordinates": [-114.2994, 42.5249] }},
{"zip_code":"62324","country":"US","city":"Clayton","state":"Illinois","state_ab":"IL","county":"Adams","geo_location":{ "type": "Point", "coordinates": [-90.9554, 40.0133] }},
{"zip_code":"62351","country":"US","city":"Mendon","state":"Illinois","state_ab":"IL","county":"Adams","geo_location":{ "type": "Point", "coordinates": [-91.2899, 40.0857] }},
{"zip_code":"62957","country":"US","city":"Mc Clure","state":"Illinois","state_ab":"IL","county":"Alexander","geo_location":{ "type": "Point", "coordinates": [-89.4531, 37.302] }},
{"zip_code":"61011","country":"US","city":"Caledonia","state":"Illinois","state_ab":"IL","county":"Boone","geo_location":{ "type": "Point", "coordinates": [-88.9185, 42.3835] }},
{"zip_code":"61361","country":"US","city":"Sheffield","state":"Illinois","state_ab":"IL","county":"Bureau","geo_location":{ "type": "Point", "coordinates": [-89.7115, 41.3949] }},
{"zip_code":"61374","country":"US","city":"Van Orin","state":"Illinois","state_ab":"IL","county":"Bureau","geo_location":{ "type": "Point", "coordinates": [-89.5131, 41.3669] }},
{"zip_code":"61051","country":"US","city":"Milledgeville","state":"Illinois","state_ab":"IL","county":"Carroll","geo_location":{ "type": "Point", "coordinates": [-89.7801, 41.9674] }},
{"zip_code":"61824","country":"US","city":"Champaign","state":"Illinois","state_ab":"IL","county":"Champaign","geo_location":{ "type": "Point", "coordinates": [-88.1961, 40.1399] }},
{"zip_code":"61851","country":"US","city":"Ivesdale","state":"Illinois","state_ab":"IL","county":"Champaign","geo_location":{ "type": "Point", "coordinates": [-88.4451, 39.9502] }},
{"zip_code":"61864","country":"US","city":"Philo","state":"Illinois","state_ab":"IL","county":"Champaign","geo_location":{ "type": "Point", "coordinates": [-88.1595, 40.0052] }},
{"zip_code":"61877","country":"US","city":"Sidney","state":"Illinois","state_ab":"IL","county":"Champaign","geo_location":{ "type": "Point", "coordinates": [-88.069, 40.0232] }},
{"zip_code":"62517","country":"US","city":"Bulpitt","state":"Illinois","state_ab":"IL","county":"Christian","geo_location":{ "type": "Point", "coordinates": [-89.4316, 39.5914] }},
{"zip_code":"62531","country":"US","city":"Edinburg","state":"Illinois","state_ab":"IL","county":"Christian","geo_location":{ "type": "Point", "coordinates": [-89.3779, 39.6612] }},
{"zip_code":"62557","country":"US","city":"Pana","state":"Illinois","state_ab":"IL","county":"Christian","geo_location":{ "type": "Point", "coordinates": [-89.1048, 39.3971] }},
{"zip_code":"62441","country":"US","city":"Marshall","state":"Illinois","state_ab":"IL","county":"Clark","geo_location":{ "type": "Point", "coordinates": [-87.6923, 39.422] }},
{"zip_code":"60007","country":"US","city":"Elk Grove Village","state":"Illinois","state_ab":"IL","county":"Cook","geo_location":{ "type": "Point", "coordinates": [-87.9931, 42.0076] }},
{"zip_code":"60074","country":"US","city":"Palatine","state":"Illinois","state_ab":"IL","county":"Cook","geo_location":{ "type": "Point", "coordinates": [-88.023, 42.1458] }},
{"zip_code":"60164","country":"US","city":"Melrose Park","state":"Illinois","state_ab":"IL","county":"Cook","geo_location":{ "type": "Point", "coordinates": [-87.8924, 41.9214] }},
{"zip_code":"60201","country":"US","city":"Evanston","state":"Illinois","state_ab":"IL","county":"Cook","geo_location":{ "type": "Point", "coordinates": [-87.6943, 42.0546] }},
{"zip_code":"60304","country":"US","city":"Oak Park","state":"Illinois","state_ab":"IL","county":"Cook","geo_location":{ "type": "Point", "coordinates": [-87.7877, 41.8725] }},
{"zip_code":"60461","country":"US","city":"Olympia Fields","state":"Illinois","state_ab":"IL","county":"Cook","geo_location":{ "type": "Point", "coordinates": [-87.6908, 41.5167] }},
{"zip_code":"60601","country":"US","city":"Chicago","state":"Illinois","state_ab":"IL","county":"Cook","geo_location":{ "type": "Point", "coordinates": [-87.6181, 41.8858] }},
{"zip_code":"60614","country":"US","city":"Chicago","state":"Illinois","state_ab":"IL","county":"Cook","geo_location":{ "type": "Point", "coordinates": [-87.6483, 41.9229] }},
{"zip_code":"60627","country":"US","city":"Riverdale","state":"Illinois","state_ab":"IL","county":"Cook County","geo_location":{ "type": "Point", "coordinates": [-87.6176, 41.6455] }},
{"zip_code":"60641","country":"US","city":"Chicago","state":"Illinois","state_ab":"IL","county":"Cook","geo_location":{ "type": "Point", "coordinates": [-87.7474, 41.9453] }},
{"zip_code":"60654","country":"US","city":"Chicago","state":"Illinois","state_ab":"IL","county":"Cook","geo_location":{ "type": "Point", "coordinates": [-87.6373, 41.8923] }},
{"zip_code":"60667","country":"US","city":"Chicago","state":"Illinois","state_ab":"IL","county":"Cook","geo_location":{ "type": "Point", "coordinates": [-87.6873, 41.8119] }},
{"zip_code":"60681","country":"US","city":"Chicago","state":"Illinois","state_ab":"IL","county":"Cook","geo_location":{ "type": "Point", "coordinates": [-87.6873, 41.8119] }},
{"zip_code":"60694","country":"US","city":"Chicago","state":"Illinois","state_ab":"IL","county":"Cook","geo_location":{ "type": "Point", "coordinates": [-87.6873, 41.8119] }},
{"zip_code":"62427","country":"US","city":"Flat Rock","state":"Illinois","state_ab":"IL","county":"Crawford","geo_location":{ "type": "Point", "coordinates": [-87.6837, 38.9096] }},
{"zip_code":"62454","country":"US","city":"Robinson","state":"Illinois","state_ab":"IL","county":"Crawford","geo_location":{ "type": "Point", "coordinates": [-87.7484, 39.007] }},
{"zip_code":"60111","country":"US","city":"Clare","state":"Illinois","state_ab":"IL","county":"DeKalb","geo_location":{ "type": "Point", "coordinates": [-88.8306, 42.0086] }},
{"zip_code":"61941","country":"US","city":"Murdock","state":"Illinois","state_ab":"IL","county":"Douglas","geo_location":{ "type": "Point", "coordinates": [-88.183, 39.8] }},
{"zip_code":"60137","country":"US","city":"Glen Ellyn","state":"Illinois","state_ab":"IL","county":"DuPage","geo_location":{ "type": "Point", "coordinates": [-88.0648, 41.8661] }},
{"zip_code":"60191","country":"US","city":"Wood Dale","state":"Illinois","state_ab":"IL","county":"DuPage","geo_location":{ "type": "Point", "coordinates": [-87.981, 41.9602] }},
{"zip_code":"62401","country":"US","city":"Effingham","state":"Illinois","state_ab":"IL","county":"Effingham","geo_location":{ "type": "Point", "coordinates": [-88.5611, 39.1217] }},
{"zip_code":"62414","country":"US","city":"Beecher City","state":"Illinois","state_ab":"IL","county":"Effingham","geo_location":{ "type": "Point", "coordinates": [-88.8038, 39.1835] }},
{"zip_code":"62467","country":"US","city":"Teutopolis","state":"Illinois","state_ab":"IL","county":"Effingham","geo_location":{ "type": "Point", "coordinates": [-88.4767, 39.132] }},
{"zip_code":"62247","country":"US","city":"Hagarstown","state":"Illinois","state_ab":"IL","county":"Fayette","geo_location":{ "type": "Point", "coordinates": [-88.9755, 38.9771] }},
{"zip_code":"61477","country":"US","city":"Smithfield","state":"Illinois","state_ab":"IL","county":"Fulton","geo_location":{ "type": "Point", "coordinates": [-90.2856, 40.4855] }},
{"zip_code":"61501","country":"US","city":"Astoria","state":"Illinois","state_ab":"IL","county":"Fulton","geo_location":{ "type": "Point", "coordinates": [-90.3443, 40.2311] }},
{"zip_code":"62867","country":"US","city":"New Haven","state":"Illinois","state_ab":"IL","county":"Gallatin","geo_location":{ "type": "Point", "coordinates": [-88.1285, 37.8999] }},
{"zip_code":"62984","country":"US","city":"Shawneetown","state":"Illinois","state_ab":"IL","county":"Gallatin","geo_location":{ "type": "Point", "coordinates": [-88.1785, 37.7132] }},
{"zip_code":"62027","country":"US","city":"Eldred","state":"Illinois","state_ab":"IL","county":"Greene","geo_location":{ "type": "Point", "coordinates": [-90.5329, 39.2836] }},
{"zip_code":"62054","country":"US","city":"Kane","state":"Illinois","state_ab":"IL","county":"Greene","geo_location":{ "type": "Point", "coordinates": [-90.3719, 39.2037] }},
{"zip_code":"62081","country":"US","city":"Rockbridge","state":"Illinois","state_ab":"IL","county":"Greene","geo_location":{ "type": "Point", "coordinates": [-90.2558, 39.2831] }},
{"zip_code":"60407","country":"US","city":"Braceville","state":"Illinois","state_ab":"IL","county":"Grundy","geo_location":{ "type": "Point", "coordinates": [-88.269, 41.2288] }},
{"zip_code":"60447","country":"US","city":"Minooka","state":"Illinois","state_ab":"IL","county":"Grundy","geo_location":{ "type": "Point", "coordinates": [-88.2786, 41.4615] }},
{"zip_code":"60474","country":"US","city":"South Wilmington","state":"Illinois","state_ab":"IL","county":"Grundy","geo_location":{ "type": "Point", "coordinates": [-88.2673, 41.1719] }},
{"zip_code":"62311","country":"US","city":"Augusta","state":"Illinois","state_ab":"IL","county":"Hancock","geo_location":{ "type": "Point", "coordinates": [-90.9554, 40.2341] }},
{"zip_code":"62931","country":"US","city":"Elizabethtown","state":"Illinois","state_ab":"IL","county":"Hardin","geo_location":{ "type": "Point", "coordinates": [-88.2867, 37.4665] }},
{"zip_code":"61437","country":"US","city":"Gladstone","state":"Illinois","state_ab":"IL","county":"Henderson","geo_location":{ "type": "Point", "coordinates": [-90.9941, 40.8377] }},
{"zip_code":"60911","country":"US","city":"Ashkum","state":"Illinois","state_ab":"IL","county":"Iroquois","geo_location":{ "type": "Point", "coordinates": [-87.9411, 40.8844] }},
{"zip_code":"60924","country":"US","city":"Cissna Park","state":"Illinois","state_ab":"IL","county":"Iroquois","geo_location":{ "type": "Point", "coordinates": [-87.8759, 40.5858] }},
{"zip_code":"60951","country":"US","city":"Martinton","state":"Illinois","state_ab":"IL","county":"Iroquois","geo_location":{ "type": "Point", "coordinates": [-87.7443, 40.9052] }},
{"zip_code":"62971","country":"US","city":"Oraville","state":"Illinois","state_ab":"IL","county":"Jackson","geo_location":{ "type": "Point", "coordinates": [-89.4158, 37.7586] }},
{"zip_code":"62481","country":"US","city":"Yale","state":"Illinois","state_ab":"IL","county":"Jasper","geo_location":{ "type": "Point", "coordinates": [-88.0105, 39.13] }},
{"zip_code":"62814","country":"US","city":"Bluford","state":"Illinois","state_ab":"IL","county":"Jefferson","geo_location":{ "type": "Point", "coordinates": [-88.7587, 38.3531] }},
{"zip_code":"62894","country":"US","city":"Waltonville","state":"Illinois","state_ab":"IL","county":"Jefferson","geo_location":{ "type": "Point", "coordinates": [-89.0067, 38.2465] }},
{"zip_code":"60124","country":"US","city":"Elgin","state":"Illinois","state_ab":"IL","county":"Kane County","geo_location":{ "type": "Point", "coordinates": [-88.3747, 42.0293] }},
{"zip_code":"60151","country":"US","city":"Maple Park","state":"Illinois","state_ab":"IL","county":"Kane","geo_location":{ "type": "Point", "coordinates": [-88.5999, 41.9232] }},
{"zip_code":"60177","country":"US","city":"South Elgin","state":"Illinois","state_ab":"IL","county":"Kane","geo_location":{ "type": "Point", "coordinates": [-88.2986, 41.9969] }}]}