{"value": [{"zip_code":"72523","country":"US","city":"Concord","state":"Arkansas","state_ab":"AR","county":"Cleburne","geo_location":{ "type": "Point", "coordinates": [-91.8333, 35.6414] }},
{"zip_code":"71740","country":"US","city":"Emerson","state":"Arkansas","state_ab":"AR","county":"Columbia","geo_location":{ "type": "Point", "coordinates": [-93.1987, 33.0891] }},
{"zip_code":"71753","country":"US","city":"Magnolia","state":"Arkansas","state_ab":"AR","county":"Columbia","geo_location":{ "type": "Point", "coordinates": [-93.2392, 33.2647] }},
{"zip_code":"72110","country":"US","city":"Morrilton","state":"Arkansas","state_ab":"AR","county":"Conway","geo_location":{ "type": "Point", "coordinates": [-92.7354, 35.1692] }},
{"zip_code":"72419","country":"US","city":"Caraway","state":"Arkansas","state_ab":"AR","county":"Craighead","geo_location":{ "type": "Point", "coordinates": [-90.3358, 35.759] }},
{"zip_code":"72303","country":"US","city":"West Memphis","state":"Arkansas","state_ab":"AR","county":"Crittenden","geo_location":{ "type": "Point", "coordinates": [-90.2855, 35.1374] }},
{"zip_code":"72396","country":"US","city":"Wynne","state":"Arkansas","state_ab":"AR","county":"Cross","geo_location":{ "type": "Point", "coordinates": [-90.793, 35.233] }},
{"zip_code":"71650","country":"US","city":"Jerome","state":"Arkansas","state_ab":"AR","county":"Drew","geo_location":{ "type": "Point", "coordinates": [-91.7328, 33.5906] }},
{"zip_code":"72033","country":"US","city":"Conway","state":"Arkansas","state_ab":"AR","county":"Faulkner","geo_location":{ "type": "Point", "coordinates": [-92.3549, 35.1053] }},
{"zip_code":"72820","country":"US","city":"Alix","state":"Arkansas","state_ab":"AR","county":"Franklin","geo_location":{ "type": "Point", "coordinates": [-93.7286, 35.41] }},
{"zip_code":"72949","country":"US","city":"Ozark","state":"Arkansas","state_ab":"AR","county":"Franklin","geo_location":{ "type": "Point", "coordinates": [-93.8374, 35.5246] }},
{"zip_code":"72576","country":"US","city":"Salem","state":"Arkansas","state_ab":"AR","county":"Fulton","geo_location":{ "type": "Point", "coordinates": [-91.8759, 36.3766] }},
{"zip_code":"72150","country":"US","city":"Sheridan","state":"Arkansas","state_ab":"AR","county":"Grant","geo_location":{ "type": "Point", "coordinates": [-92.3657, 34.3165] }},
{"zip_code":"71933","country":"US","city":"Bonnerdale","state":"Arkansas","state_ab":"AR","county":"Hot Spring","geo_location":{ "type": "Point", "coordinates": [-93.3194, 34.3498] }},
{"zip_code":"72019","country":"US","city":"Benton","state":"Arkansas","state_ab":"AR","county":"Hot Spring County","geo_location":{ "type": "Point", "coordinates": [-92.6259, 34.604] }},
{"zip_code":"72550","country":"US","city":"Locust Grove","state":"Arkansas","state_ab":"AR","county":"Independence","geo_location":{ "type": "Point", "coordinates": [-91.7414, 35.7177] }},
{"zip_code":"72536","country":"US","city":"Franklin","state":"Arkansas","state_ab":"AR","county":"Izard","geo_location":{ "type": "Point", "coordinates": [-91.8096, 36.1291] }},
{"zip_code":"72473","country":"US","city":"Tuckerman","state":"Arkansas","state_ab":"AR","county":"Jackson","geo_location":{ "type": "Point", "coordinates": [-91.2003, 35.7307] }},
{"zip_code":"72846","country":"US","city":"Lamar","state":"Arkansas","state_ab":"AR","county":"Johnson","geo_location":{ "type": "Point", "coordinates": [-93.3552, 35.4349] }},
{"zip_code":"72433","country":"US","city":"Hoxie","state":"Arkansas","state_ab":"AR","county":"Lawrence","geo_location":{ "type": "Point", "coordinates": [-90.9715, 36.0326] }},
{"zip_code":"72459","country":"US","city":"Ravenden","state":"Arkansas","state_ab":"AR","county":"Lawrence","geo_location":{ "type": "Point", "coordinates": [-91.2593, 36.2029] }},
{"zip_code":"72046","country":"US","city":"England","state":"Arkansas","state_ab":"AR","county":"Lonoke","geo_location":{ "type": "Point", "coordinates": [-91.9484, 34.5575] }},
{"zip_code":"72086","country":"US","city":"Lonoke","state":"Arkansas","state_ab":"AR","county":"Lonoke","geo_location":{ "type": "Point", "coordinates": [-91.9214, 34.7832] }},
{"zip_code":"72176","country":"US","city":"Ward","state":"Arkansas","state_ab":"AR","county":"Lonoke","geo_location":{ "type": "Point", "coordinates": [-91.9004, 34.9532] }},
{"zip_code":"72316","country":"US","city":"Blytheville","state":"Arkansas","state_ab":"AR","county":"Mississippi","geo_location":{ "type": "Point", "coordinates": [-89.9668, 35.6949] }},
{"zip_code":"72329","country":"US","city":"Driver","state":"Arkansas","state_ab":"AR","county":"Mississippi","geo_location":{ "type": "Point", "coordinates": [-90.0138, 35.6253] }},
{"zip_code":"72330","country":"US","city":"Dyess","state":"Arkansas","state_ab":"AR","county":"Mississippi","geo_location":{ "type": "Point", "coordinates": [-90.2157, 35.5954] }},
{"zip_code":"72370","country":"US","city":"Osceola","state":"Arkansas","state_ab":"AR","county":"Mississippi","geo_location":{ "type": "Point", "coordinates": [-89.9798, 35.7019] }},
{"zip_code":"71960","country":"US","city":"Norman","state":"Arkansas","state_ab":"AR","county":"Montgomery","geo_location":{ "type": "Point", "coordinates": [-93.6743, 34.4596] }},
{"zip_code":"72640","country":"US","city":"Hasty","state":"Arkansas","state_ab":"AR","county":"Newton","geo_location":{ "type": "Point", "coordinates": [-93.046, 36.0152] }},
{"zip_code":"72666","country":"US","city":"Parthenon","state":"Arkansas","state_ab":"AR","county":"Newton","geo_location":{ "type": "Point", "coordinates": [-93.2677, 35.9451] }},
{"zip_code":"71726","country":"US","city":"Chidester","state":"Arkansas","state_ab":"AR","county":"Ouachita","geo_location":{ "type": "Point", "coordinates": [-92.9969, 33.6652] }},
{"zip_code":"72369","country":"US","city":"Oneida","state":"Arkansas","state_ab":"AR","county":"Phillips","geo_location":{ "type": "Point", "coordinates": [-90.7684, 34.4542] }},
{"zip_code":"72383","country":"US","city":"Turner","state":"Arkansas","state_ab":"AR","county":"Phillips","geo_location":{ "type": "Point", "coordinates": [-91.0314, 34.5062] }},
{"zip_code":"71959","country":"US","city":"Newhope","state":"Arkansas","state_ab":"AR","county":"Pike","geo_location":{ "type": "Point", "coordinates": [-93.8905, 34.2273] }},
{"zip_code":"71946","country":"US","city":"Hatton","state":"Arkansas","state_ab":"AR","county":"Polk","geo_location":{ "type": "Point", "coordinates": [-94.2002, 34.4594] }},
{"zip_code":"71973","country":"US","city":"Wickes","state":"Arkansas","state_ab":"AR","county":"Polk","geo_location":{ "type": "Point", "coordinates": [-94.3403, 34.3088] }},
{"zip_code":"72679","country":"US","city":"Tilly","state":"Arkansas","state_ab":"AR","county":"Pope","geo_location":{ "type": "Point", "coordinates": [-92.8391, 35.7341] }},
{"zip_code":"72099","country":"US","city":"Little Rock Air Force Base","state":"Arkansas","state_ab":"AR","county":"Pulaski","geo_location":{ "type": "Point", "coordinates": [-92.1397, 34.9074] }},
{"zip_code":"72190","country":"US","city":"North Little Rock","state":"Arkansas","state_ab":"AR","county":"Pulaski","geo_location":{ "type": "Point", "coordinates": [-92.3925, 34.7519] }},
{"zip_code":"72460","country":"US","city":"Ravenden Springs","state":"Arkansas","state_ab":"AR","county":"Randolph","geo_location":{ "type": "Point", "coordinates": [-91.2094, 36.3104] }},
{"zip_code":"72950","country":"US","city":"Parks","state":"Arkansas","state_ab":"AR","county":"Scott","geo_location":{ "type": "Point", "coordinates": [-93.9509, 34.8003] }},
{"zip_code":"72639","country":"US","city":"Harriet","state":"Arkansas","state_ab":"AR","county":"Searcy","geo_location":{ "type": "Point", "coordinates": [-92.5042, 35.9991] }},
{"zip_code":"72923","country":"US","city":"Barling","state":"Arkansas","state_ab":"AR","county":"Sebastian","geo_location":{ "type": "Point", "coordinates": [-94.3082, 35.333] }},
{"zip_code":"72936","country":"US","city":"Greenwood","state":"Arkansas","state_ab":"AR","county":"Sebastian","geo_location":{ "type": "Point", "coordinates": [-94.253, 35.1955] }},
{"zip_code":"72680","country":"US","city":"Timbo","state":"Arkansas","state_ab":"AR","county":"Stone","geo_location":{ "type": "Point", "coordinates": [-92.2913, 35.8845] }},
{"zip_code":"72703","country":"US","city":"Fayetteville","state":"Arkansas","state_ab":"AR","county":"Washington","geo_location":{ "type": "Point", "coordinates": [-94.1716, 36.0992] }},
{"zip_code":"72729","country":"US","city":"Evansville","state":"Arkansas","state_ab":"AR","county":"Washington","geo_location":{ "type": "Point", "coordinates": [-94.4638, 35.7823] }},
{"zip_code":"72730","country":"US","city":"Farmington","state":"Arkansas","state_ab":"AR","county":"Washington","geo_location":{ "type": "Point", "coordinates": [-94.2539, 36.0436] }},
{"zip_code":"72769","country":"US","city":"Summers","state":"Arkansas","state_ab":"AR","county":"Washington","geo_location":{ "type": "Point", "coordinates": [-94.5, 36.0138] }},
{"zip_code":"72770","country":"US","city":"Tontitown","state":"Arkansas","state_ab":"AR","county":"Washington","geo_location":{ "type": "Point", "coordinates": [-94.2429, 36.15] }},
{"zip_code":"72020","country":"US","city":"Bradford","state":"Arkansas","state_ab":"AR","county":"White","geo_location":{ "type": "Point", "coordinates": [-91.519, 35.4277] }},
{"zip_code":"72060","country":"US","city":"Griffithville","state":"Arkansas","state_ab":"AR","county":"White","geo_location":{ "type": "Point", "coordinates": [-91.6242, 35.1144] }},
{"zip_code":"72136","country":"US","city":"Romance","state":"Arkansas","state_ab":"AR","county":"White","geo_location":{ "type": "Point", "coordinates": [-92.0699, 35.2155] }},
{"zip_code":"72149","country":"US","city":"Searcy","state":"Arkansas","state_ab":"AR","county":"White","geo_location":{ "type": "Point", "coordinates": [-91.7314, 35.2474] }},
{"zip_code":"72006","country":"US","city":"Augusta","state":"Arkansas","state_ab":"AR","county":"Woodruff","geo_location":{ "type": "Point", "coordinates": [-91.3527, 35.2788] }},
{"zip_code":"72059","country":"US","city":"Gregory","state":"Arkansas","state_ab":"AR","county":"Woodruff","geo_location":{ "type": "Point", "coordinates": [-91.2594, 35.1791] }},
{"zip_code":"72123","country":"US","city":"Patterson","state":"Arkansas","state_ab":"AR","county":"Woodruff","geo_location":{ "type": "Point", "coordinates": [-91.237, 35.2588] }},
{"zip_code":"72189","country":"US","city":"Mc Crory","state":"Arkansas","state_ab":"AR","county":"Woodruff","geo_location":{ "type": "Point", "coordinates": [-91.2594, 35.1791] }},
{"zip_code":"72833","country":"US","city":"Danville","state":"Arkansas","state_ab":"AR","county":"Yell","geo_location":{ "type": "Point", "coordinates": [-93.3929, 35.0495] }},
{"zip_code":"72860","country":"US","city":"Rover","state":"Arkansas","state_ab":"AR","county":"Yell","geo_location":{ "type": "Point", "coordinates": [-93.4017, 34.9475] }},
{"zip_code":"85936","country":"US","city":"Saint Johns","state":"Arizona","state_ab":"AZ","county":"Apache","geo_location":{ "type": "Point", "coordinates": [-109.3796, 34.501] }},
{"zip_code":"86540","country":"US","city":"Nazlini","state":"Arizona","state_ab":"AZ","county":"Apache","geo_location":{ "type": "Point", "coordinates": [-109.5229, 35.2375] }},
{"zip_code":"85613","country":"US","city":"Fort Huachuca","state":"Arizona","state_ab":"AZ","county":"Cochise","geo_location":{ "type": "Point", "coordinates": [-110.3441, 31.5587] }},
{"zip_code":"85626","country":"US","city":"Pirtleville","state":"Arizona","state_ab":"AZ","county":"Cochise","geo_location":{ "type": "Point", "coordinates": [-109.6115, 31.3575] }},
{"zip_code":"86023","country":"US","city":"Grand Canyon","state":"Arizona","state_ab":"AZ","county":"Coconino","geo_location":{ "type": "Point", "coordinates": [-112.1309, 35.9421] }},
{"zip_code":"86036","country":"US","city":"Marble Canyon","state":"Arizona","state_ab":"AZ","county":"Coconino","geo_location":{ "type": "Point", "coordinates": [-111.8229, 36.737] }},
{"zip_code":"85550","country":"US","city":"San Carlos","state":"Arizona","state_ab":"AZ","county":"Gila","geo_location":{ "type": "Point", "coordinates": [-110.3953, 33.3106] }},
{"zip_code":"33733","country":"US","city":"Saint Petersburg","state":"Florida","state_ab":"FL","county":"Pinellas","geo_location":{ "type": "Point", "coordinates": [-82.7521, 27.9258] }},
{"zip_code":"33759","country":"US","city":"Clearwater","state":"Florida","state_ab":"FL","county":"Pinellas","geo_location":{ "type": "Point", "coordinates": [-82.7019, 27.975] }},
{"zip_code":"33760","country":"US","city":"Clearwater","state":"Florida","state_ab":"FL","county":"Pinellas","geo_location":{ "type": "Point", "coordinates": [-82.7152, 27.9004] }},
{"zip_code":"33773","country":"US","city":"Largo","state":"Florida","state_ab":"FL","county":"Pinellas","geo_location":{ "type": "Point", "coordinates": [-82.7534, 27.8802] }},
{"zip_code":"33786","country":"US","city":"Belleair Beach","state":"Florida","state_ab":"FL","county":"Pinellas","geo_location":{ "type": "Point", "coordinates": [-82.8393, 27.9229] }},
{"zip_code":"34619","country":"US","city":"Clearwater","state":"Florida","state_ab":"FL","county":"Pinellas County","geo_location":{ "type": "Point", "coordinates": [-82.7164, 27.977] }},
{"zip_code":"34620","country":"US","city":"Clearwater","state":"Florida","state_ab":"FL","county":"Pinellas County","geo_location":{ "type": "Point", "coordinates": [-82.7157, 27.9139] }},
{"zip_code":"34646","country":"US","city":"Seminole","state":"Florida","state_ab":"FL","county":"Pinellas County","geo_location":{ "type": "Point", "coordinates": [-82.8272, 27.8529] }},
{"zip_code":"34660","country":"US","city":"Ozona","state":"Florida","state_ab":"FL","county":"Pinellas","geo_location":{ "type": "Point", "coordinates": [-82.7784, 28.067] }},
{"zip_code":"33809","country":"US","city":"Lakeland","state":"Florida","state_ab":"FL","county":"Polk","geo_location":{ "type": "Point", "coordinates": [-81.9591, 28.1762] }},
{"zip_code":"33810","country":"US","city":"Lakeland","state":"Florida","state_ab":"FL","county":"Polk","geo_location":{ "type": "Point", "coordinates": [-82.0372, 28.1479] }},
{"zip_code":"33823","country":"US","city":"Auburndale","state":"Florida","state_ab":"FL","county":"Polk","geo_location":{ "type": "Point", "coordinates": [-81.8122, 28.0724] }},
{"zip_code":"33836","country":"US","city":"Davenport","state":"Florida","state_ab":"FL","county":"Polk","geo_location":{ "type": "Point", "coordinates": [-81.6316, 28.1672] }},
{"zip_code":"33849","country":"US","city":"Kathleen","state":"Florida","state_ab":"FL","county":"Polk","geo_location":{ "type": "Point", "coordinates": [-82.0396, 28.1975] }},
{"zip_code":"33850","country":"US","city":"Lake Alfred","state":"Florida","state_ab":"FL","county":"Polk","geo_location":{ "type": "Point", "coordinates": [-81.7271, 28.0895] }},
{"zip_code":"33863","country":"US","city":"Nichols","state":"Florida","state_ab":"FL","county":"Polk","geo_location":{ "type": "Point", "coordinates": [-81.6186, 28.0026] }},
{"zip_code":"32149","country":"US","city":"Interlachen","state":"Florida","state_ab":"FL","county":"Putnam","geo_location":{ "type": "Point", "coordinates": [-81.7449, 29.582] }},
{"zip_code":"32189","country":"US","city":"Satsuma","state":"Florida","state_ab":"FL","county":"Putnam","geo_location":{ "type": "Point", "coordinates": [-81.6406, 29.5594] }},
{"zip_code":"32666","country":"US","city":"Melrose","state":"Florida","state_ab":"FL","county":"Putnam","geo_location":{ "type": "Point", "coordinates": [-82.0279, 29.7325] }},
{"zip_code":"32033","country":"US","city":"Elkton","state":"Florida","state_ab":"FL","county":"St. Johns","geo_location":{ "type": "Point", "coordinates": [-81.462, 29.7882] }},
{"zip_code":"32086","country":"US","city":"Saint Augustine","state":"Florida","state_ab":"FL","county":"St. Johns","geo_location":{ "type": "Point", "coordinates": [-81.3237, 29.8285] }},
{"zip_code":"34983","country":"US","city":"Port Saint Lucie","state":"Florida","state_ab":"FL","county":"St. Lucie","geo_location":{ "type": "Point", "coordinates": [-80.345, 27.3094] }},
{"zip_code":"32563","country":"US","city":"Gulf Breeze","state":"Florida","state_ab":"FL","county":"Santa Rosa","geo_location":{ "type": "Point", "coordinates": [-87.0274, 30.3962] }},
{"zip_code":"34233","country":"US","city":"Sarasota","state":"Florida","state_ab":"FL","county":"Sarasota","geo_location":{ "type": "Point", "coordinates": [-82.477, 27.2866] }},
{"zip_code":"34286","country":"US","city":"North Port","state":"Florida","state_ab":"FL","county":"Sarasota","geo_location":{ "type": "Point", "coordinates": [-82.1756, 27.0748] }},
{"zip_code":"32716","country":"US","city":"Altamonte Springs","state":"Florida","state_ab":"FL","county":"Seminole","geo_location":{ "type": "Point", "coordinates": [-81.2233, 28.7448] }},
{"zip_code":"32730","country":"US","city":"Casselberry","state":"Florida","state_ab":"FL","county":"Seminole","geo_location":{ "type": "Point", "coordinates": [-81.3418, 28.6513] }},
{"zip_code":"32163","country":"US","city":"The Villages","state":"Florida","state_ab":"FL","county":"Sumter County","geo_location":{ "type": "Point", "coordinates": [-81.9914, 28.9338] }},
{"zip_code":"33513","country":"US","city":"Bushnell","state":"Florida","state_ab":"FL","county":"Sumter","geo_location":{ "type": "Point", "coordinates": [-82.1553, 28.6611] }},
{"zip_code":"32060","country":"US","city":"Live Oak","state":"Florida","state_ab":"FL","county":"Suwannee","geo_location":{ "type": "Point", "coordinates": [-83.0304, 30.1759] }},
{"zip_code":"32356","country":"US","city":"Salem","state":"Florida","state_ab":"FL","county":"Taylor","geo_location":{ "type": "Point", "coordinates": [-83.4421, 29.8539] }},
{"zip_code":"32123","country":"US","city":"Daytona Beach","state":"Florida","state_ab":"FL","county":"Volusia","geo_location":{ "type": "Point", "coordinates": [-81.1722, 29.0227] }},
{"zip_code":"32176","country":"US","city":"Ormond Beach","state":"Florida","state_ab":"FL","county":"Volusia","geo_location":{ "type": "Point", "coordinates": [-81.0584, 29.3222] }},
{"zip_code":"32190","country":"US","city":"Seville","state":"Florida","state_ab":"FL","county":"Volusia","geo_location":{ "type": "Point", "coordinates": [-81.5279, 29.3201] }},
{"zip_code":"32433","country":"US","city":"Defuniak Springs","state":"Florida","state_ab":"FL","county":"Walton","geo_location":{ "type": "Point", "coordinates": [-86.2023, 30.8494] }},
{"zip_code":"32459","country":"US","city":"Santa Rosa Beach","state":"Florida","state_ab":"FL","county":"Walton","geo_location":{ "type": "Point", "coordinates": [-86.2458, 30.3659] }},
{"zip_code":"32550","country":"US","city":"Miramar Beach","state":"Florida","state_ab":"FL","county":"Walton","geo_location":{ "type": "Point", "coordinates": [-86.3473, 30.385] }},
{"zip_code":"96943","country":"US","city":"Yap","state":"","state_ab":"FM","county":"","geo_location":{ "type": "Point", "coordinates": [151.5031, 7.1383] }},
{"zip_code":"31650","country":"US","city":"Willacoochee","state":"Georgia","state_ab":"GA","county":"Atkinson","geo_location":{ "type": "Point", "coordinates": [-83.0449, 31.3455] }},
{"zip_code":"39870","country":"US","city":"Newton","state":"Georgia","state_ab":"GA","county":"Baker County","geo_location":{ "type": "Point", "coordinates": [-84.3367, 31.3164] }},
{"zip_code":"30620","country":"US","city":"Bethlehem","state":"Georgia","state_ab":"GA","county":"Barrow","geo_location":{ "type": "Point", "coordinates": [-83.7282, 33.9261] }},
{"zip_code":"30103","country":"US","city":"Adairsville","state":"Georgia","state_ab":"GA","county":"Bartow","geo_location":{ "type": "Point", "coordinates": [-84.9176, 34.3595] }},
{"zip_code":"31209","country":"US","city":"Macon","state":"Georgia","state_ab":"GA","county":"Bibb","geo_location":{ "type": "Point", "coordinates": [-83.6913, 32.8067] }},
{"zip_code":"31210","country":"US","city":"Macon","state":"Georgia","state_ab":"GA","county":"Bibb","geo_location":{ "type": "Point", "coordinates": [-83.7455, 32.8926] }},
{"zip_code":"30426","country":"US","city":"Girard","state":"Georgia","state_ab":"GA","county":"Burke","geo_location":{ "type": "Point", "coordinates": [-81.7106, 33.0437] }},
{"zip_code":"30233","country":"US","city":"Jackson","state":"Georgia","state_ab":"GA","county":"Butts","geo_location":{ "type": "Point", "coordinates": [-83.9784, 33.282] }},
{"zip_code":"31713","country":"US","city":"Arlington","state":"Georgia","state_ab":"GA","county":"Calhoun","geo_location":{ "type": "Point", "coordinates": [-84.7257, 31.4456] }},
{"zip_code":"31766","country":"US","city":"Morgan","state":"Georgia","state_ab":"GA","county":"Calhoun","geo_location":{ "type": "Point", "coordinates": [-84.6178, 31.5566] }},
{"zip_code":"30439","country":"US","city":"Metter","state":"Georgia","state_ab":"GA","county":"Candler","geo_location":{ "type": "Point", "coordinates": [-82.0607, 32.401] }},
{"zip_code":"30116","country":"US","city":"Carrollton","state":"Georgia","state_ab":"GA","county":"Carroll","geo_location":{ "type": "Point", "coordinates": [-85.0499, 33.6045] }},
{"zip_code":"30170","country":"US","city":"Roopville","state":"Georgia","state_ab":"GA","county":"Carroll","geo_location":{ "type": "Point", "coordinates": [-85.1671, 33.4322] }},
{"zip_code":"30736","country":"US","city":"Ringgold","state":"Georgia","state_ab":"GA","county":"Catoosa","geo_location":{ "type": "Point", "coordinates": [-85.1549, 34.9205] }},
{"zip_code":"31403","country":"US","city":"Savannah","state":"Georgia","state_ab":"GA","county":"Chatham","geo_location":{ "type": "Point", "coordinates": [-81.0716, 31.9714] }},
{"zip_code":"31416","country":"US","city":"Savannah","state":"Georgia","state_ab":"GA","county":"Chatham","geo_location":{ "type": "Point", "coordinates": [-81.0477, 32.0053] }},
{"zip_code":"30169","country":"US","city":"Canton","state":"Georgia","state_ab":"GA","county":"Cherokee County","geo_location":{ "type": "Point", "coordinates": [-84.4904, 34.234] }},
{"zip_code":"30183","country":"US","city":"Waleska","state":"Georgia","state_ab":"GA","county":"Cherokee","geo_location":{ "type": "Point", "coordinates": [-84.562, 34.3217] }},
{"zip_code":"30606","country":"US","city":"Athens","state":"Georgia","state_ab":"GA","county":"Clarke","geo_location":{ "type": "Point", "coordinates": [-83.418, 33.9461] }},
{"zip_code":"30260","country":"US","city":"Morrow","state":"Georgia","state_ab":"GA","county":"Clayton","geo_location":{ "type": "Point", "coordinates": [-84.3247, 33.5849] }},
{"zip_code":"30273","country":"US","city":"Rex","state":"Georgia","state_ab":"GA","county":"Clayton","geo_location":{ "type": "Point", "coordinates": [-84.2782, 33.5808] }},
{"zip_code":"31623","country":"US","city":"Argyle","state":"Georgia","state_ab":"GA","county":"Clinch","geo_location":{ "type": "Point", "coordinates": [-82.644, 31.0744] }},
{"zip_code":"30066","country":"US","city":"Marietta","state":"Georgia","state_ab":"GA","county":"Cobb","geo_location":{ "type": "Point", "coordinates": [-84.5038, 34.0378] }},
{"zip_code":"30080","country":"US","city":"Smyrna","state":"Georgia","state_ab":"GA","county":"Cobb","geo_location":{ "type": "Point", "coordinates": [-84.5023, 33.8796] }},
{"zip_code":"30156","country":"US","city":"Kennesaw","state":"Georgia","state_ab":"GA","county":"Cobb County","geo_location":{ "type": "Point", "coordinates": [-84.625, 34.0177] }},
{"zip_code":"31519","country":"US","city":"Broxton","state":"Georgia","state_ab":"GA","county":"Coffee","geo_location":{ "type": "Point", "coordinates": [-82.905, 31.6484] }},
{"zip_code":"31533","country":"US","city":"Douglas","state":"Georgia","state_ab":"GA","county":"Coffee","geo_location":{ "type": "Point", "coordinates": [-82.8465, 31.4973] }},
{"zip_code":"31753","country":"US","city":"Funston","state":"Georgia","state_ab":"GA","county":"Colquitt","geo_location":{ "type": "Point", "coordinates": [-83.8776, 31.2054] }},
{"zip_code":"30813","country":"US","city":"Grovetown","state":"Georgia","state_ab":"GA","county":"Columbia","geo_location":{ "type": "Point", "coordinates": [-82.2409, 33.4766] }},
{"zip_code":"30220","country":"US","city":"Grantville","state":"Georgia","state_ab":"GA","county":"Coweta","geo_location":{ "type": "Point", "coordinates": [-84.835, 33.2473] }},
{"zip_code":"30259","country":"US","city":"Moreland","state":"Georgia","state_ab":"GA","county":"Coweta","geo_location":{ "type": "Point", "coordinates": [-84.7566, 33.2734] }},
{"zip_code":"30079","country":"US","city":"Scottdale","state":"Georgia","state_ab":"GA","county":"DeKalb","geo_location":{ "type": "Point", "coordinates": [-84.2585, 33.7934] }},
{"zip_code":"30350","country":"US","city":"Atlanta","state":"Georgia","state_ab":"GA","county":"DeKalb","geo_location":{ "type": "Point", "coordinates": [-84.3411, 33.9795] }},
{"zip_code":"31119","country":"US","city":"Atlanta","state":"Georgia","state_ab":"GA","county":"DeKalb","geo_location":{ "type": "Point", "coordinates": [-84.0746, 33.8913] }},
{"zip_code":"31146","country":"US","city":"Atlanta","state":"Georgia","state_ab":"GA","county":"DeKalb","geo_location":{ "type": "Point", "coordinates": [-84.0746, 33.8913] }},
{"zip_code":"31070","country":"US","city":"Pinehurst","state":"Georgia","state_ab":"GA","county":"Dooly","geo_location":{ "type": "Point", "coordinates": [-83.7209, 32.1967] }},
{"zip_code":"31326","country":"US","city":"Rincon","state":"Georgia","state_ab":"GA","county":"Effingham","geo_location":{ "type": "Point", "coordinates": [-81.2875, 32.2852] }},
{"zip_code":"30466","country":"US","city":"Summertown","state":"Georgia","state_ab":"GA","county":"Emanuel","geo_location":{ "type": "Point", "coordinates": [-82.3245, 32.5666] }},
{"zip_code":"30129","country":"US","city":"Coosa","state":"Georgia","state_ab":"GA","county":"Floyd","geo_location":{ "type": "Point", "coordinates": [-85.2337, 34.3333] }},
{"zip_code":"30040","country":"US","city":"Cumming","state":"Georgia","state_ab":"GA","county":"Forsyth","geo_location":{ "type": "Point", "coordinates": [-84.158, 34.2321] }},
{"zip_code":"30309","country":"US","city":"Atlanta","state":"Georgia","state_ab":"GA","county":"Fulton","geo_location":{ "type": "Point", "coordinates": [-84.3883, 33.7984] }},
{"zip_code":"30310","country":"US","city":"Atlanta","state":"Georgia","state_ab":"GA","county":"Fulton","geo_location":{ "type": "Point", "coordinates": [-84.4232, 33.7278] }},
{"zip_code":"30323","country":"US","city":"Atlanta","state":"Georgia","state_ab":"GA","county":"Fulton","geo_location":{ "type": "Point", "coordinates": [-84.4741, 33.8444] }},
{"zip_code":"30336","country":"US","city":"Atlanta","state":"Georgia","state_ab":"GA","county":"Fulton","geo_location":{ "type": "Point", "coordinates": [-84.5545, 33.7406] }},
{"zip_code":"30349","country":"US","city":"Atlanta","state":"Georgia","state_ab":"GA","county":"Fulton","geo_location":{ "type": "Point", "coordinates": [-84.4813, 33.6053] }},
{"zip_code":"30363","country":"US","city":"Atlanta","state":"Georgia","state_ab":"GA","county":"Fulton","geo_location":{ "type": "Point", "coordinates": [-84.3992, 33.791] }},
{"zip_code":"30376","country":"US","city":"Atlanta","state":"Georgia","state_ab":"GA","county":"Fulton","geo_location":{ "type": "Point", "coordinates": [-84.4741, 33.8444] }},
{"zip_code":"30389","country":"US","city":"Atlanta","state":"Georgia","state_ab":"GA","county":"Fulton","geo_location":{ "type": "Point", "coordinates": [-84.4741, 33.8444] }},
{"zip_code":"30390","country":"US","city":"Atlanta","state":"Georgia","state_ab":"GA","county":"Fulton","geo_location":{ "type": "Point", "coordinates": [-84.4741, 33.8444] }},
{"zip_code":"31106","country":"US","city":"Atlanta","state":"Georgia","state_ab":"GA","county":"Fulton","geo_location":{ "type": "Point", "coordinates": [-84.4741, 33.8444] }},
{"zip_code":"31120","country":"US","city":"Atlanta","state":"Georgia","state_ab":"GA","county":"Fulton County","geo_location":{ "type": "Point", "coordinates": [-84.3877, 33.7487] }},
{"zip_code":"31160","country":"US","city":"Atlanta","state":"Georgia","state_ab":"GA","county":"Fulton County","geo_location":{ "type": "Point", "coordinates": [-84.4226, 33.7629] }},
{"zip_code":"31199","country":"US","city":"Atlanta","state":"Georgia","state_ab":"GA","county":"Fulton","geo_location":{ "type": "Point", "coordinates": [-84.4741, 33.8444] }},
{"zip_code":"31520","country":"US","city":"Brunswick","state":"Georgia","state_ab":"GA","county":"Glynn","geo_location":{ "type": "Point", "coordinates": [-81.4949, 31.1807] }},
{"zip_code":"39829","country":"US","city":"Calvary","state":"Georgia","state_ab":"GA","county":"Grady County","geo_location":{ "type": "Point", "coordinates": [-84.3125, 30.7462] }},
{"zip_code":"30026","country":"US","city":"Duluth","state":"Georgia","state_ab":"GA","county":"Gwinnett","geo_location":{ "type": "Point", "coordinates": [-84.0923, 33.963] }},
{"zip_code":"30039","country":"US","city":"Snellville","state":"Georgia","state_ab":"GA","county":"Gwinnett","geo_location":{ "type": "Point", "coordinates": [-84.0229, 33.8178] }},
{"zip_code":"30093","country":"US","city":"Norcross","state":"Georgia","state_ab":"GA","county":"Gwinnett","geo_location":{ "type": "Point", "coordinates": [-84.184, 33.906] }},
{"zip_code":"30246","country":"US","city":"Lawrenceville","state":"Georgia","state_ab":"GA","county":"Gwinnett County","geo_location":{ "type": "Point", "coordinates": [-83.9879, 33.956] }},
{"zip_code":"30596","country":"US","city":"Alto","state":"Georgia","state_ab":"GA","county":"Habersham","geo_location":{ "type": "Point", "coordinates": [-83.5099, 34.6294] }},
{"zip_code":"30503","country":"US","city":"Gainesville","state":"Georgia","state_ab":"GA","county":"Hall","geo_location":{ "type": "Point", "coordinates": [-83.9505, 34.3454] }},
{"zip_code":"30543","country":"US","city":"Gillsville","state":"Georgia","state_ab":"GA","county":"Hall","geo_location":{ "type": "Point", "coordinates": [-83.6757, 34.3001] }},
{"zip_code":"34453","country":"US","city":"Inverness","state":"Florida","state_ab":"FL","county":"Citrus","geo_location":{ "type": "Point", "coordinates": [-82.3454, 28.8723] }},
{"zip_code":"32006","country":"US","city":"Fleming Island","state":"Florida","state_ab":"FL","county":"Clay County","geo_location":{ "type": "Point", "coordinates": [-81.7167, 30.107] }},
{"zip_code":"32073","country":"US","city":"Orange Park","state":"Florida","state_ab":"FL","county":"Clay","geo_location":{ "type": "Point", "coordinates": [-81.7291, 30.1637] }},
{"zip_code":"33939","country":"US","city":"Naples","state":"Florida","state_ab":"FL","county":"Collier County","geo_location":{ "type": "Point", "coordinates": [-81.7957, 26.143] }},
{"zip_code":"33940","country":"US","city":"Naples","state":"Florida","state_ab":"FL","county":"Collier County","geo_location":{ "type": "Point", "coordinates": [-81.802, 26.1734] }},
{"zip_code":"34103","country":"US","city":"Naples","state":"Florida","state_ab":"FL","county":"Collier","geo_location":{ "type": "Point", "coordinates": [-81.8039, 26.1917] }},
{"zip_code":"34116","country":"US","city":"Naples","state":"Florida","state_ab":"FL","county":"Collier","geo_location":{ "type": "Point", "coordinates": [-81.711, 26.1873] }},
{"zip_code":"34143","country":"US","city":"Immokalee","state":"Florida","state_ab":"FL","county":"Collier","geo_location":{ "type": "Point", "coordinates": [-81.5047, 26.4642] }},
{"zip_code":"32680","country":"US","city":"Old Town","state":"Florida","state_ab":"FL","county":"Dixie","geo_location":{ "type": "Point", "coordinates": [-83.005, 29.6699] }},
{"zip_code":"32099","country":"US","city":"Jacksonville","state":"Florida","state_ab":"FL","county":"Duval","geo_location":{ "type": "Point", "coordinates": [-81.7686, 30.3375] }},
{"zip_code":"32226","country":"US","city":"Jacksonville","state":"Florida","state_ab":"FL","county":"Duval","geo_location":{ "type": "Point", "coordinates": [-81.5448, 30.4735] }},
{"zip_code":"32239","country":"US","city":"Jacksonville","state":"Florida","state_ab":"FL","county":"Duval","geo_location":{ "type": "Point", "coordinates": [-81.6831, 30.3449] }},
{"zip_code":"32240","country":"US","city":"Jacksonville Beach","state":"Florida","state_ab":"FL","county":"Duval","geo_location":{ "type": "Point", "coordinates": [-81.6831, 30.3449] }},
{"zip_code":"32266","country":"US","city":"Neptune Beach","state":"Florida","state_ab":"FL","county":"Duval","geo_location":{ "type": "Point", "coordinates": [-81.4051, 30.3155] }},
{"zip_code":"32509","country":"US","city":"Pensacola","state":"Florida","state_ab":"FL","county":"Escambia","geo_location":{ "type": "Point", "coordinates": [-87.3403, 30.4643] }},
{"zip_code":"32523","country":"US","city":"Pensacola","state":"Florida","state_ab":"FL","county":"Escambia","geo_location":{ "type": "Point", "coordinates": [-87.2758, 30.6143] }},
{"zip_code":"32576","country":"US","city":"Pensacola","state":"Florida","state_ab":"FL","county":"Escambia","geo_location":{ "type": "Point", "coordinates": [-87.2758, 30.6143] }},
{"zip_code":"32589","country":"US","city":"Pensacola","state":"Florida","state_ab":"FL","county":"Escambia","geo_location":{ "type": "Point", "coordinates": [-87.2758, 30.6143] }},
{"zip_code":"32590","country":"US","city":"Pensacola","state":"Florida","state_ab":"FL","county":"Escambia","geo_location":{ "type": "Point", "coordinates": [-87.2758, 30.6143] }},
{"zip_code":"32110","country":"US","city":"Bunnell","state":"Florida","state_ab":"FL","county":"Flagler","geo_location":{ "type": "Point", "coordinates": [-81.3244, 29.4562] }},
{"zip_code":"32136","country":"US","city":"Flagler Beach","state":"Florida","state_ab":"FL","county":"Flagler","geo_location":{ "type": "Point", "coordinates": [-81.1303, 29.475] }},
{"zip_code":"32329","country":"US","city":"Apalachicola","state":"Florida","state_ab":"FL","county":"Franklin","geo_location":{ "type": "Point", "coordinates": [-85.0239, 29.7455] }},
{"zip_code":"32330","country":"US","city":"Greensboro","state":"Florida","state_ab":"FL","county":"Gadsden","geo_location":{ "type": "Point", "coordinates": [-84.736, 30.5653] }},
{"zip_code":"32343","country":"US","city":"Midway","state":"Florida","state_ab":"FL","county":"Gadsden","geo_location":{ "type": "Point", "coordinates": [-84.4768, 30.485] }},
{"zip_code":"32693","country":"US","city":"Trenton","state":"Florida","state_ab":"FL","county":"Gilchrist","geo_location":{ "type": "Point", "coordinates": [-82.8117, 29.6746] }},
{"zip_code":"33890","country":"US","city":"Zolfo Springs","state":"Florida","state_ab":"FL","county":"Hardee","geo_location":{ "type": "Point", "coordinates": [-81.7423, 27.48] }},
{"zip_code":"34606","country":"US","city":"Spring Hill","state":"Florida","state_ab":"FL","county":"Hernando","geo_location":{ "type": "Point", "coordinates": [-82.5981, 28.4655] }},
{"zip_code":"33876","country":"US","city":"Sebring","state":"Florida","state_ab":"FL","county":"Highlands","geo_location":{ "type": "Point", "coordinates": [-81.3519, 27.4287] }},
{"zip_code":"33566","country":"US","city":"Plant City","state":"Florida","state_ab":"FL","county":"Hillsborough","geo_location":{ "type": "Point", "coordinates": [-82.1138, 28.0094] }},
{"zip_code":"33579","country":"US","city":"Riverview","state":"Florida","state_ab":"FL","county":"Hillsborough County","geo_location":{ "type": "Point", "coordinates": [-82.2755, 27.8024] }},
{"zip_code":"33603","country":"US","city":"Tampa","state":"Florida","state_ab":"FL","county":"Hillsborough","geo_location":{ "type": "Point", "coordinates": [-82.463, 27.9845] }},
{"zip_code":"33616","country":"US","city":"Tampa","state":"Florida","state_ab":"FL","county":"Hillsborough","geo_location":{ "type": "Point", "coordinates": [-82.5203, 27.8742] }},
{"zip_code":"33629","country":"US","city":"Tampa","state":"Florida","state_ab":"FL","county":"Hillsborough","geo_location":{ "type": "Point", "coordinates": [-82.5079, 27.921] }},
{"zip_code":"33630","country":"US","city":"Tampa","state":"Florida","state_ab":"FL","county":"Hillsborough","geo_location":{ "type": "Point", "coordinates": [-82.4388, 27.872] }},
{"zip_code":"32963","country":"US","city":"Vero Beach","state":"Florida","state_ab":"FL","county":"Indian River","geo_location":{ "type": "Point", "coordinates": [-80.3757, 27.6898] }},
{"zip_code":"32420","country":"US","city":"Alford","state":"Florida","state_ab":"FL","county":"Jackson","geo_location":{ "type": "Point", "coordinates": [-85.3756, 30.6412] }},
{"zip_code":"32446","country":"US","city":"Marianna","state":"Florida","state_ab":"FL","county":"Jackson","geo_location":{ "type": "Point", "coordinates": [-85.2293, 30.7996] }},
{"zip_code":"32460","country":"US","city":"Sneads","state":"Florida","state_ab":"FL","county":"Jackson","geo_location":{ "type": "Point", "coordinates": [-84.9337, 30.7276] }},
{"zip_code":"32756","country":"US","city":"Mount Dora","state":"Florida","state_ab":"FL","county":"Lake","geo_location":{ "type": "Point", "coordinates": [-81.6536, 28.8111] }},
{"zip_code":"34736","country":"US","city":"Groveland","state":"Florida","state_ab":"FL","county":"Lake","geo_location":{ "type": "Point", "coordinates": [-81.8745, 28.5644] }},
{"zip_code":"34749","country":"US","city":"Leesburg","state":"Florida","state_ab":"FL","county":"Lake","geo_location":{ "type": "Point", "coordinates": [-81.6536, 28.8111] }},
{"zip_code":"34789","country":"US","city":"Leesburg","state":"Florida","state_ab":"FL","county":"Lake","geo_location":{ "type": "Point", "coordinates": [-81.6536, 28.8111] }},
{"zip_code":"33900","country":"US","city":"Fort Myers","state":"Florida","state_ab":"FL","county":"Lee County","geo_location":{ "type": "Point", "coordinates": [-81.8506, 26.6306] }},
{"zip_code":"33913","country":"US","city":"Fort Myers","state":"Florida","state_ab":"FL","county":"Lee","geo_location":{ "type": "Point", "coordinates": [-81.7065, 26.5228] }},
{"zip_code":"33926","country":"US","city":"Copeland","state":"Florida","state_ab":"FL","county":"Lee County","geo_location":{ "type": "Point", "coordinates": [-81.356, 25.9531] }},
{"zip_code":"33966","country":"US","city":"Fort Myers","state":"Florida","state_ab":"FL","county":"Lee County","geo_location":{ "type": "Point", "coordinates": [-81.832, 26.5824] }},
{"zip_code":"33993","country":"US","city":"Cape Coral","state":"Florida","state_ab":"FL","county":"Lee","geo_location":{ "type": "Point", "coordinates": [-82.0254, 26.6786] }},
{"zip_code":"32303","country":"US","city":"Tallahassee","state":"Florida","state_ab":"FL","county":"Leon","geo_location":{ "type": "Point", "coordinates": [-84.3189, 30.4874] }},
{"zip_code":"32316","country":"US","city":"Tallahassee","state":"Florida","state_ab":"FL","county":"Leon","geo_location":{ "type": "Point", "coordinates": [-84.3462, 30.4793] }},
{"zip_code":"32626","country":"US","city":"Chiefland","state":"Florida","state_ab":"FL","county":"Levy","geo_location":{ "type": "Point", "coordinates": [-82.8809, 29.4832] }},
{"zip_code":"32639","country":"US","city":"Gulf Hammock","state":"Florida","state_ab":"FL","county":"Levy","geo_location":{ "type": "Point", "coordinates": [-82.7402, 29.2447] }},
{"zip_code":"32059","country":"US","city":"Lee","state":"Florida","state_ab":"FL","county":"Madison","geo_location":{ "type": "Point", "coordinates": [-83.2844, 30.3979] }},
{"zip_code":"34206","country":"US","city":"Bradenton","state":"Florida","state_ab":"FL","county":"Manatee","geo_location":{ "type": "Point", "coordinates": [-82.4387, 27.4272] }},
{"zip_code":"34219","country":"US","city":"Parrish","state":"Florida","state_ab":"FL","county":"Manatee","geo_location":{ "type": "Point", "coordinates": [-82.396, 27.5572] }},
{"zip_code":"34220","country":"US","city":"Palmetto","state":"Florida","state_ab":"FL","county":"Manatee","geo_location":{ "type": "Point", "coordinates": [-82.4387, 27.4272] }},
{"zip_code":"34260","country":"US","city":"Manasota","state":"Florida","state_ab":"FL","county":"Manatee","geo_location":{ "type": "Point", "coordinates": [-82.4387, 27.4272] }},
{"zip_code":"34479","country":"US","city":"Ocala","state":"Florida","state_ab":"FL","county":"Marion","geo_location":{ "type": "Point", "coordinates": [-82.1095, 29.2541] }},
{"zip_code":"34480","country":"US","city":"Ocala","state":"Florida","state_ab":"FL","county":"Marion","geo_location":{ "type": "Point", "coordinates": [-82.098, 29.1056] }},
{"zip_code":"34956","country":"US","city":"Indiantown","state":"Florida","state_ab":"FL","county":"Martin","geo_location":{ "type": "Point", "coordinates": [-80.4803, 27.0615] }},
{"zip_code":"34996","country":"US","city":"Stuart","state":"Florida","state_ab":"FL","county":"Martin","geo_location":{ "type": "Point", "coordinates": [-80.2164, 27.1929] }},
{"zip_code":"33010","country":"US","city":"Hialeah","state":"Florida","state_ab":"FL","county":"Miami-Dade","geo_location":{ "type": "Point", "coordinates": [-80.2808, 25.8325] }},
{"zip_code":"33090","country":"US","city":"Homestead","state":"Florida","state_ab":"FL","county":"Miami-Dade","geo_location":{ "type": "Point", "coordinates": [-80.4582, 25.5584] }},
{"zip_code":"33126","country":"US","city":"Miami","state":"Florida","state_ab":"FL","county":"Miami-Dade","geo_location":{ "type": "Point", "coordinates": [-80.2919, 25.7763] }},
{"zip_code":"33139","country":"US","city":"Miami Beach","state":"Florida","state_ab":"FL","county":"Miami-Dade","geo_location":{ "type": "Point", "coordinates": [-80.1564, 25.7873] }},
{"zip_code":"33140","country":"US","city":"Miami Beach","state":"Florida","state_ab":"FL","county":"Miami-Dade","geo_location":{ "type": "Point", "coordinates": [-80.1337, 25.8198] }},
{"zip_code":"33153","country":"US","city":"Miami","state":"Florida","state_ab":"FL","county":"Miami-Dade","geo_location":{ "type": "Point", "coordinates": [-80.1936, 25.8655] }},
{"zip_code":"33166","country":"US","city":"Miami","state":"Florida","state_ab":"FL","county":"Miami-Dade","geo_location":{ "type": "Point", "coordinates": [-80.2926, 25.8301] }},
{"zip_code":"33179","country":"US","city":"Miami","state":"Florida","state_ab":"FL","county":"Miami-Dade","geo_location":{ "type": "Point", "coordinates": [-80.1814, 25.9571] }},
{"zip_code":"33180","country":"US","city":"Miami","state":"Florida","state_ab":"FL","county":"Miami-Dade","geo_location":{ "type": "Point", "coordinates": [-80.1403, 25.9597] }},
{"zip_code":"33193","country":"US","city":"Miami","state":"Florida","state_ab":"FL","county":"Miami-Dade","geo_location":{ "type": "Point", "coordinates": [-80.4401, 25.6964] }},
{"zip_code":"33243","country":"US","city":"Miami","state":"Florida","state_ab":"FL","county":"Miami-Dade","geo_location":{ "type": "Point", "coordinates": [-80.4582, 25.5584] }},
{"zip_code":"33256","country":"US","city":"Miami","state":"Florida","state_ab":"FL","county":"Miami-Dade","geo_location":{ "type": "Point", "coordinates": [-80.4582, 25.5584] }},
{"zip_code":"33269","country":"US","city":"Miami","state":"Florida","state_ab":"FL","county":"Miami-Dade","geo_location":{ "type": "Point", "coordinates": [-80.4582, 25.5584] }},
{"zip_code":"33283","country":"US","city":"Miami","state":"Florida","state_ab":"FL","county":"Miami-Dade","geo_location":{ "type": "Point", "coordinates": [-80.4582, 25.5584] }},
{"zip_code":"33296","country":"US","city":"Miami","state":"Florida","state_ab":"FL","county":"Miami-Dade","geo_location":{ "type": "Point", "coordinates": [-80.4582, 25.5584] }},
{"zip_code":"33036","country":"US","city":"Islamorada","state":"Florida","state_ab":"FL","county":"Monroe","geo_location":{ "type": "Point", "coordinates": [-80.63, 24.9233] }},
{"zip_code":"33050","country":"US","city":"Marathon","state":"Florida","state_ab":"FL","county":"Monroe","geo_location":{ "type": "Point", "coordinates": [-81.0386, 24.7279] }},
{"zip_code":"32046","country":"US","city":"Hilliard","state":"Florida","state_ab":"FL","county":"Nassau","geo_location":{ "type": "Point", "coordinates": [-81.9345, 30.6884] }},
{"zip_code":"32536","country":"US","city":"Crestview","state":"Florida","state_ab":"FL","county":"Okaloosa","geo_location":{ "type": "Point", "coordinates": [-86.5917, 30.7644] }},
{"zip_code":"32549","country":"US","city":"Fort Walton Beach","state":"Florida","state_ab":"FL","county":"Okaloosa","geo_location":{ "type": "Point", "coordinates": [-86.5945, 30.6612] }},
{"zip_code":"32703","country":"US","city":"Apopka","state":"Florida","state_ab":"FL","county":"Orange","geo_location":{ "type": "Point", "coordinates": [-81.4888, 28.6354] }},
{"zip_code":"32806","country":"US","city":"Orlando","state":"Florida","state_ab":"FL","county":"Orange","geo_location":{ "type": "Point", "coordinates": [-81.357, 28.514] }},
{"zip_code":"32819","country":"US","city":"Orlando","state":"Florida","state_ab":"FL","county":"Orange","geo_location":{ "type": "Point", "coordinates": [-81.4678, 28.4522] }},
{"zip_code":"32820","country":"US","city":"Orlando","state":"Florida","state_ab":"FL","county":"Orange","geo_location":{ "type": "Point", "coordinates": [-81.1219, 28.5725] }},
{"zip_code":"32833","country":"US","city":"Orlando","state":"Florida","state_ab":"FL","county":"Orange","geo_location":{ "type": "Point", "coordinates": [-81.0703, 28.5088] }},
{"zip_code":"32859","country":"US","city":"Orlando","state":"Florida","state_ab":"FL","county":"Orange","geo_location":{ "type": "Point", "coordinates": [-81.4026, 28.4429] }},
{"zip_code":"32860","country":"US","city":"Orlando","state":"Florida","state_ab":"FL","county":"Orange","geo_location":{ "type": "Point", "coordinates": [-81.2608, 28.5663] }},
{"zip_code":"32886","country":"US","city":"Orlando","state":"Florida","state_ab":"FL","county":"Orange","geo_location":{ "type": "Point", "coordinates": [-81.2608, 28.5663] }},
{"zip_code":"33409","country":"US","city":"West Palm Beach","state":"Florida","state_ab":"FL","county":"Palm Beach","geo_location":{ "type": "Point", "coordinates": [-80.0965, 26.7162] }},
{"zip_code":"33410","country":"US","city":"West Palm Beach","state":"Florida","state_ab":"FL","county":"Palm Beach","geo_location":{ "type": "Point", "coordinates": [-80.088, 26.8467] }},
{"zip_code":"33436","country":"US","city":"Boynton Beach","state":"Florida","state_ab":"FL","county":"Palm Beach","geo_location":{ "type": "Point", "coordinates": [-80.1124, 26.5354] }},
{"zip_code":"33449","country":"US","city":"Lake Worth","state":"Florida","state_ab":"FL","county":"Palm Beach County","geo_location":{ "type": "Point", "coordinates": [-80.2149, 26.6048] }},
{"zip_code":"33463","country":"US","city":"Lake Worth","state":"Florida","state_ab":"FL","county":"Palm Beach","geo_location":{ "type": "Point", "coordinates": [-80.1291, 26.5955] }},
{"zip_code":"33476","country":"US","city":"Pahokee","state":"Florida","state_ab":"FL","county":"Palm Beach","geo_location":{ "type": "Point", "coordinates": [-80.6629, 26.8142] }},
{"zip_code":"33526","country":"US","city":"Dade City","state":"Florida","state_ab":"FL","county":"Pasco","geo_location":{ "type": "Point", "coordinates": [-82.2478, 28.3101] }},
{"zip_code":"33539","country":"US","city":"Zephyrhills","state":"Florida","state_ab":"FL","county":"Pasco","geo_location":{ "type": "Point", "coordinates": [-82.1657, 28.213] }},
{"zip_code":"33540","country":"US","city":"Zephyrhills","state":"Florida","state_ab":"FL","county":"Pasco","geo_location":{ "type": "Point", "coordinates": [-82.1506, 28.2151] }},
{"zip_code":"33593","country":"US","city":"Trilby","state":"Florida","state_ab":"FL","county":"Pasco","geo_location":{ "type": "Point", "coordinates": [-82.4818, 28.3248] }},
{"zip_code":"34673","country":"US","city":"Port Richey","state":"Florida","state_ab":"FL","county":"Pasco","geo_location":{ "type": "Point", "coordinates": [-82.4818, 28.3248] }},
{"zip_code":"33706","country":"US","city":"Saint Petersburg","state":"Florida","state_ab":"FL","county":"Pinellas","geo_location":{ "type": "Point", "coordinates": [-82.7516, 27.7456] }},
{"zip_code":"85536","country":"US","city":"Fort Thomas","state":"Arizona","state_ab":"AZ","county":"Graham","geo_location":{ "type": "Point", "coordinates": [-109.9717, 33.0333] }},
{"zip_code":"85006","country":"US","city":"Phoenix","state":"Arizona","state_ab":"AZ","county":"Maricopa","geo_location":{ "type": "Point", "coordinates": [-112.0474, 33.465] }},
{"zip_code":"85019","country":"US","city":"Phoenix","state":"Arizona","state_ab":"AZ","county":"Maricopa","geo_location":{ "type": "Point", "coordinates": [-112.1417, 33.5123] }},
{"zip_code":"85020","country":"US","city":"Phoenix","state":"Arizona","state_ab":"AZ","county":"Maricopa","geo_location":{ "type": "Point", "coordinates": [-112.0559, 33.5623] }},
{"zip_code":"85033","country":"US","city":"Phoenix","state":"Arizona","state_ab":"AZ","county":"Maricopa","geo_location":{ "type": "Point", "coordinates": [-112.2132, 33.4944] }},
{"zip_code":"85046","country":"US","city":"Phoenix","state":"Arizona","state_ab":"AZ","county":"Maricopa","geo_location":{ "type": "Point", "coordinates": [-112.1872, 33.2765] }},
{"zip_code":"85060","country":"US","city":"Phoenix","state":"Arizona","state_ab":"AZ","county":"Maricopa","geo_location":{ "type": "Point", "coordinates": [-112.1872, 33.2765] }},
{"zip_code":"85073","country":"US","city":"Phoenix","state":"Arizona","state_ab":"AZ","county":"Maricopa","geo_location":{ "type": "Point", "coordinates": [-112.1872, 33.2765] }},
{"zip_code":"85086","country":"US","city":"Anthem","state":"Arizona","state_ab":"AZ","county":"Maricopa","geo_location":{ "type": "Point", "coordinates": [-112.1202, 33.8155] }},
{"zip_code":"85099","country":"US","city":"Phoenix","state":"Arizona","state_ab":"AZ","county":"Maricopa","geo_location":{ "type": "Point", "coordinates": [-112.1872, 33.2765] }},
{"zip_code":"85213","country":"US","city":"Mesa","state":"Arizona","state_ab":"AZ","county":"Maricopa","geo_location":{ "type": "Point", "coordinates": [-111.7731, 33.4367] }},
{"zip_code":"85226","country":"US","city":"Chandler","state":"Arizona","state_ab":"AZ","county":"Maricopa","geo_location":{ "type": "Point", "coordinates": [-111.9198, 33.3092] }},
{"zip_code":"85253","country":"US","city":"Paradise Valley","state":"Arizona","state_ab":"AZ","county":"Maricopa","geo_location":{ "type": "Point", "coordinates": [-111.9565, 33.5494] }},
{"zip_code":"85266","country":"US","city":"Scottsdale","state":"Arizona","state_ab":"AZ","county":"Maricopa","geo_location":{ "type": "Point", "coordinates": [-111.9182, 33.7669] }},
{"zip_code":"85280","country":"US","city":"Tempe","state":"Arizona","state_ab":"AZ","county":"Maricopa","geo_location":{ "type": "Point", "coordinates": [-111.9313, 33.4014] }},
{"zip_code":"85303","country":"US","city":"Glendale","state":"Arizona","state_ab":"AZ","county":"Maricopa","geo_location":{ "type": "Point", "coordinates": [-112.2149, 33.5262] }},
{"zip_code":"85329","country":"US","city":"Cashion","state":"Arizona","state_ab":"AZ","county":"Maricopa","geo_location":{ "type": "Point", "coordinates": [-112.1872, 33.2765] }},
{"zip_code":"85343","country":"US","city":"Palo Verde","state":"Arizona","state_ab":"AZ","county":"Maricopa","geo_location":{ "type": "Point", "coordinates": [-112.1872, 33.2765] }},
{"zip_code":"85383","country":"US","city":"Peoria","state":"Arizona","state_ab":"AZ","county":"Maricopa","geo_location":{ "type": "Point", "coordinates": [-112.238, 33.7169] }},
{"zip_code":"85396","country":"US","city":"Buckeye","state":"Arizona","state_ab":"AZ","county":"Maricopa County","geo_location":{ "type": "Point", "coordinates": [-112.4787, 33.468] }},
{"zip_code":"86409","country":"US","city":"Kingman","state":"Arizona","state_ab":"AZ","county":"Mohave County","geo_location":{ "type": "Point", "coordinates": [-114.0223, 35.2633] }},
{"zip_code":"86436","country":"US","city":"Topock","state":"Arizona","state_ab":"AZ","county":"Mohave","geo_location":{ "type": "Point", "coordinates": [-114.4817, 34.7784] }},
{"zip_code":"85923","country":"US","city":"Clay Springs","state":"Arizona","state_ab":"AZ","county":"Navajo","geo_location":{ "type": "Point", "coordinates": [-110.2887, 35.2857] }},
{"zip_code":"85639","country":"US","city":"Topawa","state":"Arizona","state_ab":"AZ","county":"Pima","geo_location":{ "type": "Point", "coordinates": [-111.8907, 31.9701] }},
{"zip_code":"85653","country":"US","city":"Marana","state":"Arizona","state_ab":"AZ","county":"Pima","geo_location":{ "type": "Point", "coordinates": [-111.2736, 32.4047] }},
{"zip_code":"85703","country":"US","city":"Tucson","state":"Arizona","state_ab":"AZ","county":"Pima","geo_location":{ "type": "Point", "coordinates": [-111.8907, 31.9701] }},
{"zip_code":"85716","country":"US","city":"Tucson","state":"Arizona","state_ab":"AZ","county":"Pima","geo_location":{ "type": "Point", "coordinates": [-110.9222, 32.2468] }},
{"zip_code":"85730","country":"US","city":"Tucson","state":"Arizona","state_ab":"AZ","county":"Pima","geo_location":{ "type": "Point", "coordinates": [-110.819, 32.181] }},
{"zip_code":"85743","country":"US","city":"Tucson","state":"Arizona","state_ab":"AZ","county":"Pima","geo_location":{ "type": "Point", "coordinates": [-111.1771, 32.3366] }},
{"zip_code":"85756","country":"US","city":"Tucson","state":"Arizona","state_ab":"AZ","county":"Pima","geo_location":{ "type": "Point", "coordinates": [-110.9004, 32.0839] }},
{"zip_code":"85123","country":"US","city":"Arizona City","state":"Arizona","state_ab":"AZ","county":"Pinal","geo_location":{ "type": "Point", "coordinates": [-111.6033, 32.7452] }},
{"zip_code":"85640","country":"US","city":"Tumacacori","state":"Arizona","state_ab":"AZ","county":"Santa Cruz","geo_location":{ "type": "Point", "coordinates": [-111.0513, 31.6162] }},
{"zip_code":"86320","country":"US","city":"Ash Fork","state":"Arizona","state_ab":"AZ","county":"Yavapai","geo_location":{ "type": "Point", "coordinates": [-112.5027, 35.215] }},
{"zip_code":"86333","country":"US","city":"Mayer","state":"Arizona","state_ab":"AZ","county":"Yavapai","geo_location":{ "type": "Point", "coordinates": [-112.1296, 34.3655] }},
{"zip_code":"85356","country":"US","city":"Wellton","state":"Arizona","state_ab":"AZ","county":"Yuma","geo_location":{ "type": "Point", "coordinates": [-114.1561, 32.6935] }},
{"zip_code":"85369","country":"US","city":"Yuma","state":"Arizona","state_ab":"AZ","county":"Yuma","geo_location":{ "type": "Point", "coordinates": [-114.0749, 32.7516] }},
{"zip_code":"94536","country":"US","city":"Fremont","state":"California","state_ab":"CA","county":"Alameda","geo_location":{ "type": "Point", "coordinates": [-121.9999, 37.5605] }},
{"zip_code":"94550","country":"US","city":"Livermore","state":"California","state_ab":"CA","county":"Alameda","geo_location":{ "type": "Point", "coordinates": [-121.763, 37.683] }},
{"zip_code":"94613","country":"US","city":"Oakland","state":"California","state_ab":"CA","county":"Alameda","geo_location":{ "type": "Point", "coordinates": [-122.1866, 37.7811] }},
{"zip_code":"94626","country":"US","city":"Oakland","state":"California","state_ab":"CA","county":"Alameda","geo_location":{ "type": "Point", "coordinates": [-122.3031, 37.8193] }},
{"zip_code":"94666","country":"US","city":"Oakland","state":"California","state_ab":"CA","county":"Alameda","geo_location":{ "type": "Point", "coordinates": [-121.9215, 37.6802] }},
{"zip_code":"94703","country":"US","city":"Berkeley","state":"California","state_ab":"CA","county":"Alameda","geo_location":{ "type": "Point", "coordinates": [-122.2749, 37.863] }},
{"zip_code":"95629","country":"US","city":"Fiddletown","state":"California","state_ab":"CA","county":"Amador","geo_location":{ "type": "Point", "coordinates": [-120.6763, 38.5234] }},
{"zip_code":"95669","country":"US","city":"Plymouth","state":"California","state_ab":"CA","county":"Amador","geo_location":{ "type": "Point", "coordinates": [-120.8819, 38.4916] }},
{"zip_code":"95926","country":"US","city":"Chico","state":"California","state_ab":"CA","county":"Butte","geo_location":{ "type": "Point", "coordinates": [-121.8444, 39.7458] }},
{"zip_code":"95940","country":"US","city":"Feather Falls","state":"California","state_ab":"CA","county":"Butte","geo_location":{ "type": "Point", "coordinates": [-121.2669, 39.622] }},
{"zip_code":"95966","country":"US","city":"Oroville","state":"California","state_ab":"CA","county":"Butte","geo_location":{ "type": "Point", "coordinates": [-121.4698, 39.4877] }},
{"zip_code":"95229","country":"US","city":"Douglas Flat","state":"California","state_ab":"CA","county":"Calaveras","geo_location":{ "type": "Point", "coordinates": [-120.4538, 38.1144] }},
{"zip_code":"95979","country":"US","city":"Stonyford","state":"California","state_ab":"CA","county":"Colusa","geo_location":{ "type": "Point", "coordinates": [-122.5393, 39.3176] }},
{"zip_code":"94509","country":"US","city":"Antioch","state":"California","state_ab":"CA","county":"Contra Costa","geo_location":{ "type": "Point", "coordinates": [-121.8089, 37.9939] }},
{"zip_code":"94523","country":"US","city":"Pleasant Hill","state":"California","state_ab":"CA","county":"Contra Costa","geo_location":{ "type": "Point", "coordinates": [-122.0737, 37.954] }},
{"zip_code":"94549","country":"US","city":"Lafayette","state":"California","state_ab":"CA","county":"Contra Costa","geo_location":{ "type": "Point", "coordinates": [-122.1119, 37.8961] }},
{"zip_code":"94563","country":"US","city":"Orinda","state":"California","state_ab":"CA","county":"Contra Costa","geo_location":{ "type": "Point", "coordinates": [-122.1728, 37.8787] }},
{"zip_code":"94806","country":"US","city":"San Pablo","state":"California","state_ab":"CA","county":"Contra Costa","geo_location":{ "type": "Point", "coordinates": [-122.3369, 37.9724] }},
{"zip_code":"94820","country":"US","city":"El Sobrante","state":"California","state_ab":"CA","county":"Contra Costa","geo_location":{ "type": "Point", "coordinates": [-121.9554, 37.7772] }},
{"zip_code":"95643","country":"US","city":"Kelsey","state":"California","state_ab":"CA","county":"El Dorado County","geo_location":{ "type": "Point", "coordinates": [-120.8176, 38.7996] }},
{"zip_code":"95656","country":"US","city":"Mount Aukum","state":"California","state_ab":"CA","county":"El Dorado","geo_location":{ "type": "Point", "coordinates": [-120.7304, 38.55] }},
{"zip_code":"95720","country":"US","city":"Kyburz","state":"California","state_ab":"CA","county":"El Dorado","geo_location":{ "type": "Point", "coordinates": [-120.2569, 38.7825] }},
{"zip_code":"96156","country":"US","city":"South Lake Tahoe","state":"California","state_ab":"CA","county":"El Dorado","geo_location":{ "type": "Point", "coordinates": [-119.9676, 38.9352] }},
{"zip_code":"93210","country":"US","city":"Coalinga","state":"California","state_ab":"CA","county":"Fresno","geo_location":{ "type": "Point", "coordinates": [-120.3489, 36.1624] }},
{"zip_code":"93609","country":"US","city":"Caruthers","state":"California","state_ab":"CA","county":"Fresno","geo_location":{ "type": "Point", "coordinates": [-119.8446, 36.5358] }},
{"zip_code":"93649","country":"US","city":"Piedra","state":"California","state_ab":"CA","county":"Fresno","geo_location":{ "type": "Point", "coordinates": [-119.3496, 36.8417] }},
{"zip_code":"93650","country":"US","city":"Fresno","state":"California","state_ab":"CA","county":"Fresno","geo_location":{ "type": "Point", "coordinates": [-119.801, 36.8411] }},
{"zip_code":"93726","country":"US","city":"Fresno","state":"California","state_ab":"CA","county":"Fresno","geo_location":{ "type": "Point", "coordinates": [-119.7604, 36.7949] }},
{"zip_code":"93740","country":"US","city":"Fresno","state":"California","state_ab":"CA","county":"Fresno","geo_location":{ "type": "Point", "coordinates": [-119.6397, 36.7464] }},
{"zip_code":"93779","country":"US","city":"Fresno","state":"California","state_ab":"CA","county":"Fresno","geo_location":{ "type": "Point", "coordinates": [-119.6397, 36.7464] }},
{"zip_code":"93780","country":"US","city":"Fresno","state":"California","state_ab":"CA","county":"Fresno","geo_location":{ "type": "Point", "coordinates": [-119.6397, 36.7464] }},
{"zip_code":"93793","country":"US","city":"Fresno","state":"California","state_ab":"CA","county":"Fresno","geo_location":{ "type": "Point", "coordinates": [-119.6397, 36.7464] }},
{"zip_code":"95913","country":"US","city":"Artois","state":"California","state_ab":"CA","county":"Glenn","geo_location":{ "type": "Point", "coordinates": [-122.1927, 39.6197] }},
{"zip_code":"95939","country":"US","city":"Elk Creek","state":"California","state_ab":"CA","county":"Glenn","geo_location":{ "type": "Point", "coordinates": [-122.6124, 39.5306] }},
{"zip_code":"95526","country":"US","city":"Bridgeville","state":"California","state_ab":"CA","county":"Humboldt","geo_location":{ "type": "Point", "coordinates": [-123.5794, 40.4298] }},
{"zip_code":"95540","country":"US","city":"Fortuna","state":"California","state_ab":"CA","county":"Humboldt","geo_location":{ "type": "Point", "coordinates": [-124.1473, 40.5835] }},
{"zip_code":"95553","country":"US","city":"Miranda","state":"California","state_ab":"CA","county":"Humboldt","geo_location":{ "type": "Point", "coordinates": [-123.8077, 40.2397] }},
{"zip_code":"92233","country":"US","city":"Calipatria","state":"California","state_ab":"CA","county":"Imperial","geo_location":{ "type": "Point", "coordinates": [-115.5114, 33.167] }},
{"zip_code":"92259","country":"US","city":"Ocotillo","state":"California","state_ab":"CA","county":"Imperial","geo_location":{ "type": "Point", "coordinates": [-115.8234, 32.981] }},
{"zip_code":"92273","country":"US","city":"Seeley","state":"California","state_ab":"CA","county":"Imperial","geo_location":{ "type": "Point", "coordinates": [-115.6948, 32.7941] }},
{"zip_code":"92389","country":"US","city":"Tecopa","state":"California","state_ab":"CA","county":"Inyo","geo_location":{ "type": "Point", "coordinates": [-116.1544, 35.9021] }},
{"zip_code":"93249","country":"US","city":"Lost Hills","state":"California","state_ab":"CA","county":"Kern","geo_location":{ "type": "Point", "coordinates": [-119.7216, 35.6131] }},
{"zip_code":"93250","country":"US","city":"Mc Farland","state":"California","state_ab":"CA","county":"Kern","geo_location":{ "type": "Point", "coordinates": [-119.2272, 35.6758] }},
{"zip_code":"93263","country":"US","city":"Shafter","state":"California","state_ab":"CA","county":"Kern","geo_location":{ "type": "Point", "coordinates": [-119.2801, 35.497] }},
{"zip_code":"93276","country":"US","city":"Tupman","state":"California","state_ab":"CA","county":"Kern","geo_location":{ "type": "Point", "coordinates": [-119.3584, 35.2992] }},
{"zip_code":"93313","country":"US","city":"Bakersfield","state":"California","state_ab":"CA","county":"Kern","geo_location":{ "type": "Point", "coordinates": [-119.0509, 35.2974] }},
{"zip_code":"93380","country":"US","city":"Bakersfield","state":"California","state_ab":"CA","county":"Kern","geo_location":{ "type": "Point", "coordinates": [-118.9052, 35.2944] }},
{"zip_code":"93519","country":"US","city":"Cantil","state":"California","state_ab":"CA","county":"Kern","geo_location":{ "type": "Point", "coordinates": [-118.035, 35.1774] }},
{"zip_code":"93560","country":"US","city":"Rosamond","state":"California","state_ab":"CA","county":"Kern","geo_location":{ "type": "Point", "coordinates": [-118.3409, 34.8664] }},
{"zip_code":"95423","country":"US","city":"Clearlake Oaks","state":"California","state_ab":"CA","county":"Lake","geo_location":{ "type": "Point", "coordinates": [-122.6558, 39.0664] }},
{"zip_code":"96053","country":"US","city":"Mcarthur","state":"California","state_ab":"CA","county":"Lassen","geo_location":{ "type": "Point", "coordinates": [-120.6641, 40.4461] }},
{"zip_code":"96130","country":"US","city":"Susanville","state":"California","state_ab":"CA","county":"Lassen","geo_location":{ "type": "Point", "coordinates": [-120.6464, 40.3983] }},
{"zip_code":"90006","country":"US","city":"Los Angeles","state":"California","state_ab":"CA","county":"Los Angeles","geo_location":{ "type": "Point", "coordinates": [-118.2917, 34.0493] }},
{"zip_code":"90019","country":"US","city":"Los Angeles","state":"California","state_ab":"CA","county":"Los Angeles","geo_location":{ "type": "Point", "coordinates": [-118.3343, 34.0482] }},
{"zip_code":"90020","country":"US","city":"Los Angeles","state":"California","state_ab":"CA","county":"Los Angeles","geo_location":{ "type": "Point", "coordinates": [-118.3022, 34.0665] }},
{"zip_code":"28089","country":"US","city":"Lattimore","state":"North Carolina","state_ab":"NC","county":"Cleveland","geo_location":{ "type": "Point", "coordinates": [-81.6617, 35.3087] }},
{"zip_code":"28090","country":"US","city":"Lawndale","state":"North Carolina","state_ab":"NC","county":"Cleveland","geo_location":{ "type": "Point", "coordinates": [-81.5336, 35.4449] }},
{"zip_code":"28423","country":"US","city":"Bolton","state":"North Carolina","state_ab":"NC","county":"Columbus","geo_location":{ "type": "Point", "coordinates": [-78.3372, 34.3091] }},
{"zip_code":"28436","country":"US","city":"Delco","state":"North Carolina","state_ab":"NC","county":"Columbus","geo_location":{ "type": "Point", "coordinates": [-78.2607, 34.2838] }},
{"zip_code":"28450","country":"US","city":"Lake Waccamaw","state":"North Carolina","state_ab":"NC","county":"Columbus","geo_location":{ "type": "Point", "coordinates": [-78.5102, 34.3394] }},
{"zip_code":"28463","country":"US","city":"Tabor City","state":"North Carolina","state_ab":"NC","county":"Columbus","geo_location":{ "type": "Point", "coordinates": [-78.8232, 34.1233] }},
{"zip_code":"28526","country":"US","city":"Dover","state":"North Carolina","state_ab":"NC","county":"Craven","geo_location":{ "type": "Point", "coordinates": [-77.3646, 35.2554] }},
{"zip_code":"28306","country":"US","city":"Fayetteville","state":"North Carolina","state_ab":"NC","county":"Cumberland","geo_location":{ "type": "Point", "coordinates": [-78.9364, 35.0019] }},
{"zip_code":"27923","country":"US","city":"Coinjock","state":"North Carolina","state_ab":"NC","county":"Currituck","geo_location":{ "type": "Point", "coordinates": [-75.934, 36.3751] }},
{"zip_code":"27950","country":"US","city":"Knotts Island","state":"North Carolina","state_ab":"NC","county":"Currituck","geo_location":{ "type": "Point", "coordinates": [-75.9702, 36.5232] }},
{"zip_code":"27936","country":"US","city":"Frisco","state":"North Carolina","state_ab":"NC","county":"Dare","geo_location":{ "type": "Point", "coordinates": [-75.6145, 35.2338] }},
{"zip_code":"27949","country":"US","city":"Kitty Hawk","state":"North Carolina","state_ab":"NC","county":"Dare","geo_location":{ "type": "Point", "coordinates": [-75.6966, 36.0837] }},
{"zip_code":"27239","country":"US","city":"Denton","state":"North Carolina","state_ab":"NC","county":"Davidson","geo_location":{ "type": "Point", "coordinates": [-80.0959, 35.6196] }},
{"zip_code":"27293","country":"US","city":"Lexington","state":"North Carolina","state_ab":"NC","county":"Davidson","geo_location":{ "type": "Point", "coordinates": [-80.276, 35.8829] }},
{"zip_code":"27006","country":"US","city":"Advance","state":"North Carolina","state_ab":"NC","county":"Davie","geo_location":{ "type": "Point", "coordinates": [-80.4463, 36.0065] }},
{"zip_code":"27703","country":"US","city":"Durham","state":"North Carolina","state_ab":"NC","county":"Durham","geo_location":{ "type": "Point", "coordinates": [-78.8439, 35.9781] }},
{"zip_code":"27819","country":"US","city":"Conetoe","state":"North Carolina","state_ab":"NC","county":"Edgecombe","geo_location":{ "type": "Point", "coordinates": [-77.4533, 35.8178] }},
{"zip_code":"27886","country":"US","city":"Tarboro","state":"North Carolina","state_ab":"NC","county":"Edgecombe","geo_location":{ "type": "Point", "coordinates": [-77.5421, 35.8983] }},
{"zip_code":"27099","country":"US","city":"Rural Hall","state":"North Carolina","state_ab":"NC","county":"Forsyth","geo_location":{ "type": "Point", "coordinates": [-80.2073, 36.0275] }},
{"zip_code":"27109","country":"US","city":"Winston Salem","state":"North Carolina","state_ab":"NC","county":"Forsyth","geo_location":{ "type": "Point", "coordinates": [-80.2073, 36.0275] }},
{"zip_code":"27110","country":"US","city":"Winston Salem","state":"North Carolina","state_ab":"NC","county":"Forsyth","geo_location":{ "type": "Point", "coordinates": [-80.2073, 36.0275] }},
{"zip_code":"27150","country":"US","city":"Winston Salem","state":"North Carolina","state_ab":"NC","county":"Forsyth","geo_location":{ "type": "Point", "coordinates": [-80.2073, 36.0275] }},
{"zip_code":"27549","country":"US","city":"Louisburg","state":"North Carolina","state_ab":"NC","county":"Franklin","geo_location":{ "type": "Point", "coordinates": [-78.2586, 36.0578] }},
{"zip_code":"28733","country":"US","city":"Fontana Dam","state":"North Carolina","state_ab":"NC","county":"Graham","geo_location":{ "type": "Point", "coordinates": [-83.7795, 35.4231] }},
{"zip_code":"27509","country":"US","city":"Butner","state":"North Carolina","state_ab":"NC","county":"Granville","geo_location":{ "type": "Point", "coordinates": [-78.7636, 36.1359] }},
{"zip_code":"28580","country":"US","city":"Snow Hill","state":"North Carolina","state_ab":"NC","county":"Greene","geo_location":{ "type": "Point", "coordinates": [-77.6956, 35.4438] }},
{"zip_code":"27406","country":"US","city":"Greensboro","state":"North Carolina","state_ab":"NC","county":"Guilford","geo_location":{ "type": "Point", "coordinates": [-79.7821, 36.022] }},
{"zip_code":"27419","country":"US","city":"Greensboro","state":"North Carolina","state_ab":"NC","county":"Guilford","geo_location":{ "type": "Point", "coordinates": [-80.0244, 36.0807] }},
{"zip_code":"27420","country":"US","city":"Greensboro","state":"North Carolina","state_ab":"NC","county":"Guilford","geo_location":{ "type": "Point", "coordinates": [-79.7759, 36.113] }},
{"zip_code":"27499","country":"US","city":"Greensboro","state":"North Carolina","state_ab":"NC","county":"Guilford","geo_location":{ "type": "Point", "coordinates": [-80.0244, 36.0807] }},
{"zip_code":"27859","country":"US","city":"Palmyra","state":"North Carolina","state_ab":"NC","county":"Halifax","geo_location":{ "type": "Point", "coordinates": [-77.3645, 36.0649] }},
{"zip_code":"28786","country":"US","city":"Waynesville","state":"North Carolina","state_ab":"NC","county":"Haywood","geo_location":{ "type": "Point", "coordinates": [-82.9913, 35.5018] }},
{"zip_code":"28760","country":"US","city":"Naples","state":"North Carolina","state_ab":"NC","county":"Henderson","geo_location":{ "type": "Point", "coordinates": [-82.4813, 35.3817] }},
{"zip_code":"27910","country":"US","city":"Ahoskie","state":"North Carolina","state_ab":"NC","county":"Hertford","geo_location":{ "type": "Point", "coordinates": [-76.9966, 36.2957] }},
{"zip_code":"28010","country":"US","city":"Barium Springs","state":"North Carolina","state_ab":"NC","county":"Iredell","geo_location":{ "type": "Point", "coordinates": [-80.8991, 35.7192] }},
{"zip_code":"28166","country":"US","city":"Troutman","state":"North Carolina","state_ab":"NC","county":"Iredell","geo_location":{ "type": "Point", "coordinates": [-80.8822, 35.6863] }},
{"zip_code":"27576","country":"US","city":"Selma","state":"North Carolina","state_ab":"NC","county":"Johnston","geo_location":{ "type": "Point", "coordinates": [-78.264, 35.5565] }},
{"zip_code":"27330","country":"US","city":"Sanford","state":"North Carolina","state_ab":"NC","county":"Lee","geo_location":{ "type": "Point", "coordinates": [-79.1717, 35.4698] }},
{"zip_code":"27846","country":"US","city":"Jamesville","state":"North Carolina","state_ab":"NC","county":"Martin","geo_location":{ "type": "Point", "coordinates": [-76.8983, 35.7839] }},
{"zip_code":"28036","country":"US","city":"Davidson","state":"North Carolina","state_ab":"NC","county":"Mecklenburg","geo_location":{ "type": "Point", "coordinates": [-80.794, 35.4858] }},
{"zip_code":"28126","country":"US","city":"Newell","state":"North Carolina","state_ab":"NC","county":"Mecklenburg","geo_location":{ "type": "Point", "coordinates": [-80.7165, 35.2768] }},
{"zip_code":"28203","country":"US","city":"Charlotte","state":"North Carolina","state_ab":"NC","county":"Mecklenburg","geo_location":{ "type": "Point", "coordinates": [-80.8583, 35.2081] }},
{"zip_code":"28216","country":"US","city":"Charlotte","state":"North Carolina","state_ab":"NC","county":"Mecklenburg","geo_location":{ "type": "Point", "coordinates": [-80.8702, 35.2834] }},
{"zip_code":"28229","country":"US","city":"Charlotte","state":"North Carolina","state_ab":"NC","county":"Mecklenburg","geo_location":{ "type": "Point", "coordinates": [-80.8042, 35.26] }},
{"zip_code":"28230","country":"US","city":"Charlotte","state":"North Carolina","state_ab":"NC","county":"Mecklenburg","geo_location":{ "type": "Point", "coordinates": [-80.8042, 35.26] }},
{"zip_code":"28243","country":"US","city":"Charlotte","state":"North Carolina","state_ab":"NC","county":"Mecklenburg","geo_location":{ "type": "Point", "coordinates": [-80.8042, 35.26] }},
{"zip_code":"28256","country":"US","city":"Charlotte","state":"North Carolina","state_ab":"NC","county":"Mecklenburg","geo_location":{ "type": "Point", "coordinates": [-80.8042, 35.26] }},
{"zip_code":"28269","country":"US","city":"Charlotte","state":"North Carolina","state_ab":"NC","county":"Mecklenburg","geo_location":{ "type": "Point", "coordinates": [-80.8209, 35.2886] }},
{"zip_code":"28270","country":"US","city":"Charlotte","state":"North Carolina","state_ab":"NC","county":"Mecklenburg","geo_location":{ "type": "Point", "coordinates": [-80.7669, 35.1355] }},
{"zip_code":"28283","country":"US","city":"Charlotte","state":"North Carolina","state_ab":"NC","county":"Mecklenburg","geo_location":{ "type": "Point", "coordinates": [-80.8042, 35.26] }},
{"zip_code":"28296","country":"US","city":"Charlotte","state":"North Carolina","state_ab":"NC","county":"Mecklenburg","geo_location":{ "type": "Point", "coordinates": [-80.8458, 35.2252] }},
{"zip_code":"27356","country":"US","city":"Star","state":"North Carolina","state_ab":"NC","county":"Montgomery","geo_location":{ "type": "Point", "coordinates": [-79.7826, 35.4211] }},
{"zip_code":"28373","country":"US","city":"Pinebluff","state":"North Carolina","state_ab":"NC","county":"Moore","geo_location":{ "type": "Point", "coordinates": [-79.4663, 35.1007] }},
{"zip_code":"28409","country":"US","city":"Wilmington","state":"North Carolina","state_ab":"NC","county":"New Hanover","geo_location":{ "type": "Point", "coordinates": [-77.8723, 34.1663] }},
{"zip_code":"28410","country":"US","city":"Wilmington","state":"North Carolina","state_ab":"NC","county":"New Hanover","geo_location":{ "type": "Point", "coordinates": [-77.8526, 34.0881] }},
{"zip_code":"28449","country":"US","city":"Kure Beach","state":"North Carolina","state_ab":"NC","county":"New Hanover","geo_location":{ "type": "Point", "coordinates": [-77.9099, 33.9927] }},
{"zip_code":"27820","country":"US","city":"Conway","state":"North Carolina","state_ab":"NC","county":"Northampton","geo_location":{ "type": "Point", "coordinates": [-77.2502, 36.4164] }},
{"zip_code":"28539","country":"US","city":"Hubert","state":"North Carolina","state_ab":"NC","county":"Onslow","geo_location":{ "type": "Point", "coordinates": [-77.2079, 34.6993] }},
{"zip_code":"28540","country":"US","city":"Jacksonville","state":"North Carolina","state_ab":"NC","county":"Onslow","geo_location":{ "type": "Point", "coordinates": [-77.4628, 34.7375] }},
{"zip_code":"27510","country":"US","city":"Carrboro","state":"North Carolina","state_ab":"NC","county":"Orange","geo_location":{ "type": "Point", "coordinates": [-79.0901, 35.9055] }},
{"zip_code":"27909","country":"US","city":"Elizabeth City","state":"North Carolina","state_ab":"NC","county":"Pasquotank","geo_location":{ "type": "Point", "coordinates": [-76.2445, 36.2951] }},
{"zip_code":"27343","country":"US","city":"Semora","state":"North Carolina","state_ab":"NC","county":"Person","geo_location":{ "type": "Point", "coordinates": [-79.0942, 36.5114] }},
{"zip_code":"27833","country":"US","city":"Greenville","state":"North Carolina","state_ab":"NC","county":"Pitt","geo_location":{ "type": "Point", "coordinates": [-77.3926, 35.5804] }},
{"zip_code":"28513","country":"US","city":"Ayden","state":"North Carolina","state_ab":"NC","county":"Pitt","geo_location":{ "type": "Point", "coordinates": [-77.4051, 35.4565] }},
{"zip_code":"28773","country":"US","city":"Saluda","state":"North Carolina","state_ab":"NC","county":"Polk","geo_location":{ "type": "Point", "coordinates": [-82.3306, 35.2383] }},
{"zip_code":"27316","country":"US","city":"Ramseur","state":"North Carolina","state_ab":"NC","county":"Randolph","geo_location":{ "type": "Point", "coordinates": [-79.6469, 35.7143] }},
{"zip_code":"27370","country":"US","city":"Trinity","state":"North Carolina","state_ab":"NC","county":"Randolph","geo_location":{ "type": "Point", "coordinates": [-79.9902, 35.8429] }},
{"zip_code":"28319","country":"US","city":"Barnesville","state":"North Carolina","state_ab":"NC","county":"Robeson","geo_location":{ "type": "Point", "coordinates": [-79.1971, 34.5954] }},
{"zip_code":"28359","country":"US","city":"Lumberton","state":"North Carolina","state_ab":"NC","county":"Robeson","geo_location":{ "type": "Point", "coordinates": [-79.0144, 34.6077] }},
{"zip_code":"28360","country":"US","city":"Lumberton","state":"North Carolina","state_ab":"NC","county":"Robeson","geo_location":{ "type": "Point", "coordinates": [-79.1084, 34.6697] }},
{"zip_code":"28386","country":"US","city":"Shannon","state":"North Carolina","state_ab":"NC","county":"Robeson","geo_location":{ "type": "Point", "coordinates": [-79.1806, 34.8988] }},
{"zip_code":"28023","country":"US","city":"China Grove","state":"North Carolina","state_ab":"NC","county":"Rowan","geo_location":{ "type": "Point", "coordinates": [-80.59, 35.5669] }},
{"zip_code":"28076","country":"US","city":"Henrietta","state":"North Carolina","state_ab":"NC","county":"Rutherford","geo_location":{ "type": "Point", "coordinates": [-81.795, 35.2266] }},
{"zip_code":"28139","country":"US","city":"Rutherfordton","state":"North Carolina","state_ab":"NC","county":"Rutherford","geo_location":{ "type": "Point", "coordinates": [-81.9781, 35.3706] }},
{"zip_code":"28720","country":"US","city":"Chimney Rock","state":"North Carolina","state_ab":"NC","county":"Rutherford","geo_location":{ "type": "Point", "coordinates": [-82.2417, 35.4369] }},
{"zip_code":"28746","country":"US","city":"Lake Lure","state":"North Carolina","state_ab":"NC","county":"Rutherford","geo_location":{ "type": "Point", "coordinates": [-82.1752, 35.4464] }},
{"zip_code":"28009","country":"US","city":"Badin","state":"North Carolina","state_ab":"NC","county":"Stanly","geo_location":{ "type": "Point", "coordinates": [-80.1594, 35.4157] }},
{"zip_code":"27019","country":"US","city":"Germanton","state":"North Carolina","state_ab":"NC","county":"Stokes","geo_location":{ "type": "Point", "coordinates": [-80.2254, 36.2725] }},
{"zip_code":"27046","country":"US","city":"Sandy Ridge","state":"North Carolina","state_ab":"NC","county":"Stokes","geo_location":{ "type": "Point", "coordinates": [-80.0859, 36.49] }},
{"zip_code":"28719","country":"US","city":"Cherokee","state":"North Carolina","state_ab":"NC","county":"Swain","geo_location":{ "type": "Point", "coordinates": [-83.3144, 35.5094] }},
{"zip_code":"27536","country":"US","city":"Henderson","state":"North Carolina","state_ab":"NC","county":"Vance","geo_location":{ "type": "Point", "coordinates": [-78.3981, 36.3301] }},
{"zip_code":"27523","country":"US","city":"Apex","state":"North Carolina","state_ab":"NC","county":"Wake","geo_location":{ "type": "Point", "coordinates": [-78.8408, 35.7225] }},
{"zip_code":"27613","country":"US","city":"Raleigh","state":"North Carolina","state_ab":"NC","county":"Wake","geo_location":{ "type": "Point", "coordinates": [-78.7051, 35.8949] }},
{"zip_code":"27626","country":"US","city":"Raleigh","state":"North Carolina","state_ab":"NC","county":"Wake","geo_location":{ "type": "Point", "coordinates": [-78.6253, 35.7977] }},
{"zip_code":"27640","country":"US","city":"Raleigh","state":"North Carolina","state_ab":"NC","county":"Wake","geo_location":{ "type": "Point", "coordinates": [-78.6253, 35.7977] }},
{"zip_code":"27563","country":"US","city":"Norlina","state":"North Carolina","state_ab":"NC","county":"Warren","geo_location":{ "type": "Point", "coordinates": [-78.1895, 36.4754] }},
{"zip_code":"27589","country":"US","city":"Warrenton","state":"North Carolina","state_ab":"NC","county":"Warren","geo_location":{ "type": "Point", "coordinates": [-78.1594, 36.3539] }},
{"zip_code":"28333","country":"US","city":"Dudley","state":"North Carolina","state_ab":"NC","county":"Wayne","geo_location":{ "type": "Point", "coordinates": [-78.0273, 35.2926] }},
{"zip_code":"28656","country":"US","city":"North Wilkesboro","state":"North Carolina","state_ab":"NC","county":"Wilkes","geo_location":{ "type": "Point", "coordinates": [-81.046, 36.2384] }},
{"zip_code":"28669","country":"US","city":"Roaring River","state":"North Carolina","state_ab":"NC","county":"Wilkes","geo_location":{ "type": "Point", "coordinates": [-81.0004, 36.1916] }},
{"zip_code":"28670","country":"US","city":"Ronda","state":"North Carolina","state_ab":"NC","county":"Wilkes","geo_location":{ "type": "Point", "coordinates": [-80.927, 36.2059] }},
{"zip_code":"28683","country":"US","city":"Thurmond","state":"North Carolina","state_ab":"NC","county":"Wilkes","geo_location":{ "type": "Point", "coordinates": [-80.9317, 36.3562] }},
{"zip_code":"28696","country":"US","city":"Millers Creek","state":"North Carolina","state_ab":"NC","county":"Wilkes County","geo_location":{ "type": "Point", "coordinates": [-81.2982, 36.2443] }},
{"zip_code":"27873","country":"US","city":"Saratoga","state":"North Carolina","state_ab":"NC","county":"Wilson","geo_location":{ "type": "Point", "coordinates": [-77.7918, 35.6495] }},
{"zip_code":"27020","country":"US","city":"Hamptonville","state":"North Carolina","state_ab":"NC","county":"Yadkin","geo_location":{ "type": "Point", "coordinates": [-80.8137, 36.1242] }},
{"zip_code":"58639","country":"US","city":"Hettinger","state":"North Dakota","state_ab":"ND","county":"Adams","geo_location":{ "type": "Point", "coordinates": [-102.7851, 46.0578] }},
{"zip_code":"58343","country":"US","city":"Knox","state":"North Dakota","state_ab":"ND","county":"Benson","geo_location":{ "type": "Point", "coordinates": [-99.6713, 48.3388] }},
{"zip_code":"58370","country":"US","city":"Saint Michael","state":"North Dakota","state_ab":"ND","county":"Benson","geo_location":{ "type": "Point", "coordinates": [-98.9181, 47.9774] }},
{"zip_code":"58783","country":"US","city":"Souris","state":"North Dakota","state_ab":"ND","county":"Bottineau","geo_location":{ "type": "Point", "coordinates": [-100.7359, 48.8738] }},
{"zip_code":"58653","country":"US","city":"Scranton","state":"North Dakota","state_ab":"ND","county":"Bowman","geo_location":{ "type": "Point", "coordinates": [-103.1354, 46.0916] }},
{"zip_code":"58006","country":"US","city":"Arthur","state":"North Dakota","state_ab":"ND","county":"Cass","geo_location":{ "type": "Point", "coordinates": [-97.2097, 47.1048] }},
{"zip_code":"58059","country":"US","city":"Mapleton","state":"North Dakota","state_ab":"ND","county":"Cass","geo_location":{ "type": "Point", "coordinates": [-97.1157, 46.8614] }},
{"zip_code":"58109","country":"US","city":"Fargo","state":"North Dakota","state_ab":"ND","county":"Cass","geo_location":{ "type": "Point", "coordinates": [-96.8148, 46.8235] }},
{"zip_code":"58123","country":"US","city":"Fargo","state":"North Dakota","state_ab":"ND","county":"Cass","geo_location":{ "type": "Point", "coordinates": [-97.2297, 46.9346] }},
{"zip_code":"58239","country":"US","city":"Hannah","state":"North Dakota","state_ab":"ND","county":"Cavalier","geo_location":{ "type": "Point", "coordinates": [-98.7237, 48.9594] }},
{"zip_code":"58730","country":"US","city":"Crosby","state":"North Dakota","state_ab":"ND","county":"Divide","geo_location":{ "type": "Point", "coordinates": [-103.274, 48.8836] }},
{"zip_code":"58833","country":"US","city":"Ambrose","state":"North Dakota","state_ab":"ND","county":"Divide","geo_location":{ "type": "Point", "coordinates": [-103.4673, 48.8165] }},
{"zip_code":"58626","country":"US","city":"Dunn Center","state":"North Dakota","state_ab":"ND","county":"Dunn","geo_location":{ "type": "Point", "coordinates": [-102.5892, 47.3453] }},
{"zip_code":"58640","country":"US","city":"Killdeer","state":"North Dakota","state_ab":"ND","county":"Dunn","geo_location":{ "type": "Point", "coordinates": [-102.7762, 47.4109] }},
{"zip_code":"58356","country":"US","city":"New Rockford","state":"North Dakota","state_ab":"ND","county":"Eddy","geo_location":{ "type": "Point", "coordinates": [-98.8987, 47.7174] }},
{"zip_code":"58549","country":"US","city":"Kintyre","state":"North Dakota","state_ab":"ND","county":"Emmons","geo_location":{ "type": "Point", "coordinates": [-99.9705, 46.5736] }},
{"zip_code":"58266","country":"US","city":"Niagara","state":"North Dakota","state_ab":"ND","county":"Grand Forks","geo_location":{ "type": "Point", "coordinates": [-97.8334, 47.9848] }},
{"zip_code":"58433","country":"US","city":"Edgeley","state":"North Dakota","state_ab":"ND","county":"LaMoure","geo_location":{ "type": "Point", "coordinates": [-98.7131, 46.412] }},
{"zip_code":"58460","country":"US","city":"Lehr","state":"North Dakota","state_ab":"ND","county":"McIntosh","geo_location":{ "type": "Point", "coordinates": [-99.3491, 46.2586] }},
{"zip_code":"58576","country":"US","city":"Underwood","state":"North Dakota","state_ab":"ND","county":"McLean","geo_location":{ "type": "Point", "coordinates": [-101.1898, 47.4602] }},
{"zip_code":"58716","country":"US","city":"Benedict","state":"North Dakota","state_ab":"ND","county":"McLean","geo_location":{ "type": "Point", "coordinates": [-101.0579, 47.7865] }},
{"zip_code":"58523","country":"US","city":"Beulah","state":"North Dakota","state_ab":"ND","county":"Mercer","geo_location":{ "type": "Point", "coordinates": [-101.8075, 47.2707] }},
{"zip_code":"58563","country":"US","city":"New Salem","state":"North Dakota","state_ab":"ND","county":"Morton","geo_location":{ "type": "Point", "coordinates": [-101.4291, 46.806] }},
{"zip_code":"58769","country":"US","city":"Palermo","state":"North Dakota","state_ab":"ND","county":"Mountrail","geo_location":{ "type": "Point", "coordinates": [-102.24, 48.3396] }},
{"zip_code":"58770","country":"US","city":"Parshall","state":"North Dakota","state_ab":"ND","county":"Mountrail","geo_location":{ "type": "Point", "coordinates": [-102.1427, 47.956] }},
{"zip_code":"58330","country":"US","city":"Edmore","state":"North Dakota","state_ab":"ND","county":"Ramsey","geo_location":{ "type": "Point", "coordinates": [-98.4458, 48.4308] }},
{"zip_code":"58033","country":"US","city":"Fort Ransom","state":"North Dakota","state_ab":"ND","county":"Ransom","geo_location":{ "type": "Point", "coordinates": [-97.9091, 46.4494] }},
{"zip_code":"58316","country":"US","city":"Belcourt","state":"North Dakota","state_ab":"ND","county":"Rolette","geo_location":{ "type": "Point", "coordinates": [-99.7688, 48.8379] }},
{"zip_code":"58329","country":"US","city":"Dunseith","state":"North Dakota","state_ab":"ND","county":"Rolette","geo_location":{ "type": "Point", "coordinates": [-100.0241, 48.8561] }},
{"zip_code":"58369","country":"US","city":"Saint John","state":"North Dakota","state_ab":"ND","county":"Rolette","geo_location":{ "type": "Point", "coordinates": [-99.7648, 48.9366] }},
{"zip_code":"58060","country":"US","city":"Milnor","state":"North Dakota","state_ab":"ND","county":"Sargent","geo_location":{ "type": "Point", "coordinates": [-97.4772, 46.2007] }},
{"zip_code":"58046","country":"US","city":"Hope","state":"North Dakota","state_ab":"ND","county":"Steele","geo_location":{ "type": "Point", "coordinates": [-97.7134, 47.3237] }},
{"zip_code":"58420","country":"US","city":"Buchanan","state":"North Dakota","state_ab":"ND","county":"Stutsman","geo_location":{ "type": "Point", "coordinates": [-98.9007, 47.0051] }},
{"zip_code":"58240","country":"US","city":"Hatton","state":"North Dakota","state_ab":"ND","county":"Traill","geo_location":{ "type": "Point", "coordinates": [-97.4325, 47.638] }},
{"zip_code":"58213","country":"US","city":"Ardoch","state":"North Dakota","state_ab":"ND","county":"Walsh","geo_location":{ "type": "Point", "coordinates": [-97.2535, 48.2269] }},
{"zip_code":"58703","country":"US","city":"Minot","state":"North Dakota","state_ab":"ND","county":"Ward","geo_location":{ "type": "Point", "coordinates": [-101.3156, 48.3306] }},
{"zip_code":"58756","country":"US","city":"Makoti","state":"North Dakota","state_ab":"ND","county":"Ward","geo_location":{ "type": "Point", "coordinates": [-101.8149, 47.9853] }},
{"zip_code":"58486","country":"US","city":"Sykeston","state":"North Dakota","state_ab":"ND","county":"Wells","geo_location":{ "type": "Point", "coordinates": [-99.3975, 47.4369] }},
{"zip_code":"68720","country":"US","city":"Brunswick","state":"Nebraska","state_ab":"NE","county":"Antelope","geo_location":{ "type": "Point", "coordinates": [-98.0123, 42.3459] }},
{"zip_code":"68773","country":"US","city":"Royal","state":"Nebraska","state_ab":"NE","county":"Antelope","geo_location":{ "type": "Point", "coordinates": [-98.1235, 42.3648] }},
{"zip_code":"68719","country":"US","city":"Bristow","state":"Nebraska","state_ab":"NE","county":"Boyd","geo_location":{ "type": "Point", "coordinates": [-98.5721, 42.9484] }},
{"zip_code":"68746","country":"US","city":"Lynch","state":"Nebraska","state_ab":"NE","county":"Boyd","geo_location":{ "type": "Point", "coordinates": [-98.4504, 42.8373] }},
{"zip_code":"68836","country":"US","city":"Elm Creek","state":"Nebraska","state_ab":"NE","county":"Buffalo","geo_location":{ "type": "Point", "coordinates": [-99.3728, 40.7301] }},
{"zip_code":"68849","country":"US","city":"Kearney","state":"Nebraska","state_ab":"NE","county":"Buffalo","geo_location":{ "type": "Point", "coordinates": [-99.0741, 40.8497] }},
{"zip_code":"68876","country":"US","city":"Shelton","state":"Nebraska","state_ab":"NE","county":"Buffalo","geo_location":{ "type": "Point", "coordinates": [-98.7435, 40.7717] }},
{"zip_code":"68036","country":"US","city":"Linwood","state":"Nebraska","state_ab":"NE","county":"Butler","geo_location":{ "type": "Point", "coordinates": [-96.9399, 41.4129] }}]}