{"value": [{"zip_code":"32762","country":"US","city":"Oviedo","state":"Florida","state_ab":"FL","county":"Seminole","geo_location":{ "type": "Point", "coordinates": [-81.2233, 28.7448] }},
{"zip_code":"33585","country":"US","city":"Sumterville","state":"Florida","state_ab":"FL","county":"Sumter","geo_location":{ "type": "Point", "coordinates": [-82.0616, 28.7356] }},
{"zip_code":"32348","country":"US","city":"Perry","state":"Florida","state_ab":"FL","county":"Taylor","geo_location":{ "type": "Point", "coordinates": [-83.6594, 29.9665] }},
{"zip_code":"32115","country":"US","city":"Daytona Beach","state":"Florida","state_ab":"FL","county":"Volusia","geo_location":{ "type": "Point", "coordinates": [-81.1722, 29.0227] }},
{"zip_code":"32128","country":"US","city":"Daytona Beach","state":"Florida","state_ab":"FL","county":"Volusia","geo_location":{ "type": "Point", "coordinates": [-81.0336, 29.0838] }},
{"zip_code":"32168","country":"US","city":"New Smyrna Beach","state":"Florida","state_ab":"FL","county":"Volusia","geo_location":{ "type": "Point", "coordinates": [-80.9584, 29.0247] }},
{"zip_code":"32722","country":"US","city":"Glenwood","state":"Florida","state_ab":"FL","county":"Volusia","geo_location":{ "type": "Point", "coordinates": [-81.1722, 29.0227] }},
{"zip_code":"31642","country":"US","city":"Pearson","state":"Georgia","state_ab":"GA","county":"Atkinson","geo_location":{ "type": "Point", "coordinates": [-82.8591, 31.3106] }},
{"zip_code":"39862","country":"US","city":"Leary","state":"Georgia","state_ab":"GA","county":"Baker County","geo_location":{ "type": "Point", "coordinates": [-84.5128, 31.4849] }},
{"zip_code":"31062","country":"US","city":"Milledgeville","state":"Georgia","state_ab":"GA","county":"Baldwin","geo_location":{ "type": "Point", "coordinates": [-83.2174, 33.0491] }},
{"zip_code":"31202","country":"US","city":"Macon","state":"Georgia","state_ab":"GA","county":"Bibb","geo_location":{ "type": "Point", "coordinates": [-83.6913, 32.8067] }},
{"zip_code":"31295","country":"US","city":"Macon","state":"Georgia","state_ab":"GA","county":"Bibb","geo_location":{ "type": "Point", "coordinates": [-83.569, 32.8102] }},
{"zip_code":"30458","country":"US","city":"Statesboro","state":"Georgia","state_ab":"GA","county":"Bulloch","geo_location":{ "type": "Point", "coordinates": [-81.774, 32.4408] }},
{"zip_code":"31565","country":"US","city":"Waverly","state":"Georgia","state_ab":"GA","county":"Camden","geo_location":{ "type": "Point", "coordinates": [-81.5697, 31.0427] }},
{"zip_code":"30108","country":"US","city":"Bowdon","state":"Georgia","state_ab":"GA","county":"Carroll","geo_location":{ "type": "Point", "coordinates": [-85.2533, 33.5373] }},
{"zip_code":"30742","country":"US","city":"Fort Oglethorpe","state":"Georgia","state_ab":"GA","county":"Catoosa","geo_location":{ "type": "Point", "coordinates": [-85.2432, 34.9506] }},
{"zip_code":"31408","country":"US","city":"Savannah","state":"Georgia","state_ab":"GA","county":"Chatham","geo_location":{ "type": "Point", "coordinates": [-81.1746, 32.1082] }},
{"zip_code":"31422","country":"US","city":"Savannah","state":"Georgia","state_ab":"GA","county":"Chatham","geo_location":{ "type": "Point", "coordinates": [-81.0716, 31.9714] }},
{"zip_code":"30188","country":"US","city":"Woodstock","state":"Georgia","state_ab":"GA","county":"Cherokee","geo_location":{ "type": "Point", "coordinates": [-84.5117, 34.106] }},
{"zip_code":"30612","country":"US","city":"Athens","state":"Georgia","state_ab":"GA","county":"Clarke","geo_location":{ "type": "Point", "coordinates": [-83.3891, 33.9443] }},
{"zip_code":"30238","country":"US","city":"Jonesboro","state":"Georgia","state_ab":"GA","county":"Clayton","geo_location":{ "type": "Point", "coordinates": [-84.3797, 33.4944] }},
{"zip_code":"31512","country":"US","city":"Ambrose","state":"Georgia","state_ab":"GA","county":"Coffee","geo_location":{ "type": "Point", "coordinates": [-82.9976, 31.5367] }},
{"zip_code":"30265","country":"US","city":"Newnan","state":"Georgia","state_ab":"GA","county":"Coweta","geo_location":{ "type": "Point", "coordinates": [-84.7121, 33.3958] }},
{"zip_code":"31718","country":"US","city":"Bainbridge","state":"Georgia","state_ab":"GA","county":"Decatur","geo_location":{ "type": "Point", "coordinates": [-84.57, 30.9019] }},
{"zip_code":"30032","country":"US","city":"Decatur","state":"Georgia","state_ab":"GA","county":"DeKalb","geo_location":{ "type": "Point", "coordinates": [-84.2632, 33.7408] }},
{"zip_code":"30058","country":"US","city":"Lithonia","state":"Georgia","state_ab":"GA","county":"DeKalb","geo_location":{ "type": "Point", "coordinates": [-84.1009, 33.7356] }},
{"zip_code":"30072","country":"US","city":"Pine Lake","state":"Georgia","state_ab":"GA","county":"DeKalb","geo_location":{ "type": "Point", "coordinates": [-84.2053, 33.7906] }},
{"zip_code":"30085","country":"US","city":"Tucker","state":"Georgia","state_ab":"GA","county":"DeKalb","geo_location":{ "type": "Point", "coordinates": [-84.0746, 33.8913] }},
{"zip_code":"31705","country":"US","city":"Albany","state":"Georgia","state_ab":"GA","county":"Dougherty","geo_location":{ "type": "Point", "coordinates": [-84.0783, 31.5464] }},
{"zip_code":"30122","country":"US","city":"Lithia Springs","state":"Georgia","state_ab":"GA","county":"Douglas","geo_location":{ "type": "Point", "coordinates": [-84.6469, 33.7655] }},
{"zip_code":"30135","country":"US","city":"Douglasville","state":"Georgia","state_ab":"GA","county":"Douglas","geo_location":{ "type": "Point", "coordinates": [-84.7454, 33.6989] }},
{"zip_code":"31732","country":"US","city":"Cedar Springs","state":"Georgia","state_ab":"GA","county":"Early","geo_location":{ "type": "Point", "coordinates": [-84.8711, 31.2956] }},
{"zip_code":"31318","country":"US","city":"Meldrim","state":"Georgia","state_ab":"GA","county":"Effingham","geo_location":{ "type": "Point", "coordinates": [-81.3722, 32.1499] }},
{"zip_code":"30162","country":"US","city":"Rome","state":"Georgia","state_ab":"GA","county":"Floyd","geo_location":{ "type": "Point", "coordinates": [-85.2138, 34.2905] }},
{"zip_code":"30005","country":"US","city":"Alpharetta","state":"Georgia","state_ab":"GA","county":"Fulton","geo_location":{ "type": "Point", "coordinates": [-84.2281, 34.0782] }},
{"zip_code":"30302","country":"US","city":"Atlanta","state":"Georgia","state_ab":"GA","county":"Fulton","geo_location":{ "type": "Point", "coordinates": [-84.4741, 33.8444] }},
{"zip_code":"30315","country":"US","city":"Atlanta","state":"Georgia","state_ab":"GA","county":"Fulton","geo_location":{ "type": "Point", "coordinates": [-84.3808, 33.7051] }},
{"zip_code":"30328","country":"US","city":"Atlanta","state":"Georgia","state_ab":"GA","county":"Fulton","geo_location":{ "type": "Point", "coordinates": [-84.3958, 33.9335] }},
{"zip_code":"30342","country":"US","city":"Atlanta","state":"Georgia","state_ab":"GA","county":"Fulton","geo_location":{ "type": "Point", "coordinates": [-84.3761, 33.8842] }},
{"zip_code":"30355","country":"US","city":"Atlanta","state":"Georgia","state_ab":"GA","county":"Fulton","geo_location":{ "type": "Point", "coordinates": [-84.4741, 33.8444] }},
{"zip_code":"30368","country":"US","city":"Atlanta","state":"Georgia","state_ab":"GA","county":"Fulton","geo_location":{ "type": "Point", "coordinates": [-84.4741, 33.8444] }},
{"zip_code":"31165","country":"US","city":"Atlanta","state":"Georgia","state_ab":"GA","county":"Fulton County","geo_location":{ "type": "Point", "coordinates": [-84.4226, 33.7629] }},
{"zip_code":"31192","country":"US","city":"Atlanta","state":"Georgia","state_ab":"GA","county":"Fulton","geo_location":{ "type": "Point", "coordinates": [-84.4741, 33.8444] }},
{"zip_code":"30522","country":"US","city":"Cherrylog","state":"Georgia","state_ab":"GA","county":"Gilmer","geo_location":{ "type": "Point", "coordinates": [-84.3348, 34.7833] }},
{"zip_code":"31525","country":"US","city":"Brunswick","state":"Georgia","state_ab":"GA","county":"Glynn","geo_location":{ "type": "Point", "coordinates": [-81.5305, 31.2804] }},
{"zip_code":"30665","country":"US","city":"Siloam","state":"Georgia","state_ab":"GA","county":"Greene","geo_location":{ "type": "Point", "coordinates": [-83.0742, 33.5619] }},
{"zip_code":"30678","country":"US","city":"White Plains","state":"Georgia","state_ab":"GA","county":"Greene","geo_location":{ "type": "Point", "coordinates": [-83.0802, 33.4581] }},
{"zip_code":"30045","country":"US","city":"Lawrenceville","state":"Georgia","state_ab":"GA","county":"Gwinnett","geo_location":{ "type": "Point", "coordinates": [-83.9573, 33.9367] }},
{"zip_code":"30098","country":"US","city":"Duluth","state":"Georgia","state_ab":"GA","county":"Gwinnett","geo_location":{ "type": "Point", "coordinates": [-84.0379, 33.9604] }},
{"zip_code":"30278","country":"US","city":"Snellville","state":"Georgia","state_ab":"GA","county":"Gwinnett County","geo_location":{ "type": "Point", "coordinates": [-84.0208, 33.8505] }},
{"zip_code":"30535","country":"US","city":"Demorest","state":"Georgia","state_ab":"GA","county":"Habersham","geo_location":{ "type": "Point", "coordinates": [-83.5696, 34.5756] }},
{"zip_code":"2118","country":"US","city":"Boston","state":"Massachusetts","state_ab":"MA","county":"Suffolk","geo_location":{ "type": "Point", "coordinates": [-71.0729, 42.3362] }},
{"zip_code":"2132","country":"US","city":"West Roxbury","state":"Massachusetts","state_ab":"MA","county":"Suffolk","geo_location":{ "type": "Point", "coordinates": [-71.1589, 42.2787] }},
{"zip_code":"2208","country":"US","city":"Boston","state":"Massachusetts","state_ab":"MA","county":"Suffolk","geo_location":{ "type": "Point", "coordinates": [-70.9196, 42.3389] }},
{"zip_code":"2222","country":"US","city":"Boston","state":"Massachusetts","state_ab":"MA","county":"Suffolk","geo_location":{ "type": "Point", "coordinates": [-71.0633, 42.3644] }},
{"zip_code":"1092","country":"US","city":"West Warren","state":"Massachusetts","state_ab":"MA","county":"Worcester","geo_location":{ "type": "Point", "coordinates": [-72.229, 42.2029] }},
{"zip_code":"1438","country":"US","city":"East Templeton","state":"Massachusetts","state_ab":"MA","county":"Worcester","geo_location":{ "type": "Point", "coordinates": [-72.0294, 42.5517] }},
{"zip_code":"1452","country":"US","city":"Hubbardston","state":"Massachusetts","state_ab":"MA","county":"Worcester","geo_location":{ "type": "Point", "coordinates": [-72.0012, 42.4865] }},
{"zip_code":"1515","country":"US","city":"East Brookfield","state":"Massachusetts","state_ab":"MA","county":"Worcester","geo_location":{ "type": "Point", "coordinates": [-72.0481, 42.2193] }},
{"zip_code":"1542","country":"US","city":"Rochdale","state":"Massachusetts","state_ab":"MA","county":"Worcester","geo_location":{ "type": "Point", "coordinates": [-71.9069, 42.1997] }},
{"zip_code":"1568","country":"US","city":"Upton","state":"Massachusetts","state_ab":"MA","county":"Worcester","geo_location":{ "type": "Point", "coordinates": [-71.6032, 42.1756] }},
{"zip_code":"1582","country":"US","city":"Westborough","state":"Massachusetts","state_ab":"MA","county":"Worcester","geo_location":{ "type": "Point", "coordinates": [-71.8969, 42.3648] }},
{"zip_code":"1605","country":"US","city":"Worcester","state":"Massachusetts","state_ab":"MA","county":"Worcester","geo_location":{ "type": "Point", "coordinates": [-71.7888, 42.2894] }},
{"zip_code":"21562","country":"US","city":"Westernport","state":"Maryland","state_ab":"MD","county":"Allegany","geo_location":{ "type": "Point", "coordinates": [-79.014, 39.4905] }},
{"zip_code":"20765","country":"US","city":"Galesville","state":"Maryland","state_ab":"MD","county":"Anne Arundel","geo_location":{ "type": "Point", "coordinates": [-76.5456, 38.8446] }},
{"zip_code":"20778","country":"US","city":"West River","state":"Maryland","state_ab":"MD","county":"Anne Arundel","geo_location":{ "type": "Point", "coordinates": [-76.5391, 38.8252] }},
{"zip_code":"21032","country":"US","city":"Crownsville","state":"Maryland","state_ab":"MD","county":"Anne Arundel","geo_location":{ "type": "Point", "coordinates": [-76.5935, 39.0489] }},
{"zip_code":"21098","country":"US","city":"Hanover","state":"Maryland","state_ab":"MD","county":"Anne Arundel","geo_location":{ "type": "Point", "coordinates": [-76.5949, 38.9742] }},
{"zip_code":"21108","country":"US","city":"Millersville","state":"Maryland","state_ab":"MD","county":"Anne Arundel","geo_location":{ "type": "Point", "coordinates": [-76.619, 39.1041] }},
{"zip_code":"21122","country":"US","city":"Pasadena","state":"Maryland","state_ab":"MD","county":"Anne Arundel","geo_location":{ "type": "Point", "coordinates": [-76.495, 39.1206] }},
{"zip_code":"21225","country":"US","city":"Brooklyn","state":"Maryland","state_ab":"MD","county":"Anne Arundel","geo_location":{ "type": "Point", "coordinates": [-76.6153, 39.2259] }},
{"zip_code":"21405","country":"US","city":"Annapolis","state":"Maryland","state_ab":"MD","county":"Anne Arundel","geo_location":{ "type": "Point", "coordinates": [-76.5515, 39.0305] }},
{"zip_code":"21162","country":"US","city":"White Marsh","state":"Maryland","state_ab":"MD","county":"Baltimore","geo_location":{ "type": "Point", "coordinates": [-76.4132, 39.3923] }},
{"zip_code":"21252","country":"US","city":"Baltimore","state":"Maryland","state_ab":"MD","county":"Baltimore","geo_location":{ "type": "Point", "coordinates": [-76.6133, 39.3888] }},
{"zip_code":"20688","country":"US","city":"Solomons","state":"Maryland","state_ab":"MD","county":"Calvert","geo_location":{ "type": "Point", "coordinates": [-76.4651, 38.3293] }},
{"zip_code":"21922","country":"US","city":"Elkton","state":"Maryland","state_ab":"MD","county":"Cecil","geo_location":{ "type": "Point", "coordinates": [-75.9473, 39.5936] }},
{"zip_code":"20662","country":"US","city":"Nanjemoy","state":"Maryland","state_ab":"MD","county":"Charles","geo_location":{ "type": "Point", "coordinates": [-77.1983, 38.4462] }},
{"zip_code":"20675","country":"US","city":"Pomfret","state":"Maryland","state_ab":"MD","county":"Charles","geo_location":{ "type": "Point", "coordinates": [-77.0093, 38.5855] }},
{"zip_code":"21702","country":"US","city":"Frederick","state":"Maryland","state_ab":"MD","county":"Frederick","geo_location":{ "type": "Point", "coordinates": [-77.4612, 39.4926] }},
{"zip_code":"21755","country":"US","city":"Jefferson","state":"Maryland","state_ab":"MD","county":"Frederick","geo_location":{ "type": "Point", "coordinates": [-77.5441, 39.3653] }},
{"zip_code":"21522","country":"US","city":"Bittinger","state":"Maryland","state_ab":"MD","county":"Garrett","geo_location":{ "type": "Point", "coordinates": [-79.2337, 39.6017] }},
{"zip_code":"21005","country":"US","city":"Aberdeen Proving Ground","state":"Maryland","state_ab":"MD","county":"Harford","geo_location":{ "type": "Point", "coordinates": [-76.1208, 39.4771] }},
{"zip_code":"21018","country":"US","city":"Benson","state":"Maryland","state_ab":"MD","county":"Harford","geo_location":{ "type": "Point", "coordinates": [-76.3851, 39.5093] }},
{"zip_code":"21085","country":"US","city":"Joppa","state":"Maryland","state_ab":"MD","county":"Harford","geo_location":{ "type": "Point", "coordinates": [-76.3541, 39.4242] }},
{"zip_code":"21045","country":"US","city":"Columbia","state":"Maryland","state_ab":"MD","county":"Howard","geo_location":{ "type": "Point", "coordinates": [-76.8322, 39.2051] }},
{"zip_code":"21678","country":"US","city":"Worton","state":"Maryland","state_ab":"MD","county":"Kent","geo_location":{ "type": "Point", "coordinates": [-76.1008, 39.2963] }},
{"zip_code":"20815","country":"US","city":"Chevy Chase","state":"Maryland","state_ab":"MD","county":"Montgomery","geo_location":{ "type": "Point", "coordinates": [-77.082, 38.978] }},
{"zip_code":"20842","country":"US","city":"Dickerson","state":"Maryland","state_ab":"MD","county":"Montgomery","geo_location":{ "type": "Point", "coordinates": [-77.4199, 39.2126] }},
{"zip_code":"20855","country":"US","city":"Derwood","state":"Maryland","state_ab":"MD","county":"Montgomery","geo_location":{ "type": "Point", "coordinates": [-77.1477, 39.1345] }},
{"zip_code":"20868","country":"US","city":"Spencerville","state":"Maryland","state_ab":"MD","county":"Montgomery","geo_location":{ "type": "Point", "coordinates": [-76.9722, 39.1223] }},
{"zip_code":"20882","country":"US","city":"Gaithersburg","state":"Maryland","state_ab":"MD","county":"Montgomery","geo_location":{ "type": "Point", "coordinates": [-77.1458, 39.2335] }},
{"zip_code":"20895","country":"US","city":"Kensington","state":"Maryland","state_ab":"MD","county":"Montgomery","geo_location":{ "type": "Point", "coordinates": [-77.0793, 39.0298] }},
{"zip_code":"20905","country":"US","city":"Silver Spring","state":"Maryland","state_ab":"MD","county":"Montgomery","geo_location":{ "type": "Point", "coordinates": [-77.0059, 39.1148] }},
{"zip_code":"20918","country":"US","city":"Silver Spring","state":"Maryland","state_ab":"MD","county":"Montgomery","geo_location":{ "type": "Point", "coordinates": [-77.2076, 39.144] }},
{"zip_code":"20608","country":"US","city":"Aquasco","state":"Maryland","state_ab":"MD","county":"Prince George's","geo_location":{ "type": "Point", "coordinates": [-76.7149, 38.5825] }},
{"zip_code":"20712","country":"US","city":"Mount Rainier","state":"Maryland","state_ab":"MD","county":"Prince George's","geo_location":{ "type": "Point", "coordinates": [-76.9652, 38.9431] }},
{"zip_code":"20725","country":"US","city":"Laurel","state":"Maryland","state_ab":"MD","county":"Prince George's","geo_location":{ "type": "Point", "coordinates": [-76.8777, 38.8336] }},
{"zip_code":"20738","country":"US","city":"Riverdale","state":"Maryland","state_ab":"MD","county":"Prince George's","geo_location":{ "type": "Point", "coordinates": [-76.8777, 38.8336] }},
{"zip_code":"20752","country":"US","city":"Suitland","state":"Maryland","state_ab":"MD","county":"Prince George's","geo_location":{ "type": "Point", "coordinates": [-76.8777, 38.8336] }},
{"zip_code":"20792","country":"US","city":"Upper Marlboro","state":"Maryland","state_ab":"MD","county":"Prince Georges","geo_location":{ "type": "Point", "coordinates": [-76.75, 38.8158] }},
{"zip_code":"21638","country":"US","city":"Grasonville","state":"Maryland","state_ab":"MD","county":"Queen Anne's","geo_location":{ "type": "Point", "coordinates": [-76.1997, 38.9456] }},
{"zip_code":"20622","country":"US","city":"Charlotte Hall","state":"Maryland","state_ab":"MD","county":"St. Mary's","geo_location":{ "type": "Point", "coordinates": [-76.8038, 38.475] }},
{"zip_code":"20635","country":"US","city":"Helen","state":"Maryland","state_ab":"MD","county":"St. Mary's","geo_location":{ "type": "Point", "coordinates": [-76.6077, 38.3121] }},
{"zip_code":"21612","country":"US","city":"Bozman","state":"Maryland","state_ab":"MD","county":"Talbot","geo_location":{ "type": "Point", "coordinates": [-76.2764, 38.7515] }},
{"zip_code":"21625","country":"US","city":"Cordova","state":"Maryland","state_ab":"MD","county":"Talbot","geo_location":{ "type": "Point", "coordinates": [-76.0029, 38.8704] }},
{"zip_code":"21652","country":"US","city":"Neavitt","state":"Maryland","state_ab":"MD","county":"Talbot","geo_location":{ "type": "Point", "coordinates": [-76.1528, 38.7951] }},
{"zip_code":"21665","country":"US","city":"Sherwood","state":"Maryland","state_ab":"MD","county":"Talbot","geo_location":{ "type": "Point", "coordinates": [-76.3278, 38.7374] }},
{"zip_code":"21715","country":"US","city":"Brownsville","state":"Maryland","state_ab":"MD","county":"Washington","geo_location":{ "type": "Point", "coordinates": [-77.658, 39.3869] }},
{"zip_code":"21742","country":"US","city":"Hagerstown","state":"Maryland","state_ab":"MD","county":"Washington","geo_location":{ "type": "Point", "coordinates": [-77.6921, 39.6573] }},
{"zip_code":"21782","country":"US","city":"Sharpsburg","state":"Maryland","state_ab":"MD","county":"Washington","geo_location":{ "type": "Point", "coordinates": [-77.7511, 39.4424] }},
{"zip_code":"21795","country":"US","city":"Williamsport","state":"Maryland","state_ab":"MD","county":"Washington","geo_location":{ "type": "Point", "coordinates": [-77.8087, 39.593] }},
{"zip_code":"21872","country":"US","city":"Whaleyville","state":"Maryland","state_ab":"MD","county":"Worcester","geo_location":{ "type": "Point", "coordinates": [-75.2811, 38.4121] }},
{"zip_code":"21212","country":"US","city":"Baltimore","state":"Maryland","state_ab":"MD","county":"Baltimore (city)","geo_location":{ "type": "Point", "coordinates": [-76.61, 39.3626] }},
{"zip_code":"21265","country":"US","city":"Baltimore","state":"Maryland","state_ab":"MD","county":"Baltimore (city)","geo_location":{ "type": "Point", "coordinates": [-76.6205, 39.2847] }},
{"zip_code":"21278","country":"US","city":"Baltimore","state":"Maryland","state_ab":"MD","county":"Baltimore (city)","geo_location":{ "type": "Point", "coordinates": [-76.6205, 39.2847] }},
{"zip_code":"4228","country":"US","city":"East Livermore","state":"Maine","state_ab":"ME","county":"Androscoggin","geo_location":{ "type": "Point", "coordinates": [-70.1303, 44.3994] }},
{"zip_code":"4282","country":"US","city":"Turner","state":"Maine","state_ab":"ME","county":"Androscoggin","geo_location":{ "type": "Point", "coordinates": [-70.2494, 44.2557] }},
{"zip_code":"4732","country":"US","city":"Ashland","state":"Maine","state_ab":"ME","county":"Aroostook","geo_location":{ "type": "Point", "coordinates": [-68.3876, 46.6184] }},
{"zip_code":"4745","country":"US","city":"Frenchville","state":"Maine","state_ab":"ME","county":"Aroostook","geo_location":{ "type": "Point", "coordinates": [-68.3917, 47.2826] }},
{"zip_code":"4758","country":"US","city":"Mars Hill","state":"Maine","state_ab":"ME","county":"Aroostook","geo_location":{ "type": "Point", "coordinates": [-67.863, 46.5223] }},
{"zip_code":"4772","country":"US","city":"Saint Agatha","state":"Maine","state_ab":"ME","county":"Aroostook","geo_location":{ "type": "Point", "coordinates": [-68.3232, 47.2387] }},
{"zip_code":"4785","country":"US","city":"Van Buren","state":"Maine","state_ab":"ME","county":"Aroostook","geo_location":{ "type": "Point", "coordinates": [-67.9459, 47.1589] }},
{"zip_code":"4062","country":"US","city":"Windham","state":"Maine","state_ab":"ME","county":"Cumberland","geo_location":{ "type": "Point", "coordinates": [-70.4143, 43.7958] }},
{"zip_code":"4075","country":"US","city":"Sebago Lake","state":"Maine","state_ab":"ME","county":"Cumberland","geo_location":{ "type": "Point", "coordinates": [-70.5522, 43.7961] }},
{"zip_code":"4112","country":"US","city":"Portland","state":"Maine","state_ab":"ME","county":"Cumberland","geo_location":{ "type": "Point", "coordinates": [-70.4707, 44.4081] }},
{"zip_code":"4938","country":"US","city":"Farmington","state":"Maine","state_ab":"ME","county":"Franklin","geo_location":{ "type": "Point", "coordinates": [-70.1329, 44.6653] }},
{"zip_code":"4992","country":"US","city":"West Farmington","state":"Maine","state_ab":"ME","county":"Franklin","geo_location":{ "type": "Point", "coordinates": [-70.153, 44.6628] }},
{"zip_code":"4408","country":"US","city":"Aurora","state":"Maine","state_ab":"ME","county":"Hancock","geo_location":{ "type": "Point", "coordinates": [-68.2959, 44.8861] }},
{"zip_code":"4615","country":"US","city":"Blue Hill Falls","state":"Maine","state_ab":"ME","county":"Hancock","geo_location":{ "type": "Point", "coordinates": [-68.3915, 44.6419] }},
{"zip_code":"4642","country":"US","city":"Harborside","state":"Maine","state_ab":"ME","county":"Hancock","geo_location":{ "type": "Point", "coordinates": [-68.8042, 44.334] }},
{"zip_code":"4332","country":"US","city":"Augusta","state":"Maine","state_ab":"ME","county":"Kennebec","geo_location":{ "type": "Point", "coordinates": [-69.7519, 44.4141] }},
{"zip_code":"4345","country":"US","city":"Gardiner","state":"Maine","state_ab":"ME","county":"Kennebec","geo_location":{ "type": "Point", "coordinates": [-69.7858, 44.207] }},
{"zip_code":"4358","country":"US","city":"South China","state":"Maine","state_ab":"ME","county":"Kennebec","geo_location":{ "type": "Point", "coordinates": [-69.5804, 44.3953] }},
{"zip_code":"4862","country":"US","city":"Union","state":"Maine","state_ab":"ME","county":"Knox","geo_location":{ "type": "Point", "coordinates": [-69.2771, 44.2619] }},
{"zip_code":"4538","country":"US","city":"Boothbay Harbor","state":"Maine","state_ab":"ME","county":"Lincoln","geo_location":{ "type": "Point", "coordinates": [-69.6278, 43.8518] }},
{"zip_code":"4552","country":"US","city":"Newagen","state":"Maine","state_ab":"ME","county":"Lincoln","geo_location":{ "type": "Point", "coordinates": [-69.5233, 44.0213] }},
{"zip_code":"4578","country":"US","city":"Wiscasset","state":"Maine","state_ab":"ME","county":"Lincoln","geo_location":{ "type": "Point", "coordinates": [-69.6826, 44.0074] }},
{"zip_code":"4022","country":"US","city":"Denmark","state":"Maine","state_ab":"ME","county":"Oxford","geo_location":{ "type": "Point", "coordinates": [-70.7924, 43.9755] }},
{"zip_code":"4088","country":"US","city":"Waterford","state":"Maine","state_ab":"ME","county":"Oxford","geo_location":{ "type": "Point", "coordinates": [-70.7163, 44.1931] }},
{"zip_code":"4255","country":"US","city":"Locke Mills","state":"Maine","state_ab":"ME","county":"Oxford","geo_location":{ "type": "Point", "coordinates": [-70.7088, 44.4016] }},
{"zip_code":"4268","country":"US","city":"Norway","state":"Maine","state_ab":"ME","county":"Oxford","geo_location":{ "type": "Point", "coordinates": [-70.5601, 44.2127] }},
{"zip_code":"4422","country":"US","city":"Charleston","state":"Maine","state_ab":"ME","county":"Penobscot","geo_location":{ "type": "Point", "coordinates": [-69.0869, 45.067] }},
{"zip_code":"4435","country":"US","city":"Exeter","state":"Maine","state_ab":"ME","county":"Penobscot","geo_location":{ "type": "Point", "coordinates": [-69.1079, 44.9679] }},
{"zip_code":"4448","country":"US","city":"Howland","state":"Maine","state_ab":"ME","county":"Penobscot","geo_location":{ "type": "Point", "coordinates": [-68.6666, 45.2456] }},
{"zip_code":"4462","country":"US","city":"Millinocket","state":"Maine","state_ab":"ME","county":"Penobscot","geo_location":{ "type": "Point", "coordinates": [-68.7101, 45.6596] }},
{"zip_code":"4475","country":"US","city":"Passadumkeag","state":"Maine","state_ab":"ME","county":"Penobscot","geo_location":{ "type": "Point", "coordinates": [-68.5871, 45.1815] }},
{"zip_code":"4488","country":"US","city":"Stetson","state":"Maine","state_ab":"ME","county":"Penobscot","geo_location":{ "type": "Point", "coordinates": [-69.1069, 44.8843] }},
{"zip_code":"4008","country":"US","city":"Bowdoinham","state":"Maine","state_ab":"ME","county":"Sagadahoc","geo_location":{ "type": "Point", "coordinates": [-69.9188, 44.0368] }},
{"zip_code":"4565","country":"US","city":"Sebasco Estates","state":"Maine","state_ab":"ME","county":"Sagadahoc","geo_location":{ "type": "Point", "coordinates": [-69.8635, 43.7733] }},
{"zip_code":"4912","country":"US","city":"Athens","state":"Maine","state_ab":"ME","county":"Somerset","geo_location":{ "type": "Point", "coordinates": [-69.6695, 44.9388] }},
{"zip_code":"4925","country":"US","city":"Caratunk","state":"Maine","state_ab":"ME","county":"Somerset","geo_location":{ "type": "Point", "coordinates": [-69.9386, 45.241] }},
{"zip_code":"4965","country":"US","city":"Palmyra","state":"Maine","state_ab":"ME","county":"Somerset","geo_location":{ "type": "Point", "coordinates": [-69.3811, 44.8576] }},
{"zip_code":"4978","country":"US","city":"Smithfield","state":"Maine","state_ab":"ME","county":"Somerset","geo_location":{ "type": "Point", "coordinates": [-69.8075, 44.6301] }},
{"zip_code":"4848","country":"US","city":"Islesboro","state":"Maine","state_ab":"ME","county":"Waldo","geo_location":{ "type": "Point", "coordinates": [-68.9073, 44.3082] }},
{"zip_code":"4952","country":"US","city":"Morrill","state":"Maine","state_ab":"ME","county":"Waldo","geo_location":{ "type": "Point", "coordinates": [-69.1471, 44.4107] }},
{"zip_code":"4628","country":"US","city":"Dennysville","state":"Maine","state_ab":"ME","county":"Washington","geo_location":{ "type": "Point", "coordinates": [-67.2244, 44.8961] }},
{"zip_code":"4655","country":"US","city":"Machiasport","state":"Maine","state_ab":"ME","county":"Washington","geo_location":{ "type": "Point", "coordinates": [-67.4073, 44.682] }},
{"zip_code":"4668","country":"US","city":"Princeton","state":"Maine","state_ab":"ME","county":"Washington","geo_location":{ "type": "Point", "coordinates": [-67.6008, 45.2131] }},
{"zip_code":"3908","country":"US","city":"South Berwick","state":"Maine","state_ab":"ME","county":"York","geo_location":{ "type": "Point", "coordinates": [-70.7859, 43.2292] }},
{"zip_code":"4048","country":"US","city":"Limerick","state":"Maine","state_ab":"ME","county":"York","geo_location":{ "type": "Point", "coordinates": [-70.7866, 43.6963] }},
{"zip_code":"48705","country":"US","city":"Barton City","state":"Michigan","state_ab":"MI","county":"Alcona","geo_location":{ "type": "Point", "coordinates": [-83.5994, 44.702] }},
{"zip_code":"48745","country":"US","city":"Mikado","state":"Michigan","state_ab":"MI","county":"Alcona","geo_location":{ "type": "Point", "coordinates": [-83.4355, 44.5833] }},
{"zip_code":"49825","country":"US","city":"Eben Junction","state":"Michigan","state_ab":"MI","county":"Alger","geo_location":{ "type": "Point", "coordinates": [-87.0138, 46.3299] }},
{"zip_code":"49078","country":"US","city":"Otsego","state":"Michigan","state_ab":"MI","county":"Allegan","geo_location":{ "type": "Point", "coordinates": [-85.7035, 42.4723] }},
{"zip_code":"49335","country":"US","city":"Moline","state":"Michigan","state_ab":"MI","county":"Allegan","geo_location":{ "type": "Point", "coordinates": [-85.6635, 42.737] }},
{"zip_code":"49348","country":"US","city":"Wayland","state":"Michigan","state_ab":"MI","county":"Allegan","geo_location":{ "type": "Point", "coordinates": [-85.6191, 42.6643] }},
{"zip_code":"48732","country":"US","city":"Essexville","state":"Michigan","state_ab":"MI","county":"Bay","geo_location":{ "type": "Point", "coordinates": [-83.8217, 43.6069] }},
{"zip_code":"49038","country":"US","city":"Coloma","state":"Michigan","state_ab":"MI","county":"Berrien","geo_location":{ "type": "Point", "coordinates": [-86.3225, 42.203] }},
{"zip_code":"49102","country":"US","city":"Berrien Center","state":"Michigan","state_ab":"MI","county":"Berrien","geo_location":{ "type": "Point", "coordinates": [-86.285, 41.9484] }},
{"zip_code":"49115","country":"US","city":"Harbert","state":"Michigan","state_ab":"MI","county":"Berrien","geo_location":{ "type": "Point", "coordinates": [-86.6302, 41.8771] }},
{"zip_code":"49128","country":"US","city":"Three Oaks","state":"Michigan","state_ab":"MI","county":"Berrien","geo_location":{ "type": "Point", "coordinates": [-86.6154, 41.815] }},
{"zip_code":"49092","country":"US","city":"Tekonsha","state":"Michigan","state_ab":"MI","county":"Calhoun","geo_location":{ "type": "Point", "coordinates": [-84.9926, 42.0863] }},
{"zip_code":"49245","country":"US","city":"Homer","state":"Michigan","state_ab":"MI","county":"Calhoun","geo_location":{ "type": "Point", "coordinates": [-84.8157, 42.1416] }},
{"zip_code":"49748","country":"US","city":"Hulbert","state":"Michigan","state_ab":"MI","county":"Chippewa","geo_location":{ "type": "Point", "coordinates": [-85.1764, 46.3908] }},
{"zip_code":"49788","country":"US","city":"Kincheloe","state":"Michigan","state_ab":"MI","county":"Chippewa","geo_location":{ "type": "Point", "coordinates": [-84.4626, 46.2627] }},
{"zip_code":"48808","country":"US","city":"Bath","state":"Michigan","state_ab":"MI","county":"Clinton","geo_location":{ "type": "Point", "coordinates": [-84.4545, 42.8206] }},
{"zip_code":"48822","country":"US","city":"Eagle","state":"Michigan","state_ab":"MI","county":"Clinton","geo_location":{ "type": "Point", "coordinates": [-84.759, 42.8263] }},
{"zip_code":"48835","country":"US","city":"Fowler","state":"Michigan","state_ab":"MI","county":"Clinton","geo_location":{ "type": "Point", "coordinates": [-84.76, 42.9941] }},
{"zip_code":"49878","country":"US","city":"Rapid River","state":"Michigan","state_ab":"MI","county":"Delta","geo_location":{ "type": "Point", "coordinates": [-86.8845, 45.9107] }},
{"zip_code":"49852","country":"US","city":"Loretto","state":"Michigan","state_ab":"MI","county":"Dickinson","geo_location":{ "type": "Point", "coordinates": [-87.7764, 45.8275] }},
{"zip_code":"49892","country":"US","city":"Vulcan","state":"Michigan","state_ab":"MI","county":"Dickinson","geo_location":{ "type": "Point", "coordinates": [-87.8168, 45.7623] }},
{"zip_code":"49722","country":"US","city":"Conway","state":"Michigan","state_ab":"MI","county":"Emmet","geo_location":{ "type": "Point", "coordinates": [-84.8524, 45.4236] }},
{"zip_code":"48552","country":"US","city":"Flint","state":"Michigan","state_ab":"MI","county":"Genesee","geo_location":{ "type": "Point", "coordinates": [-83.7131, 42.9779] }},
{"zip_code":"49968","country":"US","city":"Wakefield","state":"Michigan","state_ab":"MI","county":"Gogebic","geo_location":{ "type": "Point", "coordinates": [-89.9424, 46.4752] }},
{"zip_code":"49685","country":"US","city":"Traverse City","state":"Michigan","state_ab":"MI","county":"Grand Traverse","geo_location":{ "type": "Point", "coordinates": [-85.5751, 44.8162] }},
{"zip_code":"48615","country":"US","city":"Breckenridge","state":"Michigan","state_ab":"MI","county":"Gratiot","geo_location":{ "type": "Point", "coordinates": [-84.5023, 43.3935] }},
{"zip_code":"48862","country":"US","city":"North Star","state":"Michigan","state_ab":"MI","county":"Gratiot","geo_location":{ "type": "Point", "coordinates": [-84.4971, 43.3565] }},
{"zip_code":"49232","country":"US","city":"Camden","state":"Michigan","state_ab":"MI","county":"Hillsdale","geo_location":{ "type": "Point", "coordinates": [-84.7245, 41.7361] }},
{"zip_code":"49258","country":"US","city":"Mosherville","state":"Michigan","state_ab":"MI","county":"Hillsdale","geo_location":{ "type": "Point", "coordinates": [-84.5935, 41.8848] }},
{"zip_code":"49942","country":"US","city":"Kearsarge","state":"Michigan","state_ab":"MI","county":"Houghton","geo_location":{ "type": "Point", "coordinates": [-88.4184, 47.2694] }},
{"zip_code":"49955","country":"US","city":"Painesdale","state":"Michigan","state_ab":"MI","county":"Houghton","geo_location":{ "type": "Point", "coordinates": [-88.6704, 47.0404] }},
{"zip_code":"48475","country":"US","city":"Ubly","state":"Michigan","state_ab":"MI","county":"Huron","geo_location":{ "type": "Point", "coordinates": [-82.964, 43.6896] }},
{"zip_code":"48912","country":"US","city":"Lansing","state":"Michigan","state_ab":"MI","county":"Ingham","geo_location":{ "type": "Point", "coordinates": [-84.5244, 42.7371] }},
{"zip_code":"49285","country":"US","city":"Stockbridge","state":"Michigan","state_ab":"MI","county":"Ingham","geo_location":{ "type": "Point", "coordinates": [-84.1752, 42.4604] }},
{"zip_code":"48875","country":"US","city":"Portland","state":"Michigan","state_ab":"MI","county":"Ionia","geo_location":{ "type": "Point", "coordinates": [-84.9139, 42.8624] }},
{"zip_code":"49902","country":"US","city":"Alpha","state":"Michigan","state_ab":"MI","county":"Iron","geo_location":{ "type": "Point", "coordinates": [-88.3771, 46.031] }},
{"zip_code":"49915","country":"US","city":"Caspian","state":"Michigan","state_ab":"MI","county":"Iron","geo_location":{ "type": "Point", "coordinates": [-88.631, 46.0657] }},
{"zip_code":"49272","country":"US","city":"Pleasant Lake","state":"Michigan","state_ab":"MI","county":"Jackson","geo_location":{ "type": "Point", "coordinates": [-84.3428, 42.3903] }},
{"zip_code":"49012","country":"US","city":"Augusta","state":"Michigan","state_ab":"MI","county":"Kalamazoo","geo_location":{ "type": "Point", "coordinates": [-85.354, 42.3563] }},
{"zip_code":"49052","country":"US","city":"Fulton","state":"Michigan","state_ab":"MI","county":"Kalamazoo","geo_location":{ "type": "Point", "coordinates": [-85.3227, 42.1391] }},
{"zip_code":"49502","country":"US","city":"Grand Rapids","state":"Michigan","state_ab":"MI","county":"Kent","geo_location":{ "type": "Point", "coordinates": [-85.5503, 43.0314] }},
{"zip_code":"49515","country":"US","city":"Grand Rapids","state":"Michigan","state_ab":"MI","county":"Kent","geo_location":{ "type": "Point", "coordinates": [-85.5503, 43.0314] }},
{"zip_code":"49528","country":"US","city":"Grand Rapids","state":"Michigan","state_ab":"MI","county":"Kent County","geo_location":{ "type": "Point", "coordinates": [-85.6239, 42.8811] }},
{"zip_code":"49555","country":"US","city":"Grand Rapids","state":"Michigan","state_ab":"MI","county":"Kent","geo_location":{ "type": "Point", "coordinates": [-85.5503, 43.0314] }},
{"zip_code":"49762","country":"US","city":"Naubinway","state":"Michigan","state_ab":"MI","county":"Mackinac","geo_location":{ "type": "Point", "coordinates": [-85.4462, 46.126] }},
{"zip_code":"49775","country":"US","city":"Pointe Aux Pins","state":"Michigan","state_ab":"MI","county":"Mackinac","geo_location":{ "type": "Point", "coordinates": [-84.447, 45.7549] }},
{"zip_code":"49838","country":"US","city":"Gould City","state":"Michigan","state_ab":"MI","county":"Mackinac","geo_location":{ "type": "Point", "coordinates": [-85.7338, 46.0747] }},
{"zip_code":"48035","country":"US","city":"Clinton Township","state":"Michigan","state_ab":"MI","county":"Macomb","geo_location":{ "type": "Point", "coordinates": [-82.9167, 42.5512] }},
{"zip_code":"48048","country":"US","city":"New Haven","state":"Michigan","state_ab":"MI","county":"Macomb","geo_location":{ "type": "Point", "coordinates": [-82.8042, 42.7443] }},
{"zip_code":"48062","country":"US","city":"Richmond","state":"Michigan","state_ab":"MI","county":"Macomb","geo_location":{ "type": "Point", "coordinates": [-82.7996, 42.8389] }},
{"zip_code":"48088","country":"US","city":"Warren","state":"Michigan","state_ab":"MI","county":"Macomb","geo_location":{ "type": "Point", "coordinates": [-82.9832, 42.5164] }},
{"zip_code":"48318","country":"US","city":"Utica","state":"Michigan","state_ab":"MI","county":"Macomb","geo_location":{ "type": "Point", "coordinates": [-82.9031, 42.6723] }},
{"zip_code":"49645","country":"US","city":"Kaleva","state":"Michigan","state_ab":"MI","county":"Manistee","geo_location":{ "type": "Point", "coordinates": [-86.0467, 44.3692] }},
{"zip_code":"49865","country":"US","city":"National Mine","state":"Michigan","state_ab":"MI","county":"Marquette","geo_location":{ "type": "Point", "coordinates": [-87.6148, 46.6041] }},
{"zip_code":"49812","country":"US","city":"Carney","state":"Michigan","state_ab":"MI","county":"Menominee","geo_location":{ "type": "Point", "coordinates": [-87.5439, 45.5917] }},
{"zip_code":"48628","country":"US","city":"Hope","state":"Michigan","state_ab":"MI","county":"Midland","geo_location":{ "type": "Point", "coordinates": [-84.3296, 43.7882] }},
{"zip_code":"48642","country":"US","city":"Midland","state":"Michigan","state_ab":"MI","county":"Midland","geo_location":{ "type": "Point", "coordinates": [-84.1979, 43.6375] }},
{"zip_code":"49632","country":"US","city":"Falmouth","state":"Michigan","state_ab":"MI","county":"Missaukee","geo_location":{ "type": "Point", "coordinates": [-85.017, 44.2529] }},
{"zip_code":"48888","country":"US","city":"Stanton","state":"Michigan","state_ab":"MI","county":"Montcalm","geo_location":{ "type": "Point", "coordinates": [-85.0995, 43.3058] }},
{"zip_code":"49322","country":"US","city":"Coral","state":"Michigan","state_ab":"MI","county":"Montcalm","geo_location":{ "type": "Point", "coordinates": [-85.3792, 43.3645] }},
{"zip_code":"49425","country":"US","city":"Holton","state":"Michigan","state_ab":"MI","county":"Muskegon","geo_location":{ "type": "Point", "coordinates": [-86.1509, 43.4415] }},
{"zip_code":"49412","country":"US","city":"Fremont","state":"Michigan","state_ab":"MI","county":"Newaygo","geo_location":{ "type": "Point", "coordinates": [-85.9626, 43.4652] }},
{"zip_code":"48075","country":"US","city":"Southfield","state":"Michigan","state_ab":"MI","county":"Oakland","geo_location":{ "type": "Point", "coordinates": [-83.2255, 42.4638] }},
{"zip_code":"48165","country":"US","city":"New Hudson","state":"Michigan","state_ab":"MI","county":"Oakland","geo_location":{ "type": "Point", "coordinates": [-83.6342, 42.5076] }},
{"zip_code":"48178","country":"US","city":"South Lyon","state":"Michigan","state_ab":"MI","county":"Oakland","geo_location":{ "type": "Point", "coordinates": [-83.659, 42.4567] }},
{"zip_code":"48332","country":"US","city":"Farmington","state":"Michigan","state_ab":"MI","county":"Oakland","geo_location":{ "type": "Point", "coordinates": [-83.3863, 42.6601] }},
{"zip_code":"48398","country":"US","city":"Clawson","state":"Michigan","state_ab":"MI","county":"Oakland","geo_location":{ "type": "Point", "coordinates": [-83.3863, 42.6601] }},
{"zip_code":"48462","country":"US","city":"Ortonville","state":"Michigan","state_ab":"MI","county":"Oakland","geo_location":{ "type": "Point", "coordinates": [-83.4288, 42.8409] }},
{"zip_code":"49452","country":"US","city":"Rothbury","state":"Michigan","state_ab":"MI","county":"Oceana","geo_location":{ "type": "Point", "coordinates": [-86.3446, 43.5116] }},
{"zip_code":"49735","country":"US","city":"Gaylord","state":"Michigan","state_ab":"MI","county":"Otsego","geo_location":{ "type": "Point", "coordinates": [-84.6723, 45.0125] }},
{"zip_code":"48602","country":"US","city":"Saginaw","state":"Michigan","state_ab":"MI","county":"Saginaw","geo_location":{ "type": "Point", "coordinates": [-83.9745, 43.4248] }},
{"zip_code":"48655","country":"US","city":"Saint Charles","state":"Michigan","state_ab":"MI","county":"Saginaw","geo_location":{ "type": "Point", "coordinates": [-84.1598, 43.2863] }},
{"zip_code":"48022","country":"US","city":"Emmett","state":"Michigan","state_ab":"MI","county":"St. Clair","geo_location":{ "type": "Point", "coordinates": [-82.7854, 42.9872] }},
{"zip_code":"48422","country":"US","city":"Croswell","state":"Michigan","state_ab":"MI","county":"Sanilac","geo_location":{ "type": "Point", "coordinates": [-82.6337, 43.2622] }},
{"zip_code":"48848","country":"US","city":"Laingsburg","state":"Michigan","state_ab":"MI","county":"Shiawassee","geo_location":{ "type": "Point", "coordinates": [-84.353, 42.8627] }},
{"zip_code":"48435","country":"US","city":"Fostoria","state":"Michigan","state_ab":"MI","county":"Tuscola","geo_location":{ "type": "Point", "coordinates": [-83.3796, 43.2645] }},
{"zip_code":"48758","country":"US","city":"Richville","state":"Michigan","state_ab":"MI","county":"Tuscola","geo_location":{ "type": "Point", "coordinates": [-83.6762, 43.4073] }},
{"zip_code":"49065","country":"US","city":"Lawton","state":"Michigan","state_ab":"MI","county":"Van Buren","geo_location":{ "type": "Point", "coordinates": [-85.829, 42.1545] }},
{"zip_code":"48112","country":"US","city":"Belleville","state":"Michigan","state_ab":"MI","county":"Wayne","geo_location":{ "type": "Point", "coordinates": [-83.1508, 42.2399] }},
{"zip_code":"48125","country":"US","city":"Dearborn Heights","state":"Michigan","state_ab":"MI","county":"Wayne","geo_location":{ "type": "Point", "coordinates": [-83.2606, 42.2768] }},
{"zip_code":"48138","country":"US","city":"Grosse Ile","state":"Michigan","state_ab":"MI","county":"Wayne","geo_location":{ "type": "Point", "coordinates": [-83.1561, 42.1352] }},
{"zip_code":"48152","country":"US","city":"Livonia","state":"Michigan","state_ab":"MI","county":"Wayne","geo_location":{ "type": "Point", "coordinates": [-83.3636, 42.4258] }},
{"zip_code":"48192","country":"US","city":"Wyandotte","state":"Michigan","state_ab":"MI","county":"Wayne","geo_location":{ "type": "Point", "coordinates": [-83.1616, 42.2084] }},
{"zip_code":"48202","country":"US","city":"Detroit","state":"Michigan","state_ab":"MI","county":"Wayne","geo_location":{ "type": "Point", "coordinates": [-83.0796, 42.377] }},
{"zip_code":"48215","country":"US","city":"Detroit","state":"Michigan","state_ab":"MI","county":"Wayne","geo_location":{ "type": "Point", "coordinates": [-82.9513, 42.3773] }},
{"zip_code":"48228","country":"US","city":"Detroit","state":"Michigan","state_ab":"MI","county":"Wayne","geo_location":{ "type": "Point", "coordinates": [-83.2168, 42.3547] }},
{"zip_code":"48242","country":"US","city":"Detroit","state":"Michigan","state_ab":"MI","county":"Wayne","geo_location":{ "type": "Point", "coordinates": [-83.3532, 42.2166] }},
{"zip_code":"48255","country":"US","city":"Detroit","state":"Michigan","state_ab":"MI","county":"Wayne","geo_location":{ "type": "Point", "coordinates": [-83.1508, 42.2399] }},
{"zip_code":"48268","country":"US","city":"Detroit","state":"Michigan","state_ab":"MI","county":"Wayne","geo_location":{ "type": "Point", "coordinates": [-83.1508, 42.2399] }},
{"zip_code":"48295","country":"US","city":"Detroit","state":"Michigan","state_ab":"MI","county":"Wayne","geo_location":{ "type": "Point", "coordinates": [-83.1508, 42.2399] }},
{"zip_code":"49618","country":"US","city":"Boon","state":"Michigan","state_ab":"MI","county":"Wexford","geo_location":{ "type": "Point", "coordinates": [-85.6144, 44.2916] }},
{"zip_code":"55752","country":"US","city":"Jacobson","state":"Minnesota","state_ab":"MN","county":"Aitkin","geo_location":{ "type": "Point", "coordinates": [-93.3064, 46.9772] }},
{"zip_code":"56575","country":"US","city":"Ponsford","state":"Minnesota","state_ab":"MN","county":"Becker","geo_location":{ "type": "Point", "coordinates": [-95.3197, 47.0133] }},
{"zip_code":"56678","country":"US","city":"Solway","state":"Minnesota","state_ab":"MN","county":"Beltrami","geo_location":{ "type": "Point", "coordinates": [-95.1205, 47.548] }},
{"zip_code":"56225","country":"US","city":"Clinton","state":"Minnesota","state_ab":"MN","county":"Big Stone","geo_location":{ "type": "Point", "coordinates": [-96.4182, 45.4577] }},
{"zip_code":"56278","country":"US","city":"Ortonville","state":"Minnesota","state_ab":"MN","county":"Big Stone","geo_location":{ "type": "Point", "coordinates": [-96.4596, 45.3296] }},
{"zip_code":"56085","country":"US","city":"Sleepy Eye","state":"Minnesota","state_ab":"MN","county":"Brown","geo_location":{ "type": "Point", "coordinates": [-94.7273, 44.2821] }},
{"zip_code":"56238","country":"US","city":"Evan","state":"Minnesota","state_ab":"MN","county":"Brown County","geo_location":{ "type": "Point", "coordinates": [-94.817, 44.3511] }},
{"zip_code":"55558","country":"US","city":"Young America","state":"Minnesota","state_ab":"MN","county":"Carver","geo_location":{ "type": "Point", "coordinates": [-93.7665, 44.8055] }},
{"zip_code":"56485","country":"US","city":"Whipholt","state":"Minnesota","state_ab":"MN","county":"Cass County","geo_location":{ "type": "Point", "coordinates": [-94.346, 47.0262] }},
{"zip_code":"56665","country":"US","city":"Pitt","state":"Minnesota","state_ab":"MN","county":"Cass County","geo_location":{ "type": "Point", "coordinates": [-94.7283, 48.783] }},
{"zip_code":"56265","country":"US","city":"Montevideo","state":"Minnesota","state_ab":"MN","county":"Chippewa","geo_location":{ "type": "Point", "coordinates": [-95.6765, 44.9688] }},
{"zip_code":"55002","country":"US","city":"Almelund","state":"Minnesota","state_ab":"MN","county":"Chisago","geo_location":{ "type": "Point", "coordinates": [-92.8942, 45.5134] }},
{"zip_code":"56562","country":"US","city":"Moorhead","state":"Minnesota","state_ab":"MN","county":"Clay","geo_location":{ "type": "Point", "coordinates": [-96.5062, 46.89] }},
{"zip_code":"56652","country":"US","city":"Leonard","state":"Minnesota","state_ab":"MN","county":"Clearwater","geo_location":{ "type": "Point", "coordinates": [-95.2481, 47.7334] }},
{"zip_code":"56472","country":"US","city":"Pequot Lakes","state":"Minnesota","state_ab":"MN","county":"Crow Wing","geo_location":{ "type": "Point", "coordinates": [-94.2684, 46.6257] }},
{"zip_code":"55068","country":"US","city":"Rosemount","state":"Minnesota","state_ab":"MN","county":"Dakota","geo_location":{ "type": "Point", "coordinates": [-93.0685, 44.7378] }},
{"zip_code":"55118","country":"US","city":"Saint Paul","state":"Minnesota","state_ab":"MN","county":"Dakota","geo_location":{ "type": "Point", "coordinates": [-93.1034, 44.8965] }},
{"zip_code":"55985","country":"US","city":"West Concord","state":"Minnesota","state_ab":"MN","county":"Dodge","geo_location":{ "type": "Point", "coordinates": [-92.8825, 44.152] }},
{"zip_code":"56315","country":"US","city":"Brandon","state":"Minnesota","state_ab":"MN","county":"Douglas","geo_location":{ "type": "Point", "coordinates": [-95.5788, 46.0039] }},
{"zip_code":"56355","country":"US","city":"Nelson","state":"Minnesota","state_ab":"MN","county":"Douglas","geo_location":{ "type": "Point", "coordinates": [-95.2398, 45.9356] }},
{"zip_code":"56098","country":"US","city":"Winnebago","state":"Minnesota","state_ab":"MN","county":"Faribault","geo_location":{ "type": "Point", "coordinates": [-94.1632, 43.7755] }},
{"zip_code":"56032","country":"US","city":"Freeborn","state":"Minnesota","state_ab":"MN","county":"Freeborn","geo_location":{ "type": "Point", "coordinates": [-93.5254, 43.7838] }},
{"zip_code":"56045","country":"US","city":"Hollandale","state":"Minnesota","state_ab":"MN","county":"Freeborn","geo_location":{ "type": "Point", "coordinates": [-93.168, 43.7528] }},
{"zip_code":"55392","country":"US","city":"Navarre","state":"Minnesota","state_ab":"MN","county":"Hennepin","geo_location":{ "type": "Point", "coordinates": [-93.4719, 45.0159] }},
{"zip_code":"55402","country":"US","city":"Minneapolis","state":"Minnesota","state_ab":"MN","county":"Hennepin","geo_location":{ "type": "Point", "coordinates": [-93.2759, 44.9762] }},
{"zip_code":"55415","country":"US","city":"Minneapolis","state":"Minnesota","state_ab":"MN","county":"Hennepin","geo_location":{ "type": "Point", "coordinates": [-93.2585, 44.9742] }},
{"zip_code":"55428","country":"US","city":"Minneapolis","state":"Minnesota","state_ab":"MN","county":"Hennepin","geo_location":{ "type": "Point", "coordinates": [-93.3811, 45.0632] }},
{"zip_code":"55442","country":"US","city":"Minneapolis","state":"Minnesota","state_ab":"MN","county":"Hennepin","geo_location":{ "type": "Point", "coordinates": [-93.431, 45.0467] }},
{"zip_code":"55455","country":"US","city":"Minneapolis","state":"Minnesota","state_ab":"MN","county":"Hennepin","geo_location":{ "type": "Point", "coordinates": [-93.2331, 44.9735] }},
{"zip_code":"55468","country":"US","city":"Minneapolis","state":"Minnesota","state_ab":"MN","county":"Hennepin","geo_location":{ "type": "Point", "coordinates": [-93.4719, 45.0159] }},
{"zip_code":"55572","country":"US","city":"Maple Plain","state":"Minnesota","state_ab":"MN","county":"Hennepin","geo_location":{ "type": "Point", "coordinates": [-93.4719, 45.0159] }},
{"zip_code":"55598","country":"US","city":"Loretto","state":"Minnesota","state_ab":"MN","county":"Hennepin","geo_location":{ "type": "Point", "coordinates": [-93.4719, 45.0159] }},
{"zip_code":"56458","country":"US","city":"Lake George","state":"Minnesota","state_ab":"MN","county":"Hubbard","geo_location":{ "type": "Point", "coordinates": [-95.0021, 47.215] }},
{"zip_code":"45412","country":"US","city":"Dayton","state":"Ohio","state_ab":"OH","county":"Montgomery","geo_location":{ "type": "Point", "coordinates": [-84.2686, 39.7505] }},
{"zip_code":"43728","country":"US","city":"Chesterhill","state":"Ohio","state_ab":"OH","county":"Morgan","geo_location":{ "type": "Point", "coordinates": [-81.8773, 39.4953] }},
{"zip_code":"43315","country":"US","city":"Cardington","state":"Ohio","state_ab":"OH","county":"Morrow","geo_location":{ "type": "Point", "coordinates": [-82.9337, 40.5066] }},
{"zip_code":"43702","country":"US","city":"Zanesville","state":"Ohio","state_ab":"OH","county":"Muskingum","geo_location":{ "type": "Point", "coordinates": [-81.9625, 39.9612] }},
{"zip_code":"43432","country":"US","city":"Graytown","state":"Ohio","state_ab":"OH","county":"Ottawa","geo_location":{ "type": "Point", "coordinates": [-83.2613, 41.5647] }},
{"zip_code":"43445","country":"US","city":"Martin","state":"Ohio","state_ab":"OH","county":"Ottawa","geo_location":{ "type": "Point", "coordinates": [-83.3116, 41.5694] }},
{"zip_code":"43458","country":"US","city":"Rocky Ridge","state":"Ohio","state_ab":"OH","county":"Ottawa","geo_location":{ "type": "Point", "coordinates": [-83.2128, 41.5302] }},
{"zip_code":"43782","country":"US","city":"Shawnee","state":"Ohio","state_ab":"OH","county":"Perry","geo_location":{ "type": "Point", "coordinates": [-82.2085, 39.611] }},
{"zip_code":"44202","country":"US","city":"Aurora","state":"Ohio","state_ab":"OH","county":"Portage","geo_location":{ "type": "Point", "coordinates": [-81.293, 41.3117] }},
{"zip_code":"44242","country":"US","city":"Kent","state":"Ohio","state_ab":"OH","county":"Portage","geo_location":{ "type": "Point", "coordinates": [-81.1966, 41.17] }},
{"zip_code":"44255","country":"US","city":"Mantua","state":"Ohio","state_ab":"OH","county":"Portage","geo_location":{ "type": "Point", "coordinates": [-81.2283, 41.2941] }},
{"zip_code":"44822","country":"US","city":"Butler","state":"Ohio","state_ab":"OH","county":"Richland","geo_location":{ "type": "Point", "coordinates": [-82.399, 40.5438] }},
{"zip_code":"44862","country":"US","city":"Ontario","state":"Ohio","state_ab":"OH","county":"Richland","geo_location":{ "type": "Point", "coordinates": [-82.5321, 40.7729] }},
{"zip_code":"44875","country":"US","city":"Shelby","state":"Ohio","state_ab":"OH","county":"Richland","geo_location":{ "type": "Point", "coordinates": [-82.6549, 40.8784] }},
{"zip_code":"44705","country":"US","city":"Canton","state":"Ohio","state_ab":"OH","county":"Stark","geo_location":{ "type": "Point", "coordinates": [-81.3399, 40.8259] }},
{"zip_code":"44718","country":"US","city":"Canton","state":"Ohio","state_ab":"OH","county":"Stark","geo_location":{ "type": "Point", "coordinates": [-81.4408, 40.8465] }},
{"zip_code":"44798","country":"US","city":"Canton","state":"Ohio","state_ab":"OH","county":"Stark","geo_location":{ "type": "Point", "coordinates": [-81.3683, 40.8118] }},
{"zip_code":"44305","country":"US","city":"Akron","state":"Ohio","state_ab":"OH","county":"Summit","geo_location":{ "type": "Point", "coordinates": [-81.4644, 41.076] }},
{"zip_code":"44372","country":"US","city":"Akron","state":"Ohio","state_ab":"OH","county":"Summit","geo_location":{ "type": "Point", "coordinates": [-81.54, 41.1287] }},
{"zip_code":"44398","country":"US","city":"Akron","state":"Ohio","state_ab":"OH","county":"Summit","geo_location":{ "type": "Point", "coordinates": [-81.54, 41.1287] }},
{"zip_code":"44488","country":"US","city":"Warren","state":"Ohio","state_ab":"OH","county":"Trumbull","geo_location":{ "type": "Point", "coordinates": [-80.7613, 41.3174] }},
{"zip_code":"43832","country":"US","city":"Newcomerstown","state":"Ohio","state_ab":"OH","county":"Tuscarawas","geo_location":{ "type": "Point", "coordinates": [-81.594, 40.2739] }},
{"zip_code":"44682","country":"US","city":"Tuscarawas","state":"Ohio","state_ab":"OH","county":"Tuscarawas","geo_location":{ "type": "Point", "coordinates": [-81.4069, 40.3959] }},
{"zip_code":"43045","country":"US","city":"Milford Center","state":"Ohio","state_ab":"OH","county":"Union","geo_location":{ "type": "Point", "coordinates": [-83.4373, 40.1817] }},
{"zip_code":"45838","country":"US","city":"Elgin","state":"Ohio","state_ab":"OH","county":"Van Wert","geo_location":{ "type": "Point", "coordinates": [-84.485, 40.7355] }},
{"zip_code":"45672","country":"US","city":"Ray","state":"Ohio","state_ab":"OH","county":"Vinton","geo_location":{ "type": "Point", "coordinates": [-82.6908, 39.2077] }},
{"zip_code":"45698","country":"US","city":"Zaleski","state":"Ohio","state_ab":"OH","county":"Vinton","geo_location":{ "type": "Point", "coordinates": [-82.3977, 39.283] }},
{"zip_code":"45065","country":"US","city":"South Lebanon","state":"Ohio","state_ab":"OH","county":"Warren","geo_location":{ "type": "Point", "coordinates": [-84.2108, 39.3715] }},
{"zip_code":"45788","country":"US","city":"Whipple","state":"Ohio","state_ab":"OH","county":"Washington","geo_location":{ "type": "Point", "coordinates": [-81.3668, 39.5136] }},
{"zip_code":"43522","country":"US","city":"Grand Rapids","state":"Ohio","state_ab":"OH","county":"Wood","geo_location":{ "type": "Point", "coordinates": [-83.8552, 41.4379] }},
{"zip_code":"73932","country":"US","city":"Beaver","state":"Oklahoma","state_ab":"OK","county":"Beaver","geo_location":{ "type": "Point", "coordinates": [-100.5177, 36.8341] }},
{"zip_code":"73648","country":"US","city":"Elk City","state":"Oklahoma","state_ab":"OK","county":"Beckham","geo_location":{ "type": "Point", "coordinates": [-99.6801, 35.2695] }},
{"zip_code":"73662","country":"US","city":"Sayre","state":"Oklahoma","state_ab":"OK","county":"Beckham","geo_location":{ "type": "Point", "coordinates": [-99.6429, 35.3047] }},
{"zip_code":"74702","country":"US","city":"Durant","state":"Oklahoma","state_ab":"OK","county":"Bryan","geo_location":{ "type": "Point", "coordinates": [-96.1918, 33.922] }},
{"zip_code":"73015","country":"US","city":"Carnegie","state":"Oklahoma","state_ab":"OK","county":"Caddo","geo_location":{ "type": "Point", "coordinates": [-98.5755, 35.1235] }},
{"zip_code":"73042","country":"US","city":"Gracemont","state":"Oklahoma","state_ab":"OK","county":"Caddo","geo_location":{ "type": "Point", "coordinates": [-98.2835, 35.1875] }},
{"zip_code":"73402","country":"US","city":"Ardmore","state":"Oklahoma","state_ab":"OK","county":"Carter","geo_location":{ "type": "Point", "coordinates": [-97.2481, 34.2889] }},
{"zip_code":"73068","country":"US","city":"Noble","state":"Oklahoma","state_ab":"OK","county":"Cleveland","geo_location":{ "type": "Point", "coordinates": [-97.3409, 35.1417] }},
{"zip_code":"74535","country":"US","city":"Clarita","state":"Oklahoma","state_ab":"OK","county":"Coal","geo_location":{ "type": "Point", "coordinates": [-96.4246, 34.4979] }},
{"zip_code":"73505","country":"US","city":"Lawton","state":"Oklahoma","state_ab":"OK","county":"Comanche","geo_location":{ "type": "Point", "coordinates": [-98.4552, 34.6179] }},
{"zip_code":"73558","country":"US","city":"Meers","state":"Oklahoma","state_ab":"OK","county":"Comanche","geo_location":{ "type": "Point", "coordinates": [-98.4576, 34.6309] }},
{"zip_code":"73572","country":"US","city":"Walters","state":"Oklahoma","state_ab":"OK","county":"Cotton","geo_location":{ "type": "Point", "coordinates": [-98.314, 34.3605] }},
{"zip_code":"74342","country":"US","city":"Eucha","state":"Oklahoma","state_ab":"OK","county":"Delaware","geo_location":{ "type": "Point", "coordinates": [-94.9157, 36.4063] }},
{"zip_code":"74368","country":"US","city":"Twin Oaks","state":"Oklahoma","state_ab":"OK","county":"Delaware","geo_location":{ "type": "Point", "coordinates": [-94.8511, 36.2031] }},
{"zip_code":"73738","country":"US","city":"Garber","state":"Oklahoma","state_ab":"OK","county":"Garfield","geo_location":{ "type": "Point", "coordinates": [-97.5789, 36.4392] }},
{"zip_code":"74872","country":"US","city":"Stratford","state":"Oklahoma","state_ab":"OK","county":"Garvin","geo_location":{ "type": "Point", "coordinates": [-96.9763, 34.7714] }},
{"zip_code":"73002","country":"US","city":"Alex","state":"Oklahoma","state_ab":"OK","county":"Grady","geo_location":{ "type": "Point", "coordinates": [-97.7571, 34.9612] }},
{"zip_code":"73082","country":"US","city":"Rush Springs","state":"Oklahoma","state_ab":"OK","county":"Grady","geo_location":{ "type": "Point", "coordinates": [-97.9431, 34.7708] }},
{"zip_code":"73855","country":"US","city":"Rosston","state":"Oklahoma","state_ab":"OK","county":"Harper","geo_location":{ "type": "Point", "coordinates": [-99.9003, 36.8789] }},
{"zip_code":"74472","country":"US","city":"Whitefield","state":"Oklahoma","state_ab":"OK","county":"Haskell","geo_location":{ "type": "Point", "coordinates": [-95.2645, 35.2646] }},
{"zip_code":"73532","country":"US","city":"Duke","state":"Oklahoma","state_ab":"OK","county":"Jackson","geo_location":{ "type": "Point", "coordinates": [-99.5482, 34.6668] }},
{"zip_code":"73455","country":"US","city":"Ravia","state":"Oklahoma","state_ab":"OK","county":"Johnston","geo_location":{ "type": "Point", "coordinates": [-96.7529, 34.244] }},
{"zip_code":"74935","country":"US","city":"Fanshawe","state":"Oklahoma","state_ab":"OK","county":"Le Flore","geo_location":{ "type": "Point", "coordinates": [-94.8998, 34.9537] }},
{"zip_code":"74832","country":"US","city":"Carney","state":"Oklahoma","state_ab":"OK","county":"Lincoln","geo_location":{ "type": "Point", "coordinates": [-97.0159, 35.8054] }},
{"zip_code":"73028","country":"US","city":"Crescent","state":"Oklahoma","state_ab":"OK","county":"Logan","geo_location":{ "type": "Point", "coordinates": [-97.5969, 35.942] }},
{"zip_code":"73095","country":"US","city":"Wayne","state":"Oklahoma","state_ab":"OK","county":"McClain","geo_location":{ "type": "Point", "coordinates": [-97.329, 34.9154] }},
{"zip_code":"74728","country":"US","city":"Broken Bow","state":"Oklahoma","state_ab":"OK","county":"McCurtain","geo_location":{ "type": "Point", "coordinates": [-94.7623, 34.027] }},
{"zip_code":"74755","country":"US","city":"Rufe","state":"Oklahoma","state_ab":"OK","county":"McCurtain","geo_location":{ "type": "Point", "coordinates": [-95.1174, 34.1272] }},
{"zip_code":"74432","country":"US","city":"Eufaula","state":"Oklahoma","state_ab":"OK","county":"McIntosh","geo_location":{ "type": "Point", "coordinates": [-95.6472, 35.2911] }},
{"zip_code":"74845","country":"US","city":"Hanna","state":"Oklahoma","state_ab":"OK","county":"McIntosh","geo_location":{ "type": "Point", "coordinates": [-95.8675, 35.2604] }},
{"zip_code":"74072","country":"US","city":"S Coffeyville","state":"Oklahoma","state_ab":"OK","county":"Nowata","geo_location":{ "type": "Point", "coordinates": [-95.6065, 36.9837] }},
{"zip_code":"73105","country":"US","city":"Oklahoma City","state":"Oklahoma","state_ab":"OK","county":"Oklahoma","geo_location":{ "type": "Point", "coordinates": [-97.5003, 35.5108] }},
{"zip_code":"73118","country":"US","city":"Oklahoma City","state":"Oklahoma","state_ab":"OK","county":"Oklahoma","geo_location":{ "type": "Point", "coordinates": [-97.5319, 35.5136] }},
{"zip_code":"73132","country":"US","city":"Oklahoma City","state":"Oklahoma","state_ab":"OK","county":"Oklahoma","geo_location":{ "type": "Point", "coordinates": [-97.6375, 35.5583] }},
{"zip_code":"73145","country":"US","city":"Oklahoma City","state":"Oklahoma","state_ab":"OK","county":"Oklahoma","geo_location":{ "type": "Point", "coordinates": [-97.3962, 35.4304] }},
{"zip_code":"73172","country":"US","city":"Oklahoma City","state":"Oklahoma","state_ab":"OK","county":"Oklahoma","geo_location":{ "type": "Point", "coordinates": [-97.6218, 35.5175] }},
{"zip_code":"73185","country":"US","city":"Oklahoma City","state":"Oklahoma","state_ab":"OK","county":"Oklahoma","geo_location":{ "type": "Point", "coordinates": [-97.4075, 35.5514] }},
{"zip_code":"73198","country":"US","city":"Oklahoma City","state":"Oklahoma","state_ab":"OK","county":"Oklahoma","geo_location":{ "type": "Point", "coordinates": [-97.4075, 35.5514] }},
{"zip_code":"74445","country":"US","city":"Morris","state":"Oklahoma","state_ab":"OK","county":"Okmulgee","geo_location":{ "type": "Point", "coordinates": [-95.8319, 35.6619] }},
{"zip_code":"74652","country":"US","city":"Shidler","state":"Oklahoma","state_ab":"OK","county":"Osage","geo_location":{ "type": "Point", "coordinates": [-96.6607, 36.7819] }},
{"zip_code":"74355","country":"US","city":"Miami","state":"Oklahoma","state_ab":"OK","county":"Ottawa","geo_location":{ "type": "Point", "coordinates": [-94.877, 36.8341] }},
{"zip_code":"74045","country":"US","city":"Maramec","state":"Oklahoma","state_ab":"OK","county":"Pawnee","geo_location":{ "type": "Point", "coordinates": [-96.6939, 36.2246] }},
{"zip_code":"74058","country":"US","city":"Pawnee","state":"Oklahoma","state_ab":"OK","county":"Pawnee","geo_location":{ "type": "Point", "coordinates": [-96.7923, 36.3362] }},
{"zip_code":"74032","country":"US","city":"Glencoe","state":"Oklahoma","state_ab":"OK","county":"Payne","geo_location":{ "type": "Point", "coordinates": [-96.9138, 36.2158] }},
{"zip_code":"74085","country":"US","city":"Yale","state":"Oklahoma","state_ab":"OK","county":"Payne","geo_location":{ "type": "Point", "coordinates": [-96.7022, 36.1101] }},
{"zip_code":"74522","country":"US","city":"Alderson","state":"Oklahoma","state_ab":"OK","county":"Pittsburg","geo_location":{ "type": "Point", "coordinates": [-95.6981, 34.9045] }},
{"zip_code":"74548","country":"US","city":"Haywood","state":"Oklahoma","state_ab":"OK","county":"Pittsburg County","geo_location":{ "type": "Point", "coordinates": [-95.9723, 34.9547] }},
{"zip_code":"74562","country":"US","city":"Rattan","state":"Oklahoma","state_ab":"OK","county":"Pushmataha","geo_location":{ "type": "Point", "coordinates": [-95.3442, 34.2454] }},
{"zip_code":"74018","country":"US","city":"Claremore","state":"Oklahoma","state_ab":"OK","county":"Rogers","geo_location":{ "type": "Point", "coordinates": [-95.606, 36.3436] }},
{"zip_code":"74818","country":"US","city":"Seminole","state":"Oklahoma","state_ab":"OK","county":"Seminole","geo_location":{ "type": "Point", "coordinates": [-96.6091, 35.1622] }},
{"zip_code":"74948","country":"US","city":"Muldrow","state":"Oklahoma","state_ab":"OK","county":"Sequoyah","geo_location":{ "type": "Point", "coordinates": [-94.6332, 35.402] }},
{"zip_code":"74962","country":"US","city":"Vian","state":"Oklahoma","state_ab":"OK","county":"Sequoyah","geo_location":{ "type": "Point", "coordinates": [-94.9888, 35.5404] }},
{"zip_code":"73055","country":"US","city":"Bray","state":"Oklahoma","state_ab":"OK","county":"Stephens","geo_location":{ "type": "Point", "coordinates": [-97.8175, 34.6379] }},
{"zip_code":"73442","country":"US","city":"Loco","state":"Oklahoma","state_ab":"OK","county":"Stephens","geo_location":{ "type": "Point", "coordinates": [-97.6658, 34.3214] }},
{"zip_code":"73945","country":"US","city":"Hooker","state":"Oklahoma","state_ab":"OK","county":"Texas","geo_location":{ "type": "Point", "coordinates": [-101.2163, 36.8109] }},
{"zip_code":"74108","country":"US","city":"Tulsa","state":"Oklahoma","state_ab":"OK","county":"Tulsa","geo_location":{ "type": "Point", "coordinates": [-95.7923, 36.1499] }},
{"zip_code":"74135","country":"US","city":"Tulsa","state":"Oklahoma","state_ab":"OK","county":"Tulsa","geo_location":{ "type": "Point", "coordinates": [-95.9228, 36.0976] }},
{"zip_code":"74148","country":"US","city":"Tulsa","state":"Oklahoma","state_ab":"OK","county":"Tulsa","geo_location":{ "type": "Point", "coordinates": [-96.0297, 36.1398] }},
{"zip_code":"74458","country":"US","city":"Redbird","state":"Oklahoma","state_ab":"OK","county":"Wagoner","geo_location":{ "type": "Point", "coordinates": [-95.5917, 35.8836] }},
{"zip_code":"74005","country":"US","city":"Bartlesville","state":"Oklahoma","state_ab":"OK","county":"Washington","geo_location":{ "type": "Point", "coordinates": [-95.894, 36.7114] }},
{"zip_code":"73622","country":"US","city":"Bessie","state":"Oklahoma","state_ab":"OK","county":"Washita","geo_location":{ "type": "Point", "coordinates": [-98.9896, 35.3854] }},
{"zip_code":"73725","country":"US","city":"Capron","state":"Oklahoma","state_ab":"OK","county":"Woods County","geo_location":{ "type": "Point", "coordinates": [-98.631, 36.927] }},
{"zip_code":"73842","country":"US","city":"Freedom","state":"Oklahoma","state_ab":"OK","county":"Woods","geo_location":{ "type": "Point", "coordinates": [-99.1319, 36.809] }},
{"zip_code":"73802","country":"US","city":"Woodward","state":"Oklahoma","state_ab":"OK","county":"Woodward","geo_location":{ "type": "Point", "coordinates": [-99.3003, 36.544] }},
{"zip_code":"97022","country":"US","city":"Eagle Creek","state":"Oregon","state_ab":"OR","county":"Clackamas","geo_location":{ "type": "Point", "coordinates": [-122.3381, 45.3582] }},
{"zip_code":"97035","country":"US","city":"Lake Oswego","state":"Oregon","state_ab":"OR","county":"Clackamas","geo_location":{ "type": "Point", "coordinates": [-122.7227, 45.4147] }},
{"zip_code":"97268","country":"US","city":"Portland","state":"Oregon","state_ab":"OR","county":"Clackamas","geo_location":{ "type": "Point", "coordinates": [-122.2599, 45.1733] }},
{"zip_code":"97138","country":"US","city":"Seaside","state":"Oregon","state_ab":"OR","county":"Clatsop","geo_location":{ "type": "Point", "coordinates": [-123.6736, 45.9027] }},
{"zip_code":"97048","country":"US","city":"Rainier","state":"Oregon","state_ab":"OR","county":"Columbia","geo_location":{ "type": "Point", "coordinates": [-122.9671, 46.0646] }},
{"zip_code":"97435","country":"US","city":"Drain","state":"Oregon","state_ab":"OR","county":"Douglas","geo_location":{ "type": "Point", "coordinates": [-123.2929, 43.6877] }},
{"zip_code":"97462","country":"US","city":"Oakland","state":"Oregon","state_ab":"OR","county":"Douglas","geo_location":{ "type": "Point", "coordinates": [-123.3558, 43.453] }},
{"zip_code":"97848","country":"US","city":"Kimberly","state":"Oregon","state_ab":"OR","county":"Grant","geo_location":{ "type": "Point", "coordinates": [-119.5965, 44.7226] }},
{"zip_code":"97732","country":"US","city":"Crane","state":"Oregon","state_ab":"OR","county":"Harney","geo_location":{ "type": "Point", "coordinates": [-118.4642, 43.4262] }},
{"zip_code":"97758","country":"US","city":"Riley","state":"Oregon","state_ab":"OR","county":"Harney","geo_location":{ "type": "Point", "coordinates": [-119.8798, 43.3886] }},
{"zip_code":"97525","country":"US","city":"Gold Hill","state":"Oregon","state_ab":"OR","county":"Jackson","geo_location":{ "type": "Point", "coordinates": [-123.0854, 42.4244] }},
{"zip_code":"97538","country":"US","city":"Selma","state":"Oregon","state_ab":"OR","county":"Josephine","geo_location":{ "type": "Point", "coordinates": [-123.5515, 42.2654] }},
{"zip_code":"97602","country":"US","city":"Klamath Falls","state":"Oregon","state_ab":"OR","county":"Klamath","geo_location":{ "type": "Point", "coordinates": [-121.5848, 42.805] }},
{"zip_code":"97408","country":"US","city":"Eugene","state":"Oregon","state_ab":"OR","county":"Lane","geo_location":{ "type": "Point", "coordinates": [-123.0545, 44.1445] }},
{"zip_code":"97448","country":"US","city":"Junction City","state":"Oregon","state_ab":"OR","county":"Lane","geo_location":{ "type": "Point", "coordinates": [-123.23, 44.1988] }},
{"zip_code":"97475","country":"US","city":"Springfield","state":"Oregon","state_ab":"OR","county":"Lane County","geo_location":{ "type": "Point", "coordinates": [-122.9748, 44.0437] }},
{"zip_code":"97488","country":"US","city":"Vida","state":"Oregon","state_ab":"OR","county":"Lane","geo_location":{ "type": "Point", "coordinates": [-122.5044, 44.13] }},
{"zip_code":"97372","country":"US","city":"Rose Lodge","state":"Oregon","state_ab":"OR","county":"Lincoln","geo_location":{ "type": "Point", "coordinates": [-123.892, 44.66] }},
{"zip_code":"97345","country":"US","city":"Foster","state":"Oregon","state_ab":"OR","county":"Linn","geo_location":{ "type": "Point", "coordinates": [-122.5449, 44.3836] }},
{"zip_code":"97358","country":"US","city":"Lyons","state":"Oregon","state_ab":"OR","county":"Linn","geo_location":{ "type": "Point", "coordinates": [-122.595, 44.7499] }},
{"zip_code":"97305","country":"US","city":"Salem","state":"Oregon","state_ab":"OR","county":"Marion","geo_location":{ "type": "Point", "coordinates": [-122.9124, 44.9961] }},
{"zip_code":"97385","country":"US","city":"Sublimity","state":"Oregon","state_ab":"OR","county":"Marion","geo_location":{ "type": "Point", "coordinates": [-122.8007, 44.8425] }},
{"zip_code":"97202","country":"US","city":"Portland","state":"Oregon","state_ab":"OR","county":"Multnomah","geo_location":{ "type": "Point", "coordinates": [-122.6365, 45.484] }},
{"zip_code":"97215","country":"US","city":"Portland","state":"Oregon","state_ab":"OR","county":"Multnomah","geo_location":{ "type": "Point", "coordinates": [-122.599, 45.5143] }},
{"zip_code":"97228","country":"US","city":"Portland","state":"Oregon","state_ab":"OR","county":"Multnomah","geo_location":{ "type": "Point", "coordinates": [-122.3748, 45.5806] }},
{"zip_code":"97242","country":"US","city":"Portland","state":"Oregon","state_ab":"OR","county":"Multnomah","geo_location":{ "type": "Point", "coordinates": [-122.3748, 45.5806] }},
{"zip_code":"97255","country":"US","city":"Portland","state":"Oregon","state_ab":"OR","county":"Multnomah","geo_location":{ "type": "Point", "coordinates": [-122.3748, 45.5806] }},
{"zip_code":"97282","country":"US","city":"Portland","state":"Oregon","state_ab":"OR","county":"Multnomah","geo_location":{ "type": "Point", "coordinates": [-122.3748, 45.5806] }},
{"zip_code":"97112","country":"US","city":"Cloverdale","state":"Oregon","state_ab":"OR","county":"Tillamook","geo_location":{ "type": "Point", "coordinates": [-123.8356, 45.2858] }},
{"zip_code":"97835","country":"US","city":"Helix","state":"Oregon","state_ab":"OR","county":"Umatilla","geo_location":{ "type": "Point", "coordinates": [-118.7222, 45.8665] }},
{"zip_code":"97862","country":"US","city":"Milton Freewater","state":"Oregon","state_ab":"OR","county":"Umatilla","geo_location":{ "type": "Point", "coordinates": [-118.3912, 45.9486] }},
{"zip_code":"97875","country":"US","city":"Stanfield","state":"Oregon","state_ab":"OR","county":"Umatilla","geo_location":{ "type": "Point", "coordinates": [-119.2116, 45.786] }},
{"zip_code":"97008","country":"US","city":"Beaverton","state":"Oregon","state_ab":"OR","county":"Washington","geo_location":{ "type": "Point", "coordinates": [-122.7996, 45.456] }},
{"zip_code":"97062","country":"US","city":"Tualatin","state":"Oregon","state_ab":"OR","county":"Washington","geo_location":{ "type": "Point", "coordinates": [-122.7631, 45.3727] }},
{"zip_code":"97075","country":"US","city":"Beaverton","state":"Oregon","state_ab":"OR","county":"Washington","geo_location":{ "type": "Point", "coordinates": [-123.1147, 45.5486] }},
{"zip_code":"97125","country":"US","city":"Manning","state":"Oregon","state_ab":"OR","county":"Washington","geo_location":{ "type": "Point", "coordinates": [-123.1917, 45.6592] }},
{"zip_code":"17372","country":"US","city":"York Springs","state":"Pennsylvania","state_ab":"PA","county":"Adams","geo_location":{ "type": "Point", "coordinates": [-77.1061, 40.0084] }},
{"zip_code":"15015","country":"US","city":"Bradfordwoods","state":"Pennsylvania","state_ab":"PA","county":"Allegheny","geo_location":{ "type": "Point", "coordinates": [-80.0811, 40.6372] }},
{"zip_code":"15028","country":"US","city":"Coulters","state":"Pennsylvania","state_ab":"PA","county":"Allegheny","geo_location":{ "type": "Point", "coordinates": [-80.0248, 40.4344] }},
{"zip_code":"15082","country":"US","city":"Sturgeon","state":"Pennsylvania","state_ab":"PA","county":"Allegheny","geo_location":{ "type": "Point", "coordinates": [-80.2083, 40.3863] }},
{"zip_code":"15095","country":"US","city":"Warrendale","state":"Pennsylvania","state_ab":"PA","county":"Allegheny","geo_location":{ "type": "Point", "coordinates": [-80.0248, 40.4344] }},
{"zip_code":"15132","country":"US","city":"Mc Keesport","state":"Pennsylvania","state_ab":"PA","county":"Allegheny","geo_location":{ "type": "Point", "coordinates": [-79.8452, 40.3417] }},
{"zip_code":"15145","country":"US","city":"Turtle Creek","state":"Pennsylvania","state_ab":"PA","county":"Allegheny","geo_location":{ "type": "Point", "coordinates": [-79.822, 40.4113] }},
{"zip_code":"15208","country":"US","city":"Pittsburgh","state":"Pennsylvania","state_ab":"PA","county":"Allegheny","geo_location":{ "type": "Point", "coordinates": [-79.8995, 40.4532] }},
{"zip_code":"15222","country":"US","city":"Pittsburgh","state":"Pennsylvania","state_ab":"PA","county":"Allegheny","geo_location":{ "type": "Point", "coordinates": [-79.9933, 40.4477] }},
{"zip_code":"15235","country":"US","city":"Pittsburgh","state":"Pennsylvania","state_ab":"PA","county":"Allegheny","geo_location":{ "type": "Point", "coordinates": [-79.8224, 40.4598] }},
{"zip_code":"15262","country":"US","city":"Pittsburgh","state":"Pennsylvania","state_ab":"PA","county":"Allegheny","geo_location":{ "type": "Point", "coordinates": [-80.0248, 40.4344] }},
{"zip_code":"15275","country":"US","city":"Pittsburgh","state":"Pennsylvania","state_ab":"PA","county":"Allegheny","geo_location":{ "type": "Point", "coordinates": [-80.1795, 40.4495] }},
{"zip_code":"16212","country":"US","city":"Cadogan","state":"Pennsylvania","state_ab":"PA","county":"Armstrong","geo_location":{ "type": "Point", "coordinates": [-79.5798, 40.7539] }},
{"zip_code":"16238","country":"US","city":"Manorville","state":"Pennsylvania","state_ab":"PA","county":"Armstrong","geo_location":{ "type": "Point", "coordinates": [-79.5213, 40.7863] }},
{"zip_code":"15042","country":"US","city":"Freedom","state":"Pennsylvania","state_ab":"PA","county":"Beaver","geo_location":{ "type": "Point", "coordinates": [-80.2147, 40.683] }},
{"zip_code":"15545","country":"US","city":"Hyndman","state":"Pennsylvania","state_ab":"PA","county":"Bedford","geo_location":{ "type": "Point", "coordinates": [-78.7335, 39.8049] }},
{"zip_code":"16678","country":"US","city":"Saxton","state":"Pennsylvania","state_ab":"PA","county":"Bedford","geo_location":{ "type": "Point", "coordinates": [-78.2471, 40.2233] }},
{"zip_code":"19505","country":"US","city":"Bechtelsville","state":"Pennsylvania","state_ab":"PA","county":"Berks","geo_location":{ "type": "Point", "coordinates": [-75.6257, 40.3795] }},
{"zip_code":"19518","country":"US","city":"Douglassville","state":"Pennsylvania","state_ab":"PA","county":"Berks","geo_location":{ "type": "Point", "coordinates": [-75.7397, 40.2709] }},
{"zip_code":"19545","country":"US","city":"New Berlinville","state":"Pennsylvania","state_ab":"PA","county":"Berks","geo_location":{ "type": "Point", "coordinates": [-75.6302, 40.3397] }},
{"zip_code":"19608","country":"US","city":"Reading","state":"Pennsylvania","state_ab":"PA","county":"Berks","geo_location":{ "type": "Point", "coordinates": [-76.0345, 40.3113] }},
{"zip_code":"16625","country":"US","city":"Claysburg","state":"Pennsylvania","state_ab":"PA","county":"Blair","geo_location":{ "type": "Point", "coordinates": [-78.5083, 40.2821] }},
{"zip_code":"16665","country":"US","city":"Newry","state":"Pennsylvania","state_ab":"PA","county":"Blair","geo_location":{ "type": "Point", "coordinates": [-78.4472, 40.3855] }},
{"zip_code":"18902","country":"US","city":"Doylestown","state":"Pennsylvania","state_ab":"PA","county":"Bucks County","geo_location":{ "type": "Point", "coordinates": [-75.0968, 40.3477] }},
{"zip_code":"18928","country":"US","city":"Holicong","state":"Pennsylvania","state_ab":"PA","county":"Bucks","geo_location":{ "type": "Point", "coordinates": [-75.0429, 40.336] }},
{"zip_code":"18942","country":"US","city":"Ottsville","state":"Pennsylvania","state_ab":"PA","county":"Bucks","geo_location":{ "type": "Point", "coordinates": [-75.157, 40.4592] }},
{"zip_code":"18955","country":"US","city":"Richlandtown","state":"Pennsylvania","state_ab":"PA","county":"Bucks","geo_location":{ "type": "Point", "coordinates": [-75.3146, 40.4796] }},
{"zip_code":"18968","country":"US","city":"Spinnerstown","state":"Pennsylvania","state_ab":"PA","county":"Bucks","geo_location":{ "type": "Point", "coordinates": [-75.1028, 40.3286] }},
{"zip_code":"19055","country":"US","city":"Levittown","state":"Pennsylvania","state_ab":"PA","county":"Bucks","geo_location":{ "type": "Point", "coordinates": [-74.8371, 40.1483] }},
{"zip_code":"16018","country":"US","city":"Boyers","state":"Pennsylvania","state_ab":"PA","county":"Butler","geo_location":{ "type": "Point", "coordinates": [-79.9276, 40.9211] }},
{"zip_code":"16045","country":"US","city":"Lyndora","state":"Pennsylvania","state_ab":"PA","county":"Butler","geo_location":{ "type": "Point", "coordinates": [-79.9167, 40.8528] }},
{"zip_code":"15738","country":"US","city":"Emeigh","state":"Pennsylvania","state_ab":"PA","county":"Cambria","geo_location":{ "type": "Point", "coordinates": [-78.7751, 40.6936] }},
{"zip_code":"15905","country":"US","city":"Johnstown","state":"Pennsylvania","state_ab":"PA","county":"Cambria","geo_location":{ "type": "Point", "coordinates": [-78.943, 40.3072] }},
{"zip_code":"15945","country":"US","city":"Parkhill","state":"Pennsylvania","state_ab":"PA","county":"Cambria","geo_location":{ "type": "Point", "coordinates": [-78.8733, 40.3567] }},
{"zip_code":"15958","country":"US","city":"Summerhill","state":"Pennsylvania","state_ab":"PA","county":"Cambria","geo_location":{ "type": "Point", "coordinates": [-78.756, 40.389] }},
{"zip_code":"18012","country":"US","city":"Aquashicola","state":"Pennsylvania","state_ab":"PA","county":"Carbon","geo_location":{ "type": "Point", "coordinates": [-75.592, 40.8133] }},
{"zip_code":"18232","country":"US","city":"Lansford","state":"Pennsylvania","state_ab":"PA","county":"Carbon","geo_location":{ "type": "Point", "coordinates": [-75.8828, 40.8314] }},
{"zip_code":"16805","country":"US","city":"State College","state":"Pennsylvania","state_ab":"PA","county":"Centre","geo_location":{ "type": "Point", "coordinates": [-77.7602, 40.9722] }},
{"zip_code":"16832","country":"US","city":"Coburn","state":"Pennsylvania","state_ab":"PA","county":"Centre","geo_location":{ "type": "Point", "coordinates": [-77.4509, 40.8383] }},
{"zip_code":"16872","country":"US","city":"Rebersburg","state":"Pennsylvania","state_ab":"PA","county":"Centre","geo_location":{ "type": "Point", "coordinates": [-77.4053, 40.9549] }},
{"zip_code":"19312","country":"US","city":"Berwyn","state":"Pennsylvania","state_ab":"PA","county":"Chester","geo_location":{ "type": "Point", "coordinates": [-75.4475, 40.0412] }},
{"zip_code":"19352","country":"US","city":"Lincoln University","state":"Pennsylvania","state_ab":"PA","county":"Chester","geo_location":{ "type": "Point", "coordinates": [-75.8876, 39.7787] }},
{"zip_code":"19365","country":"US","city":"Parkesburg","state":"Pennsylvania","state_ab":"PA","county":"Chester","geo_location":{ "type": "Point", "coordinates": [-75.926, 39.9654] }},
{"zip_code":"19442","country":"US","city":"Kimberton","state":"Pennsylvania","state_ab":"PA","county":"Chester","geo_location":{ "type": "Point", "coordinates": [-75.6177, 40.1465] }},
{"zip_code":"19482","country":"US","city":"Valley Forge","state":"Pennsylvania","state_ab":"PA","county":"Chester","geo_location":{ "type": "Point", "coordinates": [-75.4554, 40.0803] }},
{"zip_code":"19495","country":"US","city":"Valley Forge","state":"Pennsylvania","state_ab":"PA","county":"Chester","geo_location":{ "type": "Point", "coordinates": [-75.7481, 39.9832] }},
{"zip_code":"16058","country":"US","city":"Turkey City","state":"Pennsylvania","state_ab":"PA","county":"Clarion","geo_location":{ "type": "Point", "coordinates": [-79.4538, 41.2023] }},
{"zip_code":"16225","country":"US","city":"Fisher","state":"Pennsylvania","state_ab":"PA","county":"Clarion","geo_location":{ "type": "Point", "coordinates": [-79.4538, 41.2023] }},
{"zip_code":"16692","country":"US","city":"Westover","state":"Pennsylvania","state_ab":"PA","county":"Clearfield","geo_location":{ "type": "Point", "coordinates": [-78.7355, 40.7615] }},
{"zip_code":"16845","country":"US","city":"Karthaus","state":"Pennsylvania","state_ab":"PA","county":"Clearfield","geo_location":{ "type": "Point", "coordinates": [-78.0875, 41.1136] }},
{"zip_code":"16858","country":"US","city":"Morrisdale","state":"Pennsylvania","state_ab":"PA","county":"Clearfield","geo_location":{ "type": "Point", "coordinates": [-78.2357, 41.0001] }},
{"zip_code":"17745","country":"US","city":"Lock Haven","state":"Pennsylvania","state_ab":"PA","county":"Clinton","geo_location":{ "type": "Point", "coordinates": [-77.4436, 41.1425] }},
{"zip_code":"17888","country":"US","city":"Wilburton","state":"Pennsylvania","state_ab":"PA","county":"Columbia","geo_location":{ "type": "Point", "coordinates": [-76.3929, 40.8121] }},
{"zip_code":"16328","country":"US","city":"Hydetown","state":"Pennsylvania","state_ab":"PA","county":"Crawford","geo_location":{ "type": "Point", "coordinates": [-80.0658, 41.6661] }},
{"zip_code":"16432","country":"US","city":"Riceville","state":"Pennsylvania","state_ab":"PA","county":"Crawford","geo_location":{ "type": "Point", "coordinates": [-80.0658, 41.6661] }},
{"zip_code":"17008","country":"US","city":"Bowmansdale","state":"Pennsylvania","state_ab":"PA","county":"Cumberland","geo_location":{ "type": "Point", "coordinates": [-76.9784, 40.1671] }},
{"zip_code":"17048","country":"US","city":"Lykens","state":"Pennsylvania","state_ab":"PA","county":"Dauphin","geo_location":{ "type": "Point", "coordinates": [-76.7074, 40.5909] }},
{"zip_code":"17112","country":"US","city":"Harrisburg","state":"Pennsylvania","state_ab":"PA","county":"Dauphin","geo_location":{ "type": "Point", "coordinates": [-76.7914, 40.3352] }},
{"zip_code":"17125","country":"US","city":"Harrisburg","state":"Pennsylvania","state_ab":"PA","county":"Dauphin","geo_location":{ "type": "Point", "coordinates": [-76.8829, 40.2662] }},
{"zip_code":"19015","country":"US","city":"Brookhaven","state":"Pennsylvania","state_ab":"PA","county":"Delaware","geo_location":{ "type": "Point", "coordinates": [-75.3885, 39.8654] }},
{"zip_code":"19028","country":"US","city":"Edgemont","state":"Pennsylvania","state_ab":"PA","county":"Delaware","geo_location":{ "type": "Point", "coordinates": [-75.406, 39.934] }},
{"zip_code":"19082","country":"US","city":"Upper Darby","state":"Pennsylvania","state_ab":"PA","county":"Delaware","geo_location":{ "type": "Point", "coordinates": [-75.2681, 39.9579] }},
{"zip_code":"15868","country":"US","city":"Weedville","state":"Pennsylvania","state_ab":"PA","county":"Elk","geo_location":{ "type": "Point", "coordinates": [-78.4952, 41.2685] }},
{"zip_code":"16728","country":"US","city":"De Young","state":"Pennsylvania","state_ab":"PA","county":"Elk","geo_location":{ "type": "Point", "coordinates": [-78.6651, 41.4159] }},
{"zip_code":"16508","country":"US","city":"Erie","state":"Pennsylvania","state_ab":"PA","county":"Erie","geo_location":{ "type": "Point", "coordinates": [-80.0935, 42.0976] }},
{"zip_code":"16522","country":"US","city":"Erie","state":"Pennsylvania","state_ab":"PA","county":"Erie","geo_location":{ "type": "Point", "coordinates": [-80.0649, 42.1827] }},
{"zip_code":"15415","country":"US","city":"Brier Hill","state":"Pennsylvania","state_ab":"PA","county":"Fayette","geo_location":{ "type": "Point", "coordinates": [-79.8504, 39.9808] }},
{"zip_code":"15428","country":"US","city":"Dawson","state":"Pennsylvania","state_ab":"PA","county":"Fayette","geo_location":{ "type": "Point", "coordinates": [-79.6602, 40.0638] }},
{"zip_code":"15442","country":"US","city":"Grindstone","state":"Pennsylvania","state_ab":"PA","county":"Fayette","geo_location":{ "type": "Point", "coordinates": [-79.8404, 40.0084] }},
{"zip_code":"15455","country":"US","city":"Leisenring","state":"Pennsylvania","state_ab":"PA","county":"Fayette","geo_location":{ "type": "Point", "coordinates": [-79.6435, 39.9985] }},
{"zip_code":"15468","country":"US","city":"New Salem","state":"Pennsylvania","state_ab":"PA","county":"Fayette","geo_location":{ "type": "Point", "coordinates": [-79.841, 39.9418] }},
{"zip_code":"15482","country":"US","city":"Star Junction","state":"Pennsylvania","state_ab":"PA","county":"Fayette","geo_location":{ "type": "Point", "coordinates": [-79.769, 40.0651] }},
{"zip_code":"15828","country":"US","city":"Clarington","state":"Pennsylvania","state_ab":"PA","county":"Forest","geo_location":{ "type": "Point", "coordinates": [-79.1466, 41.3233] }},
{"zip_code":"17202","country":"US","city":"Chambersburg","state":"Pennsylvania","state_ab":"PA","county":"Franklin County","geo_location":{ "type": "Point", "coordinates": [-77.636, 39.9072] }},
{"zip_code":"17268","country":"US","city":"Waynesboro","state":"Pennsylvania","state_ab":"PA","county":"Franklin","geo_location":{ "type": "Point", "coordinates": [-77.5674, 39.7635] }},
{"zip_code":"17215","country":"US","city":"Burnt Cabins","state":"Pennsylvania","state_ab":"PA","county":"Fulton","geo_location":{ "type": "Point", "coordinates": [-77.9017, 40.0753] }},
{"zip_code":"17228","country":"US","city":"Harrisonville","state":"Pennsylvania","state_ab":"PA","county":"Fulton","geo_location":{ "type": "Point", "coordinates": [-78.0841, 39.9761] }},
{"zip_code":"15325","country":"US","city":"Crucible","state":"Pennsylvania","state_ab":"PA","county":"Greene","geo_location":{ "type": "Point", "coordinates": [-79.9676, 39.9502] }},
{"zip_code":"15338","country":"US","city":"Greensboro","state":"Pennsylvania","state_ab":"PA","county":"Greene","geo_location":{ "type": "Point", "coordinates": [-79.9399, 39.8045] }},
{"zip_code":"15352","country":"US","city":"New Freeport","state":"Pennsylvania","state_ab":"PA","county":"Greene","geo_location":{ "type": "Point", "coordinates": [-80.4542, 39.7507] }},
{"zip_code":"16638","country":"US","city":"Entriken","state":"Pennsylvania","state_ab":"PA","county":"Huntingdon","geo_location":{ "type": "Point", "coordinates": [-77.967, 40.4025] }},
{"zip_code":"16652","country":"US","city":"Huntingdon","state":"Pennsylvania","state_ab":"PA","county":"Huntingdon","geo_location":{ "type": "Point", "coordinates": [-78.005, 40.5023] }},
{"zip_code":"17255","country":"US","city":"Shade Gap","state":"Pennsylvania","state_ab":"PA","county":"Huntingdon","geo_location":{ "type": "Point", "coordinates": [-77.868, 40.173] }},
{"zip_code":"15712","country":"US","city":"Arcadia","state":"Pennsylvania","state_ab":"PA","county":"Indiana","geo_location":{ "type": "Point", "coordinates": [-78.8536, 40.7817] }},
{"zip_code":"15725","country":"US","city":"Clarksburg","state":"Pennsylvania","state_ab":"PA","county":"Indiana","geo_location":{ "type": "Point", "coordinates": [-79.3677, 40.5039] }},
{"zip_code":"15752","country":"US","city":"Kent","state":"Pennsylvania","state_ab":"PA","county":"Indiana","geo_location":{ "type": "Point", "coordinates": [-79.282, 40.5412] }}]}