{"value": [{"zip_code":"51531","country":"US","city":"Elk Horn","state":"Iowa","state_ab":"IA","county":"Shelby","geo_location":{ "type": "Point", "coordinates": [-95.07, 41.5829] }},
{"zip_code":"51027","country":"US","city":"Ireton","state":"Iowa","state_ab":"IA","county":"Sioux","geo_location":{ "type": "Point", "coordinates": [-96.3232, 42.9666] }},
{"zip_code":"51041","country":"US","city":"Orange City","state":"Iowa","state_ab":"IA","county":"Sioux","geo_location":{ "type": "Point", "coordinates": [-96.0565, 43.0185] }},
{"zip_code":"51234","country":"US","city":"Boyden","state":"Iowa","state_ab":"IA","county":"Sioux","geo_location":{ "type": "Point", "coordinates": [-95.9823, 43.2034] }},
{"zip_code":"51247","country":"US","city":"Rock Valley","state":"Iowa","state_ab":"IA","county":"Sioux","geo_location":{ "type": "Point", "coordinates": [-96.3103, 43.2014] }},
{"zip_code":"50011","country":"US","city":"Ames","state":"Iowa","state_ab":"IA","county":"Story","geo_location":{ "type": "Point", "coordinates": [-93.4652, 42.036] }},
{"zip_code":"50154","country":"US","city":"Mc Callsburg","state":"Iowa","state_ab":"IA","county":"Story","geo_location":{ "type": "Point", "coordinates": [-93.3978, 42.1665] }},
{"zip_code":"50244","country":"US","city":"Slater","state":"Iowa","state_ab":"IA","county":"Story","geo_location":{ "type": "Point", "coordinates": [-93.6812, 41.8765] }},
{"zip_code":"52224","country":"US","city":"Dysart","state":"Iowa","state_ab":"IA","county":"Tama","geo_location":{ "type": "Point", "coordinates": [-92.3187, 42.169] }},
{"zip_code":"50851","country":"US","city":"Lenox","state":"Iowa","state_ab":"IA","county":"Taylor","geo_location":{ "type": "Point", "coordinates": [-94.5612, 40.8841] }},
{"zip_code":"52651","country":"US","city":"Stockport","state":"Iowa","state_ab":"IA","county":"Van Buren","geo_location":{ "type": "Point", "coordinates": [-91.8141, 40.8584] }},
{"zip_code":"52327","country":"US","city":"Riverside","state":"Iowa","state_ab":"IA","county":"Washington","geo_location":{ "type": "Point", "coordinates": [-91.5741, 41.4758] }},
{"zip_code":"50501","country":"US","city":"Fort Dodge","state":"Iowa","state_ab":"IA","county":"Webster","geo_location":{ "type": "Point", "coordinates": [-94.1807, 42.5088] }},
{"zip_code":"50594","country":"US","city":"Vincent","state":"Iowa","state_ab":"IA","county":"Webster","geo_location":{ "type": "Point", "coordinates": [-94.0335, 42.5623] }},
{"zip_code":"50424","country":"US","city":"Buffalo Center","state":"Iowa","state_ab":"IA","county":"Winnebago","geo_location":{ "type": "Point", "coordinates": [-93.9376, 43.3732] }},
{"zip_code":"52161","country":"US","city":"Ossian","state":"Iowa","state_ab":"IA","county":"Winneshiek","geo_location":{ "type": "Point", "coordinates": [-91.7734, 43.1379] }},
{"zip_code":"51054","country":"US","city":"Sergeant Bluff","state":"Iowa","state_ab":"IA","county":"Woodbury","geo_location":{ "type": "Point", "coordinates": [-96.3534, 42.4019] }},
{"zip_code":"51104","country":"US","city":"Sioux City","state":"Iowa","state_ab":"IA","county":"Woodbury","geo_location":{ "type": "Point", "coordinates": [-96.4005, 42.5254] }},
{"zip_code":"50101","country":"US","city":"Galt","state":"Iowa","state_ab":"IA","county":"Wright","geo_location":{ "type": "Point", "coordinates": [-93.6035, 42.6912] }},
{"zip_code":"83701","country":"US","city":"Boise","state":"Idaho","state_ab":"ID","county":"Ada","geo_location":{ "type": "Point", "coordinates": [-116.2729, 43.6038] }},
{"zip_code":"83714","country":"US","city":"Boise","state":"Idaho","state_ab":"ID","county":"Ada","geo_location":{ "type": "Point", "coordinates": [-116.2797, 43.7318] }},
{"zip_code":"83727","country":"US","city":"Boise","state":"Idaho","state_ab":"ID","county":"Ada","geo_location":{ "type": "Point", "coordinates": [-116.244, 43.4599] }},
{"zip_code":"83277","country":"US","city":"Springfield","state":"Idaho","state_ab":"ID","county":"Bingham","geo_location":{ "type": "Point", "coordinates": [-112.673, 43.0803] }},
{"zip_code":"83354","country":"US","city":"Sun Valley","state":"Idaho","state_ab":"ID","county":"Blaine","geo_location":{ "type": "Point", "coordinates": [-114.3226, 43.5946] }},
{"zip_code":"83637","country":"US","city":"Lowman","state":"Idaho","state_ab":"ID","county":"Boise","geo_location":{ "type": "Point", "coordinates": [-115.5285, 44.1106] }},
{"zip_code":"83804","country":"US","city":"Blanchard","state":"Idaho","state_ab":"ID","county":"Bonner","geo_location":{ "type": "Point", "coordinates": [-116.9909, 48.0223] }},
{"zip_code":"83404","country":"US","city":"Idaho Falls","state":"Idaho","state_ab":"ID","county":"Bonneville","geo_location":{ "type": "Point", "coordinates": [-112.0124, 43.475] }},
{"zip_code":"83327","country":"US","city":"Fairfield","state":"Idaho","state_ab":"ID","county":"Camas","geo_location":{ "type": "Point", "coordinates": [-114.7908, 43.3675] }},
{"zip_code":"83651","country":"US","city":"Nampa","state":"Idaho","state_ab":"ID","county":"Canyon","geo_location":{ "type": "Point", "coordinates": [-116.5848, 43.5834] }},
{"zip_code":"83251","country":"US","city":"Mackay","state":"Idaho","state_ab":"ID","county":"Custer","geo_location":{ "type": "Point", "coordinates": [-113.612, 43.9111] }},
{"zip_code":"83237","country":"US","city":"Franklin","state":"Idaho","state_ab":"ID","county":"Franklin","geo_location":{ "type": "Point", "coordinates": [-111.7871, 42.0288] }},
{"zip_code":"83314","country":"US","city":"Bliss","state":"Idaho","state_ab":"ID","county":"Gooding","geo_location":{ "type": "Point", "coordinates": [-114.9104, 42.9449] }},
{"zip_code":"83547","country":"US","city":"Pollock","state":"Idaho","state_ab":"ID","county":"Idaho","geo_location":{ "type": "Point", "coordinates": [-116.3517, 45.3068] }},
{"zip_code":"83431","country":"US","city":"Lewisville","state":"Idaho","state_ab":"ID","county":"Jefferson","geo_location":{ "type": "Point", "coordinates": [-112.0189, 43.6725] }},
{"zip_code":"83444","country":"US","city":"Roberts","state":"Idaho","state_ab":"ID","county":"Jefferson","geo_location":{ "type": "Point", "coordinates": [-112.1196, 43.7116] }},
{"zip_code":"83844","country":"US","city":"Moscow","state":"Idaho","state_ab":"ID","county":"Latah","geo_location":{ "type": "Point", "coordinates": [-116.6846, 46.8363] }},
{"zip_code":"83857","country":"US","city":"Princeton","state":"Idaho","state_ab":"ID","county":"Latah","geo_location":{ "type": "Point", "coordinates": [-116.8287, 46.8996] }},
{"zip_code":"83871","country":"US","city":"Troy","state":"Idaho","state_ab":"ID","county":"Latah","geo_location":{ "type": "Point", "coordinates": [-116.7681, 46.7426] }},
{"zip_code":"83624","country":"US","city":"Grand View","state":"Idaho","state_ab":"ID","county":"Owyhee","geo_location":{ "type": "Point", "coordinates": [-116.5103, 43.3006] }},
{"zip_code":"83211","country":"US","city":"American Falls","state":"Idaho","state_ab":"ID","county":"Power","geo_location":{ "type": "Point", "coordinates": [-112.9458, 42.6352] }},
{"zip_code":"83301","country":"US","city":"Twin Falls","state":"Idaho","state_ab":"ID","county":"Twin Falls","geo_location":{ "type": "Point", "coordinates": [-114.4693, 42.5565] }},
{"zip_code":"83341","country":"US","city":"Kimberly","state":"Idaho","state_ab":"ID","county":"Twin Falls","geo_location":{ "type": "Point", "coordinates": [-114.3657, 42.5287] }},
{"zip_code":"83611","country":"US","city":"Cascade","state":"Idaho","state_ab":"ID","county":"Valley","geo_location":{ "type": "Point", "coordinates": [-115.6417, 44.6927] }},
{"zip_code":"83677","country":"US","city":"Yellow Pine","state":"Idaho","state_ab":"ID","county":"Valley","geo_location":{ "type": "Point", "coordinates": [-115.4963, 44.9698] }},
{"zip_code":"61314","country":"US","city":"Buda","state":"Illinois","state_ab":"IL","county":"Bureau","geo_location":{ "type": "Point", "coordinates": [-89.6795, 41.314] }},
{"zip_code":"62047","country":"US","city":"Hardin","state":"Illinois","state_ab":"IL","county":"Calhoun","geo_location":{ "type": "Point", "coordinates": [-90.624, 39.1547] }},
{"zip_code":"62627","country":"US","city":"Chandlerville","state":"Illinois","state_ab":"IL","county":"Cass","geo_location":{ "type": "Point", "coordinates": [-90.1163, 40.0374] }},
{"zip_code":"61871","country":"US","city":"Royal","state":"Illinois","state_ab":"IL","county":"Champaign","geo_location":{ "type": "Point", "coordinates": [-87.9742, 40.1924] }},
{"zip_code":"62474","country":"US","city":"Westfield","state":"Illinois","state_ab":"IL","county":"Clark","geo_location":{ "type": "Point", "coordinates": [-88.0448, 39.4424] }},
{"zip_code":"62434","country":"US","city":"Ingraham","state":"Illinois","state_ab":"IL","county":"Clay","geo_location":{ "type": "Point", "coordinates": [-88.3204, 38.8284] }},
{"zip_code":"62847","country":"US","city":"Iola","state":"Illinois","state_ab":"IL","county":"Clay","geo_location":{ "type": "Point", "coordinates": [-88.4736, 38.7573] }},
{"zip_code":"60067","country":"US","city":"Palatine","state":"Illinois","state_ab":"IL","county":"Cook","geo_location":{ "type": "Point", "coordinates": [-88.0429, 42.1139] }},
{"zip_code":"60094","country":"US","city":"Palatine","state":"Illinois","state_ab":"IL","county":"Cook","geo_location":{ "type": "Point", "coordinates": [-87.6873, 41.8119] }},
{"zip_code":"60104","country":"US","city":"Bellwood","state":"Illinois","state_ab":"IL","county":"Cook","geo_location":{ "type": "Point", "coordinates": [-87.8786, 41.8825] }},
{"zip_code":"60131","country":"US","city":"Franklin Park","state":"Illinois","state_ab":"IL","county":"Cook","geo_location":{ "type": "Point", "coordinates": [-87.8734, 41.9339] }},
{"zip_code":"60171","country":"US","city":"River Grove","state":"Illinois","state_ab":"IL","county":"Cook","geo_location":{ "type": "Point", "coordinates": [-87.8387, 41.9279] }},
{"zip_code":"60454","country":"US","city":"Oak Lawn","state":"Illinois","state_ab":"IL","county":"Cook","geo_location":{ "type": "Point", "coordinates": [-87.6873, 41.8119] }},
{"zip_code":"60467","country":"US","city":"Orland Park","state":"Illinois","state_ab":"IL","county":"Cook","geo_location":{ "type": "Point", "coordinates": [-87.8899, 41.6018] }},
{"zip_code":"60607","country":"US","city":"Chicago","state":"Illinois","state_ab":"IL","county":"Cook","geo_location":{ "type": "Point", "coordinates": [-87.6578, 41.8721] }},
{"zip_code":"60621","country":"US","city":"Chicago","state":"Illinois","state_ab":"IL","county":"Cook","geo_location":{ "type": "Point", "coordinates": [-87.6421, 41.775] }},
{"zip_code":"60634","country":"US","city":"Chicago","state":"Illinois","state_ab":"IL","county":"Cook","geo_location":{ "type": "Point", "coordinates": [-87.8061, 41.9463] }},
{"zip_code":"60647","country":"US","city":"Chicago","state":"Illinois","state_ab":"IL","county":"Cook","geo_location":{ "type": "Point", "coordinates": [-87.7043, 41.9209] }},
{"zip_code":"60661","country":"US","city":"Chicago","state":"Illinois","state_ab":"IL","county":"Cook","geo_location":{ "type": "Point", "coordinates": [-87.643, 41.8814] }},
{"zip_code":"60674","country":"US","city":"Chicago","state":"Illinois","state_ab":"IL","county":"Cook","geo_location":{ "type": "Point", "coordinates": [-87.6873, 41.8119] }},
{"zip_code":"60687","country":"US","city":"Chicago","state":"Illinois","state_ab":"IL","county":"Cook","geo_location":{ "type": "Point", "coordinates": [-87.6873, 41.8119] }},
{"zip_code":"60827","country":"US","city":"Riverdale","state":"Illinois","state_ab":"IL","county":"Cook","geo_location":{ "type": "Point", "coordinates": [-87.6301, 41.6496] }},
{"zip_code":"62447","country":"US","city":"Neoga","state":"Illinois","state_ab":"IL","county":"Cumberland","geo_location":{ "type": "Point", "coordinates": [-88.4503, 39.322] }},
{"zip_code":"61727","country":"US","city":"Clinton","state":"Illinois","state_ab":"IL","county":"De Witt","geo_location":{ "type": "Point", "coordinates": [-88.9627, 40.1487] }},
{"zip_code":"60117","country":"US","city":"Bloomingdale","state":"Illinois","state_ab":"IL","county":"DuPage","geo_location":{ "type": "Point", "coordinates": [-88.0887, 41.8397] }},
{"zip_code":"60157","country":"US","city":"Medinah","state":"Illinois","state_ab":"IL","county":"DuPage","geo_location":{ "type": "Point", "coordinates": [-88.0575, 41.9705] }},
{"zip_code":"60184","country":"US","city":"Wayne","state":"Illinois","state_ab":"IL","county":"DuPage","geo_location":{ "type": "Point", "coordinates": [-88.2536, 41.9525] }},
{"zip_code":"60197","country":"US","city":"Carol Stream","state":"Illinois","state_ab":"IL","county":"DuPage","geo_location":{ "type": "Point", "coordinates": [-88.0887, 41.8397] }},
{"zip_code":"60351","country":"US","city":"Carol Stream","state":"Illinois","state_ab":"IL","county":"DuPage County","geo_location":{ "type": "Point", "coordinates": [-88.1208, 41.9166] }},
{"zip_code":"60504","country":"US","city":"Aurora","state":"Illinois","state_ab":"IL","county":"DuPage","geo_location":{ "type": "Point", "coordinates": [-88.2453, 41.7523] }},
{"zip_code":"60517","country":"US","city":"Woodridge","state":"Illinois","state_ab":"IL","county":"DuPage","geo_location":{ "type": "Point", "coordinates": [-88.0489, 41.7518] }},
{"zip_code":"62461","country":"US","city":"Shumway","state":"Illinois","state_ab":"IL","county":"Effingham","geo_location":{ "type": "Point", "coordinates": [-88.6418, 39.1881] }},
{"zip_code":"60957","country":"US","city":"Paxton","state":"Illinois","state_ab":"IL","county":"Ford","geo_location":{ "type": "Point", "coordinates": [-88.099, 40.4565] }},
{"zip_code":"62874","country":"US","city":"Orient","state":"Illinois","state_ab":"IL","county":"Franklin","geo_location":{ "type": "Point", "coordinates": [-88.9767, 37.9182] }},
{"zip_code":"61431","country":"US","city":"Ellisville","state":"Illinois","state_ab":"IL","county":"Fulton","geo_location":{ "type": "Point", "coordinates": [-90.2875, 40.6047] }},
{"zip_code":"61484","country":"US","city":"Vermont","state":"Illinois","state_ab":"IL","county":"Fulton","geo_location":{ "type": "Point", "coordinates": [-90.422, 40.3062] }},
{"zip_code":"61471","country":"US","city":"Raritan","state":"Illinois","state_ab":"IL","county":"Henderson","geo_location":{ "type": "Point", "coordinates": [-90.9853, 40.8526] }},
{"zip_code":"60931","country":"US","city":"Donovan","state":"Illinois","state_ab":"IL","county":"Iroquois","geo_location":{ "type": "Point", "coordinates": [-87.6046, 40.8891] }},
{"zip_code":"62924","country":"US","city":"De Soto","state":"Illinois","state_ab":"IL","county":"Jackson","geo_location":{ "type": "Point", "coordinates": [-89.2218, 37.8147] }},
{"zip_code":"62991","country":"US","city":"Tunnel Hill","state":"Illinois","state_ab":"IL","county":"Johnson","geo_location":{ "type": "Point", "coordinates": [-88.8835, 37.5737] }},
{"zip_code":"60144","country":"US","city":"Kaneville","state":"Illinois","state_ab":"IL","county":"Kane","geo_location":{ "type": "Point", "coordinates": [-88.4202, 41.937] }},
{"zip_code":"60917","country":"US","city":"Buckingham","state":"Illinois","state_ab":"IL","county":"Kankakee","geo_location":{ "type": "Point", "coordinates": [-88.1772, 41.0433] }},
{"zip_code":"60944","country":"US","city":"Hopkins Park","state":"Illinois","state_ab":"IL","county":"Kankakee","geo_location":{ "type": "Point", "coordinates": [-87.889, 41.1465] }},
{"zip_code":"60041","country":"US","city":"Ingleside","state":"Illinois","state_ab":"IL","county":"Lake","geo_location":{ "type": "Point", "coordinates": [-88.1587, 42.3631] }},
{"zip_code":"60531","country":"US","city":"Leland","state":"Illinois","state_ab":"IL","county":"La Salle","geo_location":{ "type": "Point", "coordinates": [-88.7716, 41.6066] }},
{"zip_code":"60557","country":"US","city":"Wedron","state":"Illinois","state_ab":"IL","county":"La Salle","geo_location":{ "type": "Point", "coordinates": [-88.7703, 41.4409] }},
{"zip_code":"61301","country":"US","city":"La Salle","state":"Illinois","state_ab":"IL","county":"La Salle","geo_location":{ "type": "Point", "coordinates": [-89.0955, 41.3442] }},
{"zip_code":"61341","country":"US","city":"Marseilles","state":"Illinois","state_ab":"IL","county":"La Salle","geo_location":{ "type": "Point", "coordinates": [-88.6947, 41.3302] }},
{"zip_code":"61354","country":"US","city":"Peru","state":"Illinois","state_ab":"IL","county":"La Salle","geo_location":{ "type": "Point", "coordinates": [-89.1265, 41.333] }},
{"zip_code":"61031","country":"US","city":"Franklin Grove","state":"Illinois","state_ab":"IL","county":"Lee","geo_location":{ "type": "Point", "coordinates": [-89.3171, 41.858] }},
{"zip_code":"61057","country":"US","city":"Nachusa","state":"Illinois","state_ab":"IL","county":"Lee","geo_location":{ "type": "Point", "coordinates": [-89.3896, 41.8316] }},
{"zip_code":"61367","country":"US","city":"Sublette","state":"Illinois","state_ab":"IL","county":"Lee","geo_location":{ "type": "Point", "coordinates": [-89.2354, 41.6331] }},
{"zip_code":"61741","country":"US","city":"Forrest","state":"Illinois","state_ab":"IL","county":"Livingston","geo_location":{ "type": "Point", "coordinates": [-88.4111, 40.7513] }},
{"zip_code":"60001","country":"US","city":"Alden","state":"Illinois","state_ab":"IL","county":"McHenry","geo_location":{ "type": "Point", "coordinates": [-88.4525, 42.3248] }},
{"zip_code":"60014","country":"US","city":"Crystal Lake","state":"Illinois","state_ab":"IL","county":"McHenry","geo_location":{ "type": "Point", "coordinates": [-88.3324, 42.2308] }},
{"zip_code":"60081","country":"US","city":"Spring Grove","state":"Illinois","state_ab":"IL","county":"McHenry","geo_location":{ "type": "Point", "coordinates": [-88.2237, 42.4413] }},
{"zip_code":"61701","country":"US","city":"Bloomington","state":"Illinois","state_ab":"IL","county":"McLean","geo_location":{ "type": "Point", "coordinates": [-88.9893, 40.4783] }},
{"zip_code":"61754","country":"US","city":"Mc Lean","state":"Illinois","state_ab":"IL","county":"McLean","geo_location":{ "type": "Point", "coordinates": [-89.1645, 40.3282] }},
{"zip_code":"62524","country":"US","city":"Decatur","state":"Illinois","state_ab":"IL","county":"Macon","geo_location":{ "type": "Point", "coordinates": [-88.9815, 39.854] }},
{"zip_code":"62537","country":"US","city":"Harristown","state":"Illinois","state_ab":"IL","county":"Macon","geo_location":{ "type": "Point", "coordinates": [-89.085, 39.8567] }},
{"zip_code":"62551","country":"US","city":"Niantic","state":"Illinois","state_ab":"IL","county":"Macon","geo_location":{ "type": "Point", "coordinates": [-89.1701, 39.8582] }},
{"zip_code":"62511","country":"US","city":"Atwater","state":"Illinois","state_ab":"IL","county":"Macoupin","geo_location":{ "type": "Point", "coordinates": [-89.7357, 39.3391] }},
{"zip_code":"62667","country":"US","city":"Modesto","state":"Illinois","state_ab":"IL","county":"Macoupin","geo_location":{ "type": "Point", "coordinates": [-89.9794, 39.476] }},
{"zip_code":"62021","country":"US","city":"Dorsey","state":"Illinois","state_ab":"IL","county":"Madison","geo_location":{ "type": "Point", "coordinates": [-89.9786, 38.9832] }},
{"zip_code":"62034","country":"US","city":"Glen Carbon","state":"Illinois","state_ab":"IL","county":"Madison","geo_location":{ "type": "Point", "coordinates": [-89.9706, 38.7609] }},
{"zip_code":"62061","country":"US","city":"Marine","state":"Illinois","state_ab":"IL","county":"Madison","geo_location":{ "type": "Point", "coordinates": [-89.7786, 38.7793] }},
{"zip_code":"62074","country":"US","city":"New Douglas","state":"Illinois","state_ab":"IL","county":"Madison","geo_location":{ "type": "Point", "coordinates": [-89.7392, 38.9676] }},
{"zip_code":"62087","country":"US","city":"South Roxana","state":"Illinois","state_ab":"IL","county":"Madison","geo_location":{ "type": "Point", "coordinates": [-90.0583, 38.8225] }},
{"zip_code":"62281","country":"US","city":"Saint Jacob","state":"Illinois","state_ab":"IL","county":"Madison","geo_location":{ "type": "Point", "coordinates": [-89.7925, 38.7059] }},
{"zip_code":"62294","country":"US","city":"Troy","state":"Illinois","state_ab":"IL","county":"Madison","geo_location":{ "type": "Point", "coordinates": [-89.8708, 38.7243] }},
{"zip_code":"62807","country":"US","city":"Alma","state":"Illinois","state_ab":"IL","county":"Marion","geo_location":{ "type": "Point", "coordinates": [-88.9157, 38.7231] }},
{"zip_code":"62601","country":"US","city":"Alexander","state":"Illinois","state_ab":"IL","county":"Morgan","geo_location":{ "type": "Point", "coordinates": [-90.0458, 39.7517] }},
{"zip_code":"61084","country":"US","city":"Stillman Valley","state":"Illinois","state_ab":"IL","county":"Ogle","geo_location":{ "type": "Point", "coordinates": [-89.1898, 42.1183] }},
{"zip_code":"61547","country":"US","city":"Mapleton","state":"Illinois","state_ab":"IL","county":"Peoria","geo_location":{ "type": "Point", "coordinates": [-89.7184, 40.6117] }},
{"zip_code":"61637","country":"US","city":"Peoria","state":"Illinois","state_ab":"IL","county":"Peoria","geo_location":{ "type": "Point", "coordinates": [-89.5898, 40.7025] }},
{"zip_code":"61651","country":"US","city":"Peoria","state":"Illinois","state_ab":"IL","county":"Peoria","geo_location":{ "type": "Point", "coordinates": [-89.7184, 40.7442] }},
{"zip_code":"61884","country":"US","city":"White Heath","state":"Illinois","state_ab":"IL","county":"Piatt","geo_location":{ "type": "Point", "coordinates": [-88.5193, 40.1009] }},
{"zip_code":"62357","country":"US","city":"New Salem","state":"Illinois","state_ab":"IL","county":"Pike","geo_location":{ "type": "Point", "coordinates": [-90.844, 39.6996] }},
{"zip_code":"62964","country":"US","city":"Mounds","state":"Illinois","state_ab":"IL","county":"Pulaski","geo_location":{ "type": "Point", "coordinates": [-89.2001, 37.1188] }},
{"zip_code":"61327","country":"US","city":"Hennepin","state":"Illinois","state_ab":"IL","county":"Putnam","geo_location":{ "type": "Point", "coordinates": [-89.3218, 41.2352] }},
{"zip_code":"62241","country":"US","city":"Ellis Grove","state":"Illinois","state_ab":"IL","county":"Randolph","geo_location":{ "type": "Point", "coordinates": [-89.9008, 38.0054] }},
{"zip_code":"62421","country":"US","city":"Claremont","state":"Illinois","state_ab":"IL","county":"Richland","geo_location":{ "type": "Point", "coordinates": [-87.9727, 38.7429] }},
{"zip_code":"61237","country":"US","city":"Buffalo Prairie","state":"Illinois","state_ab":"IL","county":"Rock Island","geo_location":{ "type": "Point", "coordinates": [-90.8522, 41.3368] }},
{"zip_code":"61264","country":"US","city":"Milan","state":"Illinois","state_ab":"IL","county":"Rock Island","geo_location":{ "type": "Point", "coordinates": [-90.5739, 41.4262] }},
{"zip_code":"62201","country":"US","city":"East Saint Louis","state":"Illinois","state_ab":"IL","county":"St. Clair","geo_location":{ "type": "Point", "coordinates": [-90.1387, 38.6427] }},
{"zip_code":"62254","country":"US","city":"Lebanon","state":"Illinois","state_ab":"IL","county":"St. Clair","geo_location":{ "type": "Point", "coordinates": [-89.7992, 38.6053] }},
{"zip_code":"62977","country":"US","city":"Raleigh","state":"Illinois","state_ab":"IL","county":"Saline","geo_location":{ "type": "Point", "coordinates": [-88.5324, 37.8256] }},
{"zip_code":"62704","country":"US","city":"Springfield","state":"Illinois","state_ab":"IL","county":"Sangamon","geo_location":{ "type": "Point", "coordinates": [-89.6889, 39.7725] }},
{"zip_code":"62757","country":"US","city":"Springfield","state":"Illinois","state_ab":"IL","county":"Sangamon","geo_location":{ "type": "Point", "coordinates": [-89.606, 39.7495] }},
{"zip_code":"62344","country":"US","city":"Huntsville","state":"Illinois","state_ab":"IL","county":"Schuyler","geo_location":{ "type": "Point", "coordinates": [-90.8531, 40.1544] }},
{"zip_code":"62681","country":"US","city":"Rushville","state":"Illinois","state_ab":"IL","county":"Schuyler","geo_location":{ "type": "Point", "coordinates": [-90.5432, 40.1133] }},
{"zip_code":"62694","country":"US","city":"Winchester","state":"Illinois","state_ab":"IL","county":"Scott","geo_location":{ "type": "Point", "coordinates": [-90.4664, 39.6266] }},
{"zip_code":"61044","country":"US","city":"Kent","state":"Illinois","state_ab":"IL","county":"Stephenson","geo_location":{ "type": "Point", "coordinates": [-89.9195, 42.3155] }},
{"zip_code":"61534","country":"US","city":"Green Valley","state":"Illinois","state_ab":"IL","county":"Tazewell","geo_location":{ "type": "Point", "coordinates": [-89.6549, 40.4198] }},
{"zip_code":"61611","country":"US","city":"East Peoria","state":"Illinois","state_ab":"IL","county":"Tazewell","geo_location":{ "type": "Point", "coordinates": [-89.5514, 40.6731] }},
{"zip_code":"61817","country":"US","city":"Catlin","state":"Illinois","state_ab":"IL","county":"Vermilion","geo_location":{ "type": "Point", "coordinates": [-87.7113, 40.0699] }},
{"zip_code":"61831","country":"US","city":"Collison","state":"Illinois","state_ab":"IL","county":"Vermilion","geo_location":{ "type": "Point", "coordinates": [-87.7987, 40.2207] }},
{"zip_code":"61844","country":"US","city":"Fithian","state":"Illinois","state_ab":"IL","county":"Vermilion","geo_location":{ "type": "Point", "coordinates": [-87.8797, 40.1192] }},
{"zip_code":"61857","country":"US","city":"Muncie","state":"Illinois","state_ab":"IL","county":"Vermilion","geo_location":{ "type": "Point", "coordinates": [-87.8447, 40.1165] }},
{"zip_code":"61417","country":"US","city":"Berwick","state":"Illinois","state_ab":"IL","county":"Warren","geo_location":{ "type": "Point", "coordinates": [-90.5059, 40.7799] }},
{"zip_code":"62214","country":"US","city":"Addieville","state":"Illinois","state_ab":"IL","county":"Washington","geo_location":{ "type": "Point", "coordinates": [-89.5794, 38.3815] }},
{"zip_code":"62821","country":"US","city":"Carmi","state":"Illinois","state_ab":"IL","county":"White","geo_location":{ "type": "Point", "coordinates": [-88.167, 38.0808] }},
{"zip_code":"62834","country":"US","city":"Emma","state":"Illinois","state_ab":"IL","county":"White","geo_location":{ "type": "Point", "coordinates": [-88.1202, 37.9762] }},
{"zip_code":"62861","country":"US","city":"Maunie","state":"Illinois","state_ab":"IL","county":"White","geo_location":{ "type": "Point", "coordinates": [-88.0759, 38.0364] }},
{"zip_code":"62887","country":"US","city":"Springerton","state":"Illinois","state_ab":"IL","county":"White","geo_location":{ "type": "Point", "coordinates": [-88.3726, 38.1699] }},
{"zip_code":"61017","country":"US","city":"Coleta","state":"Illinois","state_ab":"IL","county":"Whiteside","geo_location":{ "type": "Point", "coordinates": [-89.8043, 41.903] }},
{"zip_code":"61071","country":"US","city":"Rock Falls","state":"Illinois","state_ab":"IL","county":"Whiteside","geo_location":{ "type": "Point", "coordinates": [-89.6925, 41.7665] }},
{"zip_code":"61251","country":"US","city":"Fenton","state":"Illinois","state_ab":"IL","county":"Whiteside","geo_location":{ "type": "Point", "coordinates": [-90.0457, 41.7285] }},
{"zip_code":"61277","country":"US","city":"Prophetstown","state":"Illinois","state_ab":"IL","county":"Whiteside","geo_location":{ "type": "Point", "coordinates": [-89.9467, 41.6312] }},
{"zip_code":"60401","country":"US","city":"Beecher","state":"Illinois","state_ab":"IL","county":"Will","geo_location":{ "type": "Point", "coordinates": [-87.6115, 41.3444] }},
{"zip_code":"60441","country":"US","city":"Lockport","state":"Illinois","state_ab":"IL","county":"Will","geo_location":{ "type": "Point", "coordinates": [-88.0507, 41.593] }},
{"zip_code":"60481","country":"US","city":"Wilmington","state":"Illinois","state_ab":"IL","county":"Will","geo_location":{ "type": "Point", "coordinates": [-88.1231, 41.284] }},
{"zip_code":"60544","country":"US","city":"Plainfield","state":"Illinois","state_ab":"IL","county":"Will","geo_location":{ "type": "Point", "coordinates": [-88.1994, 41.6009] }},
{"zip_code":"62951","country":"US","city":"Johnston City","state":"Illinois","state_ab":"IL","county":"Williamson","geo_location":{ "type": "Point", "coordinates": [-88.9209, 37.8245] }},
{"zip_code":"61107","country":"US","city":"Rockford","state":"Illinois","state_ab":"IL","county":"Winnebago","geo_location":{ "type": "Point", "coordinates": [-89.0361, 42.2786] }},
{"zip_code":"61561","country":"US","city":"Roanoke","state":"Illinois","state_ab":"IL","county":"Woodford","geo_location":{ "type": "Point", "coordinates": [-89.2093, 40.7956] }},
{"zip_code":"46711","country":"US","city":"Berne","state":"Indiana","state_ab":"IN","county":"Adams","geo_location":{ "type": "Point", "coordinates": [-84.9343, 40.6716] }},
{"zip_code":"46801","country":"US","city":"Fort Wayne","state":"Indiana","state_ab":"IN","county":"Allen","geo_location":{ "type": "Point", "coordinates": [-85.0707, 41.0938] }},
{"zip_code":"46814","country":"US","city":"Fort Wayne","state":"Indiana","state_ab":"IN","county":"Allen","geo_location":{ "type": "Point", "coordinates": [-85.3058, 41.0456] }},
{"zip_code":"46854","country":"US","city":"Fort Wayne","state":"Indiana","state_ab":"IN","county":"Allen","geo_location":{ "type": "Point", "coordinates": [-85.0707, 41.0938] }},
{"zip_code":"46867","country":"US","city":"Fort Wayne","state":"Indiana","state_ab":"IN","county":"Allen","geo_location":{ "type": "Point", "coordinates": [-85.0707, 41.0938] }},
{"zip_code":"47921","country":"US","city":"Boswell","state":"Indiana","state_ab":"IN","county":"Benton","geo_location":{ "type": "Point", "coordinates": [-87.3789, 40.518] }},
{"zip_code":"46917","country":"US","city":"Camden","state":"Indiana","state_ab":"IN","county":"Carroll","geo_location":{ "type": "Point", "coordinates": [-86.5152, 40.5996] }},
{"zip_code":"46944","country":"US","city":"Landess","state":"Indiana","state_ab":"IN","county":"Cass County","geo_location":{ "type": "Point", "coordinates": [-85.5611, 40.6108] }},
{"zip_code":"47134","country":"US","city":"Jeffersonville","state":"Indiana","state_ab":"IN","county":"Clark","geo_location":{ "type": "Point", "coordinates": [-85.7321, 38.2868] }},
{"zip_code":"47147","country":"US","city":"Nabb","state":"Indiana","state_ab":"IN","county":"Clark","geo_location":{ "type": "Point", "coordinates": [-85.5217, 38.6128] }},
{"zip_code":"47857","country":"US","city":"Knightsville","state":"Indiana","state_ab":"IN","county":"Clay","geo_location":{ "type": "Point", "coordinates": [-87.0869, 39.5269] }},
{"zip_code":"46041","country":"US","city":"Frankfort","state":"Indiana","state_ab":"IN","county":"Clinton","geo_location":{ "type": "Point", "coordinates": [-86.4689, 40.3044] }},
{"zip_code":"46067","country":"US","city":"Sedalia","state":"Indiana","state_ab":"IN","county":"Clinton","geo_location":{ "type": "Point", "coordinates": [-86.469, 40.3045] }},
{"zip_code":"47174","country":"US","city":"Sulphur","state":"Indiana","state_ab":"IN","county":"Crawford","geo_location":{ "type": "Point", "coordinates": [-86.4908, 38.2259] }},
{"zip_code":"47367","country":"US","city":"Oakville","state":"Indiana","state_ab":"IN","county":"Delaware","geo_location":{ "type": "Point", "coordinates": [-85.39, 40.0792] }},
{"zip_code":"47521","country":"US","city":"Celestine","state":"Indiana","state_ab":"IN","county":"Dubois","geo_location":{ "type": "Point", "coordinates": [-86.7568, 38.3878] }},
{"zip_code":"47547","country":"US","city":"Jasper","state":"Indiana","state_ab":"IN","county":"Dubois","geo_location":{ "type": "Point", "coordinates": [-86.8762, 38.3647] }},
{"zip_code":"46517","country":"US","city":"Elkhart","state":"Indiana","state_ab":"IN","county":"Elkhart","geo_location":{ "type": "Point", "coordinates": [-85.9728, 41.6469] }},
{"zip_code":"47987","country":"US","city":"Veedersburg","state":"Indiana","state_ab":"IN","county":"Fountain","geo_location":{ "type": "Point", "coordinates": [-87.2602, 40.1186] }},
{"zip_code":"46931","country":"US","city":"Fulton","state":"Indiana","state_ab":"IN","county":"Fulton","geo_location":{ "type": "Point", "coordinates": [-86.2658, 40.9484] }},
{"zip_code":"46957","country":"US","city":"Matthews","state":"Indiana","state_ab":"IN","county":"Grant","geo_location":{ "type": "Point", "coordinates": [-85.4766, 40.3898] }},
{"zip_code":"47457","country":"US","city":"Scotland","state":"Indiana","state_ab":"IN","county":"Greene","geo_location":{ "type": "Point", "coordinates": [-86.9616, 39.0371] }},
{"zip_code":"47471","country":"US","city":"Worthington","state":"Indiana","state_ab":"IN","county":"Greene","geo_location":{ "type": "Point", "coordinates": [-86.9991, 39.123] }},
{"zip_code":"46117","country":"US","city":"Charlottesville","state":"Indiana","state_ab":"IN","county":"Hancock","geo_location":{ "type": "Point", "coordinates": [-85.6258, 39.8388] }},
{"zip_code":"47107","country":"US","city":"Bradford","state":"Indiana","state_ab":"IN","county":"Harrison","geo_location":{ "type": "Point", "coordinates": [-86.1153, 38.1903] }},
{"zip_code":"85334","country":"US","city":"Ehrenberg","state":"Arizona","state_ab":"AZ","county":"La Paz","geo_location":{ "type": "Point", "coordinates": [-114.5077, 33.6177] }},
{"zip_code":"85011","country":"US","city":"Phoenix","state":"Arizona","state_ab":"AZ","county":"Maricopa","geo_location":{ "type": "Point", "coordinates": [-112.1872, 33.2765] }},
{"zip_code":"85024","country":"US","city":"Phoenix","state":"Arizona","state_ab":"AZ","county":"Maricopa","geo_location":{ "type": "Point", "coordinates": [-112.037, 33.6617] }},
{"zip_code":"85037","country":"US","city":"Phoenix","state":"Arizona","state_ab":"AZ","county":"Maricopa","geo_location":{ "type": "Point", "coordinates": [-112.2468, 33.4913] }},
{"zip_code":"85051","country":"US","city":"Phoenix","state":"Arizona","state_ab":"AZ","county":"Maricopa","geo_location":{ "type": "Point", "coordinates": [-112.1332, 33.5591] }},
{"zip_code":"85064","country":"US","city":"Phoenix","state":"Arizona","state_ab":"AZ","county":"Maricopa","geo_location":{ "type": "Point", "coordinates": [-112.1872, 33.2765] }},
{"zip_code":"85077","country":"US","city":"Phoenix","state":"Arizona","state_ab":"AZ","county":"Maricopa","geo_location":{ "type": "Point", "coordinates": [-112.1872, 33.2765] }},
{"zip_code":"85204","country":"US","city":"Mesa","state":"Arizona","state_ab":"AZ","county":"Maricopa","geo_location":{ "type": "Point", "coordinates": [-111.7896, 33.3992] }},
{"zip_code":"85244","country":"US","city":"Chandler","state":"Arizona","state_ab":"AZ","county":"Maricopa","geo_location":{ "type": "Point", "coordinates": [-111.8888, 33.3213] }},
{"zip_code":"85257","country":"US","city":"Scottsdale","state":"Arizona","state_ab":"AZ","county":"Maricopa","geo_location":{ "type": "Point", "coordinates": [-111.9151, 33.4669] }},
{"zip_code":"85271","country":"US","city":"Scottsdale","state":"Arizona","state_ab":"AZ","county":"Maricopa","geo_location":{ "type": "Point", "coordinates": [-112.1872, 33.2765] }},
{"zip_code":"85284","country":"US","city":"Tempe","state":"Arizona","state_ab":"AZ","county":"Maricopa","geo_location":{ "type": "Point", "coordinates": [-111.9197, 33.3363] }},
{"zip_code":"85297","country":"US","city":"Gilbert","state":"Arizona","state_ab":"AZ","county":"Maricopa","geo_location":{ "type": "Point", "coordinates": [-111.7096, 33.2781] }},
{"zip_code":"85307","country":"US","city":"Glendale","state":"Arizona","state_ab":"AZ","county":"Maricopa","geo_location":{ "type": "Point", "coordinates": [-112.3137, 33.5376] }},
{"zip_code":"85361","country":"US","city":"Wittmann","state":"Arizona","state_ab":"AZ","county":"Maricopa","geo_location":{ "type": "Point", "coordinates": [-112.6142, 33.7637] }},
{"zip_code":"85374","country":"US","city":"Surprise","state":"Arizona","state_ab":"AZ","county":"Maricopa","geo_location":{ "type": "Point", "coordinates": [-112.3314, 33.63] }},
{"zip_code":"85387","country":"US","city":"Surprise","state":"Arizona","state_ab":"AZ","county":"Maricopa","geo_location":{ "type": "Point", "coordinates": [-112.4375, 33.7129] }},
{"zip_code":"86401","country":"US","city":"Kingman","state":"Arizona","state_ab":"AZ","county":"Mohave","geo_location":{ "type": "Point", "coordinates": [-113.7033, 35.1328] }},
{"zip_code":"86427","country":"US","city":"Fort Mohave","state":"Arizona","state_ab":"AZ","county":"Mohave","geo_location":{ "type": "Point", "coordinates": [-114.5812, 35.0043] }},
{"zip_code":"86441","country":"US","city":"Dolan Springs","state":"Arizona","state_ab":"AZ","county":"Mohave","geo_location":{ "type": "Point", "coordinates": [-114.3777, 35.5692] }},
{"zip_code":"85901","country":"US","city":"Show Low","state":"Arizona","state_ab":"AZ","county":"Navajo","geo_location":{ "type": "Point", "coordinates": [-110.0, 34.2998] }},
{"zip_code":"85941","country":"US","city":"Whiteriver","state":"Arizona","state_ab":"AZ","county":"Navajo","geo_location":{ "type": "Point", "coordinates": [-109.9937, 33.8021] }},
{"zip_code":"86054","country":"US","city":"Shonto","state":"Arizona","state_ab":"AZ","county":"Navajo","geo_location":{ "type": "Point", "coordinates": [-110.6477, 36.6159] }},
{"zip_code":"85321","country":"US","city":"Ajo","state":"Arizona","state_ab":"AZ","county":"Pima","geo_location":{ "type": "Point", "coordinates": [-112.6542, 32.2295] }},
{"zip_code":"85707","country":"US","city":"Tucson","state":"Arizona","state_ab":"AZ","county":"Pima","geo_location":{ "type": "Point", "coordinates": [-110.8751, 32.1696] }},
{"zip_code":"85721","country":"US","city":"Tucson","state":"Arizona","state_ab":"AZ","county":"Pima","geo_location":{ "type": "Point", "coordinates": [-110.95, 32.2338] }},
{"zip_code":"85734","country":"US","city":"Tucson","state":"Arizona","state_ab":"AZ","county":"Pima","geo_location":{ "type": "Point", "coordinates": [-110.9353, 32.0651] }},
{"zip_code":"85747","country":"US","city":"Tucson","state":"Arizona","state_ab":"AZ","county":"Pima","geo_location":{ "type": "Point", "coordinates": [-110.7272, 32.0984] }},
{"zip_code":"85141","country":"US","city":"Picacho","state":"Arizona","state_ab":"AZ","county":"Pinal","geo_location":{ "type": "Point", "coordinates": [-111.4549, 32.6686] }},
{"zip_code":"85194","country":"US","city":"Casa Grande","state":"Arizona","state_ab":"AZ","county":"Pinal County","geo_location":{ "type": "Point", "coordinates": [-111.6261, 32.8984] }},
{"zip_code":"85217","country":"US","city":"Apache Junction","state":"Arizona","state_ab":"AZ","county":"Pinal","geo_location":{ "type": "Point", "coordinates": [-111.479, 33.3934] }},
{"zip_code":"85631","country":"US","city":"San Manuel","state":"Arizona","state_ab":"AZ","county":"Pinal","geo_location":{ "type": "Point", "coordinates": [-110.5992, 32.6209] }},
{"zip_code":"86324","country":"US","city":"Clarkdale","state":"Arizona","state_ab":"AZ","county":"Yavapai","geo_location":{ "type": "Point", "coordinates": [-112.1322, 34.6595] }},
{"zip_code":"86337","country":"US","city":"Seligman","state":"Arizona","state_ab":"AZ","county":"Yavapai","geo_location":{ "type": "Point", "coordinates": [-112.9548, 35.3212] }},
{"zip_code":"85347","country":"US","city":"Roll","state":"Arizona","state_ab":"AZ","county":"Yuma","geo_location":{ "type": "Point", "coordinates": [-113.7987, 32.7526] }},
{"zip_code":"94501","country":"US","city":"Alameda","state":"California","state_ab":"CA","county":"Alameda","geo_location":{ "type": "Point", "coordinates": [-122.2648, 37.7706] }},
{"zip_code":"94541","country":"US","city":"Hayward","state":"California","state_ab":"CA","county":"Alameda","geo_location":{ "type": "Point", "coordinates": [-122.0894, 37.674] }},
{"zip_code":"94604","country":"US","city":"Oakland","state":"California","state_ab":"CA","county":"Alameda","geo_location":{ "type": "Point", "coordinates": [-121.9215, 37.6802] }},
{"zip_code":"94617","country":"US","city":"Oakland","state":"California","state_ab":"CA","county":"Alameda","geo_location":{ "type": "Point", "coordinates": [-122.2717, 37.8078] }},
{"zip_code":"94707","country":"US","city":"Berkeley","state":"California","state_ab":"CA","county":"Alameda","geo_location":{ "type": "Point", "coordinates": [-122.2761, 37.8927] }},
{"zip_code":"95917","country":"US","city":"Biggs","state":"California","state_ab":"CA","county":"Butte","geo_location":{ "type": "Point", "coordinates": [-121.7189, 39.4162] }},
{"zip_code":"95221","country":"US","city":"Altaville","state":"California","state_ab":"CA","county":"Calaveras","geo_location":{ "type": "Point", "coordinates": [-120.5608, 38.0838] }},
{"zip_code":"95247","country":"US","city":"Murphys","state":"California","state_ab":"CA","county":"Calaveras","geo_location":{ "type": "Point", "coordinates": [-120.4516, 38.1345] }},
{"zip_code":"95931","country":"US","city":"College City","state":"California","state_ab":"CA","county":"Colusa","geo_location":{ "type": "Point", "coordinates": [-122.0083, 39.0058] }},
{"zip_code":"94514","country":"US","city":"Byron","state":"California","state_ab":"CA","county":"Contra Costa","geo_location":{ "type": "Point", "coordinates": [-121.6236, 37.8254] }},
{"zip_code":"94527","country":"US","city":"Concord","state":"California","state_ab":"CA","county":"Contra Costa","geo_location":{ "type": "Point", "coordinates": [-121.9578, 37.9535] }},
{"zip_code":"95531","country":"US","city":"Crescent City","state":"California","state_ab":"CA","county":"Del Norte","geo_location":{ "type": "Point", "coordinates": [-124.1332, 41.7817] }},
{"zip_code":"95634","country":"US","city":"Georgetown","state":"California","state_ab":"CA","county":"El Dorado","geo_location":{ "type": "Point", "coordinates": [-120.7599, 38.9185] }},
{"zip_code":"93627","country":"US","city":"Helm","state":"California","state_ab":"CA","county":"Fresno","geo_location":{ "type": "Point", "coordinates": [-120.0936, 36.4992] }},
{"zip_code":"93641","country":"US","city":"Miramonte","state":"California","state_ab":"CA","county":"Fresno","geo_location":{ "type": "Point", "coordinates": [-119.0477, 36.6894] }},
{"zip_code":"93654","country":"US","city":"Reedley","state":"California","state_ab":"CA","county":"Fresno","geo_location":{ "type": "Point", "coordinates": [-119.4378, 36.6044] }},
{"zip_code":"93667","country":"US","city":"Tollhouse","state":"California","state_ab":"CA","county":"Fresno","geo_location":{ "type": "Point", "coordinates": [-119.3914, 36.9943] }},
{"zip_code":"93704","country":"US","city":"Fresno","state":"California","state_ab":"CA","county":"Fresno","geo_location":{ "type": "Point", "coordinates": [-119.8016, 36.7991] }},
{"zip_code":"93717","country":"US","city":"Fresno","state":"California","state_ab":"CA","county":"Fresno","geo_location":{ "type": "Point", "coordinates": [-119.6397, 36.7464] }},
{"zip_code":"93744","country":"US","city":"Fresno","state":"California","state_ab":"CA","county":"Fresno","geo_location":{ "type": "Point", "coordinates": [-119.6397, 36.7464] }},
{"zip_code":"93771","country":"US","city":"Fresno","state":"California","state_ab":"CA","county":"Fresno","geo_location":{ "type": "Point", "coordinates": [-119.6397, 36.7464] }},
{"zip_code":"93784","country":"US","city":"Fresno","state":"California","state_ab":"CA","county":"Fresno","geo_location":{ "type": "Point", "coordinates": [-119.6397, 36.7464] }},
{"zip_code":"95571","country":"US","city":"Weott","state":"California","state_ab":"CA","county":"Humboldt","geo_location":{ "type": "Point", "coordinates": [-123.9024, 40.3224] }},
{"zip_code":"92251","country":"US","city":"Imperial","state":"California","state_ab":"CA","county":"Imperial","geo_location":{ "type": "Point", "coordinates": [-115.573, 32.847] }},
{"zip_code":"93241","country":"US","city":"Lamont","state":"California","state_ab":"CA","county":"Kern","geo_location":{ "type": "Point", "coordinates": [-118.9124, 35.2571] }},
{"zip_code":"93304","country":"US","city":"Bakersfield","state":"California","state_ab":"CA","county":"Kern","geo_location":{ "type": "Point", "coordinates": [-119.0218, 35.3396] }},
{"zip_code":"93384","country":"US","city":"Bakersfield","state":"California","state_ab":"CA","county":"Kern","geo_location":{ "type": "Point", "coordinates": [-118.9052, 35.2944] }},
{"zip_code":"93524","country":"US","city":"Edwards","state":"California","state_ab":"CA","county":"Kern","geo_location":{ "type": "Point", "coordinates": [-117.9071, 34.932] }},
{"zip_code":"95467","country":"US","city":"Hidden Valley Lake","state":"California","state_ab":"CA","county":"Lake County","geo_location":{ "type": "Point", "coordinates": [-122.5407, 38.8036] }},
{"zip_code":"96121","country":"US","city":"Milford","state":"California","state_ab":"CA","county":"Lassen","geo_location":{ "type": "Point", "coordinates": [-120.3895, 40.1828] }},
{"zip_code":"90011","country":"US","city":"Los Angeles","state":"California","state_ab":"CA","county":"Los Angeles","geo_location":{ "type": "Point", "coordinates": [-118.2582, 34.0079] }},
{"zip_code":"90024","country":"US","city":"Los Angeles","state":"California","state_ab":"CA","county":"Los Angeles","geo_location":{ "type": "Point", "coordinates": [-118.4408, 34.0637] }},
{"zip_code":"90037","country":"US","city":"Los Angeles","state":"California","state_ab":"CA","county":"Los Angeles","geo_location":{ "type": "Point", "coordinates": [-118.2863, 34.003] }},
{"zip_code":"90051","country":"US","city":"Los Angeles","state":"California","state_ab":"CA","county":"Los Angeles","geo_location":{ "type": "Point", "coordinates": [-118.2987, 33.7866] }},
{"zip_code":"90064","country":"US","city":"Los Angeles","state":"California","state_ab":"CA","county":"Los Angeles","geo_location":{ "type": "Point", "coordinates": [-118.4259, 34.0353] }},
{"zip_code":"90077","country":"US","city":"Los Angeles","state":"California","state_ab":"CA","county":"Los Angeles","geo_location":{ "type": "Point", "coordinates": [-118.4502, 34.1112] }},
{"zip_code":"90091","country":"US","city":"Los Angeles","state":"California","state_ab":"CA","county":"Los Angeles","geo_location":{ "type": "Point", "coordinates": [-118.2987, 33.7866] }},
{"zip_code":"90101","country":"US","city":"Los Angeles","state":"California","state_ab":"CA","county":"Los Angeles","geo_location":{ "type": "Point", "coordinates": [-118.2987, 33.7866] }},
{"zip_code":"90231","country":"US","city":"Culver City","state":"California","state_ab":"CA","county":"Los Angeles","geo_location":{ "type": "Point", "coordinates": [-118.2987, 33.7866] }},
{"zip_code":"90307","country":"US","city":"Inglewood","state":"California","state_ab":"CA","county":"Los Angeles","geo_location":{ "type": "Point", "coordinates": [-118.2987, 33.7866] }},
{"zip_code":"90411","country":"US","city":"Santa Monica","state":"California","state_ab":"CA","county":"Los Angeles","geo_location":{ "type": "Point", "coordinates": [-118.2987, 33.7866] }},
{"zip_code":"90501","country":"US","city":"Torrance","state":"California","state_ab":"CA","county":"Los Angeles","geo_location":{ "type": "Point", "coordinates": [-118.3118, 33.8268] }},
{"zip_code":"90604","country":"US","city":"Whittier","state":"California","state_ab":"CA","county":"Los Angeles","geo_location":{ "type": "Point", "coordinates": [-118.0121, 33.9299] }},
{"zip_code":"90671","country":"US","city":"Santa Fe Springs","state":"California","state_ab":"CA","county":"Los Angeles","geo_location":{ "type": "Point", "coordinates": [-118.2987, 33.7866] }},
{"zip_code":"90707","country":"US","city":"Bellflower","state":"California","state_ab":"CA","county":"Los Angeles","geo_location":{ "type": "Point", "coordinates": [-118.2987, 33.7866] }},
{"zip_code":"90734","country":"US","city":"San Pedro","state":"California","state_ab":"CA","county":"Los Angeles","geo_location":{ "type": "Point", "coordinates": [-118.2987, 33.7866] }},
{"zip_code":"90747","country":"US","city":"Carson","state":"California","state_ab":"CA","county":"Los Angeles","geo_location":{ "type": "Point", "coordinates": [-118.2538, 33.8671] }},
{"zip_code":"91001","country":"US","city":"Altadena","state":"California","state_ab":"CA","county":"Los Angeles","geo_location":{ "type": "Point", "coordinates": [-118.1392, 34.1912] }},
{"zip_code":"91041","country":"US","city":"Sunland","state":"California","state_ab":"CA","county":"Los Angeles","geo_location":{ "type": "Point", "coordinates": [-118.2987, 33.7866] }},
{"zip_code":"91104","country":"US","city":"Pasadena","state":"California","state_ab":"CA","county":"Los Angeles","geo_location":{ "type": "Point", "coordinates": [-118.1261, 34.1678] }},
{"zip_code":"91117","country":"US","city":"Pasadena","state":"California","state_ab":"CA","county":"Los Angeles","geo_location":{ "type": "Point", "coordinates": [-118.2987, 33.7866] }},
{"zip_code":"91131","country":"US","city":"Pasadena","state":"California","state_ab":"CA","county":"Los Angeles","geo_location":{ "type": "Point", "coordinates": [-118.2987, 33.7866] }},
{"zip_code":"91184","country":"US","city":"Pasadena","state":"California","state_ab":"CA","county":"Los Angeles","geo_location":{ "type": "Point", "coordinates": [-118.2987, 33.7866] }},
{"zip_code":"91207","country":"US","city":"Glendale","state":"California","state_ab":"CA","county":"Los Angeles","geo_location":{ "type": "Point", "coordinates": [-118.2451, 34.1649] }},
{"zip_code":"91221","country":"US","city":"Glendale","state":"California","state_ab":"CA","county":"Los Angeles","geo_location":{ "type": "Point", "coordinates": [-118.2987, 33.7866] }},
{"zip_code":"91311","country":"US","city":"Chatsworth","state":"California","state_ab":"CA","county":"Los Angeles","geo_location":{ "type": "Point", "coordinates": [-118.5914, 34.2583] }},
{"zip_code":"91324","country":"US","city":"Northridge","state":"California","state_ab":"CA","county":"Los Angeles","geo_location":{ "type": "Point", "coordinates": [-118.5466, 34.2367] }},
{"zip_code":"91337","country":"US","city":"Reseda","state":"California","state_ab":"CA","county":"Los Angeles","geo_location":{ "type": "Point", "coordinates": [-118.2987, 33.7866] }},
{"zip_code":"91351","country":"US","city":"Canyon Country","state":"California","state_ab":"CA","county":"Los Angeles","geo_location":{ "type": "Point", "coordinates": [-118.449, 34.4262] }},
{"zip_code":"91364","country":"US","city":"Woodland Hills","state":"California","state_ab":"CA","county":"Los Angeles","geo_location":{ "type": "Point", "coordinates": [-118.6, 34.1557] }},
{"zip_code":"91401","country":"US","city":"Van Nuys","state":"California","state_ab":"CA","county":"Los Angeles","geo_location":{ "type": "Point", "coordinates": [-118.4324, 34.1802] }},
{"zip_code":"91494","country":"US","city":"Los Angeles","state":"California","state_ab":"CA","county":"Los Angeles County","geo_location":{ "type": "Point", "coordinates": [-118.4742, 34.2011] }},
{"zip_code":"91504","country":"US","city":"Burbank","state":"California","state_ab":"CA","county":"Los Angeles","geo_location":{ "type": "Point", "coordinates": [-118.3264, 34.2001] }},
{"zip_code":"91607","country":"US","city":"Valley Village","state":"California","state_ab":"CA","county":"Los Angeles","geo_location":{ "type": "Point", "coordinates": [-118.3989, 34.1672] }},
{"zip_code":"91711","country":"US","city":"Claremont","state":"California","state_ab":"CA","county":"Los Angeles","geo_location":{ "type": "Point", "coordinates": [-117.7183, 34.1092] }},
{"zip_code":"91724","country":"US","city":"Covina","state":"California","state_ab":"CA","county":"Los Angeles","geo_location":{ "type": "Point", "coordinates": [-117.856, 34.0938] }},
{"zip_code":"91791","country":"US","city":"West Covina","state":"California","state_ab":"CA","county":"Los Angeles","geo_location":{ "type": "Point", "coordinates": [-117.8978, 34.0653] }},
{"zip_code":"91801","country":"US","city":"Alhambra","state":"California","state_ab":"CA","county":"Los Angeles","geo_location":{ "type": "Point", "coordinates": [-118.1293, 34.0914] }},
{"zip_code":"91841","country":"US","city":"Alhambra","state":"California","state_ab":"CA","county":"Los Angeles","geo_location":{ "type": "Point", "coordinates": [-118.2987, 33.7866] }},
{"zip_code":"93551","country":"US","city":"Palmdale","state":"California","state_ab":"CA","county":"Los Angeles","geo_location":{ "type": "Point", "coordinates": [-118.231, 34.6017] }},
{"zip_code":"93591","country":"US","city":"Palmdale","state":"California","state_ab":"CA","county":"Los Angeles","geo_location":{ "type": "Point", "coordinates": [-117.8123, 34.6019] }},
{"zip_code":"93601","country":"US","city":"Ahwahnee","state":"California","state_ab":"CA","county":"Madera","geo_location":{ "type": "Point", "coordinates": [-119.7233, 37.4076] }},
{"zip_code":"93614","country":"US","city":"Coarsegold","state":"California","state_ab":"CA","county":"Madera","geo_location":{ "type": "Point", "coordinates": [-119.7455, 37.2214] }},
{"zip_code":"94901","country":"US","city":"San Rafael","state":"California","state_ab":"CA","county":"Marin","geo_location":{ "type": "Point", "coordinates": [-122.5105, 37.9691] }},
{"zip_code":"94914","country":"US","city":"Kentfield","state":"California","state_ab":"CA","county":"Marin","geo_location":{ "type": "Point", "coordinates": [-122.741, 38.068] }},
{"zip_code":"94941","country":"US","city":"Mill Valley","state":"California","state_ab":"CA","county":"Marin","geo_location":{ "type": "Point", "coordinates": [-122.5339, 37.8958] }},
{"zip_code":"95311","country":"US","city":"Coulterville","state":"California","state_ab":"CA","county":"Mariposa","geo_location":{ "type": "Point", "coordinates": [-120.1197, 37.7197] }},
{"zip_code":"95427","country":"US","city":"Comptche","state":"California","state_ab":"CA","county":"Mendocino","geo_location":{ "type": "Point", "coordinates": [-123.5873, 39.2767] }},
{"zip_code":"95454","country":"US","city":"Laytonville","state":"California","state_ab":"CA","county":"Mendocino","geo_location":{ "type": "Point", "coordinates": [-123.4929, 39.6627] }},
{"zip_code":"95481","country":"US","city":"Talmage","state":"California","state_ab":"CA","county":"Mendocino","geo_location":{ "type": "Point", "coordinates": [-123.1658, 39.1269] }},
{"zip_code":"95494","country":"US","city":"Yorkville","state":"California","state_ab":"CA","county":"Mendocino","geo_location":{ "type": "Point", "coordinates": [-123.2973, 38.9235] }},
{"zip_code":"95324","country":"US","city":"Hilmar","state":"California","state_ab":"CA","county":"Merced","geo_location":{ "type": "Point", "coordinates": [-120.8723, 37.4002] }},
{"zip_code":"96107","country":"US","city":"Coleville","state":"California","state_ab":"CA","county":"Mono","geo_location":{ "type": "Point", "coordinates": [-119.4828, 38.5029] }},
{"zip_code":"93911","country":"US","city":"Salinas","state":"California","state_ab":"CA","county":"Monterey County","geo_location":{ "type": "Point", "coordinates": [-121.6689, 36.6963] }},
{"zip_code":"93924","country":"US","city":"Carmel Valley","state":"California","state_ab":"CA","county":"Monterey","geo_location":{ "type": "Point", "coordinates": [-121.7244, 36.4787] }},
{"zip_code":"94567","country":"US","city":"Pope Valley","state":"California","state_ab":"CA","county":"Napa","geo_location":{ "type": "Point", "coordinates": [-122.4453, 38.6493] }},
{"zip_code":"94581","country":"US","city":"Napa","state":"California","state_ab":"CA","county":"Napa","geo_location":{ "type": "Point", "coordinates": [-122.3539, 38.5096] }},
{"zip_code":"95724","country":"US","city":"Norden","state":"California","state_ab":"CA","county":"Nevada","geo_location":{ "type": "Point", "coordinates": [-120.4317, 39.2966] }},
{"zip_code":"96161","country":"US","city":"Truckee","state":"California","state_ab":"CA","county":"Nevada","geo_location":{ "type": "Point", "coordinates": [-120.1729, 39.3385] }},
{"zip_code":"90631","country":"US","city":"La Habra","state":"California","state_ab":"CA","county":"Orange","geo_location":{ "type": "Point", "coordinates": [-117.9493, 33.9331] }},
{"zip_code":"90721","country":"US","city":"Los Alamitos","state":"California","state_ab":"CA","county":"Orange","geo_location":{ "type": "Point", "coordinates": [-118.069, 33.8023] }},
{"zip_code":"92624","country":"US","city":"Capistrano Beach","state":"California","state_ab":"CA","county":"Orange","geo_location":{ "type": "Point", "coordinates": [-117.6632, 33.46] }},
{"zip_code":"92637","country":"US","city":"Laguna Hills","state":"California","state_ab":"CA","county":"Orange","geo_location":{ "type": "Point", "coordinates": [-117.7114, 33.615] }},
{"zip_code":"92651","country":"US","city":"Laguna Beach","state":"California","state_ab":"CA","county":"Orange","geo_location":{ "type": "Point", "coordinates": [-117.7813, 33.5429] }},
{"zip_code":"92664","country":"US","city":"Orange","state":"California","state_ab":"CA","county":"Orange County","geo_location":{ "type": "Point", "coordinates": [-117.8934, 33.7875] }},
{"zip_code":"92677","country":"US","city":"Laguna Niguel","state":"California","state_ab":"CA","county":"Orange","geo_location":{ "type": "Point", "coordinates": [-117.7084, 33.5145] }},
{"zip_code":"92691","country":"US","city":"Mission Viejo","state":"California","state_ab":"CA","county":"Orange","geo_location":{ "type": "Point", "coordinates": [-117.6622, 33.6128] }},
{"zip_code":"92701","country":"US","city":"Santa Ana","state":"California","state_ab":"CA","county":"Orange","geo_location":{ "type": "Point", "coordinates": [-117.8541, 33.7523] }},
{"zip_code":"92714","country":"US","city":"Irvine","state":"California","state_ab":"CA","county":"Orange County","geo_location":{ "type": "Point", "coordinates": [-117.8017, 33.6881] }},
{"zip_code":"92781","country":"US","city":"Tustin","state":"California","state_ab":"CA","county":"Orange","geo_location":{ "type": "Point", "coordinates": [-117.8181, 33.7369] }},
{"zip_code":"92804","country":"US","city":"Anaheim","state":"California","state_ab":"CA","county":"Orange","geo_location":{ "type": "Point", "coordinates": [-117.9729, 33.8186] }},
{"zip_code":"92817","country":"US","city":"Anaheim","state":"California","state_ab":"CA","county":"Orange","geo_location":{ "type": "Point", "coordinates": [-117.7915, 33.8512] }},
{"zip_code":"92831","country":"US","city":"Fullerton","state":"California","state_ab":"CA","county":"Orange","geo_location":{ "type": "Point", "coordinates": [-117.8946, 33.8873] }},
{"zip_code":"92844","country":"US","city":"Garden Grove","state":"California","state_ab":"CA","county":"Orange","geo_location":{ "type": "Point", "coordinates": [-117.9738, 33.7661] }},
{"zip_code":"92857","country":"US","city":"Orange","state":"California","state_ab":"CA","county":"Orange","geo_location":{ "type": "Point", "coordinates": [-117.8491, 33.8317] }},
{"zip_code":"92871","country":"US","city":"Placentia","state":"California","state_ab":"CA","county":"Orange","geo_location":{ "type": "Point", "coordinates": [-117.8557, 33.8829] }},
{"zip_code":"95661","country":"US","city":"Roseville","state":"California","state_ab":"CA","county":"Placer","geo_location":{ "type": "Point", "coordinates": [-121.234, 38.7346] }},
{"zip_code":"95971","country":"US","city":"Quincy","state":"California","state_ab":"CA","county":"Plumas","geo_location":{ "type": "Point", "coordinates": [-120.9698, 39.9284] }},
{"zip_code":"95984","country":"US","city":"Twain","state":"California","state_ab":"CA","county":"Plumas","geo_location":{ "type": "Point", "coordinates": [-121.1268, 40.0509] }},
{"zip_code":"92211","country":"US","city":"Palm Desert","state":"California","state_ab":"CA","county":"Riverside","geo_location":{ "type": "Point", "coordinates": [-116.3398, 33.7644] }},
{"zip_code":"92264","country":"US","city":"Palm Springs","state":"California","state_ab":"CA","county":"Riverside","geo_location":{ "type": "Point", "coordinates": [-116.517, 33.8018] }},
{"zip_code":"92507","country":"US","city":"Riverside","state":"California","state_ab":"CA","county":"Riverside","geo_location":{ "type": "Point", "coordinates": [-117.3389, 33.9761] }},
{"zip_code":"92521","country":"US","city":"Riverside","state":"California","state_ab":"CA","county":"Riverside","geo_location":{ "type": "Point", "coordinates": [-116.0556, 33.7529] }},
{"zip_code":"35007","country":"US","city":"Alabaster","state":"Alabama","state_ab":"AL","county":"Shelby","geo_location":{ "type": "Point", "coordinates": [-86.7944, 33.1934] }},
{"zip_code":"35124","country":"US","city":"Pelham","state":"Alabama","state_ab":"AL","county":"Shelby","geo_location":{ "type": "Point", "coordinates": [-86.768, 33.2932] }},
{"zip_code":"35137","country":"US","city":"Saginaw","state":"Alabama","state_ab":"AL","county":"Shelby","geo_location":{ "type": "Point", "coordinates": [-86.7812, 33.2063] }},
{"zip_code":"36901","country":"US","city":"Bellamy","state":"Alabama","state_ab":"AL","county":"Sumter","geo_location":{ "type": "Point", "coordinates": [-88.1406, 32.4671] }},
{"zip_code":"35151","country":"US","city":"Sylacauga","state":"Alabama","state_ab":"AL","county":"Talladega","geo_location":{ "type": "Point", "coordinates": [-86.3574, 33.1756] }},
{"zip_code":"35407","country":"US","city":"Tuscaloosa","state":"Alabama","state_ab":"AL","county":"Tuscaloosa","geo_location":{ "type": "Point", "coordinates": [-87.4532, 33.3066] }},
{"zip_code":"35487","country":"US","city":"Tuscaloosa","state":"Alabama","state_ab":"AL","county":"Tuscaloosa","geo_location":{ "type": "Point", "coordinates": [-87.5859, 33.3072] }},
{"zip_code":"36581","country":"US","city":"Sunflower","state":"Alabama","state_ab":"AL","county":"Washington","geo_location":{ "type": "Point", "coordinates": [-88.0122, 31.3696] }},
{"zip_code":"36721","country":"US","city":"Annemanie","state":"Alabama","state_ab":"AL","county":"Wilcox","geo_location":{ "type": "Point", "coordinates": [-87.2623, 32.0481] }},
{"zip_code":"36747","country":"US","city":"Lamison","state":"Alabama","state_ab":"AL","county":"Wilcox County","geo_location":{ "type": "Point", "coordinates": [-87.5667, 32.1211] }},
{"zip_code":"35551","country":"US","city":"Delmar","state":"Alabama","state_ab":"AL","county":"Winston","geo_location":{ "type": "Point", "coordinates": [-87.3732, 34.1459] }},
{"zip_code":"35577","country":"US","city":"Natural Bridge","state":"Alabama","state_ab":"AL","county":"Winston","geo_location":{ "type": "Point", "coordinates": [-87.6008, 34.0934] }},
{"zip_code":"96507","country":"US","city":"FPO","state":"","state_ab":"AP","county":"Brazoria","geo_location":{ "type": "Point", "coordinates": [-85.82, 41.7206] }},
{"zip_code":"72617","country":"US","city":"Big Flat","state":"Arkansas","state_ab":"AR","county":"Baxter","geo_location":{ "type": "Point", "coordinates": [-92.3917, 36.0068] }},
{"zip_code":"72734","country":"US","city":"Gentry","state":"Arkansas","state_ab":"AR","county":"Benton","geo_location":{ "type": "Point", "coordinates": [-94.4751, 36.2652] }},
{"zip_code":"72747","country":"US","city":"Maysville","state":"Arkansas","state_ab":"AR","county":"Benton","geo_location":{ "type": "Point", "coordinates": [-94.5783, 36.3811] }},
{"zip_code":"72761","country":"US","city":"Siloam Springs","state":"Arkansas","state_ab":"AR","county":"Benton","geo_location":{ "type": "Point", "coordinates": [-94.528, 36.18] }},
{"zip_code":"72644","country":"US","city":"Lead Hill","state":"Arkansas","state_ab":"AR","county":"Boone","geo_location":{ "type": "Point", "coordinates": [-93.0039, 36.3848] }},
{"zip_code":"71744","country":"US","city":"Hampton","state":"Arkansas","state_ab":"AR","county":"Calhoun","geo_location":{ "type": "Point", "coordinates": [-92.5295, 33.5376] }},
{"zip_code":"72631","country":"US","city":"Eureka Springs","state":"Arkansas","state_ab":"AR","county":"Carroll","geo_location":{ "type": "Point", "coordinates": [-93.7673, 36.435] }},
{"zip_code":"72424","country":"US","city":"Datto","state":"Arkansas","state_ab":"AR","county":"Clay","geo_location":{ "type": "Point", "coordinates": [-90.7231, 36.3897] }},
{"zip_code":"72464","country":"US","city":"Saint Francis","state":"Arkansas","state_ab":"AR","county":"Clay","geo_location":{ "type": "Point", "coordinates": [-90.145, 36.4548] }},
{"zip_code":"72581","country":"US","city":"Tumbling Shoals","state":"Arkansas","state_ab":"AR","county":"Cleburne","geo_location":{ "type": "Point", "coordinates": [-91.9704, 35.547] }},
{"zip_code":"71861","country":"US","city":"Taylor","state":"Arkansas","state_ab":"AR","county":"Columbia","geo_location":{ "type": "Point", "coordinates": [-93.446, 33.108] }},
{"zip_code":"72127","country":"US","city":"Plumerville","state":"Arkansas","state_ab":"AR","county":"Conway","geo_location":{ "type": "Point", "coordinates": [-92.6204, 35.1575] }},
{"zip_code":"72411","country":"US","city":"Bay","state":"Arkansas","state_ab":"AR","county":"Craighead","geo_location":{ "type": "Point", "coordinates": [-90.5507, 35.7456] }},
{"zip_code":"72437","country":"US","city":"Lake City","state":"Arkansas","state_ab":"AR","county":"Craighead","geo_location":{ "type": "Point", "coordinates": [-90.4423, 35.8171] }},
{"zip_code":"72347","country":"US","city":"Hickory Ridge","state":"Arkansas","state_ab":"AR","county":"Cross","geo_location":{ "type": "Point", "coordinates": [-90.9823, 35.3995] }},
{"zip_code":"72387","country":"US","city":"Vanndale","state":"Arkansas","state_ab":"AR","county":"Cross","geo_location":{ "type": "Point", "coordinates": [-90.7712, 35.3245] }},
{"zip_code":"71654","country":"US","city":"Mc Gehee","state":"Arkansas","state_ab":"AR","county":"Desha","geo_location":{ "type": "Point", "coordinates": [-91.3928, 33.6297] }},
{"zip_code":"72181","country":"US","city":"Wooster","state":"Arkansas","state_ab":"AR","county":"Faulkner","geo_location":{ "type": "Point", "coordinates": [-92.453, 35.1645] }},
{"zip_code":"72554","country":"US","city":"Mammoth Spring","state":"Arkansas","state_ab":"AR","county":"Fulton","geo_location":{ "type": "Point", "coordinates": [-91.5757, 36.4076] }},
{"zip_code":"71951","country":"US","city":"Hot Springs National Park","state":"Arkansas","state_ab":"AR","county":"Garland","geo_location":{ "type": "Point", "coordinates": [-93.0994, 34.5814] }},
{"zip_code":"71964","country":"US","city":"Pearcy","state":"Arkansas","state_ab":"AR","county":"Garland","geo_location":{ "type": "Point", "coordinates": [-93.242, 34.4351] }},
{"zip_code":"72451","country":"US","city":"Paragould","state":"Arkansas","state_ab":"AR","county":"Greene","geo_location":{ "type": "Point", "coordinates": [-90.5251, 36.1163] }},
{"zip_code":"71847","country":"US","city":"Mc Caskill","state":"Arkansas","state_ab":"AR","county":"Hempstead","geo_location":{ "type": "Point", "coordinates": [-93.6266, 33.923] }},
{"zip_code":"72501","country":"US","city":"Batesville","state":"Arkansas","state_ab":"AR","county":"Independence","geo_location":{ "type": "Point", "coordinates": [-91.6352, 35.7826] }},
{"zip_code":"72527","country":"US","city":"Desha","state":"Arkansas","state_ab":"AR","county":"Independence","geo_location":{ "type": "Point", "coordinates": [-91.6985, 35.7411] }},
{"zip_code":"71601","country":"US","city":"Pine Bluff","state":"Arkansas","state_ab":"AR","county":"Jefferson","geo_location":{ "type": "Point", "coordinates": [-91.9859, 34.209] }},
{"zip_code":"71667","country":"US","city":"Star City","state":"Arkansas","state_ab":"AR","county":"Lincoln","geo_location":{ "type": "Point", "coordinates": [-91.8653, 33.9405] }},
{"zip_code":"72851","country":"US","city":"New Blaine","state":"Arkansas","state_ab":"AR","county":"Logan","geo_location":{ "type": "Point", "coordinates": [-93.4446, 35.3189] }},
{"zip_code":"72927","country":"US","city":"Booneville","state":"Arkansas","state_ab":"AR","county":"Logan","geo_location":{ "type": "Point", "coordinates": [-93.9274, 35.1364] }},
{"zip_code":"72024","country":"US","city":"Carlisle","state":"Arkansas","state_ab":"AR","county":"Lonoke","geo_location":{ "type": "Point", "coordinates": [-91.7459, 34.7933] }},
{"zip_code":"72037","country":"US","city":"Coy","state":"Arkansas","state_ab":"AR","county":"Lonoke","geo_location":{ "type": "Point", "coordinates": [-91.8758, 34.5412] }},
{"zip_code":"72721","country":"US","city":"Combs","state":"Arkansas","state_ab":"AR","county":"Madison","geo_location":{ "type": "Point", "coordinates": [-93.8112, 35.8607] }},
{"zip_code":"71834","country":"US","city":"Doddridge","state":"Arkansas","state_ab":"AR","county":"Miller","geo_location":{ "type": "Point", "coordinates": [-93.9543, 33.1054] }},
{"zip_code":"72321","country":"US","city":"Burdette","state":"Arkansas","state_ab":"AR","county":"Mississippi","geo_location":{ "type": "Point", "coordinates": [-89.9406, 35.8211] }},
{"zip_code":"72374","country":"US","city":"Poplar Grove","state":"Arkansas","state_ab":"AR","county":"Phillips","geo_location":{ "type": "Point", "coordinates": [-90.8813, 34.5394] }},
{"zip_code":"71937","country":"US","city":"Cove","state":"Arkansas","state_ab":"AR","county":"Polk","geo_location":{ "type": "Point", "coordinates": [-94.3923, 34.4192] }},
{"zip_code":"72811","country":"US","city":"Russellville","state":"Arkansas","state_ab":"AR","county":"Pope","geo_location":{ "type": "Point", "coordinates": [-93.1133, 35.3147] }},
{"zip_code":"72837","country":"US","city":"Dover","state":"Arkansas","state_ab":"AR","county":"Pope","geo_location":{ "type": "Point", "coordinates": [-93.1355, 35.4074] }},
{"zip_code":"72064","country":"US","city":"Hazen","state":"Arkansas","state_ab":"AR","county":"Prairie","geo_location":{ "type": "Point", "coordinates": [-91.5767, 34.7838] }},
{"zip_code":"72114","country":"US","city":"North Little Rock","state":"Arkansas","state_ab":"AR","county":"Pulaski","geo_location":{ "type": "Point", "coordinates": [-92.2629, 34.7666] }},
{"zip_code":"72204","country":"US","city":"Little Rock","state":"Arkansas","state_ab":"AR","county":"Pulaski","geo_location":{ "type": "Point", "coordinates": [-92.344, 34.7269] }},
{"zip_code":"72217","country":"US","city":"Little Rock","state":"Arkansas","state_ab":"AR","county":"Pulaski","geo_location":{ "type": "Point", "coordinates": [-92.1702, 34.8302] }},
{"zip_code":"72231","country":"US","city":"Little Rock","state":"Arkansas","state_ab":"AR","county":"Pulaski","geo_location":{ "type": "Point", "coordinates": [-92.1894, 34.8019] }},
{"zip_code":"72297","country":"US","city":"Little Rock","state":"Arkansas","state_ab":"AR","county":"Pulaski County","geo_location":{ "type": "Point", "coordinates": [-92.3541, 34.7224] }},
{"zip_code":"72011","country":"US","city":"Bauxite","state":"Arkansas","state_ab":"AR","county":"Saline","geo_location":{ "type": "Point", "coordinates": [-92.4828, 34.5091] }},
{"zip_code":"72167","country":"US","city":"Traskwood","state":"Arkansas","state_ab":"AR","county":"Saline","geo_location":{ "type": "Point", "coordinates": [-92.6547, 34.4508] }},
{"zip_code":"72901","country":"US","city":"Fort Smith","state":"Arkansas","state_ab":"AR","county":"Sebastian","geo_location":{ "type": "Point", "coordinates": [-94.411, 35.3653] }},
{"zip_code":"72914","country":"US","city":"Fort Smith","state":"Arkansas","state_ab":"AR","county":"Sebastian","geo_location":{ "type": "Point", "coordinates": [-94.2382, 35.191] }},
{"zip_code":"72941","country":"US","city":"Lavaca","state":"Arkansas","state_ab":"AR","county":"Sebastian","geo_location":{ "type": "Point", "coordinates": [-94.1917, 35.3661] }},
{"zip_code":"72051","country":"US","city":"Fox","state":"Arkansas","state_ab":"AR","county":"Stone","geo_location":{ "type": "Point", "coordinates": [-92.3043, 35.7682] }},
{"zip_code":"72567","country":"US","city":"Pleasant Grove","state":"Arkansas","state_ab":"AR","county":"Stone","geo_location":{ "type": "Point", "coordinates": [-91.8958, 35.8265] }},
{"zip_code":"72657","country":"US","city":"Timbo","state":"Arkansas","state_ab":"AR","county":"Stone","geo_location":{ "type": "Point", "coordinates": [-92.1272, 35.919] }},
{"zip_code":"71731","country":"US","city":"El Dorado","state":"Arkansas","state_ab":"AR","county":"Union","geo_location":{ "type": "Point", "coordinates": [-92.5289, 33.198] }},
{"zip_code":"72141","country":"US","city":"Scotland","state":"Arkansas","state_ab":"AR","county":"Van Buren","geo_location":{ "type": "Point", "coordinates": [-92.5867, 35.508] }},
{"zip_code":"72774","country":"US","city":"West Fork","state":"Arkansas","state_ab":"AR","county":"Washington","geo_location":{ "type": "Point", "coordinates": [-94.2304, 35.9082] }},
{"zip_code":"72101","country":"US","city":"Mc Crory","state":"Arkansas","state_ab":"AR","county":"Woodruff","geo_location":{ "type": "Point", "coordinates": [-91.1793, 35.2473] }},
{"zip_code":"72824","country":"US","city":"Belleville","state":"Arkansas","state_ab":"AR","county":"Yell","geo_location":{ "type": "Point", "coordinates": [-93.4518, 35.1038] }},
{"zip_code":"85927","country":"US","city":"Greer","state":"Arizona","state_ab":"AZ","county":"Apache","geo_location":{ "type": "Point", "coordinates": [-109.4664, 34.0052] }},
{"zip_code":"86504","country":"US","city":"Fort Defiance","state":"Arizona","state_ab":"AZ","county":"Apache","geo_location":{ "type": "Point", "coordinates": [-109.5229, 35.2375] }},
{"zip_code":"86544","country":"US","city":"Red Valley","state":"Arizona","state_ab":"AZ","county":"Apache","geo_location":{ "type": "Point", "coordinates": [-109.5229, 35.2375] }},
{"zip_code":"85617","country":"US","city":"Mc Neal","state":"Arizona","state_ab":"AZ","county":"Cochise","geo_location":{ "type": "Point", "coordinates": [-109.8438, 31.5121] }},
{"zip_code":"85644","country":"US","city":"Willcox","state":"Arizona","state_ab":"AZ","county":"Cochise","geo_location":{ "type": "Point", "coordinates": [-109.8782, 32.3007] }},
{"zip_code":"85671","country":"US","city":"Sierra Vista","state":"Arizona","state_ab":"AZ","county":"Cochise","geo_location":{ "type": "Point", "coordinates": [-109.7543, 31.8801] }},
{"zip_code":"86001","country":"US","city":"Flagstaff","state":"Arizona","state_ab":"AZ","county":"Coconino","geo_location":{ "type": "Point", "coordinates": [-111.662, 35.1859] }},
{"zip_code":"86351","country":"US","city":"Sedona","state":"Arizona","state_ab":"AZ","county":"Coconino","geo_location":{ "type": "Point", "coordinates": [-111.7851, 34.7784] }},
{"zip_code":"85501","country":"US","city":"Globe","state":"Arizona","state_ab":"AZ","county":"Gila","geo_location":{ "type": "Point", "coordinates": [-110.7892, 33.4024] }},
{"zip_code":"85541","country":"US","city":"Payson","state":"Arizona","state_ab":"AZ","county":"Gila","geo_location":{ "type": "Point", "coordinates": [-111.2878, 34.2198] }},
{"zip_code":"85554","country":"US","city":"Young","state":"Arizona","state_ab":"AZ","county":"Gila","geo_location":{ "type": "Point", "coordinates": [-110.8607, 33.7415] }},
{"zip_code":"33737","country":"US","city":"Saint Petersburg","state":"Florida","state_ab":"FL","county":"Pinellas","geo_location":{ "type": "Point", "coordinates": [-82.7248, 27.8918] }},
{"zip_code":"33764","country":"US","city":"Clearwater","state":"Florida","state_ab":"FL","county":"Pinellas","geo_location":{ "type": "Point", "coordinates": [-82.7343, 27.916] }},
{"zip_code":"33777","country":"US","city":"Largo","state":"Florida","state_ab":"FL","county":"Pinellas","geo_location":{ "type": "Point", "coordinates": [-82.7545, 27.8546] }},
{"zip_code":"34624","country":"US","city":"Clearwater","state":"Florida","state_ab":"FL","county":"Pinellas County","geo_location":{ "type": "Point", "coordinates": [-82.744, 27.9375] }},
{"zip_code":"34664","country":"US","city":"Pinellas Park","state":"Florida","state_ab":"FL","county":"Pinellas County","geo_location":{ "type": "Point", "coordinates": [-82.7054, 27.8425] }},
{"zip_code":"34677","country":"US","city":"Oldsmar","state":"Florida","state_ab":"FL","county":"Pinellas","geo_location":{ "type": "Point", "coordinates": [-82.6848, 28.046] }},
{"zip_code":"33801","country":"US","city":"Lakeland","state":"Florida","state_ab":"FL","county":"Polk","geo_location":{ "type": "Point", "coordinates": [-81.9392, 28.0381] }},
{"zip_code":"33827","country":"US","city":"Babson Park","state":"Florida","state_ab":"FL","county":"Polk","geo_location":{ "type": "Point", "coordinates": [-81.5139, 27.8163] }},
{"zip_code":"33841","country":"US","city":"Fort Meade","state":"Florida","state_ab":"FL","county":"Polk","geo_location":{ "type": "Point", "coordinates": [-81.7823, 27.7464] }},
{"zip_code":"33854","country":"US","city":"Fedhaven","state":"Florida","state_ab":"FL","county":"Polk","geo_location":{ "type": "Point", "coordinates": [-81.6186, 28.0026] }},
{"zip_code":"33867","country":"US","city":"River Ranch","state":"Florida","state_ab":"FL","county":"Polk","geo_location":{ "type": "Point", "coordinates": [-81.1966, 27.7686] }},
{"zip_code":"33881","country":"US","city":"Winter Haven","state":"Florida","state_ab":"FL","county":"Polk","geo_location":{ "type": "Point", "coordinates": [-81.7325, 28.0452] }},
{"zip_code":"34714","country":"US","city":"Clermont","state":"Florida","state_ab":"FL","county":"Polk County","geo_location":{ "type": "Point", "coordinates": [-81.7812, 28.4113] }},
{"zip_code":"32181","country":"US","city":"Pomona Park","state":"Florida","state_ab":"FL","county":"Putnam","geo_location":{ "type": "Point", "coordinates": [-81.6307, 29.5021] }},
{"zip_code":"34947","country":"US","city":"Fort Pierce","state":"Florida","state_ab":"FL","county":"St. Lucie","geo_location":{ "type": "Point", "coordinates": [-80.3592, 27.4493] }},
{"zip_code":"34987","country":"US","city":"Port Saint Lucie","state":"Florida","state_ab":"FL","county":"St. Lucie","geo_location":{ "type": "Point", "coordinates": [-80.4771, 27.2606] }},
{"zip_code":"34224","country":"US","city":"Englewood","state":"Florida","state_ab":"FL","county":"Sarasota","geo_location":{ "type": "Point", "coordinates": [-82.3048, 26.92] }},
{"zip_code":"34237","country":"US","city":"Sarasota","state":"Florida","state_ab":"FL","county":"Sarasota","geo_location":{ "type": "Point", "coordinates": [-82.5128, 27.3369] }},
{"zip_code":"34277","country":"US","city":"Sarasota","state":"Florida","state_ab":"FL","county":"Sarasota","geo_location":{ "type": "Point", "coordinates": [-82.381, 27.1675] }},
{"zip_code":"34291","country":"US","city":"North Port","state":"Florida","state_ab":"FL","county":"Sarasota County","geo_location":{ "type": "Point", "coordinates": [-82.2095, 27.0997] }},
{"zip_code":"32707","country":"US","city":"Casselberry","state":"Florida","state_ab":"FL","county":"Seminole","geo_location":{ "type": "Point", "coordinates": [-81.3122, 28.6617] }},
{"zip_code":"32747","country":"US","city":"Lake Monroe","state":"Florida","state_ab":"FL","county":"Seminole","geo_location":{ "type": "Point", "coordinates": [-81.3329, 28.8272] }},
{"zip_code":"33597","country":"US","city":"Webster","state":"Florida","state_ab":"FL","county":"Sumter","geo_location":{ "type": "Point", "coordinates": [-82.0805, 28.549] }},
{"zip_code":"34484","country":"US","city":"Oxford","state":"Florida","state_ab":"FL","county":"Sumter","geo_location":{ "type": "Point", "coordinates": [-82.0612, 28.9059] }},
{"zip_code":"32064","country":"US","city":"Live Oak","state":"Florida","state_ab":"FL","county":"Suwannee","geo_location":{ "type": "Point", "coordinates": [-82.9844, 30.2956] }},
{"zip_code":"32347","country":"US","city":"Perry","state":"Florida","state_ab":"FL","county":"Taylor","geo_location":{ "type": "Point", "coordinates": [-83.616, 30.1668] }},
{"zip_code":"32697","country":"US","city":"Worthington Springs","state":"Florida","state_ab":"FL","county":"Union","geo_location":{ "type": "Point", "coordinates": [-82.4255, 29.9315] }},
{"zip_code":"32114","country":"US","city":"Daytona Beach","state":"Florida","state_ab":"FL","county":"Volusia","geo_location":{ "type": "Point", "coordinates": [-81.0371, 29.2012] }},
{"zip_code":"32127","country":"US","city":"Daytona Beach","state":"Florida","state_ab":"FL","county":"Volusia","geo_location":{ "type": "Point", "coordinates": [-80.9765, 29.1135] }},
{"zip_code":"32141","country":"US","city":"Edgewater","state":"Florida","state_ab":"FL","county":"Volusia","geo_location":{ "type": "Point", "coordinates": [-80.8969, 28.9455] }},
{"zip_code":"32721","country":"US","city":"Deland","state":"Florida","state_ab":"FL","county":"Volusia","geo_location":{ "type": "Point", "coordinates": [-81.2995, 28.9973] }},
{"zip_code":"32774","country":"US","city":"Orange City","state":"Florida","state_ab":"FL","county":"Volusia","geo_location":{ "type": "Point", "coordinates": [-81.1722, 29.0227] }},
{"zip_code":"32437","country":"US","city":"Ebro","state":"Florida","state_ab":"FL","county":"Washington","geo_location":{ "type": "Point", "coordinates": [-85.8881, 30.4352] }},
{"zip_code":"31034","country":"US","city":"Hardwick","state":"Georgia","state_ab":"GA","county":"Baldwin","geo_location":{ "type": "Point", "coordinates": [-83.247, 33.0227] }},
{"zip_code":"31061","country":"US","city":"Milledgeville","state":"Georgia","state_ab":"GA","county":"Baldwin","geo_location":{ "type": "Point", "coordinates": [-83.2379, 33.08] }},
{"zip_code":"30547","country":"US","city":"Homer","state":"Georgia","state_ab":"GA","county":"Banks","geo_location":{ "type": "Point", "coordinates": [-83.4974, 34.3563] }},
{"zip_code":"30121","country":"US","city":"Cartersville","state":"Georgia","state_ab":"GA","county":"Bartow","geo_location":{ "type": "Point", "coordinates": [-84.7673, 34.2079] }},
{"zip_code":"31201","country":"US","city":"Macon","state":"Georgia","state_ab":"GA","county":"Bibb","geo_location":{ "type": "Point", "coordinates": [-83.6168, 32.8095] }},
{"zip_code":"31294","country":"US","city":"Macon","state":"Georgia","state_ab":"GA","county":"Bibb","geo_location":{ "type": "Point", "coordinates": [-83.6913, 32.8067] }},
{"zip_code":"31537","country":"US","city":"Folkston","state":"Georgia","state_ab":"GA","county":"Charlton","geo_location":{ "type": "Point", "coordinates": [-82.0116, 30.8508] }},
{"zip_code":"31407","country":"US","city":"Savannah","state":"Georgia","state_ab":"GA","county":"Chatham","geo_location":{ "type": "Point", "coordinates": [-81.1999, 32.1672] }},
{"zip_code":"31421","country":"US","city":"Savannah","state":"Georgia","state_ab":"GA","county":"Chatham","geo_location":{ "type": "Point", "coordinates": [-81.0716, 31.9714] }},
{"zip_code":"30107","country":"US","city":"Ball Ground","state":"Georgia","state_ab":"GA","county":"Cherokee","geo_location":{ "type": "Point", "coordinates": [-84.3758, 34.3393] }},
{"zip_code":"30237","country":"US","city":"Jonesboro","state":"Georgia","state_ab":"GA","county":"Clayton","geo_location":{ "type": "Point", "coordinates": [-84.3513, 33.5007] }},
{"zip_code":"31744","country":"US","city":"Doerun","state":"Georgia","state_ab":"GA","county":"Colquitt","geo_location":{ "type": "Point", "coordinates": [-83.9253, 31.3136] }},
{"zip_code":"31771","country":"US","city":"Norman Park","state":"Georgia","state_ab":"GA","county":"Colquitt","geo_location":{ "type": "Point", "coordinates": [-83.6549, 31.2462] }},
{"zip_code":"31627","country":"US","city":"Cecil","state":"Georgia","state_ab":"GA","county":"Cook","geo_location":{ "type": "Point", "coordinates": [-83.3915, 31.0403] }},
{"zip_code":"30264","country":"US","city":"Newnan","state":"Georgia","state_ab":"GA","county":"Coweta","geo_location":{ "type": "Point", "coordinates": [-84.8142, 33.361] }},
{"zip_code":"30277","country":"US","city":"Sharpsburg","state":"Georgia","state_ab":"GA","county":"Coweta","geo_location":{ "type": "Point", "coordinates": [-84.654, 33.4013] }},
{"zip_code":"30534","country":"US","city":"Dawsonville","state":"Georgia","state_ab":"GA","county":"Dawson","geo_location":{ "type": "Point", "coordinates": [-84.155, 34.4537] }},
{"zip_code":"31717","country":"US","city":"Bainbridge","state":"Georgia","state_ab":"GA","county":"Decatur","geo_location":{ "type": "Point", "coordinates": [-84.574, 30.8979] }},
{"zip_code":"30031","country":"US","city":"Decatur","state":"Georgia","state_ab":"GA","county":"DeKalb","geo_location":{ "type": "Point", "coordinates": [-84.0746, 33.8913] }},
{"zip_code":"30084","country":"US","city":"Tucker","state":"Georgia","state_ab":"GA","county":"DeKalb","geo_location":{ "type": "Point", "coordinates": [-84.216, 33.857] }},
{"zip_code":"30341","country":"US","city":"Atlanta","state":"Georgia","state_ab":"GA","county":"DeKalb","geo_location":{ "type": "Point", "coordinates": [-84.2905, 33.8879] }},
{"zip_code":"31007","country":"US","city":"Byromville","state":"Georgia","state_ab":"GA","county":"Dooly","geo_location":{ "type": "Point", "coordinates": [-83.9332, 32.189] }},
{"zip_code":"31704","country":"US","city":"Albany","state":"Georgia","state_ab":"GA","county":"Dougherty","geo_location":{ "type": "Point", "coordinates": [-84.0612, 31.55] }},
{"zip_code":"30057","country":"US","city":"Lithia Springs","state":"Georgia","state_ab":"GA","county":"Douglas County","geo_location":{ "type": "Point", "coordinates": [-84.6544, 33.7737] }},
{"zip_code":"30134","country":"US","city":"Douglasville","state":"Georgia","state_ab":"GA","county":"Douglas","geo_location":{ "type": "Point", "coordinates": [-84.7477, 33.7606] }},
{"zip_code":"30187","country":"US","city":"Winston","state":"Georgia","state_ab":"GA","county":"Douglas","geo_location":{ "type": "Point", "coordinates": [-84.8639, 33.6634] }},
{"zip_code":"39834","country":"US","city":"Climax","state":"Georgia","state_ab":"GA","county":"Early County","geo_location":{ "type": "Point", "coordinates": [-84.445, 30.8757] }},
{"zip_code":"30624","country":"US","city":"Bowman","state":"Georgia","state_ab":"GA","county":"Elbert","geo_location":{ "type": "Point", "coordinates": [-83.0284, 34.1919] }},
{"zip_code":"30471","country":"US","city":"Twin City","state":"Georgia","state_ab":"GA","county":"Emanuel","geo_location":{ "type": "Point", "coordinates": [-82.1979, 32.6129] }},
{"zip_code":"30417","country":"US","city":"Claxton","state":"Georgia","state_ab":"GA","county":"Evans","geo_location":{ "type": "Point", "coordinates": [-81.908, 32.165] }},
{"zip_code":"30147","country":"US","city":"Lindale","state":"Georgia","state_ab":"GA","county":"Floyd","geo_location":{ "type": "Point", "coordinates": [-85.1825, 34.1707] }},
{"zip_code":"30161","country":"US","city":"Rome","state":"Georgia","state_ab":"GA","county":"Floyd","geo_location":{ "type": "Point", "coordinates": [-85.1465, 34.2507] }},
{"zip_code":"30521","country":"US","city":"Carnesville","state":"Georgia","state_ab":"GA","county":"Franklin","geo_location":{ "type": "Point", "coordinates": [-83.2547, 34.3631] }},
{"zip_code":"30004","country":"US","city":"Alpharetta","state":"Georgia","state_ab":"GA","county":"Fulton","geo_location":{ "type": "Point", "coordinates": [-84.302, 34.1124] }},
{"zip_code":"30291","country":"US","city":"Union City","state":"Georgia","state_ab":"GA","county":"Fulton","geo_location":{ "type": "Point", "coordinates": [-84.5499, 33.5832] }},
{"zip_code":"30301","country":"US","city":"Atlanta","state":"Georgia","state_ab":"GA","county":"Fulton","geo_location":{ "type": "Point", "coordinates": [-84.4741, 33.8444] }},
{"zip_code":"30314","country":"US","city":"Atlanta","state":"Georgia","state_ab":"GA","county":"Fulton","geo_location":{ "type": "Point", "coordinates": [-84.4255, 33.7561] }},
{"zip_code":"30327","country":"US","city":"Atlanta","state":"Georgia","state_ab":"GA","county":"Fulton","geo_location":{ "type": "Point", "coordinates": [-84.42, 33.8627] }},
{"zip_code":"30354","country":"US","city":"Atlanta","state":"Georgia","state_ab":"GA","county":"Fulton","geo_location":{ "type": "Point", "coordinates": [-84.3896, 33.6675] }},
{"zip_code":"30381","country":"US","city":"Atlanta","state":"Georgia","state_ab":"GA","county":"Fulton","geo_location":{ "type": "Point", "coordinates": [-84.4741, 33.8444] }},
{"zip_code":"30394","country":"US","city":"Atlanta","state":"Georgia","state_ab":"GA","county":"Fulton","geo_location":{ "type": "Point", "coordinates": [-84.4741, 33.8444] }},
{"zip_code":"31191","country":"US","city":"Atlanta","state":"Georgia","state_ab":"GA","county":"Fulton","geo_location":{ "type": "Point", "coordinates": [-84.4741, 33.8444] }},
{"zip_code":"31524","country":"US","city":"Brunswick","state":"Georgia","state_ab":"GA","county":"Glynn","geo_location":{ "type": "Point", "coordinates": [-81.4826, 31.222] }},
{"zip_code":"30701","country":"US","city":"Calhoun","state":"Georgia","state_ab":"GA","county":"Gordon","geo_location":{ "type": "Point", "coordinates": [-84.9345, 34.4965] }},
{"zip_code":"31797","country":"US","city":"Whigham","state":"Georgia","state_ab":"GA","county":"Grady","geo_location":{ "type": "Point", "coordinates": [-84.3158, 30.907] }},
{"zip_code":"30017","country":"US","city":"Grayson","state":"Georgia","state_ab":"GA","county":"Gwinnett","geo_location":{ "type": "Point", "coordinates": [-83.9632, 33.8901] }},
{"zip_code":"30044","country":"US","city":"Lawrenceville","state":"Georgia","state_ab":"GA","county":"Gwinnett","geo_location":{ "type": "Point", "coordinates": [-84.0706, 33.9418] }},
{"zip_code":"30071","country":"US","city":"Norcross","state":"Georgia","state_ab":"GA","county":"Gwinnett","geo_location":{ "type": "Point", "coordinates": [-84.1972, 33.9381] }},
{"zip_code":"30097","country":"US","city":"Duluth","state":"Georgia","state_ab":"GA","county":"Gwinnett","geo_location":{ "type": "Point", "coordinates": [-84.147, 34.026] }},
{"zip_code":"30211","country":"US","city":"Dacula","state":"Georgia","state_ab":"GA","county":"Gwinnett County","geo_location":{ "type": "Point", "coordinates": [-83.8857, 33.9872] }},
{"zip_code":"30507","country":"US","city":"Gainesville","state":"Georgia","state_ab":"GA","county":"Hall","geo_location":{ "type": "Point", "coordinates": [-83.7716, 34.2591] }},
{"zip_code":"31087","country":"US","city":"Sparta","state":"Georgia","state_ab":"GA","county":"Hancock","geo_location":{ "type": "Point", "coordinates": [-83.0892, 33.2571] }},
{"zip_code":"99571","country":"US","city":"Cold Bay","state":"Alaska","state_ab":"AK","county":"Aleutians East","geo_location":{ "type": "Point", "coordinates": [-162.4206, 55.3976] }}]}