{"value": [{"zip_code":"91608","country":"US","city":"Universal City","state":"California","state_ab":"CA","county":"Los Angeles","geo_location":{ "type": "Point", "coordinates": [-118.3528, 34.1383] }},
{"zip_code":"91765","country":"US","city":"Diamond Bar","state":"California","state_ab":"CA","county":"Los Angeles","geo_location":{ "type": "Point", "coordinates": [-117.8098, 34.0066] }},
{"zip_code":"91778","country":"US","city":"San Gabriel","state":"California","state_ab":"CA","county":"Los Angeles","geo_location":{ "type": "Point", "coordinates": [-118.2987, 33.7866] }},
{"zip_code":"91792","country":"US","city":"West Covina","state":"California","state_ab":"CA","county":"Los Angeles","geo_location":{ "type": "Point", "coordinates": [-117.8975, 34.0229] }},
{"zip_code":"91802","country":"US","city":"Alhambra","state":"California","state_ab":"CA","county":"Los Angeles","geo_location":{ "type": "Point", "coordinates": [-118.2987, 33.7866] }},
{"zip_code":"93552","country":"US","city":"Palmdale","state":"California","state_ab":"CA","county":"Los Angeles","geo_location":{ "type": "Point", "coordinates": [-118.0231, 34.5715] }},
{"zip_code":"94915","country":"US","city":"San Rafael","state":"California","state_ab":"CA","county":"Marin","geo_location":{ "type": "Point", "coordinates": [-122.5594, 38.0739] }},
{"zip_code":"94942","country":"US","city":"Mill Valley","state":"California","state_ab":"CA","county":"Marin","geo_location":{ "type": "Point", "coordinates": [-122.741, 38.068] }},
{"zip_code":"95325","country":"US","city":"Hornitos","state":"California","state_ab":"CA","county":"Mariposa","geo_location":{ "type": "Point", "coordinates": [-120.2793, 37.4676] }},
{"zip_code":"95338","country":"US","city":"Mariposa","state":"California","state_ab":"CA","county":"Mariposa","geo_location":{ "type": "Point", "coordinates": [-119.9219, 37.4931] }},
{"zip_code":"95415","country":"US","city":"Boonville","state":"California","state_ab":"CA","county":"Mendocino","geo_location":{ "type": "Point", "coordinates": [-123.3856, 39.0197] }},
{"zip_code":"95428","country":"US","city":"Covelo","state":"California","state_ab":"CA","county":"Mendocino","geo_location":{ "type": "Point", "coordinates": [-123.0585, 39.82] }},
{"zip_code":"95468","country":"US","city":"Point Arena","state":"California","state_ab":"CA","county":"Mendocino","geo_location":{ "type": "Point", "coordinates": [-123.6, 38.9152] }},
{"zip_code":"95482","country":"US","city":"Ukiah","state":"California","state_ab":"CA","county":"Mendocino","geo_location":{ "type": "Point", "coordinates": [-123.1951, 39.1552] }},
{"zip_code":"95585","country":"US","city":"Leggett","state":"California","state_ab":"CA","county":"Mendocino","geo_location":{ "type": "Point", "coordinates": [-123.6615, 39.8481] }},
{"zip_code":"95312","country":"US","city":"Cressey","state":"California","state_ab":"CA","county":"Merced","geo_location":{ "type": "Point", "coordinates": [-120.6663, 37.4197] }},
{"zip_code":"95365","country":"US","city":"Planada","state":"California","state_ab":"CA","county":"Merced","geo_location":{ "type": "Point", "coordinates": [-120.3124, 37.3585] }},
{"zip_code":"96108","country":"US","city":"Davis Creek","state":"California","state_ab":"CA","county":"Modoc","geo_location":{ "type": "Point", "coordinates": [-120.7277, 41.5905] }},
{"zip_code":"93512","country":"US","city":"Benton","state":"California","state_ab":"CA","county":"Mono","geo_location":{ "type": "Point", "coordinates": [-118.5647, 37.8926] }},
{"zip_code":"93912","country":"US","city":"Salinas","state":"California","state_ab":"CA","county":"Monterey","geo_location":{ "type": "Point", "coordinates": [-121.1329, 36.3543] }},
{"zip_code":"93925","country":"US","city":"Chualar","state":"California","state_ab":"CA","county":"Monterey","geo_location":{ "type": "Point", "coordinates": [-121.432, 36.595] }},
{"zip_code":"94515","country":"US","city":"Calistoga","state":"California","state_ab":"CA","county":"Napa","geo_location":{ "type": "Point", "coordinates": [-122.5814, 38.5823] }},
{"zip_code":"95712","country":"US","city":"Chicago Park","state":"California","state_ab":"CA","county":"Nevada","geo_location":{ "type": "Point", "coordinates": [-120.9666, 39.143] }},
{"zip_code":"95945","country":"US","city":"Grass Valley","state":"California","state_ab":"CA","county":"Nevada","geo_location":{ "type": "Point", "coordinates": [-121.0069, 39.2081] }},
{"zip_code":"96162","country":"US","city":"Truckee","state":"California","state_ab":"CA","county":"Nevada","geo_location":{ "type": "Point", "coordinates": [-120.6415, 39.266] }},
{"zip_code":"90632","country":"US","city":"La Habra","state":"California","state_ab":"CA","county":"Orange","geo_location":{ "type": "Point", "coordinates": [-117.9547, 33.9143] }},
{"zip_code":"92612","country":"US","city":"Irvine","state":"California","state_ab":"CA","county":"Orange","geo_location":{ "type": "Point", "coordinates": [-117.8264, 33.6607] }},
{"zip_code":"92625","country":"US","city":"Corona Del Mar","state":"California","state_ab":"CA","county":"Orange","geo_location":{ "type": "Point", "coordinates": [-117.8743, 33.6021] }},
{"zip_code":"92652","country":"US","city":"Laguna Beach","state":"California","state_ab":"CA","county":"Orange","geo_location":{ "type": "Point", "coordinates": [-117.7815, 33.543] }},
{"zip_code":"92665","country":"US","city":"Orange","state":"California","state_ab":"CA","county":"Orange County","geo_location":{ "type": "Point", "coordinates": [-117.8469, 33.8298] }},
{"zip_code":"92678","country":"US","city":"Trabuco Canyon","state":"California","state_ab":"CA","county":"Orange","geo_location":{ "type": "Point", "coordinates": [-117.5896, 33.6643] }},
{"zip_code":"92692","country":"US","city":"Mission Viejo","state":"California","state_ab":"CA","county":"Orange","geo_location":{ "type": "Point", "coordinates": [-117.6433, 33.6144] }},
{"zip_code":"92702","country":"US","city":"Santa Ana","state":"California","state_ab":"CA","county":"Orange","geo_location":{ "type": "Point", "coordinates": [-117.8714, 33.7365] }},
{"zip_code":"92715","country":"US","city":"Irvine","state":"California","state_ab":"CA","county":"Orange County","geo_location":{ "type": "Point", "coordinates": [-117.8185, 33.6506] }},
{"zip_code":"92728","country":"US","city":"Fountain Valley","state":"California","state_ab":"CA","county":"Orange","geo_location":{ "type": "Point", "coordinates": [-117.9284, 33.714] }},
{"zip_code":"92782","country":"US","city":"Tustin","state":"California","state_ab":"CA","county":"Orange","geo_location":{ "type": "Point", "coordinates": [-117.7869, 33.7346] }},
{"zip_code":"92805","country":"US","city":"Anaheim","state":"California","state_ab":"CA","county":"Orange","geo_location":{ "type": "Point", "coordinates": [-117.9086, 33.8359] }},
{"zip_code":"92832","country":"US","city":"Fullerton","state":"California","state_ab":"CA","county":"Orange","geo_location":{ "type": "Point", "coordinates": [-117.9265, 33.868] }},
{"zip_code":"92845","country":"US","city":"Garden Grove","state":"California","state_ab":"CA","county":"Orange","geo_location":{ "type": "Point", "coordinates": [-118.0267, 33.7787] }},
{"zip_code":"92885","country":"US","city":"Yorba Linda","state":"California","state_ab":"CA","county":"Orange","geo_location":{ "type": "Point", "coordinates": [-117.8222, 33.8911] }},
{"zip_code":"95648","country":"US","city":"Lincoln","state":"California","state_ab":"CA","county":"Placer","geo_location":{ "type": "Point", "coordinates": [-121.2908, 38.8942] }},
{"zip_code":"95765","country":"US","city":"Rocklin","state":"California","state_ab":"CA","county":"Placer","geo_location":{ "type": "Point", "coordinates": [-121.2677, 38.8136] }},
{"zip_code":"96148","country":"US","city":"Tahoe Vista","state":"California","state_ab":"CA","county":"Placer","geo_location":{ "type": "Point", "coordinates": [-120.0521, 39.2448] }},
{"zip_code":"96122","country":"US","city":"Portola","state":"California","state_ab":"CA","county":"Plumas","geo_location":{ "type": "Point", "coordinates": [-120.5422, 39.8005] }},
{"zip_code":"96135","country":"US","city":"Vinton","state":"California","state_ab":"CA","county":"Plumas","geo_location":{ "type": "Point", "coordinates": [-120.7986, 40.0235] }},
{"zip_code":"91752","country":"US","city":"Mira Loma","state":"California","state_ab":"CA","county":"Riverside","geo_location":{ "type": "Point", "coordinates": [-117.5236, 33.9938] }},
{"zip_code":"92225","country":"US","city":"Blythe","state":"California","state_ab":"CA","county":"Riverside","geo_location":{ "type": "Point", "coordinates": [-114.6681, 33.7464] }},
{"zip_code":"92292","country":"US","city":"Palm Springs","state":"California","state_ab":"CA","county":"Riverside","geo_location":{ "type": "Point", "coordinates": [-116.0556, 33.7529] }},
{"zip_code":"92508","country":"US","city":"Riverside","state":"California","state_ab":"CA","county":"Riverside","geo_location":{ "type": "Point", "coordinates": [-117.3043, 33.8897] }},
{"zip_code":"92522","country":"US","city":"Riverside","state":"California","state_ab":"CA","county":"Riverside","geo_location":{ "type": "Point", "coordinates": [-116.0556, 33.7529] }},
{"zip_code":"92548","country":"US","city":"Homeland","state":"California","state_ab":"CA","county":"Riverside","geo_location":{ "type": "Point", "coordinates": [-117.1118, 33.7453] }},
{"zip_code":"92562","country":"US","city":"Murrieta","state":"California","state_ab":"CA","county":"Riverside","geo_location":{ "type": "Point", "coordinates": [-117.2738, 33.5631] }},
{"zip_code":"94205","country":"US","city":"Sacramento","state":"California","state_ab":"CA","county":"Sacramento","geo_location":{ "type": "Point", "coordinates": [-121.4444, 38.3774] }},
{"zip_code":"94232","country":"US","city":"Sacramento","state":"California","state_ab":"CA","county":"Sacramento","geo_location":{ "type": "Point", "coordinates": [-121.4444, 38.3774] }},
{"zip_code":"94245","country":"US","city":"Sacramento","state":"California","state_ab":"CA","county":"Sacramento","geo_location":{ "type": "Point", "coordinates": [-121.4444, 38.3774] }},
{"zip_code":"94258","country":"US","city":"Sacramento","state":"California","state_ab":"CA","county":"Sacramento","geo_location":{ "type": "Point", "coordinates": [-121.4444, 38.3774] }},
{"zip_code":"94285","country":"US","city":"Sacramento","state":"California","state_ab":"CA","county":"Sacramento","geo_location":{ "type": "Point", "coordinates": [-121.4444, 38.3774] }},
{"zip_code":"94298","country":"US","city":"Sacramento","state":"California","state_ab":"CA","county":"Sacramento","geo_location":{ "type": "Point", "coordinates": [-121.4444, 38.3774] }},
{"zip_code":"95608","country":"US","city":"Carmichael","state":"California","state_ab":"CA","county":"Sacramento","geo_location":{ "type": "Point", "coordinates": [-121.3287, 38.6284] }},
{"zip_code":"95662","country":"US","city":"Orangevale","state":"California","state_ab":"CA","county":"Sacramento","geo_location":{ "type": "Point", "coordinates": [-121.2256, 38.6845] }},
{"zip_code":"95815","country":"US","city":"Sacramento","state":"California","state_ab":"CA","county":"Sacramento","geo_location":{ "type": "Point", "coordinates": [-121.4443, 38.6093] }},
{"zip_code":"95828","country":"US","city":"Sacramento","state":"California","state_ab":"CA","county":"Sacramento","geo_location":{ "type": "Point", "coordinates": [-121.4006, 38.4826] }},
{"zip_code":"95842","country":"US","city":"Sacramento","state":"California","state_ab":"CA","county":"Sacramento","geo_location":{ "type": "Point", "coordinates": [-121.3494, 38.6865] }},
{"zip_code":"92252","country":"US","city":"Joshua Tree","state":"California","state_ab":"CA","county":"San Bernardino","geo_location":{ "type": "Point", "coordinates": [-116.3038, 34.1502] }},
{"zip_code":"92278","country":"US","city":"Twentynine Palms","state":"California","state_ab":"CA","county":"San Bernardino","geo_location":{ "type": "Point", "coordinates": [-116.0604, 34.238] }},
{"zip_code":"92315","country":"US","city":"Big Bear Lake","state":"California","state_ab":"CA","county":"San Bernardino","geo_location":{ "type": "Point", "coordinates": [-116.9053, 34.235] }},
{"zip_code":"92342","country":"US","city":"Helendale","state":"California","state_ab":"CA","county":"San Bernardino","geo_location":{ "type": "Point", "coordinates": [-117.3367, 34.7499] }},
{"zip_code":"92368","country":"US","city":"Oro Grande","state":"California","state_ab":"CA","county":"San Bernardino","geo_location":{ "type": "Point", "coordinates": [-117.3327, 34.6178] }},
{"zip_code":"92382","country":"US","city":"Running Springs","state":"California","state_ab":"CA","county":"San Bernardino","geo_location":{ "type": "Point", "coordinates": [-117.1109, 34.2102] }},
{"zip_code":"92395","country":"US","city":"Victorville","state":"California","state_ab":"CA","county":"San Bernardino County","geo_location":{ "type": "Point", "coordinates": [-117.2944, 34.5016] }},
{"zip_code":"92405","country":"US","city":"San Bernardino","state":"California","state_ab":"CA","county":"San Bernardino","geo_location":{ "type": "Point", "coordinates": [-117.3013, 34.1446] }},
{"zip_code":"92418","country":"US","city":"San Bernardino","state":"California","state_ab":"CA","county":"San Bernardino","geo_location":{ "type": "Point", "coordinates": [-115.9671, 34.84] }},
{"zip_code":"93592","country":"US","city":"Trona","state":"California","state_ab":"CA","county":"San Bernardino","geo_location":{ "type": "Point", "coordinates": [-115.9671, 34.84] }},
{"zip_code":"91905","country":"US","city":"Boulevard","state":"California","state_ab":"CA","county":"San Diego","geo_location":{ "type": "Point", "coordinates": [-116.32, 32.6719] }},
{"zip_code":"91932","country":"US","city":"Imperial Beach","state":"California","state_ab":"CA","county":"San Diego","geo_location":{ "type": "Point", "coordinates": [-117.1148, 32.5783] }},
{"zip_code":"91945","country":"US","city":"Lemon Grove","state":"California","state_ab":"CA","county":"San Diego","geo_location":{ "type": "Point", "coordinates": [-117.0326, 32.7332] }},
{"zip_code":"92018","country":"US","city":"Carlsbad","state":"California","state_ab":"CA","county":"San Diego","geo_location":{ "type": "Point", "coordinates": [-116.846, 33.0169] }},
{"zip_code":"92058","country":"US","city":"Oceanside","state":"California","state_ab":"CA","county":"San Diego","geo_location":{ "type": "Point", "coordinates": [-117.3423, 33.2696] }},
{"zip_code":"92072","country":"US","city":"Santee","state":"California","state_ab":"CA","county":"San Diego","geo_location":{ "type": "Point", "coordinates": [-116.846, 33.0169] }},
{"zip_code":"92085","country":"US","city":"Vista","state":"California","state_ab":"CA","county":"San Diego","geo_location":{ "type": "Point", "coordinates": [-116.846, 33.0169] }},
{"zip_code":"92108","country":"US","city":"San Diego","state":"California","state_ab":"CA","county":"San Diego","geo_location":{ "type": "Point", "coordinates": [-117.1335, 32.7783] }},
{"zip_code":"92122","country":"US","city":"San Diego","state":"California","state_ab":"CA","county":"San Diego","geo_location":{ "type": "Point", "coordinates": [-117.2115, 32.8577] }},
{"zip_code":"92135","country":"US","city":"San Diego","state":"California","state_ab":"CA","county":"San Diego","geo_location":{ "type": "Point", "coordinates": [-116.846, 33.0169] }},
{"zip_code":"92162","country":"US","city":"San Diego","state":"California","state_ab":"CA","county":"San Diego","geo_location":{ "type": "Point", "coordinates": [-116.846, 33.0169] }},
{"zip_code":"92175","country":"US","city":"San Diego","state":"California","state_ab":"CA","county":"San Diego","geo_location":{ "type": "Point", "coordinates": [-116.846, 33.0169] }},
{"zip_code":"92188","country":"US","city":"San Diego","state":"California","state_ab":"CA","county":"San Diego County","geo_location":{ "type": "Point", "coordinates": [-117.1678, 32.7234] }},
{"zip_code":"94102","country":"US","city":"San Francisco","state":"California","state_ab":"CA","county":"San Francisco","geo_location":{ "type": "Point", "coordinates": [-122.4167, 37.7813] }},
{"zip_code":"94115","country":"US","city":"San Francisco","state":"California","state_ab":"CA","county":"San Francisco","geo_location":{ "type": "Point", "coordinates": [-122.4358, 37.7856] }},
{"zip_code":"94142","country":"US","city":"San Francisco","state":"California","state_ab":"CA","county":"San Francisco","geo_location":{ "type": "Point", "coordinates": [-122.7278, 37.7848] }},
{"zip_code":"94155","country":"US","city":"San Francisco","state":"California","state_ab":"CA","county":"San Francisco","geo_location":{ "type": "Point", "coordinates": [-122.7278, 37.7848] }},
{"zip_code":"94168","country":"US","city":"San Francisco","state":"California","state_ab":"CA","county":"San Francisco","geo_location":{ "type": "Point", "coordinates": [-122.7278, 37.7848] }},
{"zip_code":"95208","country":"US","city":"Stockton","state":"California","state_ab":"CA","county":"San Joaquin","geo_location":{ "type": "Point", "coordinates": [-121.436, 37.9304] }},
{"zip_code":"95378","country":"US","city":"Tracy","state":"California","state_ab":"CA","county":"San Joaquin","geo_location":{ "type": "Point", "coordinates": [-121.433, 37.6761] }},
{"zip_code":"93408","country":"US","city":"San Luis Obispo","state":"California","state_ab":"CA","county":"San Luis Obispo","geo_location":{ "type": "Point", "coordinates": [-120.4553, 35.3471] }},
{"zip_code":"93422","country":"US","city":"Atascadero","state":"California","state_ab":"CA","county":"San Luis Obispo","geo_location":{ "type": "Point", "coordinates": [-120.6638, 35.4754] }},
{"zip_code":"93435","country":"US","city":"Harmony","state":"California","state_ab":"CA","county":"San Luis Obispo","geo_location":{ "type": "Point", "coordinates": [-120.9763, 35.4919] }},
{"zip_code":"93448","country":"US","city":"Pismo Beach","state":"California","state_ab":"CA","county":"San Luis Obispo","geo_location":{ "type": "Point", "coordinates": [-120.4553, 35.3471] }},
{"zip_code":"93475","country":"US","city":"Oceano","state":"California","state_ab":"CA","county":"San Luis Obispo County","geo_location":{ "type": "Point", "coordinates": [-120.6111, 35.1004] }},
{"zip_code":"94012","country":"US","city":"Burlingame","state":"California","state_ab":"CA","county":"San Mateo","geo_location":{ "type": "Point", "coordinates": [-122.3348, 37.3811] }},
{"zip_code":"94025","country":"US","city":"Menlo Park","state":"California","state_ab":"CA","county":"San Mateo","geo_location":{ "type": "Point", "coordinates": [-122.1864, 37.4396] }},
{"zip_code":"94038","country":"US","city":"Moss Beach","state":"California","state_ab":"CA","county":"San Mateo","geo_location":{ "type": "Point", "coordinates": [-122.5068, 37.531] }},
{"zip_code":"94065","country":"US","city":"Redwood City","state":"California","state_ab":"CA","county":"San Mateo","geo_location":{ "type": "Point", "coordinates": [-122.2486, 37.5331] }},
{"zip_code":"94128","country":"US","city":"San Francisco","state":"California","state_ab":"CA","county":"San Mateo","geo_location":{ "type": "Point", "coordinates": [-122.3929, 37.6216] }},
{"zip_code":"94308","country":"US","city":"Palo Alto","state":"California","state_ab":"CA","county":"San Mateo","geo_location":{ "type": "Point", "coordinates": [-122.3348, 37.3811] }},
{"zip_code":"95002","country":"US","city":"Alviso","state":"California","state_ab":"CA","county":"Santa Clara","geo_location":{ "type": "Point", "coordinates": [-121.9736, 37.426] }},
{"zip_code":"95015","country":"US","city":"Cupertino","state":"California","state_ab":"CA","county":"Santa Clara","geo_location":{ "type": "Point", "coordinates": [-122.0527, 37.323] }},
{"zip_code":"95042","country":"US","city":"New Almaden","state":"California","state_ab":"CA","county":"Santa Clara","geo_location":{ "type": "Point", "coordinates": [-121.8207, 37.1771] }},
{"zip_code":"95055","country":"US","city":"Santa Clara","state":"California","state_ab":"CA","county":"Santa Clara","geo_location":{ "type": "Point", "coordinates": [-121.9769, 37.3451] }},
{"zip_code":"95118","country":"US","city":"San Jose","state":"California","state_ab":"CA","county":"Santa Clara","geo_location":{ "type": "Point", "coordinates": [-121.8896, 37.2568] }},
{"zip_code":"95132","country":"US","city":"San Jose","state":"California","state_ab":"CA","county":"Santa Clara","geo_location":{ "type": "Point", "coordinates": [-121.8585, 37.4031] }},
{"zip_code":"95158","country":"US","city":"San Jose","state":"California","state_ab":"CA","county":"Santa Clara","geo_location":{ "type": "Point", "coordinates": [-121.8779, 37.2625] }},
{"zip_code":"95172","country":"US","city":"San Jose","state":"California","state_ab":"CA","county":"Santa Clara","geo_location":{ "type": "Point", "coordinates": [-121.8847, 37.334] }},
{"zip_code":"96032","country":"US","city":"Fort Jones","state":"California","state_ab":"CA","county":"Siskiyou","geo_location":{ "type": "Point", "coordinates": [-122.8832, 41.617] }},
{"zip_code":"96045","country":"US","city":"Horse Creek","state":"California","state_ab":"CA","county":"Siskiyou County","geo_location":{ "type": "Point", "coordinates": [-123.0139, 41.8337] }},
{"zip_code":"96058","country":"US","city":"Macdoel","state":"California","state_ab":"CA","county":"Siskiyou","geo_location":{ "type": "Point", "coordinates": [-121.9445, 41.883] }},
{"zip_code":"96085","country":"US","city":"Scott Bar","state":"California","state_ab":"CA","county":"Siskiyou","geo_location":{ "type": "Point", "coordinates": [-122.9882, 41.7736] }},
{"zip_code":"95688","country":"US","city":"Vacaville","state":"California","state_ab":"CA","county":"Solano","geo_location":{ "type": "Point", "coordinates": [-121.9887, 38.3847] }},
{"zip_code":"94928","country":"US","city":"Rohnert Park","state":"California","state_ab":"CA","county":"Sonoma","geo_location":{ "type": "Point", "coordinates": [-122.6941, 38.347] }},
{"zip_code":"94955","country":"US","city":"Petaluma","state":"California","state_ab":"CA","county":"Sonoma","geo_location":{ "type": "Point", "coordinates": [-122.99, 38.4631] }},
{"zip_code":"95402","country":"US","city":"Santa Rosa","state":"California","state_ab":"CA","county":"Sonoma","geo_location":{ "type": "Point", "coordinates": [-122.7096, 38.4399] }},
{"zip_code":"95442","country":"US","city":"Glen Ellen","state":"California","state_ab":"CA","county":"Sonoma","geo_location":{ "type": "Point", "coordinates": [-122.5196, 38.3662] }},
{"zip_code":"95352","country":"US","city":"Modesto","state":"California","state_ab":"CA","county":"Stanislaus","geo_location":{ "type": "Point", "coordinates": [-121.0191, 37.6566] }},
{"zip_code":"95622","country":"US","city":"Nicolaus","state":"California","state_ab":"CA","county":"Sutter County","geo_location":{ "type": "Point", "coordinates": [-121.5439, 38.9102] }},
{"zip_code":"93282","country":"US","city":"Waukena","state":"California","state_ab":"CA","county":"Tulare","geo_location":{ "type": "Point", "coordinates": [-119.5161, 36.1296] }},
{"zip_code":"93615","country":"US","city":"Cutler","state":"California","state_ab":"CA","county":"Tulare","geo_location":{ "type": "Point", "coordinates": [-119.287, 36.5243] }},
{"zip_code":"93022","country":"US","city":"Oak View","state":"California","state_ab":"CA","county":"Ventura","geo_location":{ "type": "Point", "coordinates": [-119.2982, 34.402] }},
{"zip_code":"93035","country":"US","city":"Oxnard","state":"California","state_ab":"CA","county":"Ventura","geo_location":{ "type": "Point", "coordinates": [-119.216, 34.1822] }},
{"zip_code":"93062","country":"US","city":"Simi Valley","state":"California","state_ab":"CA","county":"Ventura","geo_location":{ "type": "Point", "coordinates": [-119.1343, 34.0324] }},
{"zip_code":"95918","country":"US","city":"Browns Valley","state":"California","state_ab":"CA","county":"Yuba","geo_location":{ "type": "Point", "coordinates": [-121.3303, 39.2882] }},
{"zip_code":"95972","country":"US","city":"Rackerby","state":"California","state_ab":"CA","county":"Yuba","geo_location":{ "type": "Point", "coordinates": [-121.3252, 39.4256] }},
{"zip_code":"80022","country":"US","city":"Commerce City","state":"Colorado","state_ab":"CO","county":"Adams","geo_location":{ "type": "Point", "coordinates": [-104.9113, 39.8259] }},
{"zip_code":"80035","country":"US","city":"Westminster","state":"Colorado","state_ab":"CO","county":"Adams","geo_location":{ "type": "Point", "coordinates": [-104.4079, 39.808] }},
{"zip_code":"80602","country":"US","city":"Brighton","state":"Colorado","state_ab":"CO","county":"Adams","geo_location":{ "type": "Point", "coordinates": [-104.9072, 39.9636] }},
{"zip_code":"81102","country":"US","city":"Alamosa","state":"Colorado","state_ab":"CO","county":"Alamosa","geo_location":{ "type": "Point", "coordinates": [-105.8818, 37.476] }},
{"zip_code":"80112","country":"US","city":"Englewood","state":"Colorado","state_ab":"CO","county":"Arapahoe","geo_location":{ "type": "Point", "coordinates": [-104.9011, 39.5805] }},
{"zip_code":"80165","country":"US","city":"Littleton","state":"Colorado","state_ab":"CO","county":"Arapahoe","geo_location":{ "type": "Point", "coordinates": [-104.4083, 39.7388] }},
{"zip_code":"81128","country":"US","city":"Chromo","state":"Colorado","state_ab":"CO","county":"Archuleta","geo_location":{ "type": "Point", "coordinates": [-106.8217, 37.1301] }},
{"zip_code":"81038","country":"US","city":"Fort Lyon","state":"Colorado","state_ab":"CO","county":"Bent","geo_location":{ "type": "Point", "coordinates": [-103.0725, 37.9555] }},
{"zip_code":"80305","country":"US","city":"Boulder","state":"Colorado","state_ab":"CO","county":"Boulder","geo_location":{ "type": "Point", "coordinates": [-105.2531, 39.9807] }},
{"zip_code":"80862","country":"US","city":"Wild Horse","state":"Colorado","state_ab":"CO","county":"Cheyenne","geo_location":{ "type": "Point", "coordinates": [-103.0798, 38.8041] }},
{"zip_code":"80202","country":"US","city":"Denver","state":"Colorado","state_ab":"CO","county":"Denver","geo_location":{ "type": "Point", "coordinates": [-104.9946, 39.7491] }},
{"zip_code":"80255","country":"US","city":"Denver","state":"Colorado","state_ab":"CO","county":"Denver","geo_location":{ "type": "Point", "coordinates": [-104.4083, 39.7388] }},
{"zip_code":"80295","country":"US","city":"Denver","state":"Colorado","state_ab":"CO","county":"Denver","geo_location":{ "type": "Point", "coordinates": [-104.9863, 39.7455] }},
{"zip_code":"80125","country":"US","city":"Littleton","state":"Colorado","state_ab":"CO","county":"Douglas","geo_location":{ "type": "Point", "coordinates": [-105.0561, 39.4845] }},
{"zip_code":"80138","country":"US","city":"Parker","state":"Colorado","state_ab":"CO","county":"Douglas","geo_location":{ "type": "Point", "coordinates": [-104.7216, 39.5102] }},
{"zip_code":"81632","country":"US","city":"Edwards","state":"Colorado","state_ab":"CO","county":"Eagle","geo_location":{ "type": "Point", "coordinates": [-106.6206, 39.6382] }},
{"zip_code":"81645","country":"US","city":"Minturn","state":"Colorado","state_ab":"CO","county":"Eagle","geo_location":{ "type": "Point", "coordinates": [-106.4176, 39.5805] }},
{"zip_code":"81658","country":"US","city":"Vail","state":"Colorado","state_ab":"CO","county":"Eagle","geo_location":{ "type": "Point", "coordinates": [-106.4973, 39.6242] }},
{"zip_code":"80835","country":"US","city":"Simla","state":"Colorado","state_ab":"CO","county":"Elbert","geo_location":{ "type": "Point", "coordinates": [-104.0702, 39.2087] }},
{"zip_code":"80808","country":"US","city":"Calhan","state":"Colorado","state_ab":"CO","county":"El Paso","geo_location":{ "type": "Point", "coordinates": [-104.3553, 38.9648] }},
{"zip_code":"80912","country":"US","city":"Colorado Springs","state":"Colorado","state_ab":"CO","county":"El Paso","geo_location":{ "type": "Point", "coordinates": [-104.562, 38.8247] }},
{"zip_code":"80925","country":"US","city":"Colorado Springs","state":"Colorado","state_ab":"CO","county":"El Paso","geo_location":{ "type": "Point", "coordinates": [-104.6459, 38.7378] }},
{"zip_code":"80938","country":"US","city":"Colorado Springs","state":"Colorado","state_ab":"CO","county":"El Paso County","geo_location":{ "type": "Point", "coordinates": [-104.6634, 38.9047] }},
{"zip_code":"81232","country":"US","city":"Hillside","state":"Colorado","state_ab":"CO","county":"Fremont","geo_location":{ "type": "Point", "coordinates": [-105.6425, 38.2855] }},
{"zip_code":"80422","country":"US","city":"Black Hawk","state":"Colorado","state_ab":"CO","county":"Gilpin","geo_location":{ "type": "Point", "coordinates": [-105.4753, 39.816] }},
{"zip_code":"81065","country":"US","city":"Pryor","state":"Colorado","state_ab":"CO","county":"Huerfano County","geo_location":{ "type": "Point", "coordinates": [-104.7136, 37.5081] }},
{"zip_code":"80215","country":"US","city":"Denver","state":"Colorado","state_ab":"CO","county":"Jefferson","geo_location":{ "type": "Point", "coordinates": [-105.1009, 39.7435] }},
{"zip_code":"80228","country":"US","city":"Denver","state":"Colorado","state_ab":"CO","county":"Jefferson","geo_location":{ "type": "Point", "coordinates": [-105.156, 39.6888] }},
{"zip_code":"80512","country":"US","city":"Bellvue","state":"Colorado","state_ab":"CO","county":"Larimer","geo_location":{ "type": "Point", "coordinates": [-105.261, 40.6265] }},
{"zip_code":"80525","country":"US","city":"Fort Collins","state":"Colorado","state_ab":"CO","county":"Larimer","geo_location":{ "type": "Point", "coordinates": [-105.0547, 40.5384] }},
{"zip_code":"80538","country":"US","city":"Loveland","state":"Colorado","state_ab":"CO","county":"Larimer","geo_location":{ "type": "Point", "coordinates": [-105.09, 40.4262] }},
{"zip_code":"80745","country":"US","city":"Padroni","state":"Colorado","state_ab":"CO","county":"Logan","geo_location":{ "type": "Point", "coordinates": [-103.3728, 40.8842] }},
{"zip_code":"81502","country":"US","city":"Grand Junction","state":"Colorado","state_ab":"CO","county":"Mesa","geo_location":{ "type": "Point", "coordinates": [-108.4814, 39.0179] }},
{"zip_code":"81335","country":"US","city":"Yellow Jacket","state":"Colorado","state_ab":"CO","county":"Montezuma","geo_location":{ "type": "Point", "coordinates": [-108.7852, 37.4995] }},
{"zip_code":"81425","country":"US","city":"Olathe","state":"Colorado","state_ab":"CO","county":"Montrose","geo_location":{ "type": "Point", "coordinates": [-107.9921, 38.5976] }},
{"zip_code":"80705","country":"US","city":"Log Lane Village","state":"Colorado","state_ab":"CO","county":"Morgan","geo_location":{ "type": "Point", "coordinates": [-103.8338, 40.2707] }},
{"zip_code":"80448","country":"US","city":"Grant","state":"Colorado","state_ab":"CO","county":"Park","geo_location":{ "type": "Point", "coordinates": [-105.6583, 39.4612] }},
{"zip_code":"80475","country":"US","city":"Shawnee","state":"Colorado","state_ab":"CO","county":"Park","geo_location":{ "type": "Point", "coordinates": [-105.603, 39.4395] }},
{"zip_code":"81052","country":"US","city":"Lamar","state":"Colorado","state_ab":"CO","county":"Prowers","geo_location":{ "type": "Point", "coordinates": [-102.6192, 38.0841] }},
{"zip_code":"81092","country":"US","city":"Wiley","state":"Colorado","state_ab":"CO","county":"Prowers","geo_location":{ "type": "Point", "coordinates": [-102.7147, 38.159] }},
{"zip_code":"81012","country":"US","city":"Pueblo","state":"Colorado","state_ab":"CO","county":"Pueblo","geo_location":{ "type": "Point", "coordinates": [-104.5523, 38.1286] }},
{"zip_code":"81025","country":"US","city":"Boone","state":"Colorado","state_ab":"CO","county":"Pueblo","geo_location":{ "type": "Point", "coordinates": [-104.2585, 38.2646] }},
{"zip_code":"80488","country":"US","city":"Steamboat Springs","state":"Colorado","state_ab":"CO","county":"Routt","geo_location":{ "type": "Point", "coordinates": [-106.8607, 40.6197] }},
{"zip_code":"81155","country":"US","city":"Villa Grove","state":"Colorado","state_ab":"CO","county":"Saguache","geo_location":{ "type": "Point", "coordinates": [-106.1102, 38.2952] }},
{"zip_code":"80435","country":"US","city":"Dillon","state":"Colorado","state_ab":"CO","county":"Summit","geo_location":{ "type": "Point", "coordinates": [-105.9741, 39.5952] }},
{"zip_code":"80615","country":"US","city":"Eaton","state":"Colorado","state_ab":"CO","county":"Weld","geo_location":{ "type": "Point", "coordinates": [-104.7146, 40.5273] }},
{"zip_code":"80642","country":"US","city":"Hudson","state":"Colorado","state_ab":"CO","county":"Weld","geo_location":{ "type": "Point", "coordinates": [-104.6532, 40.0606] }},
{"zip_code":"80732","country":"US","city":"Hereford","state":"Colorado","state_ab":"CO","county":"Weld","geo_location":{ "type": "Point", "coordinates": [-104.3053, 40.9751] }},
{"zip_code":"80758","country":"US","city":"Wray","state":"Colorado","state_ab":"CO","county":"Yuma","geo_location":{ "type": "Point", "coordinates": [-102.393, 40.0685] }},
{"zip_code":"80822","country":"US","city":"Joes","state":"Colorado","state_ab":"CO","county":"Yuma","geo_location":{ "type": "Point", "coordinates": [-102.6151, 39.6728] }},
{"zip_code":"6468","country":"US","city":"Monroe","state":"Connecticut","state_ab":"CT","county":"Fairfield","geo_location":{ "type": "Point", "coordinates": [-73.2243, 41.3312] }},
{"zip_code":"6482","country":"US","city":"Sandy Hook","state":"Connecticut","state_ab":"CT","county":"Fairfield","geo_location":{ "type": "Point", "coordinates": [-73.2485, 41.4087] }},
{"zip_code":"6608","country":"US","city":"Bridgeport","state":"Connecticut","state_ab":"CT","county":"Fairfield","geo_location":{ "type": "Point", "coordinates": [-73.1811, 41.1895] }},
{"zip_code":"6828","country":"US","city":"Fairfield","state":"Connecticut","state_ab":"CT","county":"Fairfield County","geo_location":{ "type": "Point", "coordinates": [-73.2334, 41.169] }},
{"zip_code":"6842","country":"US","city":"New Canaan","state":"Connecticut","state_ab":"CT","county":"Fairfield","geo_location":{ "type": "Point", "coordinates": [-73.4954, 41.1471] }},
{"zip_code":"6855","country":"US","city":"Norwalk","state":"Connecticut","state_ab":"CT","county":"Fairfield","geo_location":{ "type": "Point", "coordinates": [-73.4011, 41.1014] }},
{"zip_code":"99505","country":"US","city":"Fort Richardson","state":"Alaska","state_ab":"AK","county":"Anchorage Municipality","geo_location":{ "type": "Point", "coordinates": [-149.6755, 61.2753] }},
{"zip_code":"99518","country":"US","city":"Anchorage","state":"Alaska","state_ab":"AK","county":"Anchorage Municipality","geo_location":{ "type": "Point", "coordinates": [-149.8866, 61.1549] }},
{"zip_code":"99545","country":"US","city":"Kongiganak","state":"Alaska","state_ab":"AK","county":"Bethel Census Area","geo_location":{ "type": "Point", "coordinates": [-162.8919, 59.9599] }},
{"zip_code":"99622","country":"US","city":"Kwigillingok","state":"Alaska","state_ab":"AK","county":"Bethel (CA)","geo_location":{ "type": "Point", "coordinates": [-163.1189, 60.3147] }},
{"zip_code":"99712","country":"US","city":"Fairbanks","state":"Alaska","state_ab":"AK","county":"Fairbanks North Star","geo_location":{ "type": "Point", "coordinates": [-147.5105, 64.9109] }},
{"zip_code":"99725","country":"US","city":"Ester","state":"Alaska","state_ab":"AK","county":"Fairbanks North Star","geo_location":{ "type": "Point", "coordinates": [-148.0949, 64.871] }},
{"zip_code":"99802","country":"US","city":"Juneau","state":"Alaska","state_ab":"AK","county":"Juneau City and Boroug","geo_location":{ "type": "Point", "coordinates": [-134.5897, 58.4057] }},
{"zip_code":"99572","country":"US","city":"Cooper Landing","state":"Alaska","state_ab":"AK","county":"Kenai Peninsula","geo_location":{ "type": "Point", "coordinates": [-149.8235, 60.4767] }},
{"zip_code":"99635","country":"US","city":"Nikiski","state":"Alaska","state_ab":"AK","county":"Kenai Peninsula","geo_location":{ "type": "Point", "coordinates": [-151.2766, 60.7007] }},
{"zip_code":"99608","country":"US","city":"Karluk","state":"Alaska","state_ab":"AK","county":"Kodiak Island","geo_location":{ "type": "Point", "coordinates": [-155.7971, 58.2687] }},
{"zip_code":"99648","country":"US","city":"Perryville","state":"Alaska","state_ab":"AK","county":"Lake and Peninsula","geo_location":{ "type": "Point", "coordinates": [-159.2593, 55.9453] }},
{"zip_code":"99688","country":"US","city":"Willow","state":"Alaska","state_ab":"AK","county":"Matanuska-Susitna","geo_location":{ "type": "Point", "coordinates": [-150.0038, 61.8966] }},
{"zip_code":"99778","country":"US","city":"Teller","state":"Alaska","state_ab":"AK","county":"Nome (CA)","geo_location":{ "type": "Point", "coordinates": [-166.3833, 65.2402] }},
{"zip_code":"99752","country":"US","city":"Kotzebue","state":"Alaska","state_ab":"AK","county":"Northwest Arctic","geo_location":{ "type": "Point", "coordinates": [-161.7808, 66.8653] }},
{"zip_code":"99918","country":"US","city":"Coffman Cove","state":"Alaska","state_ab":"AK","county":"Prince of Wales-Outer","geo_location":{ "type": "Point", "coordinates": [-132.7503, 55.9524] }},
{"zip_code":"99738","country":"US","city":"Eagle","state":"Alaska","state_ab":"AK","county":"Southeast Fairbanks (C","geo_location":{ "type": "Point", "coordinates": [-144.0026, 63.8706] }},
{"zip_code":"99585","country":"US","city":"Marshall","state":"Alaska","state_ab":"AK","county":"Wade Hampton (CA)","geo_location":{ "type": "Point", "coordinates": [-162.268, 61.9287] }},
{"zip_code":"99662","country":"US","city":"Scammon Bay","state":"Alaska","state_ab":"AK","county":"Wade Hampton (CA)","geo_location":{ "type": "Point", "coordinates": [-165.5819, 61.845] }},
{"zip_code":"99558","country":"US","city":"Anvik","state":"Alaska","state_ab":"AK","county":"Yukon-Koyukuk (CA)","geo_location":{ "type": "Point", "coordinates": [-151.0251, 65.2264] }},
{"zip_code":"99675","country":"US","city":"Takotna","state":"Alaska","state_ab":"AK","county":"Yukon-Koyukuk (CA)","geo_location":{ "type": "Point", "coordinates": [-151.0251, 65.2264] }},
{"zip_code":"99765","country":"US","city":"Nulato","state":"Alaska","state_ab":"AK","county":"Yukon-Koyukuk (CA)","geo_location":{ "type": "Point", "coordinates": [-151.0251, 65.2264] }},
{"zip_code":"36542","country":"US","city":"Gulf Shores","state":"Alabama","state_ab":"AL","county":"Baldwin","geo_location":{ "type": "Point", "coordinates": [-87.7589, 30.2717] }},
{"zip_code":"36555","country":"US","city":"Magnolia Springs","state":"Alabama","state_ab":"AL","county":"Baldwin","geo_location":{ "type": "Point", "coordinates": [-87.7726, 30.3998] }},
{"zip_code":"35035","country":"US","city":"Brierfield","state":"Alabama","state_ab":"AL","county":"Bibb","geo_location":{ "type": "Point", "coordinates": [-86.9517, 33.0427] }},
{"zip_code":"36205","country":"US","city":"Anniston","state":"Alabama","state_ab":"AL","county":"Calhoun","geo_location":{ "type": "Point", "coordinates": [-85.7933, 33.7358] }},
{"zip_code":"36272","country":"US","city":"Piedmont","state":"Alabama","state_ab":"AL","county":"Calhoun","geo_location":{ "type": "Point", "coordinates": [-85.646, 33.8389] }},
{"zip_code":"36852","country":"US","city":"Cusseta","state":"Alabama","state_ab":"AL","county":"Chambers","geo_location":{ "type": "Point", "coordinates": [-85.2756, 32.7831] }},
{"zip_code":"36915","country":"US","city":"Needham","state":"Alabama","state_ab":"AL","county":"Choctaw","geo_location":{ "type": "Point", "coordinates": [-88.2007, 32.0042] }},
{"zip_code":"36515","country":"US","city":"Carlton","state":"Alabama","state_ab":"AL","county":"Clarke","geo_location":{ "type": "Point", "coordinates": [-87.8378, 31.3224] }},
{"zip_code":"36762","country":"US","city":"Morvin","state":"Alabama","state_ab":"AL","county":"Clarke","geo_location":{ "type": "Point", "coordinates": [-88.0034, 31.9402] }},
{"zip_code":"36258","country":"US","city":"Delta","state":"Alabama","state_ab":"AL","county":"Clay","geo_location":{ "type": "Point", "coordinates": [-85.6793, 33.4573] }},
{"zip_code":"36038","country":"US","city":"Gantt","state":"Alabama","state_ab":"AL","county":"Covington","geo_location":{ "type": "Point", "coordinates": [-86.4448, 31.2609] }},
{"zip_code":"36322","country":"US","city":"Daleville","state":"Alabama","state_ab":"AL","county":"Dale","geo_location":{ "type": "Point", "coordinates": [-85.7305, 31.2811] }},
{"zip_code":"36362","country":"US","city":"Fort Rucker","state":"Alabama","state_ab":"AL","county":"Dale","geo_location":{ "type": "Point", "coordinates": [-85.7214, 31.348] }},
{"zip_code":"36775","country":"US","city":"Sardis","state":"Alabama","state_ab":"AL","county":"Dallas","geo_location":{ "type": "Point", "coordinates": [-86.992, 32.2844] }},
{"zip_code":"35978","country":"US","city":"Henagar","state":"Alabama","state_ab":"AL","county":"DeKalb","geo_location":{ "type": "Point", "coordinates": [-85.7274, 34.6186] }},
{"zip_code":"36025","country":"US","city":"Elmore","state":"Alabama","state_ab":"AL","county":"Elmore","geo_location":{ "type": "Point", "coordinates": [-86.3161, 32.5454] }},
{"zip_code":"36078","country":"US","city":"Tallassee","state":"Alabama","state_ab":"AL","county":"Elmore","geo_location":{ "type": "Point", "coordinates": [-85.8978, 32.551] }},
{"zip_code":"36092","country":"US","city":"Wetumpka","state":"Alabama","state_ab":"AL","county":"Elmore","geo_location":{ "type": "Point", "coordinates": [-86.2153, 32.5927] }},
{"zip_code":"36502","country":"US","city":"Atmore","state":"Alabama","state_ab":"AL","county":"Escambia","geo_location":{ "type": "Point", "coordinates": [-87.4873, 31.0572] }},
{"zip_code":"35952","country":"US","city":"Altoona","state":"Alabama","state_ab":"AL","county":"Etowah","geo_location":{ "type": "Point", "coordinates": [-86.2096, 34.071] }},
{"zip_code":"36375","country":"US","city":"Slocomb","state":"Alabama","state_ab":"AL","county":"Geneva","geo_location":{ "type": "Point", "coordinates": [-85.583, 31.0956] }},
{"zip_code":"35448","country":"US","city":"Clinton","state":"Alabama","state_ab":"AL","county":"Greene","geo_location":{ "type": "Point", "coordinates": [-87.9569, 32.8357] }},
{"zip_code":"35462","country":"US","city":"Eutaw","state":"Alabama","state_ab":"AL","county":"Greene","geo_location":{ "type": "Point", "coordinates": [-87.9303, 32.8889] }},
{"zip_code":"35745","country":"US","city":"Estillfork","state":"Alabama","state_ab":"AL","county":"Jackson","geo_location":{ "type": "Point", "coordinates": [-86.1716, 34.913] }},
{"zip_code":"35772","country":"US","city":"Stevenson","state":"Alabama","state_ab":"AL","county":"Jackson","geo_location":{ "type": "Point", "coordinates": [-85.8508, 34.8769] }},
{"zip_code":"35022","country":"US","city":"Bessemer","state":"Alabama","state_ab":"AL","county":"Jefferson","geo_location":{ "type": "Point", "coordinates": [-86.9657, 33.3224] }},
{"zip_code":"35048","country":"US","city":"Clay","state":"Alabama","state_ab":"AL","county":"Jefferson","geo_location":{ "type": "Point", "coordinates": [-86.9292, 33.5446] }},
{"zip_code":"35202","country":"US","city":"Birmingham","state":"Alabama","state_ab":"AL","county":"Jefferson","geo_location":{ "type": "Point", "coordinates": [-86.9292, 33.5446] }},
{"zip_code":"35215","country":"US","city":"Birmingham","state":"Alabama","state_ab":"AL","county":"Jefferson","geo_location":{ "type": "Point", "coordinates": [-86.7057, 33.6493] }},
{"zip_code":"35228","country":"US","city":"Birmingham","state":"Alabama","state_ab":"AL","county":"Jefferson","geo_location":{ "type": "Point", "coordinates": [-86.9118, 33.4558] }},
{"zip_code":"35255","country":"US","city":"Birmingham","state":"Alabama","state_ab":"AL","county":"Jefferson","geo_location":{ "type": "Point", "coordinates": [-86.9292, 33.5446] }},
{"zip_code":"35282","country":"US","city":"Birmingham","state":"Alabama","state_ab":"AL","county":"Jefferson","geo_location":{ "type": "Point", "coordinates": [-86.9292, 33.5446] }},
{"zip_code":"35295","country":"US","city":"Birmingham","state":"Alabama","state_ab":"AL","county":"Jefferson","geo_location":{ "type": "Point", "coordinates": [-86.9292, 33.5446] }},
{"zip_code":"35552","country":"US","city":"Detroit","state":"Alabama","state_ab":"AL","county":"Lamar","geo_location":{ "type": "Point", "coordinates": [-88.1606, 34.0109] }},
{"zip_code":"35592","country":"US","city":"Vernon","state":"Alabama","state_ab":"AL","county":"Lamar","geo_location":{ "type": "Point", "coordinates": [-88.0979, 33.7613] }},
{"zip_code":"36865","country":"US","city":"Loachapoka","state":"Alabama","state_ab":"AL","county":"Lee","geo_location":{ "type": "Point", "coordinates": [-85.349, 32.5782] }},
{"zip_code":"35615","country":"US","city":"Belle Mina","state":"Alabama","state_ab":"AL","county":"Limestone","geo_location":{ "type": "Point", "coordinates": [-87.0305, 34.7749] }},
{"zip_code":"35758","country":"US","city":"Madison","state":"Alabama","state_ab":"AL","county":"Madison","geo_location":{ "type": "Point", "coordinates": [-86.7425, 34.7108] }},
{"zip_code":"35808","country":"US","city":"Huntsville","state":"Alabama","state_ab":"AL","county":"Madison","geo_location":{ "type": "Point", "coordinates": [-86.6538, 34.6845] }},
{"zip_code":"36748","country":"US","city":"Linden","state":"Alabama","state_ab":"AL","county":"Marengo","geo_location":{ "type": "Point", "coordinates": [-87.7954, 32.3053] }},
{"zip_code":"36528","country":"US","city":"Dauphin Island","state":"Alabama","state_ab":"AL","county":"Mobile","geo_location":{ "type": "Point", "coordinates": [-88.1096, 30.2521] }},
{"zip_code":"36568","country":"US","city":"Saint Elmo","state":"Alabama","state_ab":"AL","county":"Mobile","geo_location":{ "type": "Point", "coordinates": [-88.2699, 30.4943] }},
{"zip_code":"36582","country":"US","city":"Theodore","state":"Alabama","state_ab":"AL","county":"Mobile","geo_location":{ "type": "Point", "coordinates": [-88.1807, 30.5444] }},
{"zip_code":"36605","country":"US","city":"Mobile","state":"Alabama","state_ab":"AL","county":"Mobile","geo_location":{ "type": "Point", "coordinates": [-88.0846, 30.6341] }},
{"zip_code":"36618","country":"US","city":"Mobile","state":"Alabama","state_ab":"AL","county":"Mobile","geo_location":{ "type": "Point", "coordinates": [-88.1758, 30.7322] }},
{"zip_code":"36685","country":"US","city":"Mobile","state":"Alabama","state_ab":"AL","county":"Mobile","geo_location":{ "type": "Point", "coordinates": [-88.178, 30.6589] }},
{"zip_code":"36425","country":"US","city":"Beatrice","state":"Alabama","state_ab":"AL","county":"Monroe","geo_location":{ "type": "Point", "coordinates": [-87.1719, 31.7273] }},
{"zip_code":"36052","country":"US","city":"Mathews","state":"Alabama","state_ab":"AL","county":"Montgomery","geo_location":{ "type": "Point", "coordinates": [-86.0413, 32.1283] }},
{"zip_code":"36065","country":"US","city":"Pine Level","state":"Alabama","state_ab":"AL","county":"Montgomery","geo_location":{ "type": "Point", "coordinates": [-86.0606, 32.0726] }},
{"zip_code":"36102","country":"US","city":"Montgomery","state":"Alabama","state_ab":"AL","county":"Montgomery","geo_location":{ "type": "Point", "coordinates": [-86.2085, 32.2334] }},
{"zip_code":"36115","country":"US","city":"Montgomery","state":"Alabama","state_ab":"AL","county":"Montgomery","geo_location":{ "type": "Point", "coordinates": [-86.2474, 32.4076] }},
{"zip_code":"36142","country":"US","city":"Montgomery","state":"Alabama","state_ab":"AL","county":"Montgomery","geo_location":{ "type": "Point", "coordinates": [-86.2085, 32.2334] }},
{"zip_code":"36195","country":"US","city":"Montgomery","state":"Alabama","state_ab":"AL","county":"Montgomery County","geo_location":{ "type": "Point", "coordinates": [-86.2843, 32.3544] }},
{"zip_code":"35602","country":"US","city":"Decatur","state":"Alabama","state_ab":"AL","county":"Morgan","geo_location":{ "type": "Point", "coordinates": [-87.0881, 34.6062] }},
{"zip_code":"35112","country":"US","city":"Margaret","state":"Alabama","state_ab":"AL","county":"St. Clair","geo_location":{ "type": "Point", "coordinates": [-86.4656, 33.6958] }},
{"zip_code":"35125","country":"US","city":"Pell City","state":"Alabama","state_ab":"AL","county":"St. Clair","geo_location":{ "type": "Point", "coordinates": [-86.3432, 33.5979] }},
{"zip_code":"35178","country":"US","city":"Vincent","state":"Alabama","state_ab":"AL","county":"Shelby","geo_location":{ "type": "Point", "coordinates": [-86.3994, 33.401] }},
{"zip_code":"35242","country":"US","city":"Birmingham","state":"Alabama","state_ab":"AL","county":"Shelby","geo_location":{ "type": "Point", "coordinates": [-86.7046, 33.3813] }},
{"zip_code":"35475","country":"US","city":"Northport","state":"Alabama","state_ab":"AL","county":"Tuscaloosa","geo_location":{ "type": "Point", "coordinates": [-87.5599, 33.3992] }},
{"zip_code":"35062","country":"US","city":"Dora","state":"Alabama","state_ab":"AL","county":"Walker","geo_location":{ "type": "Point", "coordinates": [-87.0546, 33.7357] }},
{"zip_code":"35578","country":"US","city":"Nauvoo","state":"Alabama","state_ab":"AL","county":"Walker","geo_location":{ "type": "Point", "coordinates": [-87.4324, 33.9299] }},
{"zip_code":"36722","country":"US","city":"Arlington","state":"Alabama","state_ab":"AL","county":"Wilcox","geo_location":{ "type": "Point", "coordinates": [-87.5597, 32.0668] }},
{"zip_code":"35565","country":"US","city":"Haleyville","state":"Alabama","state_ab":"AL","county":"Winston","geo_location":{ "type": "Point", "coordinates": [-87.5938, 34.2314] }},
{"zip_code":"72038","country":"US","city":"Crocketts Bluff","state":"Arkansas","state_ab":"AR","county":"Arkansas","geo_location":{ "type": "Point", "coordinates": [-91.2692, 34.4528] }},
{"zip_code":"71642","country":"US","city":"Fountain Hill","state":"Arkansas","state_ab":"AR","county":"Ashley","geo_location":{ "type": "Point", "coordinates": [-91.9088, 33.3631] }},
{"zip_code":"72658","country":"US","city":"Norfork","state":"Arkansas","state_ab":"AR","county":"Baxter","geo_location":{ "type": "Point", "coordinates": [-92.273, 36.2066] }},
{"zip_code":"72722","country":"US","city":"Decatur","state":"Arkansas","state_ab":"AR","county":"Benton","geo_location":{ "type": "Point", "coordinates": [-94.4534, 36.3347] }},
{"zip_code":"71745","country":"US","city":"Harrell","state":"Arkansas","state_ab":"AR","county":"Calhoun","geo_location":{ "type": "Point", "coordinates": [-92.3912, 33.5109] }},
{"zip_code":"72632","country":"US","city":"Eureka Springs","state":"Arkansas","state_ab":"AR","county":"Carroll","geo_location":{ "type": "Point", "coordinates": [-93.7379, 36.4175] }},
{"zip_code":"71772","country":"US","city":"Whelen Springs","state":"Arkansas","state_ab":"AR","county":"Clark","geo_location":{ "type": "Point", "coordinates": [-93.1238, 33.8325] }},
{"zip_code":"72955","country":"US","city":"Uniontown","state":"Arkansas","state_ab":"AR","county":"Crawford","geo_location":{ "type": "Point", "coordinates": [-94.4349, 35.5748] }},
{"zip_code":"71655","country":"US","city":"Monticello","state":"Arkansas","state_ab":"AR","county":"Drew","geo_location":{ "type": "Point", "coordinates": [-91.7948, 33.625] }},
{"zip_code":"72928","country":"US","city":"Branch","state":"Arkansas","state_ab":"AR","county":"Franklin","geo_location":{ "type": "Point", "coordinates": [-93.9454, 35.2971] }},
{"zip_code":"72515","country":"US","city":"Bexar","state":"Arkansas","state_ab":"AR","county":"Fulton","geo_location":{ "type": "Point", "coordinates": [-92.055, 36.2901] }},
{"zip_code":"72128","country":"US","city":"Poyen","state":"Arkansas","state_ab":"AR","county":"Grant","geo_location":{ "type": "Point", "coordinates": [-92.6095, 34.3023] }},
{"zip_code":"72412","country":"US","city":"Beech Grove","state":"Arkansas","state_ab":"AR","county":"Greene","geo_location":{ "type": "Point", "coordinates": [-90.6914, 36.1281] }},
{"zip_code":"72425","country":"US","city":"Delaplaine","state":"Arkansas","state_ab":"AR","county":"Greene","geo_location":{ "type": "Point", "coordinates": [-90.7345, 36.1995] }},
{"zip_code":"71862","country":"US","city":"Washington","state":"Arkansas","state_ab":"AR","county":"Hempstead","geo_location":{ "type": "Point", "coordinates": [-93.6735, 33.7546] }},
{"zip_code":"72568","country":"US","city":"Pleasant Plains","state":"Arkansas","state_ab":"AR","county":"Independence","geo_location":{ "type": "Point", "coordinates": [-91.632, 35.5893] }},
{"zip_code":"72528","country":"US","city":"Dolph","state":"Arkansas","state_ab":"AR","county":"Izard","geo_location":{ "type": "Point", "coordinates": [-92.1177, 36.2229] }},
{"zip_code":"71602","country":"US","city":"White Hall","state":"Arkansas","state_ab":"AR","county":"Jefferson","geo_location":{ "type": "Point", "coordinates": [-92.0121, 34.2577] }},
{"zip_code":"72168","country":"US","city":"Tucker","state":"Arkansas","state_ab":"AR","county":"Jefferson","geo_location":{ "type": "Point", "coordinates": [-91.9163, 34.4414] }},
{"zip_code":"72182","country":"US","city":"Wright","state":"Arkansas","state_ab":"AR","county":"Jefferson","geo_location":{ "type": "Point", "coordinates": [-92.0599, 34.4291] }},
{"zip_code":"72852","country":"US","city":"Oark","state":"Arkansas","state_ab":"AR","county":"Johnson","geo_location":{ "type": "Point", "coordinates": [-93.5585, 35.7095] }},
{"zip_code":"72465","country":"US","city":"Sedgwick","state":"Arkansas","state_ab":"AR","county":"Lawrence","geo_location":{ "type": "Point", "coordinates": [-90.8954, 35.9643] }},
{"zip_code":"71822","country":"US","city":"Ashdown","state":"Arkansas","state_ab":"AR","county":"Little River","geo_location":{ "type": "Point", "coordinates": [-94.1351, 33.6787] }},
{"zip_code":"72865","country":"US","city":"Subiaco","state":"Arkansas","state_ab":"AR","county":"Logan","geo_location":{ "type": "Point", "coordinates": [-93.5991, 35.3153] }},
{"zip_code":"72618","country":"US","city":"Bruno","state":"Arkansas","state_ab":"AR","county":"Marion County","geo_location":{ "type": "Point", "coordinates": [-92.757, 36.1181] }},
{"zip_code":"72672","country":"US","city":"Pyatt","state":"Arkansas","state_ab":"AR","county":"Marion","geo_location":{ "type": "Point", "coordinates": [-92.8416, 36.2486] }},
{"zip_code":"72438","country":"US","city":"Leachville","state":"Arkansas","state_ab":"AR","county":"Mississippi","geo_location":{ "type": "Point", "coordinates": [-90.1955, 35.9332] }},
{"zip_code":"71965","country":"US","city":"Pencil Bluff","state":"Arkansas","state_ab":"AR","county":"Montgomery","geo_location":{ "type": "Point", "coordinates": [-93.7429, 34.6399] }},
{"zip_code":"71835","country":"US","city":"Emmet","state":"Arkansas","state_ab":"AR","county":"Nevada","geo_location":{ "type": "Point", "coordinates": [-93.4232, 33.6929] }},
{"zip_code":"72685","country":"US","city":"Western Grove","state":"Arkansas","state_ab":"AR","county":"Newton","geo_location":{ "type": "Point", "coordinates": [-92.9716, 36.083] }},
{"zip_code":"72025","country":"US","city":"Casa","state":"Arkansas","state_ab":"AR","county":"Perry","geo_location":{ "type": "Point", "coordinates": [-93.047, 35.0322] }},
{"zip_code":"71952","country":"US","city":"Langley","state":"Arkansas","state_ab":"AR","county":"Pike","geo_location":{ "type": "Point", "coordinates": [-93.8509, 34.314] }},
{"zip_code":"72812","country":"US","city":"Russellville","state":"Arkansas","state_ab":"AR","county":"Pope","geo_location":{ "type": "Point", "coordinates": [-93.0544, 35.4231] }},
{"zip_code":"72065","country":"US","city":"Hensley","state":"Arkansas","state_ab":"AR","county":"Pulaski","geo_location":{ "type": "Point", "coordinates": [-92.2758, 34.5208] }},
{"zip_code":"72078","country":"US","city":"Jacksonville","state":"Arkansas","state_ab":"AR","county":"Pulaski","geo_location":{ "type": "Point", "coordinates": [-92.3925, 34.7519] }},
{"zip_code":"72115","country":"US","city":"North Little Rock","state":"Arkansas","state_ab":"AR","county":"Pulaski","geo_location":{ "type": "Point", "coordinates": [-92.3925, 34.7519] }},
{"zip_code":"72142","country":"US","city":"Scott","state":"Arkansas","state_ab":"AR","county":"Pulaski","geo_location":{ "type": "Point", "coordinates": [-92.1157, 34.6942] }},
{"zip_code":"72205","country":"US","city":"Little Rock","state":"Arkansas","state_ab":"AR","county":"Pulaski","geo_location":{ "type": "Point", "coordinates": [-92.3455, 34.751] }},
{"zip_code":"72478","country":"US","city":"Warm Springs","state":"Arkansas","state_ab":"AR","county":"Randolph","geo_location":{ "type": "Point", "coordinates": [-91.0558, 36.4633] }},
{"zip_code":"72322","country":"US","city":"Caldwell","state":"Arkansas","state_ab":"AR","county":"St. Francis","geo_location":{ "type": "Point", "coordinates": [-90.8288, 35.0562] }},
{"zip_code":"72335","country":"US","city":"Forrest City","state":"Arkansas","state_ab":"AR","county":"St. Francis","geo_location":{ "type": "Point", "coordinates": [-90.7886, 35.0091] }},
{"zip_code":"72348","country":"US","city":"Hughes","state":"Arkansas","state_ab":"AR","county":"St. Francis","geo_location":{ "type": "Point", "coordinates": [-90.4741, 34.9454] }},
{"zip_code":"72645","country":"US","city":"Leslie","state":"Arkansas","state_ab":"AR","county":"Searcy","geo_location":{ "type": "Point", "coordinates": [-92.5663, 35.8272] }},
{"zip_code":"72902","country":"US","city":"Fort Smith","state":"Arkansas","state_ab":"AR","county":"Sebastian","geo_location":{ "type": "Point", "coordinates": [-94.4091, 35.3862] }},
{"zip_code":"72542","country":"US","city":"Hardy","state":"Arkansas","state_ab":"AR","county":"Sharp","geo_location":{ "type": "Point", "coordinates": [-91.411, 36.3227] }},
{"zip_code":"72555","country":"US","city":"Marcella","state":"Arkansas","state_ab":"AR","county":"Stone","geo_location":{ "type": "Point", "coordinates": [-91.8718, 35.7756] }},
{"zip_code":"71758","country":"US","city":"Mount Holly","state":"Arkansas","state_ab":"AR","county":"Union","geo_location":{ "type": "Point", "coordinates": [-92.9443, 33.3085] }},
{"zip_code":"72735","country":"US","city":"Goshen","state":"Arkansas","state_ab":"AR","county":"Washington","geo_location":{ "type": "Point", "coordinates": [-93.9666, 36.0876] }},
{"zip_code":"72762","country":"US","city":"Springdale","state":"Arkansas","state_ab":"AR","county":"Washington","geo_location":{ "type": "Point", "coordinates": [-94.1762, 36.1835] }},
{"zip_code":"72775","country":"US","city":"Wheeler","state":"Arkansas","state_ab":"AR","county":"Washington County","geo_location":{ "type": "Point", "coordinates": [-94.2587, 36.114] }},
{"zip_code":"72012","country":"US","city":"Beebe","state":"Arkansas","state_ab":"AR","county":"White","geo_location":{ "type": "Point", "coordinates": [-91.9074, 35.0937] }},
{"zip_code":"72052","country":"US","city":"Garner","state":"Arkansas","state_ab":"AR","county":"White","geo_location":{ "type": "Point", "coordinates": [-91.7772, 35.1443] }},
{"zip_code":"72102","country":"US","city":"Mc Rae","state":"Arkansas","state_ab":"AR","county":"White","geo_location":{ "type": "Point", "coordinates": [-91.8216, 35.1132] }},
{"zip_code":"72838","country":"US","city":"Gravelly","state":"Arkansas","state_ab":"AR","county":"Yell","geo_location":{ "type": "Point", "coordinates": [-93.6802, 34.8881] }},
{"zip_code":"86028","country":"US","city":"Petrified Forest Natl Pk","state":"Arizona","state_ab":"AZ","county":"Apache","geo_location":{ "type": "Point", "coordinates": [-109.5229, 35.2375] }},
{"zip_code":"86505","country":"US","city":"Ganado","state":"Arizona","state_ab":"AZ","county":"Apache","geo_location":{ "type": "Point", "coordinates": [-109.5229, 35.2375] }},
{"zip_code":"86545","country":"US","city":"Rock Point","state":"Arizona","state_ab":"AZ","county":"Apache","geo_location":{ "type": "Point", "coordinates": [-109.5229, 35.2375] }},
{"zip_code":"85605","country":"US","city":"Bowie","state":"Arizona","state_ab":"AZ","county":"Cochise","geo_location":{ "type": "Point", "coordinates": [-109.7064, 31.8914] }},
{"zip_code":"85632","country":"US","city":"San Simon","state":"Arizona","state_ab":"AZ","county":"Cochise","geo_location":{ "type": "Point", "coordinates": [-109.1748, 32.0423] }},
{"zip_code":"86002","country":"US","city":"Flagstaff","state":"Arizona","state_ab":"AZ","county":"Coconino","geo_location":{ "type": "Point", "coordinates": [-112.0524, 35.6308] }},
{"zip_code":"86015","country":"US","city":"Bellemont","state":"Arizona","state_ab":"AZ","county":"Coconino","geo_location":{ "type": "Point", "coordinates": [-112.0524, 35.6308] }},
{"zip_code":"85502","country":"US","city":"Globe","state":"Arizona","state_ab":"AZ","county":"Gila","geo_location":{ "type": "Point", "coordinates": [-110.8127, 33.4219] }},
{"zip_code":"85542","country":"US","city":"Peridot","state":"Arizona","state_ab":"AZ","county":"Gila","geo_location":{ "type": "Point", "coordinates": [-110.8607, 33.7415] }},
{"zip_code":"34445","country":"US","city":"Holder","state":"Florida","state_ab":"FL","county":"Citrus","geo_location":{ "type": "Point", "coordinates": [-82.4065, 28.9488] }},
{"zip_code":"32065","country":"US","city":"Orange Park","state":"Florida","state_ab":"FL","county":"Clay","geo_location":{ "type": "Point", "coordinates": [-81.7742, 30.1382] }},
{"zip_code":"34108","country":"US","city":"Naples","state":"Florida","state_ab":"FL","county":"Collier","geo_location":{ "type": "Point", "coordinates": [-81.8071, 26.2416] }},
{"zip_code":"32025","country":"US","city":"Lake City","state":"Florida","state_ab":"FL","county":"Columbia","geo_location":{ "type": "Point", "coordinates": [-82.6396, 30.1601] }},
{"zip_code":"32038","country":"US","city":"Fort White","state":"Florida","state_ab":"FL","county":"Columbia","geo_location":{ "type": "Point", "coordinates": [-82.6879, 29.9207] }},
{"zip_code":"33842","country":"US","city":"Fort Ogden","state":"Florida","state_ab":"FL","county":"DeSoto County","geo_location":{ "type": "Point", "coordinates": [-81.9524, 27.0867] }},
{"zip_code":"34265","country":"US","city":"Arcadia","state":"Florida","state_ab":"FL","county":"DeSoto","geo_location":{ "type": "Point", "coordinates": [-81.8099, 27.1861] }},
{"zip_code":"32205","country":"US","city":"Jacksonville","state":"Florida","state_ab":"FL","county":"Duval","geo_location":{ "type": "Point", "coordinates": [-81.722, 30.3172] }},
{"zip_code":"32218","country":"US","city":"Jacksonville","state":"Florida","state_ab":"FL","county":"Duval","geo_location":{ "type": "Point", "coordinates": [-81.6626, 30.4507] }},
{"zip_code":"32232","country":"US","city":"Jacksonville","state":"Florida","state_ab":"FL","county":"Duval","geo_location":{ "type": "Point", "coordinates": [-81.6831, 30.3449] }},
{"zip_code":"32245","country":"US","city":"Jacksonville","state":"Florida","state_ab":"FL","county":"Duval","geo_location":{ "type": "Point", "coordinates": [-81.6831, 30.3449] }},
{"zip_code":"32258","country":"US","city":"Jacksonville","state":"Florida","state_ab":"FL","county":"Duval","geo_location":{ "type": "Point", "coordinates": [-81.5739, 30.1459] }},
{"zip_code":"32502","country":"US","city":"Pensacola","state":"Florida","state_ab":"FL","county":"Escambia","geo_location":{ "type": "Point", "coordinates": [-87.2229, 30.4095] }},
{"zip_code":"32568","country":"US","city":"Mc David","state":"Florida","state_ab":"FL","county":"Escambia","geo_location":{ "type": "Point", "coordinates": [-87.4539, 30.8686] }},
{"zip_code":"32582","country":"US","city":"Pensacola","state":"Florida","state_ab":"FL","county":"Escambia","geo_location":{ "type": "Point", "coordinates": [-87.2758, 30.6143] }},
{"zip_code":"32595","country":"US","city":"Pensacola","state":"Florida","state_ab":"FL","county":"Escambia","geo_location":{ "type": "Point", "coordinates": [-87.2758, 30.6143] }},
{"zip_code":"32142","country":"US","city":"Palm Coast","state":"Florida","state_ab":"FL","county":"Flagler","geo_location":{ "type": "Point", "coordinates": [-81.2828, 29.4661] }},
{"zip_code":"32322","country":"US","city":"Carrabelle","state":"Florida","state_ab":"FL","county":"Franklin","geo_location":{ "type": "Point", "coordinates": [-84.6358, 29.8692] }},
{"zip_code":"32465","country":"US","city":"Wewahitchka","state":"Florida","state_ab":"FL","county":"Gulf","geo_location":{ "type": "Point", "coordinates": [-85.2048, 30.0933] }},
{"zip_code":"32052","country":"US","city":"Jasper","state":"Florida","state_ab":"FL","county":"Hamilton","geo_location":{ "type": "Point", "coordinates": [-82.9322, 30.5029] }},
{"zip_code":"33558","country":"US","city":"Lutz","state":"Florida","state_ab":"FL","county":"Hillsborough","geo_location":{ "type": "Point", "coordinates": [-82.5152, 28.1474] }},
{"zip_code":"33572","country":"US","city":"Apollo Beach","state":"Florida","state_ab":"FL","county":"Hillsborough","geo_location":{ "type": "Point", "coordinates": [-82.4102, 27.7716] }},
{"zip_code":"33598","country":"US","city":"Wimauma","state":"Florida","state_ab":"FL","county":"Hillsborough","geo_location":{ "type": "Point", "coordinates": [-82.3151, 27.7015] }},
{"zip_code":"33608","country":"US","city":"Tampa","state":"Florida","state_ab":"FL","county":"Hillsborough","geo_location":{ "type": "Point", "coordinates": [-82.4884, 27.8434] }},
{"zip_code":"33622","country":"US","city":"Tampa","state":"Florida","state_ab":"FL","county":"Hillsborough","geo_location":{ "type": "Point", "coordinates": [-82.4388, 27.872] }},
{"zip_code":"33635","country":"US","city":"Tampa","state":"Florida","state_ab":"FL","county":"Hillsborough","geo_location":{ "type": "Point", "coordinates": [-82.6048, 28.0301] }},
{"zip_code":"33662","country":"US","city":"Tampa","state":"Florida","state_ab":"FL","county":"Hillsborough","geo_location":{ "type": "Point", "coordinates": [-82.4388, 27.872] }},
{"zip_code":"33675","country":"US","city":"Tampa","state":"Florida","state_ab":"FL","county":"Hillsborough","geo_location":{ "type": "Point", "coordinates": [-82.4388, 27.872] }},
{"zip_code":"33688","country":"US","city":"Tampa","state":"Florida","state_ab":"FL","county":"Hillsborough","geo_location":{ "type": "Point", "coordinates": [-82.4388, 27.872] }},
{"zip_code":"32425","country":"US","city":"Bonifay","state":"Florida","state_ab":"FL","county":"Holmes","geo_location":{ "type": "Point", "coordinates": [-85.69, 30.8464] }},
{"zip_code":"32452","country":"US","city":"Noma","state":"Florida","state_ab":"FL","county":"Holmes","geo_location":{ "type": "Point", "coordinates": [-85.768, 30.85] }},
{"zip_code":"32968","country":"US","city":"Vero Beach","state":"Florida","state_ab":"FL","county":"Indian River","geo_location":{ "type": "Point", "coordinates": [-80.4382, 27.5999] }},
{"zip_code":"32102","country":"US","city":"Astor","state":"Florida","state_ab":"FL","county":"Lake","geo_location":{ "type": "Point", "coordinates": [-81.5399, 29.165] }},
{"zip_code":"32735","country":"US","city":"Grand Island","state":"Florida","state_ab":"FL","county":"Lake","geo_location":{ "type": "Point", "coordinates": [-81.7391, 28.8866] }},
{"zip_code":"34715","country":"US","city":"Clermont","state":"Florida","state_ab":"FL","county":"Lake County","geo_location":{ "type": "Point", "coordinates": [-81.7306, 28.6259] }},
{"zip_code":"34755","country":"US","city":"Minneola","state":"Florida","state_ab":"FL","county":"Lake","geo_location":{ "type": "Point", "coordinates": [-81.8319, 28.5782] }},
{"zip_code":"33905","country":"US","city":"Fort Myers","state":"Florida","state_ab":"FL","county":"Lee","geo_location":{ "type": "Point", "coordinates": [-81.7605, 26.6693] }},
{"zip_code":"33918","country":"US","city":"North Fort Myers","state":"Florida","state_ab":"FL","county":"Lee","geo_location":{ "type": "Point", "coordinates": [-81.607, 26.7161] }},
{"zip_code":"33932","country":"US","city":"Fort Myers Beach","state":"Florida","state_ab":"FL","county":"Lee","geo_location":{ "type": "Point", "coordinates": [-81.9486, 26.5529] }},
{"zip_code":"33945","country":"US","city":"Pineland","state":"Florida","state_ab":"FL","county":"Lee","geo_location":{ "type": "Point", "coordinates": [-82.1434, 26.6583] }},
{"zip_code":"33972","country":"US","city":"Lehigh Acres","state":"Florida","state_ab":"FL","county":"Lee","geo_location":{ "type": "Point", "coordinates": [-81.6167, 26.6492] }},
{"zip_code":"34135","country":"US","city":"Bonita Springs","state":"Florida","state_ab":"FL","county":"Lee","geo_location":{ "type": "Point", "coordinates": [-81.7334, 26.3771] }},
{"zip_code":"32308","country":"US","city":"Tallahassee","state":"Florida","state_ab":"FL","county":"Leon","geo_location":{ "type": "Point", "coordinates": [-84.2246, 30.4771] }},
{"zip_code":"32362","country":"US","city":"Woodville","state":"Florida","state_ab":"FL","county":"Leon","geo_location":{ "type": "Point", "coordinates": [-84.2674, 30.3193] }},
{"zip_code":"34498","country":"US","city":"Yankeetown","state":"Florida","state_ab":"FL","county":"Levy","geo_location":{ "type": "Point", "coordinates": [-82.719, 29.0305] }},
{"zip_code":"32335","country":"US","city":"Sumatra","state":"Florida","state_ab":"FL","county":"Liberty","geo_location":{ "type": "Point", "coordinates": [-84.8484, 30.2889] }},
{"zip_code":"34212","country":"US","city":"Bradenton","state":"Florida","state_ab":"FL","county":"Manatee","geo_location":{ "type": "Point", "coordinates": [-82.4101, 27.4978] }},
{"zip_code":"32182","country":"US","city":"Orange Springs","state":"Florida","state_ab":"FL","county":"Marion","geo_location":{ "type": "Point", "coordinates": [-81.9589, 29.4856] }},
{"zip_code":"32195","country":"US","city":"Weirsdale","state":"Florida","state_ab":"FL","county":"Marion","geo_location":{ "type": "Point", "coordinates": [-81.8932, 28.9782] }},
{"zip_code":"34432","country":"US","city":"Dunnellon","state":"Florida","state_ab":"FL","county":"Marion","geo_location":{ "type": "Point", "coordinates": [-82.3413, 29.1015] }},
{"zip_code":"34472","country":"US","city":"Ocala","state":"Florida","state_ab":"FL","county":"Marion","geo_location":{ "type": "Point", "coordinates": [-82.0086, 29.1253] }},
{"zip_code":"33455","country":"US","city":"Hobe Sound","state":"Florida","state_ab":"FL","county":"Martin","geo_location":{ "type": "Point", "coordinates": [-80.1509, 27.0813] }},
{"zip_code":"33002","country":"US","city":"Hialeah","state":"Florida","state_ab":"FL","county":"Miami-Dade","geo_location":{ "type": "Point", "coordinates": [-80.4582, 25.5584] }},
{"zip_code":"33015","country":"US","city":"Hialeah","state":"Florida","state_ab":"FL","county":"Miami-Dade","geo_location":{ "type": "Point", "coordinates": [-80.3165, 25.9388] }},
{"zip_code":"33055","country":"US","city":"Opa Locka","state":"Florida","state_ab":"FL","county":"Miami-Dade","geo_location":{ "type": "Point", "coordinates": [-80.2778, 25.9476] }},
{"zip_code":"33132","country":"US","city":"Miami","state":"Florida","state_ab":"FL","county":"Miami-Dade","geo_location":{ "type": "Point", "coordinates": [-80.18, 25.7867] }},
{"zip_code":"33145","country":"US","city":"Miami","state":"Florida","state_ab":"FL","county":"Miami-Dade","geo_location":{ "type": "Point", "coordinates": [-80.2253, 25.7539] }},
{"zip_code":"33158","country":"US","city":"Miami","state":"Florida","state_ab":"FL","county":"Miami-Dade","geo_location":{ "type": "Point", "coordinates": [-80.3187, 25.6364] }},
{"zip_code":"33172","country":"US","city":"Miami","state":"Florida","state_ab":"FL","county":"Miami-Dade","geo_location":{ "type": "Point", "coordinates": [-80.3572, 25.7735] }},
{"zip_code":"33185","country":"US","city":"Miami","state":"Florida","state_ab":"FL","county":"Miami-Dade","geo_location":{ "type": "Point", "coordinates": [-80.4497, 25.7274] }},
{"zip_code":"33222","country":"US","city":"Miami","state":"Florida","state_ab":"FL","county":"Miami-Dade County","geo_location":{ "type": "Point", "coordinates": [-80.3748, 25.7577] }},
{"zip_code":"33042","country":"US","city":"Summerland Key","state":"Florida","state_ab":"FL","county":"Monroe","geo_location":{ "type": "Point", "coordinates": [-81.5099, 24.667] }},
{"zip_code":"32542","country":"US","city":"Eglin Afb","state":"Florida","state_ab":"FL","county":"Okaloosa","geo_location":{ "type": "Point", "coordinates": [-86.6087, 30.5393] }},
{"zip_code":"32812","country":"US","city":"Orlando","state":"Florida","state_ab":"FL","county":"Orange","geo_location":{ "type": "Point", "coordinates": [-81.3288, 28.4998] }},
{"zip_code":"32825","country":"US","city":"Orlando","state":"Florida","state_ab":"FL","county":"Orange","geo_location":{ "type": "Point", "coordinates": [-81.2571, 28.5469] }},
{"zip_code":"32878","country":"US","city":"Orlando","state":"Florida","state_ab":"FL","county":"Orange","geo_location":{ "type": "Point", "coordinates": [-81.2608, 28.5663] }},
{"zip_code":"34742","country":"US","city":"Kissimmee","state":"Florida","state_ab":"FL","county":"Osceola","geo_location":{ "type": "Point", "coordinates": [-81.2593, 27.9953] }},
{"zip_code":"33402","country":"US","city":"West Palm Beach","state":"Florida","state_ab":"FL","county":"Palm Beach","geo_location":{ "type": "Point", "coordinates": [-80.4303, 26.6459] }},
{"zip_code":"33415","country":"US","city":"West Palm Beach","state":"Florida","state_ab":"FL","county":"Palm Beach","geo_location":{ "type": "Point", "coordinates": [-80.126, 26.656] }},
{"zip_code":"33428","country":"US","city":"Boca Raton","state":"Florida","state_ab":"FL","county":"Palm Beach","geo_location":{ "type": "Point", "coordinates": [-80.2109, 26.3446] }},
{"zip_code":"33468","country":"US","city":"Jupiter","state":"Florida","state_ab":"FL","county":"Palm Beach","geo_location":{ "type": "Point", "coordinates": [-80.4303, 26.6459] }},
{"zip_code":"33482","country":"US","city":"Delray Beach","state":"Florida","state_ab":"FL","county":"Palm Beach","geo_location":{ "type": "Point", "coordinates": [-80.4303, 26.6459] }},
{"zip_code":"33545","country":"US","city":"Wesley Chapel","state":"Florida","state_ab":"FL","county":"Pasco County","geo_location":{ "type": "Point", "coordinates": [-82.2903, 28.2697] }},
{"zip_code":"34638","country":"US","city":"Land O Lakes","state":"Florida","state_ab":"FL","county":"Pasco County","geo_location":{ "type": "Point", "coordinates": [-82.4962, 28.2478] }},
{"zip_code":"34652","country":"US","city":"New Port Richey","state":"Florida","state_ab":"FL","county":"Pasco","geo_location":{ "type": "Point", "coordinates": [-82.7327, 28.2326] }},
{"zip_code":"34692","country":"US","city":"Holiday","state":"Florida","state_ab":"FL","county":"Pasco County","geo_location":{ "type": "Point", "coordinates": [-82.7346, 28.188] }},
{"zip_code":"33712","country":"US","city":"Saint Petersburg","state":"Florida","state_ab":"FL","county":"Pinellas","geo_location":{ "type": "Point", "coordinates": [-82.6663, 27.7353] }},
{"zip_code":"6905","country":"US","city":"Stamford","state":"Connecticut","state_ab":"CT","county":"Fairfield","geo_location":{ "type": "Point", "coordinates": [-73.5435, 41.0888] }},
{"zip_code":"6002","country":"US","city":"Bloomfield","state":"Connecticut","state_ab":"CT","county":"Hartford","geo_location":{ "type": "Point", "coordinates": [-72.7249, 41.8316] }},
{"zip_code":"6028","country":"US","city":"East Windsor Hill","state":"Connecticut","state_ab":"CT","county":"Hartford","geo_location":{ "type": "Point", "coordinates": [-72.603, 41.8592] }},
{"zip_code":"6042","country":"US","city":"Manchester","state":"Connecticut","state_ab":"CT","county":"Hartford County","geo_location":{ "type": "Point", "coordinates": [-72.5292, 41.7966] }},
{"zip_code":"6082","country":"US","city":"Enfield","state":"Connecticut","state_ab":"CT","county":"Hartford","geo_location":{ "type": "Point", "coordinates": [-72.5652, 41.989] }},
{"zip_code":"6095","country":"US","city":"Windsor","state":"Connecticut","state_ab":"CT","county":"Hartford","geo_location":{ "type": "Point", "coordinates": [-72.6639, 41.8561] }},
{"zip_code":"6105","country":"US","city":"Hartford","state":"Connecticut","state_ab":"CT","county":"Hartford","geo_location":{ "type": "Point", "coordinates": [-72.701, 41.7691] }},
{"zip_code":"6118","country":"US","city":"East Hartford","state":"Connecticut","state_ab":"CT","county":"Hartford","geo_location":{ "type": "Point", "coordinates": [-72.6103, 41.7472] }},
{"zip_code":"6132","country":"US","city":"Hartford","state":"Connecticut","state_ab":"CT","county":"Hartford","geo_location":{ "type": "Point", "coordinates": [-72.7188, 41.7918] }},
{"zip_code":"6145","country":"US","city":"Hartford","state":"Connecticut","state_ab":"CT","county":"Hartford","geo_location":{ "type": "Point", "coordinates": [-72.7188, 41.7918] }},
{"zip_code":"6068","country":"US","city":"Salisbury","state":"Connecticut","state_ab":"CT","county":"Litchfield","geo_location":{ "type": "Point", "coordinates": [-73.4215, 42.0015] }},
{"zip_code":"6752","country":"US","city":"Bridgewater","state":"Connecticut","state_ab":"CT","county":"Litchfield","geo_location":{ "type": "Point", "coordinates": [-73.3609, 41.5287] }},
{"zip_code":"6778","country":"US","city":"Northfield","state":"Connecticut","state_ab":"CT","county":"Litchfield","geo_location":{ "type": "Point", "coordinates": [-73.109, 41.7077] }},
{"zip_code":"6792","country":"US","city":"Torrington","state":"Connecticut","state_ab":"CT","county":"Litchfield County","geo_location":{ "type": "Point", "coordinates": [-73.0582, 41.7549] }},
{"zip_code":"6442","country":"US","city":"Ivoryton","state":"Connecticut","state_ab":"CT","county":"Middlesex","geo_location":{ "type": "Point", "coordinates": [-72.4404, 41.3421] }},
{"zip_code":"6455","country":"US","city":"Middlefield","state":"Connecticut","state_ab":"CT","county":"Middlesex","geo_location":{ "type": "Point", "coordinates": [-72.7186, 41.5168] }},
{"zip_code":"6495","country":"US","city":"Wallingford","state":"Connecticut","state_ab":"CT","county":"New Haven County","geo_location":{ "type": "Point", "coordinates": [-72.8795, 41.3885] }},
{"zip_code":"6505","country":"US","city":"New Haven","state":"Connecticut","state_ab":"CT","county":"New Haven","geo_location":{ "type": "Point", "coordinates": [-72.7799, 41.3057] }},
{"zip_code":"6518","country":"US","city":"Hamden","state":"Connecticut","state_ab":"CT","county":"New Haven","geo_location":{ "type": "Point", "coordinates": [-72.911, 41.4097] }},
{"zip_code":"6532","country":"US","city":"New Haven","state":"Connecticut","state_ab":"CT","county":"New Haven","geo_location":{ "type": "Point", "coordinates": [-72.9275, 41.3657] }},
{"zip_code":"6712","country":"US","city":"Prospect","state":"Connecticut","state_ab":"CT","county":"New Haven","geo_location":{ "type": "Point", "coordinates": [-72.9788, 41.5022] }},
{"zip_code":"6725","country":"US","city":"Waterbury","state":"Connecticut","state_ab":"CT","county":"New Haven","geo_location":{ "type": "Point", "coordinates": [-72.9275, 41.3657] }},
{"zip_code":"6338","country":"US","city":"Mashantucket","state":"Connecticut","state_ab":"CT","county":"New London County","geo_location":{ "type": "Point", "coordinates": [-71.9574, 41.4757] }},
{"zip_code":"6365","country":"US","city":"Preston","state":"Connecticut","state_ab":"CT","county":"New London","geo_location":{ "type": "Point", "coordinates": [-71.9934, 41.5224] }},
{"zip_code":"6378","country":"US","city":"Stonington","state":"Connecticut","state_ab":"CT","county":"New London","geo_location":{ "type": "Point", "coordinates": [-71.9155, 41.3664] }},
{"zip_code":"6415","country":"US","city":"Colchester","state":"Connecticut","state_ab":"CT","county":"New London","geo_location":{ "type": "Point", "coordinates": [-72.3441, 41.5662] }},
{"zip_code":"6248","country":"US","city":"Hebron","state":"Connecticut","state_ab":"CT","county":"Tolland","geo_location":{ "type": "Point", "coordinates": [-72.3986, 41.6842] }},
{"zip_code":"6235","country":"US","city":"Chaplin","state":"Connecticut","state_ab":"CT","county":"Windham","geo_location":{ "type": "Point", "coordinates": [-72.1372, 41.8026] }},
{"zip_code":"6262","country":"US","city":"Quinebaug","state":"Connecticut","state_ab":"CT","county":"Windham","geo_location":{ "type": "Point", "coordinates": [-71.9391, 42.0217] }},
{"zip_code":"20002","country":"US","city":"Washington","state":"District of Columbia","state_ab":"DC","county":"District of Columbia","geo_location":{ "type": "Point", "coordinates": [-76.9901, 38.9024] }},
{"zip_code":"20015","country":"US","city":"Washington","state":"District of Columbia","state_ab":"DC","county":"District of Columbia","geo_location":{ "type": "Point", "coordinates": [-77.068, 38.9658] }},
{"zip_code":"20042","country":"US","city":"Washington","state":"District of Columbia","state_ab":"DC","county":"District of Columbia","geo_location":{ "type": "Point", "coordinates": [-77.0146, 38.8933] }},
{"zip_code":"20055","country":"US","city":"Washington","state":"District of Columbia","state_ab":"DC","county":"District of Columbia","geo_location":{ "type": "Point", "coordinates": [-77.021, 38.9016] }},
{"zip_code":"20068","country":"US","city":"Washington","state":"District of Columbia","state_ab":"DC","county":"District of Columbia","geo_location":{ "type": "Point", "coordinates": [-77.0146, 38.8933] }},
{"zip_code":"20082","country":"US","city":"Washington","state":"District of Columbia","state_ab":"DC","county":"District of Columbia","geo_location":{ "type": "Point", "coordinates": [-77.0146, 38.8933] }},
{"zip_code":"20208","country":"US","city":"Washington","state":"District of Columbia","state_ab":"DC","county":"District of Columbia","geo_location":{ "type": "Point", "coordinates": [-77.0117, 38.8966] }},
{"zip_code":"20222","country":"US","city":"Washington","state":"District of Columbia","state_ab":"DC","county":"District of Columbia","geo_location":{ "type": "Point", "coordinates": [-77.0146, 38.8933] }},
{"zip_code":"20235","country":"US","city":"Washington","state":"District of Columbia","state_ab":"DC","county":"District of Columbia","geo_location":{ "type": "Point", "coordinates": [-77.0572, 38.9154] }},
{"zip_code":"20262","country":"US","city":"Washington","state":"District of Columbia","state_ab":"DC","county":"District of Columbia","geo_location":{ "type": "Point", "coordinates": [-77.0146, 38.8933] }},
{"zip_code":"20338","country":"US","city":"Washington","state":"District of Columbia","state_ab":"DC","county":"District of Columbia","geo_location":{ "type": "Point", "coordinates": [-77.0146, 38.8933] }},
{"zip_code":"20392","country":"US","city":"Washington","state":"District of Columbia","state_ab":"DC","county":"District of Columbia","geo_location":{ "type": "Point", "coordinates": [-77.0146, 38.8933] }},
{"zip_code":"20402","country":"US","city":"Washington","state":"District of Columbia","state_ab":"DC","county":"District of Columbia","geo_location":{ "type": "Point", "coordinates": [-77.0146, 38.8933] }},
{"zip_code":"20415","country":"US","city":"Washington","state":"District of Columbia","state_ab":"DC","county":"District of Columbia","geo_location":{ "type": "Point", "coordinates": [-77.0146, 38.8933] }},
{"zip_code":"20428","country":"US","city":"Washington","state":"District of Columbia","state_ab":"DC","county":"District of Columbia","geo_location":{ "type": "Point", "coordinates": [-77.0146, 38.8933] }},
{"zip_code":"20442","country":"US","city":"Washington","state":"District of Columbia","state_ab":"DC","county":"District of Columbia","geo_location":{ "type": "Point", "coordinates": [-77.0177, 38.896] }},
{"zip_code":"20468","country":"US","city":"Washington","state":"District of Columbia","state_ab":"DC","county":"District of Columbia","geo_location":{ "type": "Point", "coordinates": [-77.0146, 38.8933] }},
{"zip_code":"20505","country":"US","city":"Washington","state":"District of Columbia","state_ab":"DC","county":"District of Columbia","geo_location":{ "type": "Point", "coordinates": [-77.0146, 38.8933] }},
{"zip_code":"20532","country":"US","city":"Washington","state":"District of Columbia","state_ab":"DC","county":"District of Columbia","geo_location":{ "type": "Point", "coordinates": [-77.0173, 38.9045] }},
{"zip_code":"20558","country":"US","city":"Washington","state":"District of Columbia","state_ab":"DC","county":"District of Columbia","geo_location":{ "type": "Point", "coordinates": [-77.0146, 38.8933] }},
{"zip_code":"20572","country":"US","city":"Washington","state":"District of Columbia","state_ab":"DC","county":"District of Columbia","geo_location":{ "type": "Point", "coordinates": [-77.0146, 38.8933] }},
{"zip_code":"20585","country":"US","city":"Washington","state":"District of Columbia","state_ab":"DC","county":"District of Columbia","geo_location":{ "type": "Point", "coordinates": [-77.0146, 38.8933] }},
{"zip_code":"19905","country":"US","city":"Dover","state":"Delaware","state_ab":"DE","county":"Kent","geo_location":{ "type": "Point", "coordinates": [-75.448, 39.1087] }},
{"zip_code":"19712","country":"US","city":"Newark","state":"Delaware","state_ab":"DE","county":"New Castle","geo_location":{ "type": "Point", "coordinates": [-75.597, 39.5645] }},
{"zip_code":"19725","country":"US","city":"Newark","state":"Delaware","state_ab":"DE","county":"New Castle","geo_location":{ "type": "Point", "coordinates": [-75.597, 39.5645] }},
{"zip_code":"19802","country":"US","city":"Wilmington","state":"Delaware","state_ab":"DE","county":"New Castle","geo_location":{ "type": "Point", "coordinates": [-75.534, 39.7564] }},
{"zip_code":"19895","country":"US","city":"Wilmington","state":"Delaware","state_ab":"DE","county":"New Castle","geo_location":{ "type": "Point", "coordinates": [-75.597, 39.5645] }},
{"zip_code":"19945","country":"US","city":"Frankford","state":"Delaware","state_ab":"DE","county":"Sussex","geo_location":{ "type": "Point", "coordinates": [-75.2006, 38.5177] }},
{"zip_code":"19958","country":"US","city":"Lewes","state":"Delaware","state_ab":"DE","county":"Sussex","geo_location":{ "type": "Point", "coordinates": [-75.1747, 38.7381] }},
{"zip_code":"32605","country":"US","city":"Gainesville","state":"Florida","state_ab":"FL","county":"Alachua","geo_location":{ "type": "Point", "coordinates": [-82.3679, 29.6785] }},
{"zip_code":"32618","country":"US","city":"Archer","state":"Florida","state_ab":"FL","county":"Alachua","geo_location":{ "type": "Point", "coordinates": [-82.5108, 29.5597] }},
{"zip_code":"32658","country":"US","city":"La Crosse","state":"Florida","state_ab":"FL","county":"Alachua","geo_location":{ "type": "Point", "coordinates": [-82.416, 29.8261] }},
{"zip_code":"32412","country":"US","city":"Panama City","state":"Florida","state_ab":"FL","county":"Bay","geo_location":{ "type": "Point", "coordinates": [-85.692, 30.2345] }},
{"zip_code":"32438","country":"US","city":"Fountain","state":"Florida","state_ab":"FL","county":"Bay","geo_location":{ "type": "Point", "coordinates": [-85.4293, 30.4753] }},
{"zip_code":"32775","country":"US","city":"Scottsmoor","state":"Florida","state_ab":"FL","county":"Brevard","geo_location":{ "type": "Point", "coordinates": [-80.872, 28.7702] }},
{"zip_code":"32902","country":"US","city":"Melbourne","state":"Florida","state_ab":"FL","county":"Brevard","geo_location":{ "type": "Point", "coordinates": [-80.6862, 28.3067] }},
{"zip_code":"32955","country":"US","city":"Rockledge","state":"Florida","state_ab":"FL","county":"Brevard","geo_location":{ "type": "Point", "coordinates": [-80.7319, 28.3134] }},
{"zip_code":"33028","country":"US","city":"Pembroke Pines","state":"Florida","state_ab":"FL","county":"Broward","geo_location":{ "type": "Point", "coordinates": [-80.3449, 26.0185] }},
{"zip_code":"33068","country":"US","city":"Pompano Beach","state":"Florida","state_ab":"FL","county":"Broward","geo_location":{ "type": "Point", "coordinates": [-80.2205, 26.216] }},
{"zip_code":"33082","country":"US","city":"Pembroke Pines","state":"Florida","state_ab":"FL","county":"Broward","geo_location":{ "type": "Point", "coordinates": [-80.4483, 26.1457] }},
{"zip_code":"33312","country":"US","city":"Fort Lauderdale","state":"Florida","state_ab":"FL","county":"Broward","geo_location":{ "type": "Point", "coordinates": [-80.181, 26.0968] }},
{"zip_code":"33325","country":"US","city":"Fort Lauderdale","state":"Florida","state_ab":"FL","county":"Broward","geo_location":{ "type": "Point", "coordinates": [-80.3215, 26.1097] }},
{"zip_code":"33338","country":"US","city":"Fort Lauderdale","state":"Florida","state_ab":"FL","county":"Broward","geo_location":{ "type": "Point", "coordinates": [-80.4483, 26.1457] }},
{"zip_code":"33442","country":"US","city":"Deerfield Beach","state":"Florida","state_ab":"FL","county":"Broward","geo_location":{ "type": "Point", "coordinates": [-80.1412, 26.3124] }},
{"zip_code":"33738","country":"US","city":"Saint Petersburg","state":"Florida","state_ab":"FL","county":"Pinellas","geo_location":{ "type": "Point", "coordinates": [-82.7248, 27.8918] }},
{"zip_code":"33765","country":"US","city":"Clearwater","state":"Florida","state_ab":"FL","county":"Pinellas","geo_location":{ "type": "Point", "coordinates": [-82.7433, 27.9902] }},
{"zip_code":"33778","country":"US","city":"Largo","state":"Florida","state_ab":"FL","county":"Pinellas","geo_location":{ "type": "Point", "coordinates": [-82.8025, 27.884] }},
{"zip_code":"34625","country":"US","city":"Clearwater","state":"Florida","state_ab":"FL","county":"Pinellas County","geo_location":{ "type": "Point", "coordinates": [-82.7463, 27.973] }},
{"zip_code":"34665","country":"US","city":"Pinellas Park","state":"Florida","state_ab":"FL","county":"Pinellas County","geo_location":{ "type": "Point", "coordinates": [-82.7125, 27.8402] }},
{"zip_code":"33802","country":"US","city":"Lakeland","state":"Florida","state_ab":"FL","county":"Polk","geo_location":{ "type": "Point", "coordinates": [-81.9852, 28.021] }},
{"zip_code":"33815","country":"US","city":"Lakeland","state":"Florida","state_ab":"FL","county":"Polk","geo_location":{ "type": "Point", "coordinates": [-82.0069, 28.0496] }},
{"zip_code":"33855","country":"US","city":"Indian Lake Estates","state":"Florida","state_ab":"FL","county":"Polk","geo_location":{ "type": "Point", "coordinates": [-81.3572, 27.798] }},
{"zip_code":"33868","country":"US","city":"Polk City","state":"Florida","state_ab":"FL","county":"Polk","geo_location":{ "type": "Point", "coordinates": [-81.8083, 28.1987] }},
{"zip_code":"33882","country":"US","city":"Winter Haven","state":"Florida","state_ab":"FL","county":"Polk","geo_location":{ "type": "Point", "coordinates": [-81.7321, 28.0294] }},
{"zip_code":"32092","country":"US","city":"Saint Augustine","state":"Florida","state_ab":"FL","county":"St. Johns","geo_location":{ "type": "Point", "coordinates": [-81.5264, 29.9475] }},
{"zip_code":"34948","country":"US","city":"Fort Pierce","state":"Florida","state_ab":"FL","county":"St. Lucie","geo_location":{ "type": "Point", "coordinates": [-80.409, 27.3822] }},
{"zip_code":"34988","country":"US","city":"Port Saint Lucie","state":"Florida","state_ab":"FL","county":"St. Lucie","geo_location":{ "type": "Point", "coordinates": [-80.5037, 27.3868] }},
{"zip_code":"34238","country":"US","city":"Sarasota","state":"Florida","state_ab":"FL","county":"Sarasota","geo_location":{ "type": "Point", "coordinates": [-82.4751, 27.2427] }},
{"zip_code":"34278","country":"US","city":"Sarasota","state":"Florida","state_ab":"FL","county":"Sarasota","geo_location":{ "type": "Point", "coordinates": [-82.5285, 27.3316] }},
{"zip_code":"34292","country":"US","city":"Venice","state":"Florida","state_ab":"FL","county":"Sarasota","geo_location":{ "type": "Point", "coordinates": [-82.37, 27.09] }},
{"zip_code":"32708","country":"US","city":"Winter Springs","state":"Florida","state_ab":"FL","county":"Seminole","geo_location":{ "type": "Point", "coordinates": [-81.2814, 28.6831] }}]}