{"value": [{"zip_code":"74367","country":"US","city":"Strang","state":"Oklahoma","state_ab":"OK","county":"Mayes","geo_location":{ "type": "Point", "coordinates": [-95.0773, 36.4141] }},
{"zip_code":"74651","country":"US","city":"Red Rock","state":"Oklahoma","state_ab":"OK","county":"Noble","geo_location":{ "type": "Point", "coordinates": [-97.164, 36.4748] }},
{"zip_code":"73054","country":"US","city":"Luther","state":"Oklahoma","state_ab":"OK","county":"Oklahoma","geo_location":{ "type": "Point", "coordinates": [-97.1823, 35.6315] }},
{"zip_code":"73104","country":"US","city":"Oklahoma City","state":"Oklahoma","state_ab":"OK","county":"Oklahoma","geo_location":{ "type": "Point", "coordinates": [-97.5017, 35.4794] }},
{"zip_code":"73117","country":"US","city":"Oklahoma City","state":"Oklahoma","state_ab":"OK","county":"Oklahoma","geo_location":{ "type": "Point", "coordinates": [-97.4722, 35.4797] }},
{"zip_code":"73131","country":"US","city":"Oklahoma City","state":"Oklahoma","state_ab":"OK","county":"Oklahoma","geo_location":{ "type": "Point", "coordinates": [-97.4691, 35.5797] }},
{"zip_code":"73144","country":"US","city":"Oklahoma City","state":"Oklahoma","state_ab":"OK","county":"Oklahoma","geo_location":{ "type": "Point", "coordinates": [-97.4075, 35.5514] }},
{"zip_code":"73157","country":"US","city":"Oklahoma City","state":"Oklahoma","state_ab":"OK","county":"Oklahoma","geo_location":{ "type": "Point", "coordinates": [-97.4075, 35.5514] }},
{"zip_code":"73184","country":"US","city":"Oklahoma City","state":"Oklahoma","state_ab":"OK","county":"Oklahoma","geo_location":{ "type": "Point", "coordinates": [-97.4075, 35.5514] }},
{"zip_code":"73197","country":"US","city":"Oklahoma City","state":"Oklahoma","state_ab":"OK","county":"Oklahoma","geo_location":{ "type": "Point", "coordinates": [-97.4075, 35.5514] }},
{"zip_code":"74857","country":"US","city":"Newalla","state":"Oklahoma","state_ab":"OK","county":"Oklahoma","geo_location":{ "type": "Point", "coordinates": [-97.1971, 35.3734] }},
{"zip_code":"74431","country":"US","city":"Dewar","state":"Oklahoma","state_ab":"OK","county":"Okmulgee","geo_location":{ "type": "Point", "coordinates": [-95.9498, 35.4551] }},
{"zip_code":"74084","country":"US","city":"Wynona","state":"Oklahoma","state_ab":"OK","county":"Osage","geo_location":{ "type": "Point", "coordinates": [-96.3689, 36.5085] }},
{"zip_code":"74637","country":"US","city":"Fairfax","state":"Oklahoma","state_ab":"OK","county":"Osage","geo_location":{ "type": "Point", "coordinates": [-96.6997, 36.5577] }},
{"zip_code":"74354","country":"US","city":"Miami","state":"Oklahoma","state_ab":"OK","county":"Ottawa","geo_location":{ "type": "Point", "coordinates": [-94.8719, 36.8764] }},
{"zip_code":"74547","country":"US","city":"Hartshorne","state":"Oklahoma","state_ab":"OK","county":"Pittsburg","geo_location":{ "type": "Point", "coordinates": [-95.574, 34.8452] }},
{"zip_code":"74561","country":"US","city":"Quinton","state":"Oklahoma","state_ab":"OK","county":"Pittsburg","geo_location":{ "type": "Point", "coordinates": [-95.4671, 35.1547] }},
{"zip_code":"74844","country":"US","city":"Francis","state":"Oklahoma","state_ab":"OK","county":"Pontotoc","geo_location":{ "type": "Point", "coordinates": [-96.5763, 34.8784] }},
{"zip_code":"74871","country":"US","city":"Stonewall","state":"Oklahoma","state_ab":"OK","county":"Pontotoc","geo_location":{ "type": "Point", "coordinates": [-96.5273, 34.6511] }},
{"zip_code":"74804","country":"US","city":"Shawnee","state":"Oklahoma","state_ab":"OK","county":"Pottawatomie","geo_location":{ "type": "Point", "coordinates": [-96.9331, 35.3868] }},
{"zip_code":"74521","country":"US","city":"Albion","state":"Oklahoma","state_ab":"OK","county":"Pushmataha","geo_location":{ "type": "Point", "coordinates": [-95.0924, 34.6516] }},
{"zip_code":"74574","country":"US","city":"Tuskahoma","state":"Oklahoma","state_ab":"OK","county":"Pushmataha","geo_location":{ "type": "Point", "coordinates": [-95.2362, 34.6622] }},
{"zip_code":"74017","country":"US","city":"Claremore","state":"Oklahoma","state_ab":"OK","county":"Rogers","geo_location":{ "type": "Point", "coordinates": [-95.5985, 36.3242] }},
{"zip_code":"74031","country":"US","city":"Foyil","state":"Oklahoma","state_ab":"OK","county":"Rogers","geo_location":{ "type": "Point", "coordinates": [-95.5716, 36.3365] }},
{"zip_code":"74884","country":"US","city":"Wewoka","state":"Oklahoma","state_ab":"OK","county":"Seminole","geo_location":{ "type": "Point", "coordinates": [-96.628, 35.1463] }},
{"zip_code":"73944","country":"US","city":"Hardesty","state":"Oklahoma","state_ab":"OK","county":"Texas","geo_location":{ "type": "Point", "coordinates": [-101.1539, 36.6018] }},
{"zip_code":"74107","country":"US","city":"Tulsa","state":"Oklahoma","state_ab":"OK","county":"Tulsa","geo_location":{ "type": "Point", "coordinates": [-96.0244, 36.1042] }},
{"zip_code":"74121","country":"US","city":"Tulsa","state":"Oklahoma","state_ab":"OK","county":"Tulsa","geo_location":{ "type": "Point", "coordinates": [-96.0297, 36.1398] }},
{"zip_code":"74134","country":"US","city":"Tulsa","state":"Oklahoma","state_ab":"OK","county":"Tulsa","geo_location":{ "type": "Point", "coordinates": [-95.8225, 36.1162] }},
{"zip_code":"74147","country":"US","city":"Tulsa","state":"Oklahoma","state_ab":"OK","county":"Tulsa","geo_location":{ "type": "Point", "coordinates": [-96.0297, 36.1398] }},
{"zip_code":"74187","country":"US","city":"Tulsa","state":"Oklahoma","state_ab":"OK","county":"Tulsa","geo_location":{ "type": "Point", "coordinates": [-96.0297, 36.1398] }},
{"zip_code":"74004","country":"US","city":"Bartlesville","state":"Oklahoma","state_ab":"OK","county":"Washington","geo_location":{ "type": "Point", "coordinates": [-95.894, 36.7114] }},
{"zip_code":"73647","country":"US","city":"Foss","state":"Oklahoma","state_ab":"OK","county":"Washita","geo_location":{ "type": "Point", "coordinates": [-99.1526, 35.3736] }},
{"zip_code":"73661","country":"US","city":"Rocky","state":"Oklahoma","state_ab":"OK","county":"Washita","geo_location":{ "type": "Point", "coordinates": [-99.048, 35.1526] }},
{"zip_code":"73801","country":"US","city":"Woodward","state":"Oklahoma","state_ab":"OK","county":"Woodward","geo_location":{ "type": "Point", "coordinates": [-99.402, 36.4268] }},
{"zip_code":"73841","country":"US","city":"Fort Supply","state":"Oklahoma","state_ab":"OK","county":"Woodward","geo_location":{ "type": "Point", "coordinates": [-99.5738, 36.5722] }},
{"zip_code":"97834","country":"US","city":"Halfway","state":"Oregon","state_ab":"OR","county":"Baker","geo_location":{ "type": "Point", "coordinates": [-117.1132, 44.8953] }},
{"zip_code":"97331","country":"US","city":"Corvallis","state":"Oregon","state_ab":"OR","county":"Benton","geo_location":{ "type": "Point", "coordinates": [-123.2779, 44.5638] }},
{"zip_code":"97034","country":"US","city":"Lake Oswego","state":"Oregon","state_ab":"OR","county":"Clackamas","geo_location":{ "type": "Point", "coordinates": [-122.6847, 45.4093] }},
{"zip_code":"97267","country":"US","city":"Portland","state":"Oregon","state_ab":"OR","county":"Clackamas","geo_location":{ "type": "Point", "coordinates": [-122.6144, 45.4021] }},
{"zip_code":"97407","country":"US","city":"Allegany","state":"Oregon","state_ab":"OR","county":"Coos","geo_location":{ "type": "Point", "coordinates": [-124.2311, 43.2469] }},
{"zip_code":"97447","country":"US","city":"Idleyld Park","state":"Oregon","state_ab":"OR","county":"Douglas","geo_location":{ "type": "Point", "coordinates": [-122.5155, 43.2753] }},
{"zip_code":"97861","country":"US","city":"Mikkalo","state":"Oregon","state_ab":"OR","county":"Gilliam","geo_location":{ "type": "Point", "coordinates": [-120.2067, 45.4388] }},
{"zip_code":"97524","country":"US","city":"Eagle Point","state":"Oregon","state_ab":"OR","county":"Jackson","geo_location":{ "type": "Point", "coordinates": [-122.8088, 42.4935] }},
{"zip_code":"97537","country":"US","city":"Rogue River","state":"Oregon","state_ab":"OR","county":"Jackson","geo_location":{ "type": "Point", "coordinates": [-123.1587, 42.4889] }},
{"zip_code":"97601","country":"US","city":"Klamath Falls","state":"Oregon","state_ab":"OR","county":"Klamath","geo_location":{ "type": "Point", "coordinates": [-121.8169, 42.2933] }},
{"zip_code":"97627","country":"US","city":"Keno","state":"Oregon","state_ab":"OR","county":"Klamath","geo_location":{ "type": "Point", "coordinates": [-122.0081, 42.1194] }},
{"zip_code":"97731","country":"US","city":"Chemult","state":"Oregon","state_ab":"OR","county":"Klamath","geo_location":{ "type": "Point", "coordinates": [-121.7974, 43.146] }},
{"zip_code":"97641","country":"US","city":"Christmas Valley","state":"Oregon","state_ab":"OR","county":"Lake","geo_location":{ "type": "Point", "coordinates": [-120.7244, 43.1579] }},
{"zip_code":"97434","country":"US","city":"Dorena","state":"Oregon","state_ab":"OR","county":"Lane","geo_location":{ "type": "Point", "coordinates": [-122.8946, 43.7361] }},
{"zip_code":"97461","country":"US","city":"Noti","state":"Oregon","state_ab":"OR","county":"Lane","geo_location":{ "type": "Point", "coordinates": [-123.4684, 44.0992] }},
{"zip_code":"97487","country":"US","city":"Veneta","state":"Oregon","state_ab":"OR","county":"Lane","geo_location":{ "type": "Point", "coordinates": [-123.3516, 44.0382] }},
{"zip_code":"97357","country":"US","city":"Logsden","state":"Oregon","state_ab":"OR","county":"Lincoln","geo_location":{ "type": "Point", "coordinates": [-123.8051, 44.7082] }},
{"zip_code":"97911","country":"US","city":"Juntura","state":"Oregon","state_ab":"OR","county":"Malheur","geo_location":{ "type": "Point", "coordinates": [-118.0921, 43.8253] }},
{"zip_code":"97137","country":"US","city":"Saint Paul","state":"Oregon","state_ab":"OR","county":"Marion","geo_location":{ "type": "Point", "coordinates": [-122.9674, 45.196] }},
{"zip_code":"97317","country":"US","city":"Salem","state":"Oregon","state_ab":"OR","county":"Marion County","geo_location":{ "type": "Point", "coordinates": [-122.9074, 44.9026] }},
{"zip_code":"97384","country":"US","city":"Mehama","state":"Oregon","state_ab":"OR","county":"Marion","geo_location":{ "type": "Point", "coordinates": [-122.6187, 44.7903] }},
{"zip_code":"97201","country":"US","city":"Portland","state":"Oregon","state_ab":"OR","county":"Multnomah","geo_location":{ "type": "Point", "coordinates": [-122.6897, 45.5078] }},
{"zip_code":"97214","country":"US","city":"Portland","state":"Oregon","state_ab":"OR","county":"Multnomah","geo_location":{ "type": "Point", "coordinates": [-122.6364, 45.5142] }},
{"zip_code":"97227","country":"US","city":"Portland","state":"Oregon","state_ab":"OR","county":"Multnomah","geo_location":{ "type": "Point", "coordinates": [-122.6743, 45.5496] }},
{"zip_code":"97254","country":"US","city":"Portland","state":"Oregon","state_ab":"OR","county":"Multnomah","geo_location":{ "type": "Point", "coordinates": [-122.5942, 45.5967] }},
{"zip_code":"97294","country":"US","city":"Portland","state":"Oregon","state_ab":"OR","county":"Multnomah","geo_location":{ "type": "Point", "coordinates": [-122.3748, 45.5806] }},
{"zip_code":"97304","country":"US","city":"Salem","state":"Oregon","state_ab":"OR","county":"Polk","geo_location":{ "type": "Point", "coordinates": [-123.0753, 44.9588] }},
{"zip_code":"97344","country":"US","city":"Falls City","state":"Oregon","state_ab":"OR","county":"Polk","geo_location":{ "type": "Point", "coordinates": [-123.4461, 44.8706] }},
{"zip_code":"97371","country":"US","city":"Rickreall","state":"Oregon","state_ab":"OR","county":"Polk","geo_location":{ "type": "Point", "coordinates": [-123.2064, 45.02] }},
{"zip_code":"97821","country":"US","city":"Cayuse","state":"Oregon","state_ab":"OR","county":"Umatilla","geo_location":{ "type": "Point", "coordinates": [-118.4581, 45.6833] }},
{"zip_code":"97021","country":"US","city":"Dufur","state":"Oregon","state_ab":"OR","county":"Wasco","geo_location":{ "type": "Point", "coordinates": [-121.1432, 45.3913] }},
{"zip_code":"97007","country":"US","city":"Beaverton","state":"Oregon","state_ab":"OR","county":"Washington","geo_location":{ "type": "Point", "coordinates": [-122.8652, 45.4505] }},
{"zip_code":"97124","country":"US","city":"Hillsboro","state":"Oregon","state_ab":"OR","county":"Washington","geo_location":{ "type": "Point", "coordinates": [-122.9636, 45.5387] }},
{"zip_code":"97281","country":"US","city":"Portland","state":"Oregon","state_ab":"OR","county":"Washington","geo_location":{ "type": "Point", "coordinates": [-123.1147, 45.5486] }},
{"zip_code":"97874","country":"US","city":"Spray","state":"Oregon","state_ab":"OR","county":"Wheeler","geo_location":{ "type": "Point", "coordinates": [-119.8303, 44.8242] }},
{"zip_code":"97111","country":"US","city":"Carlton","state":"Oregon","state_ab":"OR","county":"Yamhill","geo_location":{ "type": "Point", "coordinates": [-123.1523, 45.2859] }},
{"zip_code":"17304","country":"US","city":"Aspers","state":"Pennsylvania","state_ab":"PA","county":"Adams","geo_location":{ "type": "Point", "coordinates": [-77.2287, 39.9765] }},
{"zip_code":"17344","country":"US","city":"Mc Sherrystown","state":"Pennsylvania","state_ab":"PA","county":"Adams","geo_location":{ "type": "Point", "coordinates": [-77.0229, 39.801] }},
{"zip_code":"15014","country":"US","city":"Brackenridge","state":"Pennsylvania","state_ab":"PA","county":"Allegheny","geo_location":{ "type": "Point", "coordinates": [-79.7414, 40.6082] }},
{"zip_code":"15104","country":"US","city":"Braddock","state":"Pennsylvania","state_ab":"PA","county":"Allegheny","geo_location":{ "type": "Point", "coordinates": [-79.8625, 40.4038] }},
{"zip_code":"15131","country":"US","city":"Mc Keesport","state":"Pennsylvania","state_ab":"PA","county":"Allegheny","geo_location":{ "type": "Point", "coordinates": [-79.8002, 40.336] }},
{"zip_code":"15144","country":"US","city":"Springdale","state":"Pennsylvania","state_ab":"PA","county":"Allegheny","geo_location":{ "type": "Point", "coordinates": [-79.7844, 40.544] }},
{"zip_code":"15207","country":"US","city":"Pittsburgh","state":"Pennsylvania","state_ab":"PA","county":"Allegheny","geo_location":{ "type": "Point", "coordinates": [-79.9338, 40.4003] }},
{"zip_code":"15221","country":"US","city":"Pittsburgh","state":"Pennsylvania","state_ab":"PA","county":"Allegheny","geo_location":{ "type": "Point", "coordinates": [-79.8655, 40.4346] }},
{"zip_code":"15234","country":"US","city":"Pittsburgh","state":"Pennsylvania","state_ab":"PA","county":"Allegheny","geo_location":{ "type": "Point", "coordinates": [-80.0224, 40.3688] }},
{"zip_code":"15261","country":"US","city":"Pittsburgh","state":"Pennsylvania","state_ab":"PA","county":"Allegheny","geo_location":{ "type": "Point", "coordinates": [-80.0248, 40.4344] }},
{"zip_code":"15274","country":"US","city":"Pittsburgh","state":"Pennsylvania","state_ab":"PA","county":"Allegheny","geo_location":{ "type": "Point", "coordinates": [-80.0248, 40.4344] }},
{"zip_code":"7974","country":"US","city":"New Providence","state":"New Jersey","state_ab":"NJ","county":"Union","geo_location":{ "type": "Point", "coordinates": [-74.4023, 40.7004] }},
{"zip_code":"7831","country":"US","city":"Changewater","state":"New Jersey","state_ab":"NJ","county":"Warren","geo_location":{ "type": "Point", "coordinates": [-74.9448, 40.7394] }},
{"zip_code":"7844","country":"US","city":"Hope","state":"New Jersey","state_ab":"NJ","county":"Warren","geo_location":{ "type": "Point", "coordinates": [-74.9846, 40.9197] }},
{"zip_code":"87107","country":"US","city":"Albuquerque","state":"New Mexico","state_ab":"NM","county":"Bernalillo","geo_location":{ "type": "Point", "coordinates": [-106.6427, 35.1347] }},
{"zip_code":"87121","country":"US","city":"Albuquerque","state":"New Mexico","state_ab":"NM","county":"Bernalillo","geo_location":{ "type": "Point", "coordinates": [-106.7269, 35.0512] }},
{"zip_code":"87174","country":"US","city":"Rio Rancho","state":"New Mexico","state_ab":"NM","county":"Bernalillo","geo_location":{ "type": "Point", "coordinates": [-106.6729, 35.0443] }},
{"zip_code":"87187","country":"US","city":"Albuquerque","state":"New Mexico","state_ab":"NM","county":"Bernalillo","geo_location":{ "type": "Point", "coordinates": [-106.6729, 35.0443] }},
{"zip_code":"88201","country":"US","city":"Roswell","state":"New Mexico","state_ab":"NM","county":"Chaves","geo_location":{ "type": "Point", "coordinates": [-104.3748, 33.6397] }},
{"zip_code":"87714","country":"US","city":"Cimarron","state":"New Mexico","state_ab":"NM","county":"Colfax","geo_location":{ "type": "Point", "coordinates": [-105.0697, 36.4574] }},
{"zip_code":"88124","country":"US","city":"Melrose","state":"New Mexico","state_ab":"NM","county":"Curry","geo_location":{ "type": "Point", "coordinates": [-103.6325, 34.4479] }},
{"zip_code":"88007","country":"US","city":"Las Cruces","state":"New Mexico","state_ab":"NM","county":"Doña Ana County","geo_location":{ "type": "Point", "coordinates": [-106.8041, 32.3224] }},
{"zip_code":"88021","country":"US","city":"Anthony","state":"New Mexico","state_ab":"NM","county":"Doña Ana","geo_location":{ "type": "Point", "coordinates": [-106.5705, 32.0682] }},
{"zip_code":"88047","country":"US","city":"Mesilla Park","state":"New Mexico","state_ab":"NM","county":"Doña Ana","geo_location":{ "type": "Point", "coordinates": [-106.7147, 32.21] }},
{"zip_code":"88254","country":"US","city":"Lakewood","state":"New Mexico","state_ab":"NM","county":"Eddy","geo_location":{ "type": "Point", "coordinates": [-104.365, 32.6362] }},
{"zip_code":"88034","country":"US","city":"Faywood","state":"New Mexico","state_ab":"NM","county":"Grant","geo_location":{ "type": "Point", "coordinates": [-107.9065, 32.6935] }},
{"zip_code":"88061","country":"US","city":"Silver City","state":"New Mexico","state_ab":"NM","county":"Grant","geo_location":{ "type": "Point", "coordinates": [-108.2749, 32.79] }},
{"zip_code":"88241","country":"US","city":"Hobbs","state":"New Mexico","state_ab":"NM","county":"Lea","geo_location":{ "type": "Point", "coordinates": [-103.2165, 32.7475] }},
{"zip_code":"88267","country":"US","city":"Tatum","state":"New Mexico","state_ab":"NM","county":"Lea","geo_location":{ "type": "Point", "coordinates": [-103.314, 33.26] }},
{"zip_code":"87301","country":"US","city":"Gallup","state":"New Mexico","state_ab":"NM","county":"McKinley","geo_location":{ "type": "Point", "coordinates": [-108.7414, 35.5065] }},
{"zip_code":"87327","country":"US","city":"Zuni","state":"New Mexico","state_ab":"NM","county":"McKinley","geo_location":{ "type": "Point", "coordinates": [-108.8336, 35.0684] }},
{"zip_code":"88317","country":"US","city":"Cloudcroft","state":"New Mexico","state_ab":"NM","county":"Otero","geo_location":{ "type": "Point", "coordinates": [-105.6744, 32.8897] }},
{"zip_code":"88344","country":"US","city":"Pinon","state":"New Mexico","state_ab":"NM","county":"Otero","geo_location":{ "type": "Point", "coordinates": [-105.4157, 32.6396] }},
{"zip_code":"88434","country":"US","city":"San Jon","state":"New Mexico","state_ab":"NM","county":"Quay","geo_location":{ "type": "Point", "coordinates": [-103.2846, 35.1198] }},
{"zip_code":"87017","country":"US","city":"Gallina","state":"New Mexico","state_ab":"NM","county":"Rio Arriba","geo_location":{ "type": "Point", "coordinates": [-106.7687, 36.3202] }},
{"zip_code":"87004","country":"US","city":"Bernalillo","state":"New Mexico","state_ab":"NM","county":"Sandoval","geo_location":{ "type": "Point", "coordinates": [-106.5309, 35.3285] }},
{"zip_code":"87044","country":"US","city":"Ponderosa","state":"New Mexico","state_ab":"NM","county":"Sandoval","geo_location":{ "type": "Point", "coordinates": [-106.6796, 35.7117] }},
{"zip_code":"87417","country":"US","city":"Kirtland","state":"New Mexico","state_ab":"NM","county":"San Juan","geo_location":{ "type": "Point", "coordinates": [-108.351, 36.741] }},
{"zip_code":"87701","country":"US","city":"Las Vegas","state":"New Mexico","state_ab":"NM","county":"San Miguel","geo_location":{ "type": "Point", "coordinates": [-105.2272, 35.5949] }},
{"zip_code":"88421","country":"US","city":"Garita","state":"New Mexico","state_ab":"NM","county":"San Miguel","geo_location":{ "type": "Point", "coordinates": [-104.4419, 35.3502] }},
{"zip_code":"87507","country":"US","city":"Santa Fe","state":"New Mexico","state_ab":"NM","county":"Santa Fe","geo_location":{ "type": "Point", "coordinates": [-106.0152, 35.6567] }},
{"zip_code":"87574","country":"US","city":"Tesuque","state":"New Mexico","state_ab":"NM","county":"Santa Fe","geo_location":{ "type": "Point", "coordinates": [-105.9157, 35.7874] }},
{"zip_code":"87831","country":"US","city":"San Acacia","state":"New Mexico","state_ab":"NM","county":"Socorro","geo_location":{ "type": "Point", "coordinates": [-106.9049, 34.2283] }},
{"zip_code":"87521","country":"US","city":"Chamisal","state":"New Mexico","state_ab":"NM","county":"Taos","geo_location":{ "type": "Point", "coordinates": [-105.7385, 36.1311] }},
{"zip_code":"87057","country":"US","city":"Tajique","state":"New Mexico","state_ab":"NM","county":"Torrance","geo_location":{ "type": "Point", "coordinates": [-105.8806, 34.6509] }},
{"zip_code":"87031","country":"US","city":"Los Lunas","state":"New Mexico","state_ab":"NM","county":"Valencia","geo_location":{ "type": "Point", "coordinates": [-106.7115, 34.7806] }},
{"zip_code":"89011","country":"US","city":"Henderson","state":"Nevada","state_ab":"NV","county":"Clark","geo_location":{ "type": "Point", "coordinates": [-114.9192, 36.1065] }},
{"zip_code":"89024","country":"US","city":"Mesquite","state":"Nevada","state_ab":"NV","county":"Clark","geo_location":{ "type": "Point", "coordinates": [-114.0722, 36.8101] }},
{"zip_code":"89037","country":"US","city":"Moapa","state":"Nevada","state_ab":"NV","county":"Clark County","geo_location":{ "type": "Point", "coordinates": [-114.6198, 36.6761] }},
{"zip_code":"89077","country":"US","city":"Henderson","state":"Nevada","state_ab":"NV","county":"Clark County","geo_location":{ "type": "Point", "coordinates": [-115.046, 36.08] }},
{"zip_code":"89101","country":"US","city":"Las Vegas","state":"Nevada","state_ab":"NV","county":"Clark","geo_location":{ "type": "Point", "coordinates": [-115.1224, 36.1721] }},
{"zip_code":"89114","country":"US","city":"Las Vegas","state":"Nevada","state_ab":"NV","county":"Clark","geo_location":{ "type": "Point", "coordinates": [-115.1015, 36.0113] }},
{"zip_code":"89127","country":"US","city":"Las Vegas","state":"Nevada","state_ab":"NV","county":"Clark","geo_location":{ "type": "Point", "coordinates": [-114.9721, 35.9279] }},
{"zip_code":"89141","country":"US","city":"Las Vegas","state":"Nevada","state_ab":"NV","county":"Clark","geo_location":{ "type": "Point", "coordinates": [-115.2073, 36.0104] }},
{"zip_code":"89154","country":"US","city":"Las Vegas","state":"Nevada","state_ab":"NV","county":"Clark","geo_location":{ "type": "Point", "coordinates": [-114.9721, 35.9279] }},
{"zip_code":"89411","country":"US","city":"Genoa","state":"Nevada","state_ab":"NV","county":"Douglas","geo_location":{ "type": "Point", "coordinates": [-119.8228, 39.0341] }},
{"zip_code":"89824","country":"US","city":"Halleck","state":"Nevada","state_ab":"NV","county":"Elko","geo_location":{ "type": "Point", "coordinates": [-115.5296, 41.0594] }},
{"zip_code":"89424","country":"US","city":"Nixon","state":"Nevada","state_ab":"NV","county":"Washoe","geo_location":{ "type": "Point", "coordinates": [-119.3605, 39.8272] }},
{"zip_code":"89451","country":"US","city":"Incline Village","state":"Nevada","state_ab":"NV","county":"Washoe","geo_location":{ "type": "Point", "coordinates": [-119.9521, 39.2564] }},
{"zip_code":"89501","country":"US","city":"Reno","state":"Nevada","state_ab":"NV","county":"Washoe","geo_location":{ "type": "Point", "coordinates": [-119.8113, 39.5268] }},
{"zip_code":"89721","country":"US","city":"Carson City","state":"Nevada","state_ab":"NV","county":"Carson City (city)","geo_location":{ "type": "Point", "coordinates": [-119.7764, 39.1678] }},
{"zip_code":"12084","country":"US","city":"Guilderland","state":"New York","state_ab":"NY","county":"Albany","geo_location":{ "type": "Point", "coordinates": [-73.8975, 42.6973] }},
{"zip_code":"12107","country":"US","city":"Knox","state":"New York","state_ab":"NY","county":"Albany","geo_location":{ "type": "Point", "coordinates": [-74.1168, 42.66] }},
{"zip_code":"12147","country":"US","city":"Rensselaerville","state":"New York","state_ab":"NY","county":"Albany","geo_location":{ "type": "Point", "coordinates": [-74.1474, 42.5133] }},
{"zip_code":"12161","country":"US","city":"South Bethlehem","state":"New York","state_ab":"NY","county":"Albany","geo_location":{ "type": "Point", "coordinates": [-73.8519, 42.521] }},
{"zip_code":"12211","country":"US","city":"Albany","state":"New York","state_ab":"NY","county":"Albany","geo_location":{ "type": "Point", "coordinates": [-73.7739, 42.713] }},
{"zip_code":"12224","country":"US","city":"Albany","state":"New York","state_ab":"NY","county":"Albany","geo_location":{ "type": "Point", "coordinates": [-73.9708, 42.6149] }},
{"zip_code":"12237","country":"US","city":"Albany","state":"New York","state_ab":"NY","county":"Albany","geo_location":{ "type": "Point", "coordinates": [-73.9708, 42.6149] }},
{"zip_code":"14707","country":"US","city":"Allentown","state":"New York","state_ab":"NY","county":"Allegany","geo_location":{ "type": "Point", "coordinates": [-78.0594, 42.0737] }},
{"zip_code":"14721","country":"US","city":"Ceres","state":"New York","state_ab":"NY","county":"Allegany","geo_location":{ "type": "Point", "coordinates": [-78.2648, 42.0137] }},
{"zip_code":"14774","country":"US","city":"Richburg","state":"New York","state_ab":"NY","county":"Allegany","geo_location":{ "type": "Point", "coordinates": [-78.1681, 42.1144] }},
{"zip_code":"10451","country":"US","city":"Bronx","state":"New York","state_ab":"NY","county":"Bronx","geo_location":{ "type": "Point", "coordinates": [-73.9217, 40.8222] }},
{"zip_code":"10464","country":"US","city":"Bronx","state":"New York","state_ab":"NY","county":"Bronx","geo_location":{ "type": "Point", "coordinates": [-73.7874, 40.8469] }},
{"zip_code":"13744","country":"US","city":"Castle Creek","state":"New York","state_ab":"NY","county":"Broome","geo_location":{ "type": "Point", "coordinates": [-75.9087, 42.2568] }},
{"zip_code":"13797","country":"US","city":"Lisle","state":"New York","state_ab":"NY","county":"Broome","geo_location":{ "type": "Point", "coordinates": [-76.0302, 42.3409] }},
{"zip_code":"14101","country":"US","city":"Machias","state":"New York","state_ab":"NY","county":"Cattaraugus","geo_location":{ "type": "Point", "coordinates": [-78.5059, 42.4083] }},
{"zip_code":"13021","country":"US","city":"Auburn","state":"New York","state_ab":"NY","county":"Cayuga","geo_location":{ "type": "Point", "coordinates": [-76.5626, 42.93] }},
{"zip_code":"13034","country":"US","city":"Cayuga","state":"New York","state_ab":"NY","county":"Cayuga","geo_location":{ "type": "Point", "coordinates": [-76.7024, 42.9142] }},
{"zip_code":"13111","country":"US","city":"Martville","state":"New York","state_ab":"NY","county":"Cayuga","geo_location":{ "type": "Point", "coordinates": [-76.6289, 43.2661] }},
{"zip_code":"14747","country":"US","city":"Kennedy","state":"New York","state_ab":"NY","county":"Chautauqua","geo_location":{ "type": "Point", "coordinates": [-79.0964, 42.1508] }},
{"zip_code":"14787","country":"US","city":"Westfield","state":"New York","state_ab":"NY","county":"Chautauqua","geo_location":{ "type": "Point", "coordinates": [-79.5726, 42.322] }},
{"zip_code":"14864","country":"US","city":"Millport","state":"New York","state_ab":"NY","county":"Chemung","geo_location":{ "type": "Point", "coordinates": [-76.8392, 42.2581] }},
{"zip_code":"14901","country":"US","city":"Elmira","state":"New York","state_ab":"NY","county":"Chemung","geo_location":{ "type": "Point", "coordinates": [-76.812, 42.1008] }},
{"zip_code":"13124","country":"US","city":"North Pitcher","state":"New York","state_ab":"NY","county":"Chenango","geo_location":{ "type": "Point", "coordinates": [-75.8164, 42.6372] }},
{"zip_code":"12921","country":"US","city":"Chazy","state":"New York","state_ab":"NY","county":"Clinton","geo_location":{ "type": "Point", "coordinates": [-73.4501, 44.8884] }},
{"zip_code":"12934","country":"US","city":"Ellenburg Center","state":"New York","state_ab":"NY","county":"Clinton","geo_location":{ "type": "Point", "coordinates": [-73.8685, 44.8444] }},
{"zip_code":"12017","country":"US","city":"Austerlitz","state":"New York","state_ab":"NY","county":"Columbia","geo_location":{ "type": "Point", "coordinates": [-73.455, 42.3223] }},
{"zip_code":"12174","country":"US","city":"Stuyvesant Falls","state":"New York","state_ab":"NY","county":"Columbia","geo_location":{ "type": "Point", "coordinates": [-73.7348, 42.344] }},
{"zip_code":"12521","country":"US","city":"Craryville","state":"New York","state_ab":"NY","county":"Columbia","geo_location":{ "type": "Point", "coordinates": [-73.6571, 42.176] }},
{"zip_code":"12534","country":"US","city":"Hudson","state":"New York","state_ab":"NY","county":"Columbia","geo_location":{ "type": "Point", "coordinates": [-73.7552, 42.247] }},
{"zip_code":"13087","country":"US","city":"Little York","state":"New York","state_ab":"NY","county":"Cortland","geo_location":{ "type": "Point", "coordinates": [-76.1561, 42.707] }},
{"zip_code":"13784","country":"US","city":"Harford","state":"New York","state_ab":"NY","county":"Cortland","geo_location":{ "type": "Point", "coordinates": [-76.1593, 42.4311] }},
{"zip_code":"13731","country":"US","city":"Andes","state":"New York","state_ab":"NY","county":"Delaware","geo_location":{ "type": "Point", "coordinates": [-74.7887, 42.1569] }},
{"zip_code":"13757","country":"US","city":"East Meredith","state":"New York","state_ab":"NY","county":"Delaware","geo_location":{ "type": "Point", "coordinates": [-74.8987, 42.4101] }},
{"zip_code":"13847","country":"US","city":"Trout Creek","state":"New York","state_ab":"NY","county":"Delaware","geo_location":{ "type": "Point", "coordinates": [-74.9256, 42.183] }},
{"zip_code":"12507","country":"US","city":"Barrytown","state":"New York","state_ab":"NY","county":"Dutchess","geo_location":{ "type": "Point", "coordinates": [-73.9199, 42.0005] }},
{"zip_code":"12574","country":"US","city":"Rhinecliff","state":"New York","state_ab":"NY","county":"Dutchess","geo_location":{ "type": "Point", "coordinates": [-73.9517, 41.9151] }},
{"zip_code":"14051","country":"US","city":"East Amherst","state":"New York","state_ab":"NY","county":"Erie","geo_location":{ "type": "Point", "coordinates": [-78.6988, 43.0429] }},
{"zip_code":"14091","country":"US","city":"Lawtons","state":"New York","state_ab":"NY","county":"Erie","geo_location":{ "type": "Point", "coordinates": [-78.9212, 42.5404] }},
{"zip_code":"14127","country":"US","city":"Orchard Park","state":"New York","state_ab":"NY","county":"Erie","geo_location":{ "type": "Point", "coordinates": [-78.7518, 42.7639] }},
{"zip_code":"14141","country":"US","city":"Springville","state":"New York","state_ab":"NY","county":"Erie","geo_location":{ "type": "Point", "coordinates": [-78.6847, 42.52] }},
{"zip_code":"14204","country":"US","city":"Buffalo","state":"New York","state_ab":"NY","county":"Erie","geo_location":{ "type": "Point", "coordinates": [-78.8597, 42.884] }},
{"zip_code":"14217","country":"US","city":"Buffalo","state":"New York","state_ab":"NY","county":"Erie","geo_location":{ "type": "Point", "coordinates": [-78.8769, 42.9719] }},
{"zip_code":"14231","country":"US","city":"Buffalo","state":"New York","state_ab":"NY","county":"Erie","geo_location":{ "type": "Point", "coordinates": [-78.8871, 42.7684] }},
{"zip_code":"14271","country":"US","city":"Buffalo","state":"New York","state_ab":"NY","county":"Erie County","geo_location":{ "type": "Point", "coordinates": [-78.8264, 42.8849] }},
{"zip_code":"12857","country":"US","city":"Olmstedville","state":"New York","state_ab":"NY","county":"Essex","geo_location":{ "type": "Point", "coordinates": [-73.9335, 43.7799] }},
{"zip_code":"12961","country":"US","city":"Moriah Center","state":"New York","state_ab":"NY","county":"Essex","geo_location":{ "type": "Point", "coordinates": [-73.5347, 44.0552] }},
{"zip_code":"12974","country":"US","city":"Port Henry","state":"New York","state_ab":"NY","county":"Essex","geo_location":{ "type": "Point", "coordinates": [-73.4705, 44.0465] }},
{"zip_code":"12987","country":"US","city":"Upper Jay","state":"New York","state_ab":"NY","county":"Essex","geo_location":{ "type": "Point", "coordinates": [-73.8079, 44.3256] }},
{"zip_code":"12134","country":"US","city":"Northville","state":"New York","state_ab":"NY","county":"Fulton","geo_location":{ "type": "Point", "coordinates": [-74.2288, 43.2662] }},
{"zip_code":"12431","country":"US","city":"Freehold","state":"New York","state_ab":"NY","county":"Greene","geo_location":{ "type": "Point", "coordinates": [-74.0623, 42.3815] }},
{"zip_code":"12444","country":"US","city":"Jewett","state":"New York","state_ab":"NY","county":"Greene","geo_location":{ "type": "Point", "coordinates": [-74.2793, 42.2694] }},
{"zip_code":"13331","country":"US","city":"Eagle Bay","state":"New York","state_ab":"NY","county":"Herkimer","geo_location":{ "type": "Point", "coordinates": [-74.8862, 43.8167] }},
{"zip_code":"13357","country":"US","city":"Ilion","state":"New York","state_ab":"NY","county":"Herkimer","geo_location":{ "type": "Point", "coordinates": [-75.0484, 43.0064] }},
{"zip_code":"13407","country":"US","city":"Mohawk","state":"New York","state_ab":"NY","county":"Herkimer","geo_location":{ "type": "Point", "coordinates": [-74.9853, 42.99] }},
{"zip_code":"13601","country":"US","city":"Watertown","state":"New York","state_ab":"NY","county":"Jefferson","geo_location":{ "type": "Point", "coordinates": [-75.9122, 43.9743] }},
{"zip_code":"13641","country":"US","city":"Fishers Landing","state":"New York","state_ab":"NY","county":"Jefferson","geo_location":{ "type": "Point", "coordinates": [-76.0049, 44.2752] }},
{"zip_code":"11207","country":"US","city":"Brooklyn","state":"New York","state_ab":"NY","county":"Kings","geo_location":{ "type": "Point", "coordinates": [-73.894, 40.6705] }},
{"zip_code":"11221","country":"US","city":"Brooklyn","state":"New York","state_ab":"NY","county":"Kings","geo_location":{ "type": "Point", "coordinates": [-73.9274, 40.6907] }},
{"zip_code":"11234","country":"US","city":"Brooklyn","state":"New York","state_ab":"NY","county":"Kings","geo_location":{ "type": "Point", "coordinates": [-73.9239, 40.6205] }},
{"zip_code":"11247","country":"US","city":"Brooklyn","state":"New York","state_ab":"NY","county":"Kings","geo_location":{ "type": "Point", "coordinates": [-73.945, 40.6451] }},
{"zip_code":"13627","country":"US","city":"Deer River","state":"New York","state_ab":"NY","county":"Lewis","geo_location":{ "type": "Point", "coordinates": [-75.4803, 43.8187] }},
{"zip_code":"14437","country":"US","city":"Dansville","state":"New York","state_ab":"NY","county":"Livingston","geo_location":{ "type": "Point", "coordinates": [-77.7109, 42.57] }},
{"zip_code":"13061","country":"US","city":"Erieville","state":"New York","state_ab":"NY","county":"Madison","geo_location":{ "type": "Point", "coordinates": [-75.7543, 42.8562] }},
{"zip_code":"13151","country":"US","city":"Sheds","state":"New York","state_ab":"NY","county":"Madison County","geo_location":{ "type": "Point", "coordinates": [-75.7804, 42.8387] }},
{"zip_code":"13421","country":"US","city":"Oneida","state":"New York","state_ab":"NY","county":"Madison","geo_location":{ "type": "Point", "coordinates": [-75.6508, 43.0862] }},
{"zip_code":"13434","country":"US","city":"Pratts Hollow","state":"New York","state_ab":"NY","county":"Madison County","geo_location":{ "type": "Point", "coordinates": [-75.6031, 42.9228] }},
{"zip_code":"14464","country":"US","city":"Hamlin","state":"New York","state_ab":"NY","county":"Monroe","geo_location":{ "type": "Point", "coordinates": [-77.927, 43.3076] }},
{"zip_code":"14514","country":"US","city":"North Chili","state":"New York","state_ab":"NY","county":"Monroe","geo_location":{ "type": "Point", "coordinates": [-77.8005, 43.1186] }},
{"zip_code":"14604","country":"US","city":"Rochester","state":"New York","state_ab":"NY","county":"Monroe","geo_location":{ "type": "Point", "coordinates": [-77.608, 43.1577] }},
{"zip_code":"14617","country":"US","city":"Rochester","state":"New York","state_ab":"NY","county":"Monroe","geo_location":{ "type": "Point", "coordinates": [-77.5994, 43.2203] }},
{"zip_code":"14644","country":"US","city":"Rochester","state":"New York","state_ab":"NY","county":"Monroe","geo_location":{ "type": "Point", "coordinates": [-77.6843, 43.286] }},
{"zip_code":"13317","country":"US","city":"Canajoharie","state":"New York","state_ab":"NY","county":"Montgomery","geo_location":{ "type": "Point", "coordinates": [-74.5956, 42.8671] }},
{"zip_code":"11001","country":"US","city":"Floral Park","state":"New York","state_ab":"NY","county":"Nassau","geo_location":{ "type": "Point", "coordinates": [-73.7058, 40.7236] }},
{"zip_code":"11027","country":"US","city":"Great Neck","state":"New York","state_ab":"NY","county":"Nassau","geo_location":{ "type": "Point", "coordinates": [-73.6018, 40.7548] }},
{"zip_code":"11041","country":"US","city":"New Hyde Park","state":"New York","state_ab":"NY","county":"Nassau","geo_location":{ "type": "Point", "coordinates": [-73.6018, 40.7548] }},
{"zip_code":"11054","country":"US","city":"Port Washington","state":"New York","state_ab":"NY","county":"Nassau","geo_location":{ "type": "Point", "coordinates": [-73.6018, 40.7548] }},
{"zip_code":"11531","country":"US","city":"Garden City","state":"New York","state_ab":"NY","county":"Nassau","geo_location":{ "type": "Point", "coordinates": [-73.6018, 40.7548] }},
{"zip_code":"11557","country":"US","city":"Hewlett","state":"New York","state_ab":"NY","county":"Nassau","geo_location":{ "type": "Point", "coordinates": [-73.6957, 40.6404] }},
{"zip_code":"11571","country":"US","city":"Rockville Centre","state":"New York","state_ab":"NY","county":"Nassau","geo_location":{ "type": "Point", "coordinates": [-73.6018, 40.7548] }},
{"zip_code":"11597","country":"US","city":"Westbury","state":"New York","state_ab":"NY","county":"Nassau","geo_location":{ "type": "Point", "coordinates": [-73.6018, 40.7548] }},
{"zip_code":"11737","country":"US","city":"Farmingdale","state":"New York","state_ab":"NY","county":"Nassau","geo_location":{ "type": "Point", "coordinates": [-73.6018, 40.7548] }},
{"zip_code":"11791","country":"US","city":"Syosset","state":"New York","state_ab":"NY","county":"Nassau","geo_location":{ "type": "Point", "coordinates": [-73.5024, 40.8146] }},
{"zip_code":"11801","country":"US","city":"Hicksville","state":"New York","state_ab":"NY","county":"Nassau","geo_location":{ "type": "Point", "coordinates": [-73.523, 40.7623] }},
{"zip_code":"11854","country":"US","city":"Hicksville","state":"New York","state_ab":"NY","county":"Nassau","geo_location":{ "type": "Point", "coordinates": [-73.6018, 40.7548] }},
{"zip_code":"10011","country":"US","city":"New York City","state":"New York","state_ab":"NY","county":"New York","geo_location":{ "type": "Point", "coordinates": [-73.9996, 40.7402] }},
{"zip_code":"10024","country":"US","city":"New York City","state":"New York","state_ab":"NY","county":"New York","geo_location":{ "type": "Point", "coordinates": [-73.9764, 40.7864] }},
{"zip_code":"10037","country":"US","city":"New York City","state":"New York","state_ab":"NY","county":"New York","geo_location":{ "type": "Point", "coordinates": [-73.9381, 40.8135] }},
{"zip_code":"10101","country":"US","city":"New York City","state":"New York","state_ab":"NY","county":"New York","geo_location":{ "type": "Point", "coordinates": [-73.9772, 40.7808] }},
{"zip_code":"10114","country":"US","city":"New York City","state":"New York","state_ab":"NY","county":"New York","geo_location":{ "type": "Point", "coordinates": [-73.9772, 40.7808] }},
{"zip_code":"10154","country":"US","city":"New York City","state":"New York","state_ab":"NY","county":"New York","geo_location":{ "type": "Point", "coordinates": [-73.9735, 40.7583] }},
{"zip_code":"10167","country":"US","city":"New York City","state":"New York","state_ab":"NY","county":"New York","geo_location":{ "type": "Point", "coordinates": [-73.975, 40.7549] }},
{"zip_code":"10257","country":"US","city":"New York City","state":"New York","state_ab":"NY","county":"New York","geo_location":{ "type": "Point", "coordinates": [-73.9772, 40.7808] }},
{"zip_code":"10271","country":"US","city":"New York City","state":"New York","state_ab":"NY","county":"New York","geo_location":{ "type": "Point", "coordinates": [-74.0111, 40.7089] }},
{"zip_code":"13304","country":"US","city":"Barneveld","state":"New York","state_ab":"NY","county":"Oneida","geo_location":{ "type": "Point", "coordinates": [-75.1612, 43.2237] }},
{"zip_code":"38754","country":"US","city":"Isola","state":"Mississippi","state_ab":"MS","county":"Humphreys","geo_location":{ "type": "Point", "coordinates": [-90.604, 33.2471] }},
{"zip_code":"39177","country":"US","city":"Valley Park","state":"Mississippi","state_ab":"MS","county":"Issaquena","geo_location":{ "type": "Point", "coordinates": [-90.8542, 32.6323] }},
{"zip_code":"39564","country":"US","city":"Ocean Springs","state":"Mississippi","state_ab":"MS","county":"Jackson","geo_location":{ "type": "Point", "coordinates": [-88.7801, 30.4404] }},
{"zip_code":"39421","country":"US","city":"Bassfield","state":"Mississippi","state_ab":"MS","county":"Jefferson Davis","geo_location":{ "type": "Point", "coordinates": [-89.7027, 31.5037] }},
{"zip_code":"39474","country":"US","city":"Prentiss","state":"Mississippi","state_ab":"MS","county":"Jefferson Davis","geo_location":{ "type": "Point", "coordinates": [-89.8735, 31.6057] }},
{"zip_code":"38677","country":"US","city":"University","state":"Mississippi","state_ab":"MS","county":"Lafayette","geo_location":{ "type": "Point", "coordinates": [-89.5736, 34.3396] }},
{"zip_code":"39304","country":"US","city":"Meridian","state":"Mississippi","state_ab":"MS","county":"Lauderdale","geo_location":{ "type": "Point", "coordinates": [-88.646, 32.4208] }},
{"zip_code":"39641","country":"US","city":"Jayess","state":"Mississippi","state_ab":"MS","county":"Lawrence","geo_location":{ "type": "Point", "coordinates": [-90.1864, 31.4036] }},
{"zip_code":"39654","country":"US","city":"Monticello","state":"Mississippi","state_ab":"MS","county":"Lawrence","geo_location":{ "type": "Point", "coordinates": [-90.128, 31.5238] }},
{"zip_code":"38804","country":"US","city":"Tupelo","state":"Mississippi","state_ab":"MS","county":"Lee","geo_location":{ "type": "Point", "coordinates": [-88.6715, 34.2823] }},
{"zip_code":"38857","country":"US","city":"Mooreville","state":"Mississippi","state_ab":"MS","county":"Lee","geo_location":{ "type": "Point", "coordinates": [-88.595, 34.2808] }},
{"zip_code":"39601","country":"US","city":"Brookhaven","state":"Mississippi","state_ab":"MS","county":"Lincoln","geo_location":{ "type": "Point", "coordinates": [-90.452, 31.5858] }},
{"zip_code":"39704","country":"US","city":"Columbus","state":"Mississippi","state_ab":"MS","county":"Lowndes","geo_location":{ "type": "Point", "coordinates": [-88.3796, 33.5485] }},
{"zip_code":"38611","country":"US","city":"Byhalia","state":"Mississippi","state_ab":"MS","county":"Marshall","geo_location":{ "type": "Point", "coordinates": [-89.6763, 34.8854] }},
{"zip_code":"38844","country":"US","city":"Gattman","state":"Mississippi","state_ab":"MS","county":"Monroe","geo_location":{ "type": "Point", "coordinates": [-88.2588, 33.8742] }},
{"zip_code":"38871","country":"US","city":"Thaxton","state":"Mississippi","state_ab":"MS","county":"Pontotoc","geo_location":{ "type": "Point", "coordinates": [-89.1515, 34.3136] }},
{"zip_code":"39047","country":"US","city":"Brandon","state":"Mississippi","state_ab":"MS","county":"Rankin","geo_location":{ "type": "Point", "coordinates": [-89.9584, 32.3886] }},
{"zip_code":"39151","country":"US","city":"Puckett","state":"Mississippi","state_ab":"MS","county":"Rankin","geo_location":{ "type": "Point", "coordinates": [-89.7836, 32.1062] }},
{"zip_code":"39074","country":"US","city":"Forest","state":"Mississippi","state_ab":"MS","county":"Scott","geo_location":{ "type": "Point", "coordinates": [-89.4672, 32.347] }},
{"zip_code":"39087","country":"US","city":"Hillsboro","state":"Mississippi","state_ab":"MS","county":"Scott","geo_location":{ "type": "Point", "coordinates": [-89.5171, 32.4706] }},
{"zip_code":"39061","country":"US","city":"Delta City","state":"Mississippi","state_ab":"MS","county":"Sharkey","geo_location":{ "type": "Point", "coordinates": [-90.811, 32.8798] }},
{"zip_code":"39111","country":"US","city":"Magee","state":"Mississippi","state_ab":"MS","county":"Simpson","geo_location":{ "type": "Point", "coordinates": [-89.7503, 31.8495] }},
{"zip_code":"39577","country":"US","city":"Wiggins","state":"Mississippi","state_ab":"MS","county":"Stone","geo_location":{ "type": "Point", "coordinates": [-89.1324, 30.8609] }},
{"zip_code":"38921","country":"US","city":"Charleston","state":"Mississippi","state_ab":"MS","county":"Tallahatchie","geo_location":{ "type": "Point", "coordinates": [-90.1116, 33.9726] }},
{"zip_code":"38664","country":"US","city":"Robinsonville","state":"Mississippi","state_ab":"MS","county":"Tunica","geo_location":{ "type": "Point", "coordinates": [-90.3052, 34.8093] }},
{"zip_code":"39667","country":"US","city":"Tylertown","state":"Mississippi","state_ab":"MS","county":"Walthall","geo_location":{ "type": "Point", "coordinates": [-90.1169, 31.1466] }},
{"zip_code":"38701","country":"US","city":"Greenville","state":"Mississippi","state_ab":"MS","county":"Washington","geo_location":{ "type": "Point", "coordinates": [-91.0468, 33.3787] }},
{"zip_code":"39744","country":"US","city":"Eupora","state":"Mississippi","state_ab":"MS","county":"Webster","geo_location":{ "type": "Point", "coordinates": [-89.2904, 33.5494] }},
{"zip_code":"39771","country":"US","city":"Walthall","state":"Mississippi","state_ab":"MS","county":"Webster","geo_location":{ "type": "Point", "coordinates": [-89.2752, 33.607] }},
{"zip_code":"38961","country":"US","city":"Tillatoba","state":"Mississippi","state_ab":"MS","county":"Yalobusha","geo_location":{ "type": "Point", "coordinates": [-89.8945, 33.9852] }},
{"zip_code":"59724","country":"US","city":"Dell","state":"Montana","state_ab":"MT","county":"Beaverhead","geo_location":{ "type": "Point", "coordinates": [-112.7007, 45.1498] }},
{"zip_code":"59647","country":"US","city":"Winston","state":"Montana","state_ab":"MT","county":"Broadwater","geo_location":{ "type": "Point", "coordinates": [-111.651, 46.4545] }},
{"zip_code":"59014","country":"US","city":"Bridger","state":"Montana","state_ab":"MT","county":"Carbon","geo_location":{ "type": "Point", "coordinates": [-108.9082, 45.2857] }},
{"zip_code":"59041","country":"US","city":"Joliet","state":"Montana","state_ab":"MT","county":"Carbon","geo_location":{ "type": "Point", "coordinates": [-108.9922, 45.4941] }},
{"zip_code":"59311","country":"US","city":"Alzada","state":"Montana","state_ab":"MT","county":"Carter","geo_location":{ "type": "Point", "coordinates": [-104.2617, 45.1562] }},
{"zip_code":"59324","country":"US","city":"Ekalaka","state":"Montana","state_ab":"MT","county":"Carter","geo_location":{ "type": "Point", "coordinates": [-104.504, 45.8805] }},
{"zip_code":"59401","country":"US","city":"Great Falls","state":"Montana","state_ab":"MT","county":"Cascade","geo_location":{ "type": "Point", "coordinates": [-111.2734, 47.5098] }},
{"zip_code":"59414","country":"US","city":"Black Eagle","state":"Montana","state_ab":"MT","county":"Cascade","geo_location":{ "type": "Point", "coordinates": [-111.2764, 47.5262] }},
{"zip_code":"59351","country":"US","city":"Volborg","state":"Montana","state_ab":"MT","county":"Custer","geo_location":{ "type": "Point", "coordinates": [-105.4623, 46.324] }},
{"zip_code":"59711","country":"US","city":"Anaconda","state":"Montana","state_ab":"MT","county":"Deer Lodge","geo_location":{ "type": "Point", "coordinates": [-112.9739, 46.1299] }},
{"zip_code":"59441","country":"US","city":"Forestgrove","state":"Montana","state_ab":"MT","county":"Fergus","geo_location":{ "type": "Point", "coordinates": [-109.2631, 47.2485] }},
{"zip_code":"59904","country":"US","city":"Kalispell","state":"Montana","state_ab":"MT","county":"Flathead","geo_location":{ "type": "Point", "coordinates": [-114.2561, 48.2404] }},
{"zip_code":"59337","country":"US","city":"Jordan","state":"Montana","state_ab":"MT","county":"Garfield","geo_location":{ "type": "Point", "coordinates": [-106.9221, 47.3694] }},
{"zip_code":"59427","country":"US","city":"Cut Bank","state":"Montana","state_ab":"MT","county":"Glacier","geo_location":{ "type": "Point", "coordinates": [-112.3654, 48.6603] }},
{"zip_code":"59634","country":"US","city":"Clancy","state":"Montana","state_ab":"MT","county":"Jefferson","geo_location":{ "type": "Point", "coordinates": [-112.0716, 46.3887] }},
{"zip_code":"59931","country":"US","city":"Rollins","state":"Montana","state_ab":"MT","county":"Lake","geo_location":{ "type": "Point", "coordinates": [-114.225, 47.9182] }},
{"zip_code":"59531","country":"US","city":"Joplin","state":"Montana","state_ab":"MT","county":"Liberty","geo_location":{ "type": "Point", "coordinates": [-110.7914, 48.6498] }},
{"zip_code":"59917","country":"US","city":"Eureka","state":"Montana","state_ab":"MT","county":"Lincoln","geo_location":{ "type": "Point", "coordinates": [-115.0049, 48.8428] }},
{"zip_code":"59274","country":"US","city":"Vida","state":"Montana","state_ab":"MT","county":"McCone","geo_location":{ "type": "Point", "coordinates": [-105.5358, 47.8741] }},
{"zip_code":"59751","country":"US","city":"Silver Star","state":"Montana","state_ab":"MT","county":"Madison","geo_location":{ "type": "Point", "coordinates": [-112.2535, 45.7] }},
{"zip_code":"59867","country":"US","city":"Saltese","state":"Montana","state_ab":"MT","county":"Mineral","geo_location":{ "type": "Point", "coordinates": [-115.4224, 47.3997] }},
{"zip_code":"59801","country":"US","city":"Missoula","state":"Montana","state_ab":"MT","county":"Missoula","geo_location":{ "type": "Point", "coordinates": [-114.0252, 46.8563] }},
{"zip_code":"59054","country":"US","city":"Melstone","state":"Montana","state_ab":"MT","county":"Musselshell","geo_location":{ "type": "Point", "coordinates": [-107.8692, 46.5986] }},
{"zip_code":"59027","country":"US","city":"Emigrant","state":"Montana","state_ab":"MT","county":"Park","geo_location":{ "type": "Point", "coordinates": [-110.7921, 45.2708] }},
{"zip_code":"59081","country":"US","city":"Silver Gate","state":"Montana","state_ab":"MT","county":"Park","geo_location":{ "type": "Point", "coordinates": [-109.9854, 45.0046] }},
{"zip_code":"59261","country":"US","city":"Saco","state":"Montana","state_ab":"MT","county":"Phillips","geo_location":{ "type": "Point", "coordinates": [-107.4293, 48.6389] }},
{"zip_code":"59544","country":"US","city":"Whitewater","state":"Montana","state_ab":"MT","county":"Phillips","geo_location":{ "type": "Point", "coordinates": [-107.5553, 48.8429] }},
{"zip_code":"59854","country":"US","city":"Ovando","state":"Montana","state_ab":"MT","county":"Powell","geo_location":{ "type": "Point", "coordinates": [-113.0905, 47.0067] }},
{"zip_code":"59827","country":"US","city":"Conner","state":"Montana","state_ab":"MT","county":"Ravalli","geo_location":{ "type": "Point", "coordinates": [-114.059, 45.919] }},
{"zip_code":"59841","country":"US","city":"Pinesdale","state":"Montana","state_ab":"MT","county":"Ravalli","geo_location":{ "type": "Point", "coordinates": [-114.2235, 46.3329] }},
{"zip_code":"59221","country":"US","city":"Fairview","state":"Montana","state_ab":"MT","county":"Richland","geo_location":{ "type": "Point", "coordinates": [-104.2302, 47.8916] }},
{"zip_code":"59247","country":"US","city":"Medicine Lake","state":"Montana","state_ab":"MT","county":"Sheridan","geo_location":{ "type": "Point", "coordinates": [-104.4375, 48.4852] }},
{"zip_code":"59001","country":"US","city":"Absarokee","state":"Montana","state_ab":"MT","county":"Stillwater","geo_location":{ "type": "Point", "coordinates": [-109.4692, 45.5154] }},
{"zip_code":"59067","country":"US","city":"Rapelje","state":"Montana","state_ab":"MT","county":"Stillwater","geo_location":{ "type": "Point", "coordinates": [-109.2761, 45.9795] }},
{"zip_code":"59467","country":"US","city":"Pendroy","state":"Montana","state_ab":"MT","county":"Teton","geo_location":{ "type": "Point", "coordinates": [-112.3261, 48.0879] }},
{"zip_code":"59454","country":"US","city":"Kevin","state":"Montana","state_ab":"MT","county":"Toole","geo_location":{ "type": "Point", "coordinates": [-111.9708, 48.7508] }},
{"zip_code":"59104","country":"US","city":"Billings","state":"Montana","state_ab":"MT","county":"Yellowstone","geo_location":{ "type": "Point", "coordinates": [-108.1945, 45.9783] }},
{"zip_code":"59117","country":"US","city":"Billings","state":"Montana","state_ab":"MT","county":"Yellowstone","geo_location":{ "type": "Point", "coordinates": [-108.1945, 45.9783] }},
{"zip_code":"27217","country":"US","city":"Burlington","state":"North Carolina","state_ab":"NC","county":"Alamance","geo_location":{ "type": "Point", "coordinates": [-79.4114, 36.1288] }},
{"zip_code":"27244","country":"US","city":"Elon College","state":"North Carolina","state_ab":"NC","county":"Alamance","geo_location":{ "type": "Point", "coordinates": [-79.5023, 36.1466] }},
{"zip_code":"27967","country":"US","city":"Powellsville","state":"North Carolina","state_ab":"NC","county":"Bertie","geo_location":{ "type": "Point", "coordinates": [-76.9672, 36.1647] }},
{"zip_code":"28324","country":"US","city":"Butters","state":"North Carolina","state_ab":"NC","county":"Bladen County","geo_location":{ "type": "Point", "coordinates": [-78.8485, 34.5601] }},
{"zip_code":"28337","country":"US","city":"Elizabethtown","state":"North Carolina","state_ab":"NC","county":"Bladen","geo_location":{ "type": "Point", "coordinates": [-78.5747, 34.6471] }},
{"zip_code":"28467","country":"US","city":"Calabash","state":"North Carolina","state_ab":"NC","county":"Brunswick","geo_location":{ "type": "Point", "coordinates": [-78.5744, 33.9047] }},
{"zip_code":"28711","country":"US","city":"Black Mountain","state":"North Carolina","state_ab":"NC","county":"Buncombe","geo_location":{ "type": "Point", "coordinates": [-82.2902, 35.5986] }},
{"zip_code":"28801","country":"US","city":"Asheville","state":"North Carolina","state_ab":"NC","county":"Buncombe","geo_location":{ "type": "Point", "coordinates": [-82.5565, 35.5971] }},
{"zip_code":"28814","country":"US","city":"Asheville","state":"North Carolina","state_ab":"NC","county":"Buncombe","geo_location":{ "type": "Point", "coordinates": [-82.4927, 35.6648] }},
{"zip_code":"28647","country":"US","city":"Linville Falls","state":"North Carolina","state_ab":"NC","county":"Burke","geo_location":{ "type": "Point", "coordinates": [-81.6755, 35.7792] }},
{"zip_code":"28027","country":"US","city":"Concord","state":"North Carolina","state_ab":"NC","county":"Cabarrus","geo_location":{ "type": "Point", "coordinates": [-80.6162, 35.4141] }},
{"zip_code":"28081","country":"US","city":"Kannapolis","state":"North Carolina","state_ab":"NC","county":"Cabarrus","geo_location":{ "type": "Point", "coordinates": [-80.6359, 35.502] }},
{"zip_code":"28661","country":"US","city":"Patterson","state":"North Carolina","state_ab":"NC","county":"Caldwell","geo_location":{ "type": "Point", "coordinates": [-81.5626, 35.9973] }},
{"zip_code":"28531","country":"US","city":"Harkers Island","state":"North Carolina","state_ab":"NC","county":"Carteret","geo_location":{ "type": "Point", "coordinates": [-76.5583, 34.6966] }},
{"zip_code":"28557","country":"US","city":"Morehead City","state":"North Carolina","state_ab":"NC","county":"Carteret","geo_location":{ "type": "Point", "coordinates": [-76.7531, 34.7253] }},
{"zip_code":"28904","country":"US","city":"Hayesville","state":"North Carolina","state_ab":"NC","county":"Clay","geo_location":{ "type": "Point", "coordinates": [-83.7867, 35.0417] }},
{"zip_code":"70394","country":"US","city":"Raceland","state":"Louisiana","state_ab":"LA","county":"Lafourche","geo_location":{ "type": "Point", "coordinates": [-90.5999, 29.7178] }},
{"zip_code":"71371","country":"US","city":"Trout","state":"Louisiana","state_ab":"LA","county":"La Salle","geo_location":{ "type": "Point", "coordinates": [-92.1993, 31.6531] }},
{"zip_code":"71227","country":"US","city":"Choudrant","state":"Louisiana","state_ab":"LA","county":"Lincoln","geo_location":{ "type": "Point", "coordinates": [-92.5224, 32.5556] }},
{"zip_code":"70727","country":"US","city":"Denham Springs","state":"Louisiana","state_ab":"LA","county":"Livingston","geo_location":{ "type": "Point", "coordinates": [-90.8434, 30.3375] }},
{"zip_code":"70754","country":"US","city":"Livingston","state":"Louisiana","state_ab":"LA","county":"Livingston","geo_location":{ "type": "Point", "coordinates": [-90.7673, 30.4741] }},
{"zip_code":"71434","country":"US","city":"Gorum","state":"Louisiana","state_ab":"LA","county":"Natchitoches","geo_location":{ "type": "Point", "coordinates": [-92.9419, 31.4662] }},
{"zip_code":"70161","country":"US","city":"New Orleans","state":"Louisiana","state_ab":"LA","county":"Orleans","geo_location":{ "type": "Point", "coordinates": [-89.8826, 30.033] }},
{"zip_code":"70174","country":"US","city":"New Orleans","state":"Louisiana","state_ab":"LA","county":"Orleans","geo_location":{ "type": "Point", "coordinates": [-89.8826, 30.033] }},
{"zip_code":"70187","country":"US","city":"New Orleans","state":"Louisiana","state_ab":"LA","county":"Orleans","geo_location":{ "type": "Point", "coordinates": [-89.8826, 30.033] }},
{"zip_code":"71201","country":"US","city":"Monroe","state":"Louisiana","state_ab":"LA","county":"Ouachita","geo_location":{ "type": "Point", "coordinates": [-92.1061, 32.5286] }},
{"zip_code":"71281","country":"US","city":"Swartz","state":"Louisiana","state_ab":"LA","county":"Ouachita","geo_location":{ "type": "Point", "coordinates": [-92.1594, 32.4908] }},
{"zip_code":"71294","country":"US","city":"West Monroe","state":"Louisiana","state_ab":"LA","county":"Ouachita","geo_location":{ "type": "Point", "coordinates": [-92.1594, 32.4908] }},
{"zip_code":"70781","country":"US","city":"Torbert","state":"Louisiana","state_ab":"LA","county":"Pointe Coupee","geo_location":{ "type": "Point", "coordinates": [-91.4877, 30.5617] }},
{"zip_code":"71447","country":"US","city":"Lena","state":"Louisiana","state_ab":"LA","county":"Rapides","geo_location":{ "type": "Point", "coordinates": [-92.8312, 31.4207] }},
{"zip_code":"71034","country":"US","city":"Hall Summit","state":"Louisiana","state_ab":"LA","county":"Red River","geo_location":{ "type": "Point", "coordinates": [-93.3047, 32.1752] }},
{"zip_code":"70044","country":"US","city":"Chalmette","state":"Louisiana","state_ab":"LA","county":"St. Bernard","geo_location":{ "type": "Point", "coordinates": [-89.9514, 29.9676] }},
{"zip_code":"70031","country":"US","city":"Ama","state":"Louisiana","state_ab":"LA","county":"St. Charles","geo_location":{ "type": "Point", "coordinates": [-90.2925, 29.9435] }},
{"zip_code":"70057","country":"US","city":"Hahnville","state":"Louisiana","state_ab":"LA","county":"St. Charles","geo_location":{ "type": "Point", "coordinates": [-90.4082, 29.9668] }},
{"zip_code":"70071","country":"US","city":"Lutcher","state":"Louisiana","state_ab":"LA","county":"St. James","geo_location":{ "type": "Point", "coordinates": [-90.7008, 30.0447] }},
{"zip_code":"70084","country":"US","city":"Reserve","state":"Louisiana","state_ab":"LA","county":"St. John the Baptist","geo_location":{ "type": "Point", "coordinates": [-90.5518, 30.0603] }},
{"zip_code":"70521","country":"US","city":"Cecilia","state":"Louisiana","state_ab":"LA","county":"St. Martin","geo_location":{ "type": "Point", "coordinates": [-91.8492, 30.3364] }},
{"zip_code":"70381","country":"US","city":"Morgan City","state":"Louisiana","state_ab":"LA","county":"St. Mary","geo_location":{ "type": "Point", "coordinates": [-91.2593, 29.6946] }},
{"zip_code":"70431","country":"US","city":"Bush","state":"Louisiana","state_ab":"LA","county":"St. Tammany","geo_location":{ "type": "Point", "coordinates": [-89.9557, 30.6134] }},
{"zip_code":"70457","country":"US","city":"Saint Benedict","state":"Louisiana","state_ab":"LA","county":"St. Tammany","geo_location":{ "type": "Point", "coordinates": [-89.8813, 30.4255] }},
{"zip_code":"70471","country":"US","city":"Mandeville","state":"Louisiana","state_ab":"LA","county":"St. Tammany","geo_location":{ "type": "Point", "coordinates": [-90.0589, 30.4207] }},
{"zip_code":"70404","country":"US","city":"Hammond","state":"Louisiana","state_ab":"LA","county":"Tangipahoa","geo_location":{ "type": "Point", "coordinates": [-90.4225, 30.5051] }},
{"zip_code":"70444","country":"US","city":"Kentwood","state":"Louisiana","state_ab":"LA","county":"Tangipahoa","geo_location":{ "type": "Point", "coordinates": [-90.4728, 30.8892] }},
{"zip_code":"71357","country":"US","city":"Newellton","state":"Louisiana","state_ab":"LA","county":"Tensas","geo_location":{ "type": "Point", "coordinates": [-91.2578, 32.0656] }},
{"zip_code":"71241","country":"US","city":"Farmerville","state":"Louisiana","state_ab":"LA","county":"Union","geo_location":{ "type": "Point", "coordinates": [-92.318, 32.7534] }},
{"zip_code":"71421","country":"US","city":"Derry","state":"Louisiana","state_ab":"LA","county":"Union Parish","geo_location":{ "type": "Point", "coordinates": [-92.9739, 31.6091] }},
{"zip_code":"71461","country":"US","city":"Newllano","state":"Louisiana","state_ab":"LA","county":"Vernon","geo_location":{ "type": "Point", "coordinates": [-93.2811, 31.1158] }},
{"zip_code":"71474","country":"US","city":"Simpson","state":"Louisiana","state_ab":"LA","county":"Vernon","geo_location":{ "type": "Point", "coordinates": [-93.017, 31.257] }},
{"zip_code":"71021","country":"US","city":"Cullen","state":"Louisiana","state_ab":"LA","county":"Webster","geo_location":{ "type": "Point", "coordinates": [-93.4492, 32.9721] }},
{"zip_code":"70767","country":"US","city":"Port Allen","state":"Louisiana","state_ab":"LA","county":"West Baton Rouge","geo_location":{ "type": "Point", "coordinates": [-91.2541, 30.472] }},
{"zip_code":"2634","country":"US","city":"Centerville","state":"Massachusetts","state_ab":"MA","county":"Barnstable","geo_location":{ "type": "Point", "coordinates": [-70.3087, 41.7993] }},
{"zip_code":"2647","country":"US","city":"Hyannis Port","state":"Massachusetts","state_ab":"MA","county":"Barnstable","geo_location":{ "type": "Point", "coordinates": [-70.3063, 41.635] }},
{"zip_code":"2661","country":"US","city":"South Harwich","state":"Massachusetts","state_ab":"MA","county":"Barnstable","geo_location":{ "type": "Point", "coordinates": [-70.0329, 41.6862] }},
{"zip_code":"1244","country":"US","city":"Mill River","state":"Massachusetts","state_ab":"MA","county":"Berkshire","geo_location":{ "type": "Point", "coordinates": [-73.254, 42.1228] }},
{"zip_code":"1257","country":"US","city":"Sheffield","state":"Massachusetts","state_ab":"MA","county":"Berkshire","geo_location":{ "type": "Point", "coordinates": [-73.3611, 42.1001] }},
{"zip_code":"2724","country":"US","city":"Fall River","state":"Massachusetts","state_ab":"MA","county":"Bristol","geo_location":{ "type": "Point", "coordinates": [-71.1748, 41.685] }},
{"zip_code":"2764","country":"US","city":"North Dighton","state":"Massachusetts","state_ab":"MA","county":"Bristol","geo_location":{ "type": "Point", "coordinates": [-71.1485, 41.8529] }},
{"zip_code":"2777","country":"US","city":"Swansea","state":"Massachusetts","state_ab":"MA","county":"Bristol","geo_location":{ "type": "Point", "coordinates": [-71.2122, 41.7473] }},
{"zip_code":"2791","country":"US","city":"Westport Point","state":"Massachusetts","state_ab":"MA","county":"Bristol","geo_location":{ "type": "Point", "coordinates": [-71.0851, 41.5191] }},
{"zip_code":"2557","country":"US","city":"Oak Bluffs","state":"Massachusetts","state_ab":"MA","county":"Dukes","geo_location":{ "type": "Point", "coordinates": [-70.56, 41.4174] }},
{"zip_code":"1901","country":"US","city":"Lynn","state":"Massachusetts","state_ab":"MA","county":"Essex","geo_location":{ "type": "Point", "coordinates": [-70.9467, 42.4612] }},
{"zip_code":"5501","country":"US","city":"Andover","state":"Massachusetts","state_ab":"MA","county":"Essex","geo_location":{ "type": "Point", "coordinates": [-71.1842, 42.6472] }},
{"zip_code":"1347","country":"US","city":"Lake Pleasant","state":"Massachusetts","state_ab":"MA","county":"Franklin","geo_location":{ "type": "Point", "coordinates": [-72.5181, 42.5566] }},
{"zip_code":"1011","country":"US","city":"Chester","state":"Massachusetts","state_ab":"MA","county":"Hampden","geo_location":{ "type": "Point", "coordinates": [-72.9888, 42.2794] }},
{"zip_code":"1077","country":"US","city":"Southwick","state":"Massachusetts","state_ab":"MA","county":"Hampden","geo_location":{ "type": "Point", "coordinates": [-72.7706, 42.0511] }},
{"zip_code":"1101","country":"US","city":"Springfield","state":"Massachusetts","state_ab":"MA","county":"Hampden","geo_location":{ "type": "Point", "coordinates": [-72.6048, 42.1707] }},
{"zip_code":"1114","country":"US","city":"Springfield","state":"Massachusetts","state_ab":"MA","county":"Hampden","geo_location":{ "type": "Point", "coordinates": [-72.6048, 42.1707] }},
{"zip_code":"1464","country":"US","city":"Shirley","state":"Massachusetts","state_ab":"MA","county":"Middlesex","geo_location":{ "type": "Point", "coordinates": [-71.6483, 42.5734] }},
{"zip_code":"1721","country":"US","city":"Ashland","state":"Massachusetts","state_ab":"MA","county":"Middlesex","geo_location":{ "type": "Point", "coordinates": [-71.4583, 42.2539] }},
{"zip_code":"1824","country":"US","city":"Chelmsford","state":"Massachusetts","state_ab":"MA","county":"Middlesex","geo_location":{ "type": "Point", "coordinates": [-71.3556, 42.5911] }},
{"zip_code":"1851","country":"US","city":"Lowell","state":"Massachusetts","state_ab":"MA","county":"Middlesex","geo_location":{ "type": "Point", "coordinates": [-71.3329, 42.6315] }},
{"zip_code":"1864","country":"US","city":"North Reading","state":"Massachusetts","state_ab":"MA","county":"Middlesex","geo_location":{ "type": "Point", "coordinates": [-71.0947, 42.5819] }},
{"zip_code":"2144","country":"US","city":"Somerville","state":"Massachusetts","state_ab":"MA","county":"Middlesex","geo_location":{ "type": "Point", "coordinates": [-71.1221, 42.4003] }},
{"zip_code":"2454","country":"US","city":"Waltham","state":"Massachusetts","state_ab":"MA","county":"Middlesex","geo_location":{ "type": "Point", "coordinates": [-71.2505, 42.3567] }},
{"zip_code":"2467","country":"US","city":"Chestnut Hill","state":"Massachusetts","state_ab":"MA","county":"Middlesex","geo_location":{ "type": "Point", "coordinates": [-71.1612, 42.3164] }},
{"zip_code":"2584","country":"US","city":"Nantucket","state":"Massachusetts","state_ab":"MA","county":"Nantucket","geo_location":{ "type": "Point", "coordinates": [-70.046, 41.2778] }},
{"zip_code":"2027","country":"US","city":"Dedham","state":"Massachusetts","state_ab":"MA","county":"Norfolk","geo_location":{ "type": "Point", "coordinates": [-71.0892, 42.18] }},
{"zip_code":"2054","country":"US","city":"Millis","state":"Massachusetts","state_ab":"MA","county":"Norfolk","geo_location":{ "type": "Point", "coordinates": [-71.3607, 42.1669] }},
{"zip_code":"2067","country":"US","city":"Sharon","state":"Massachusetts","state_ab":"MA","county":"Norfolk","geo_location":{ "type": "Point", "coordinates": [-71.1759, 42.1094] }},
{"zip_code":"2081","country":"US","city":"Walpole","state":"Massachusetts","state_ab":"MA","county":"Norfolk","geo_location":{ "type": "Point", "coordinates": [-71.2544, 42.1444] }},
{"zip_code":"2157","country":"US","city":"Babson Park","state":"Massachusetts","state_ab":"MA","county":"Norfolk","geo_location":{ "type": "Point", "coordinates": [-71.1855, 42.1739] }},
{"zip_code":"2171","country":"US","city":"Quincy","state":"Massachusetts","state_ab":"MA","county":"Norfolk","geo_location":{ "type": "Point", "coordinates": [-71.0241, 42.2825] }},
{"zip_code":"2184","country":"US","city":"Braintree","state":"Massachusetts","state_ab":"MA","county":"Norfolk","geo_location":{ "type": "Point", "coordinates": [-70.9963, 42.2093] }},
{"zip_code":"2481","country":"US","city":"Wellesley Hills","state":"Massachusetts","state_ab":"MA","county":"Norfolk","geo_location":{ "type": "Point", "coordinates": [-71.2747, 42.3106] }},
{"zip_code":"2494","country":"US","city":"Needham","state":"Massachusetts","state_ab":"MA","county":"Norfolk","geo_location":{ "type": "Point", "coordinates": [-71.2321, 42.2997] }},
{"zip_code":"2041","country":"US","city":"Green Harbor","state":"Massachusetts","state_ab":"MA","county":"Plymouth","geo_location":{ "type": "Point", "coordinates": [-70.6491, 42.0696] }},
{"zip_code":"2324","country":"US","city":"Bridgewater","state":"Massachusetts","state_ab":"MA","county":"Plymouth","geo_location":{ "type": "Point", "coordinates": [-70.9723, 41.9773] }},
{"zip_code":"2337","country":"US","city":"Elmwood","state":"Massachusetts","state_ab":"MA","county":"Plymouth","geo_location":{ "type": "Point", "coordinates": [-70.9316, 42.0222] }},
{"zip_code":"2351","country":"US","city":"Abington","state":"Massachusetts","state_ab":"MA","county":"Plymouth","geo_location":{ "type": "Point", "coordinates": [-70.9543, 42.1167] }},
{"zip_code":"2364","country":"US","city":"Kingston","state":"Massachusetts","state_ab":"MA","county":"Plymouth","geo_location":{ "type": "Point", "coordinates": [-70.741, 41.995] }},
{"zip_code":"2401","country":"US","city":"Brockton","state":"Massachusetts","state_ab":"MA","county":"Plymouth","geo_location":{ "type": "Point", "coordinates": [-71.0346, 42.0794] }},
{"zip_code":"2571","country":"US","city":"Wareham","state":"Massachusetts","state_ab":"MA","county":"Plymouth","geo_location":{ "type": "Point", "coordinates": [-70.7116, 41.7541] }},
{"zip_code":"2104","country":"US","city":"Boston","state":"Massachusetts","state_ab":"MA","county":"Suffolk","geo_location":{ "type": "Point", "coordinates": [-70.9196, 42.3389] }},
{"zip_code":"64467","country":"US","city":"Martinsville","state":"Missouri","state_ab":"MO","county":"Harrison","geo_location":{ "type": "Point", "coordinates": [-94.1645, 40.3662] }},
{"zip_code":"64481","country":"US","city":"Ridgeway","state":"Missouri","state_ab":"MO","county":"Harrison","geo_location":{ "type": "Point", "coordinates": [-93.9575, 40.3999] }},
{"zip_code":"64014","country":"US","city":"Blue Springs","state":"Missouri","state_ab":"MO","county":"Jackson","geo_location":{ "type": "Point", "coordinates": [-94.2604, 39.0152] }},
{"zip_code":"64054","country":"US","city":"Independence","state":"Missouri","state_ab":"MO","county":"Jackson","geo_location":{ "type": "Point", "coordinates": [-94.4401, 39.11] }},
{"zip_code":"64081","country":"US","city":"Lees Summit","state":"Missouri","state_ab":"MO","county":"Jackson","geo_location":{ "type": "Point", "coordinates": [-94.4073, 38.9142] }},
{"zip_code":"64131","country":"US","city":"Kansas City","state":"Missouri","state_ab":"MO","county":"Jackson","geo_location":{ "type": "Point", "coordinates": [-94.5774, 38.9713] }},
{"zip_code":"64171","country":"US","city":"Kansas City","state":"Missouri","state_ab":"MO","county":"Jackson","geo_location":{ "type": "Point", "coordinates": [-94.3567, 39.035] }},
{"zip_code":"64184","country":"US","city":"Kansas City","state":"Missouri","state_ab":"MO","county":"Jackson","geo_location":{ "type": "Point", "coordinates": [-94.3567, 39.035] }},
{"zip_code":"64197","country":"US","city":"Kansas City","state":"Missouri","state_ab":"MO","county":"Jackson","geo_location":{ "type": "Point", "coordinates": [-94.3567, 39.035] }},
{"zip_code":"64944","country":"US","city":"Kansas City","state":"Missouri","state_ab":"MO","county":"Jackson","geo_location":{ "type": "Point", "coordinates": [-94.3567, 39.035] }},
{"zip_code":"64801","country":"US","city":"Joplin","state":"Missouri","state_ab":"MO","county":"Jasper","geo_location":{ "type": "Point", "coordinates": [-94.5051, 37.0969] }},
{"zip_code":"64841","country":"US","city":"Duenweg","state":"Missouri","state_ab":"MO","county":"Jasper","geo_location":{ "type": "Point", "coordinates": [-94.4071, 37.076] }},
{"zip_code":"63051","country":"US","city":"House Springs","state":"Missouri","state_ab":"MO","county":"Jefferson","geo_location":{ "type": "Point", "coordinates": [-90.5575, 38.4131] }},
{"zip_code":"63464","country":"US","city":"Plevna","state":"Missouri","state_ab":"MO","county":"Knox","geo_location":{ "type": "Point", "coordinates": [-92.0852, 39.9765] }},
{"zip_code":"64001","country":"US","city":"Alma","state":"Missouri","state_ab":"MO","county":"Lafayette","geo_location":{ "type": "Point", "coordinates": [-93.5429, 39.1048] }},
{"zip_code":"64067","country":"US","city":"Lexington","state":"Missouri","state_ab":"MO","county":"Lafayette","geo_location":{ "type": "Point", "coordinates": [-93.8714, 39.1742] }},
{"zip_code":"65327","country":"US","city":"Emma","state":"Missouri","state_ab":"MO","county":"Lafayette","geo_location":{ "type": "Point", "coordinates": [-93.5038, 38.9746] }},
{"zip_code":"65664","country":"US","city":"Halltown","state":"Missouri","state_ab":"MO","county":"Lawrence","geo_location":{ "type": "Point", "coordinates": [-93.6275, 37.1944] }},
{"zip_code":"63347","country":"US","city":"Foley","state":"Missouri","state_ab":"MO","county":"Lincoln","geo_location":{ "type": "Point", "coordinates": [-90.7775, 39.053] }},
{"zip_code":"63387","country":"US","city":"Whiteside","state":"Missouri","state_ab":"MO","county":"Lincoln","geo_location":{ "type": "Point", "coordinates": [-91.0227, 39.1855] }},
{"zip_code":"64674","country":"US","city":"Purdin","state":"Missouri","state_ab":"MO","county":"Linn","geo_location":{ "type": "Point", "coordinates": [-93.17, 39.9529] }},
{"zip_code":"64854","country":"US","city":"Noel","state":"Missouri","state_ab":"MO","county":"McDonald","geo_location":{ "type": "Point", "coordinates": [-94.4906, 36.5417] }},
{"zip_code":"64661","country":"US","city":"Mercer","state":"Missouri","state_ab":"MO","county":"Mercer","geo_location":{ "type": "Point", "coordinates": [-93.5242, 40.5169] }},
{"zip_code":"65017","country":"US","city":"Brumley","state":"Missouri","state_ab":"MO","county":"Miller","geo_location":{ "type": "Point", "coordinates": [-92.4747, 38.0709] }},
{"zip_code":"65031","country":"US","city":"Etterville","state":"Missouri","state_ab":"MO","county":"Miller","geo_location":{ "type": "Point", "coordinates": [-92.4386, 38.2236] }},
{"zip_code":"63361","country":"US","city":"Montgomery City","state":"Missouri","state_ab":"MO","county":"Montgomery","geo_location":{ "type": "Point", "coordinates": [-91.5085, 38.9839] }},
{"zip_code":"65084","country":"US","city":"Versailles","state":"Missouri","state_ab":"MO","county":"Morgan","geo_location":{ "type": "Point", "coordinates": [-92.8258, 38.4365] }},
{"zip_code":"65354","country":"US","city":"Syracuse","state":"Missouri","state_ab":"MO","county":"Morgan","geo_location":{ "type": "Point", "coordinates": [-92.8929, 38.6547] }},
{"zip_code":"64867","country":"US","city":"Stella","state":"Missouri","state_ab":"MO","county":"Newton","geo_location":{ "type": "Point", "coordinates": [-94.2086, 36.7516] }},
{"zip_code":"65637","country":"US","city":"Dora","state":"Missouri","state_ab":"MO","county":"Ozark","geo_location":{ "type": "Point", "coordinates": [-92.2378, 36.756] }},
{"zip_code":"65741","country":"US","city":"Rockbridge","state":"Missouri","state_ab":"MO","county":"Ozark","geo_location":{ "type": "Point", "coordinates": [-92.4423, 36.6516] }},
{"zip_code":"63851","country":"US","city":"Hayti","state":"Missouri","state_ab":"MO","county":"Pemiscot","geo_location":{ "type": "Point", "coordinates": [-89.7172, 36.2589] }},
{"zip_code":"63877","country":"US","city":"Steele","state":"Missouri","state_ab":"MO","county":"Pemiscot","geo_location":{ "type": "Point", "coordinates": [-89.8346, 36.0915] }},
{"zip_code":"65301","country":"US","city":"Sedalia","state":"Missouri","state_ab":"MO","county":"Pettis","geo_location":{ "type": "Point", "coordinates": [-93.2323, 38.6961] }},
{"zip_code":"63334","country":"US","city":"Bowling Green","state":"Missouri","state_ab":"MO","county":"Pike","geo_location":{ "type": "Point", "coordinates": [-91.1962, 39.3346] }},
{"zip_code":"65727","country":"US","city":"Polk","state":"Missouri","state_ab":"MO","county":"Polk","geo_location":{ "type": "Point", "coordinates": [-93.3206, 37.7438] }},
{"zip_code":"65457","country":"US","city":"Devils Elbow","state":"Missouri","state_ab":"MO","county":"Pulaski","geo_location":{ "type": "Point", "coordinates": [-92.0569, 37.8512] }},
{"zip_code":"65534","country":"US","city":"Laquey","state":"Missouri","state_ab":"MO","county":"Pulaski","geo_location":{ "type": "Point", "coordinates": [-92.2808, 37.6953] }},
{"zip_code":"63567","country":"US","city":"Worthington","state":"Missouri","state_ab":"MO","county":"Putnam","geo_location":{ "type": "Point", "coordinates": [-92.7401, 40.424] }},
{"zip_code":"64724","country":"US","city":"Appleton City","state":"Missouri","state_ab":"MO","county":"St. Clair","geo_location":{ "type": "Point", "coordinates": [-94.0229, 38.1848] }},
{"zip_code":"63011","country":"US","city":"Ballwin","state":"Missouri","state_ab":"MO","county":"St. Louis","geo_location":{ "type": "Point", "coordinates": [-90.5598, 38.6091] }},
{"zip_code":"63024","country":"US","city":"Ballwin","state":"Missouri","state_ab":"MO","county":"St. Louis","geo_location":{ "type": "Point", "coordinates": [-90.4271, 38.6383] }},
{"zip_code":"63114","country":"US","city":"Saint Louis","state":"Missouri","state_ab":"MO","county":"St. Louis","geo_location":{ "type": "Point", "coordinates": [-90.3644, 38.7023] }},
{"zip_code":"63127","country":"US","city":"Saint Louis","state":"Missouri","state_ab":"MO","county":"St. Louis","geo_location":{ "type": "Point", "coordinates": [-90.407, 38.5355] }},
{"zip_code":"63141","country":"US","city":"Saint Louis","state":"Missouri","state_ab":"MO","county":"St. Louis","geo_location":{ "type": "Point", "coordinates": [-90.4542, 38.6565] }},
{"zip_code":"63167","country":"US","city":"Saint Louis","state":"Missouri","state_ab":"MO","county":"St. Louis","geo_location":{ "type": "Point", "coordinates": [-90.4271, 38.6383] }},
{"zip_code":"63541","country":"US","city":"Glenwood","state":"Missouri","state_ab":"MO","county":"Schuyler","geo_location":{ "type": "Point", "coordinates": [-92.5886, 40.5149] }},
{"zip_code":"63774","country":"US","city":"Perkins","state":"Missouri","state_ab":"MO","county":"Scott","geo_location":{ "type": "Point", "coordinates": [-89.5499, 37.0564] }},
{"zip_code":"63824","country":"US","city":"Blodgett","state":"Missouri","state_ab":"MO","county":"Scott","geo_location":{ "type": "Point", "coordinates": [-89.5266, 37.0042] }},
{"zip_code":"63437","country":"US","city":"Clarence","state":"Missouri","state_ab":"MO","county":"Shelby","geo_location":{ "type": "Point", "coordinates": [-92.253, 39.7366] }},
{"zip_code":"63451","country":"US","city":"Leonard","state":"Missouri","state_ab":"MO","county":"Shelby","geo_location":{ "type": "Point", "coordinates": [-92.1947, 39.9076] }},
{"zip_code":"65611","country":"US","city":"Blue Eye","state":"Missouri","state_ab":"MO","county":"Stone","geo_location":{ "type": "Point", "coordinates": [-93.3388, 36.5493] }},
{"zip_code":"65624","country":"US","city":"Cape Fair","state":"Missouri","state_ab":"MO","county":"Stone","geo_location":{ "type": "Point", "coordinates": [-93.5674, 36.7311] }},
{"zip_code":"65701","country":"US","city":"Mc Clurg","state":"Missouri","state_ab":"MO","county":"Taney","geo_location":{ "type": "Point", "coordinates": [-92.7811, 36.7026] }},
{"zip_code":"65444","country":"US","city":"Bucyrus","state":"Missouri","state_ab":"MO","county":"Texas","geo_location":{ "type": "Point", "coordinates": [-92.0465, 37.3972] }},
{"zip_code":"65484","country":"US","city":"Huggins","state":"Missouri","state_ab":"MO","county":"Texas","geo_location":{ "type": "Point", "coordinates": [-92.2153, 37.3538] }},
{"zip_code":"64751","country":"US","city":"Horton","state":"Missouri","state_ab":"MO","county":"Vernon","geo_location":{ "type": "Point", "coordinates": [-94.3381, 37.8499] }},
{"zip_code":"63631","country":"US","city":"Caledonia","state":"Missouri","state_ab":"MO","county":"Washington","geo_location":{ "type": "Point", "coordinates": [-90.7409, 37.7639] }},
{"zip_code":"63644","country":"US","city":"Frankclay","state":"Missouri","state_ab":"MO","county":"Washington County","geo_location":{ "type": "Point", "coordinates": [-90.6149, 37.8615] }},
{"zip_code":"63967","country":"US","city":"Williamsville","state":"Missouri","state_ab":"MO","county":"Wayne","geo_location":{ "type": "Point", "coordinates": [-90.4879, 36.9638] }},
{"zip_code":"64441","country":"US","city":"Denver","state":"Missouri","state_ab":"MO","county":"Worth","geo_location":{ "type": "Point", "coordinates": [-94.3066, 40.4181] }},
{"zip_code":"63101","country":"US","city":"Saint Louis","state":"Missouri","state_ab":"MO","county":"St. Louis (city)","geo_location":{ "type": "Point", "coordinates": [-90.1913, 38.6346] }},
{"zip_code":"38781","country":"US","city":"Winstonville","state":"Mississippi","state_ab":"MS","county":"Bolivar","geo_location":{ "type": "Point", "coordinates": [-90.7371, 33.8878] }},
{"zip_code":"38947","country":"US","city":"North Carrollton","state":"Mississippi","state_ab":"MS","county":"Carroll","geo_location":{ "type": "Point", "coordinates": [-89.9001, 33.5324] }},
{"zip_code":"39757","country":"US","city":"Reform","state":"Mississippi","state_ab":"MS","county":"Choctaw County","geo_location":{ "type": "Point", "coordinates": [-89.2104, 33.3672] }},
{"zip_code":"38767","country":"US","city":"Rena Lara","state":"Mississippi","state_ab":"MS","county":"Coahoma","geo_location":{ "type": "Point", "coordinates": [-90.7865, 34.1412] }},
{"zip_code":"39191","country":"US","city":"Wesson","state":"Mississippi","state_ab":"MS","county":"Copiah","geo_location":{ "type": "Point", "coordinates": [-90.4131, 31.6901] }},
{"zip_code":"38637","country":"US","city":"Horn Lake","state":"Mississippi","state_ab":"MS","county":"DeSoto","geo_location":{ "type": "Point", "coordinates": [-90.0507, 34.9519] }},
{"zip_code":"38651","country":"US","city":"Nesbit","state":"Mississippi","state_ab":"MS","county":"DeSoto","geo_location":{ "type": "Point", "coordinates": [-90.0122, 34.8992] }},
{"zip_code":"39407","country":"US","city":"Hattiesburg","state":"Mississippi","state_ab":"MS","county":"Forrest","geo_location":{ "type": "Point", "coordinates": [-89.2948, 31.1721] }},
{"zip_code":"39461","country":"US","city":"Neely","state":"Mississippi","state_ab":"MS","county":"Greene","geo_location":{ "type": "Point", "coordinates": [-88.7198, 31.1793] }},
{"zip_code":"39201","country":"US","city":"Jackson","state":"Mississippi","state_ab":"MS","county":"Hinds","geo_location":{ "type": "Point", "coordinates": [-90.1867, 32.2935] }},
{"zip_code":"15001","country":"US","city":"Aliquippa","state":"Pennsylvania","state_ab":"PA","county":"Beaver","geo_location":{ "type": "Point", "coordinates": [-80.3197, 40.5921] }},
{"zip_code":"15027","country":"US","city":"Conway","state":"Pennsylvania","state_ab":"PA","county":"Beaver","geo_location":{ "type": "Point", "coordinates": [-80.2349, 40.6649] }},
{"zip_code":"15081","country":"US","city":"South Heights","state":"Pennsylvania","state_ab":"PA","county":"Beaver","geo_location":{ "type": "Point", "coordinates": [-80.2383, 40.5763] }},
{"zip_code":"16664","country":"US","city":"New Enterprise","state":"Pennsylvania","state_ab":"PA","county":"Bedford","geo_location":{ "type": "Point", "coordinates": [-78.4259, 40.2] }},
{"zip_code":"19504","country":"US","city":"Barto","state":"Pennsylvania","state_ab":"PA","county":"Berks","geo_location":{ "type": "Point", "coordinates": [-75.5749, 40.3815] }},
{"zip_code":"19517","country":"US","city":"Dauberville","state":"Pennsylvania","state_ab":"PA","county":"Berks","geo_location":{ "type": "Point", "coordinates": [-75.9849, 40.4072] }},
{"zip_code":"19544","country":"US","city":"Mount Aetna","state":"Pennsylvania","state_ab":"PA","county":"Berks","geo_location":{ "type": "Point", "coordinates": [-76.2944, 40.4187] }},
{"zip_code":"19557","country":"US","city":"Stony Run","state":"Pennsylvania","state_ab":"PA","county":"Berks","geo_location":{ "type": "Point", "coordinates": [-75.815, 40.6139] }},
{"zip_code":"19607","country":"US","city":"Reading","state":"Pennsylvania","state_ab":"PA","county":"Berks","geo_location":{ "type": "Point", "coordinates": [-75.9876, 40.2995] }},
{"zip_code":"16637","country":"US","city":"East Freedom","state":"Pennsylvania","state_ab":"PA","county":"Blair","geo_location":{ "type": "Point", "coordinates": [-78.4475, 40.3282] }},
{"zip_code":"16947","country":"US","city":"Troy","state":"Pennsylvania","state_ab":"PA","county":"Bradford","geo_location":{ "type": "Point", "coordinates": [-76.7711, 41.7781] }},
{"zip_code":"18837","country":"US","city":"Rome","state":"Pennsylvania","state_ab":"PA","county":"Bradford","geo_location":{ "type": "Point", "coordinates": [-76.3015, 41.8634] }},
{"zip_code":"18851","country":"US","city":"Warren Center","state":"Pennsylvania","state_ab":"PA","county":"Bradford","geo_location":{ "type": "Point", "coordinates": [-76.1964, 41.9394] }},
{"zip_code":"18077","country":"US","city":"Riegelsville","state":"Pennsylvania","state_ab":"PA","county":"Bucks","geo_location":{ "type": "Point", "coordinates": [-75.2191, 40.5782] }},
{"zip_code":"18901","country":"US","city":"Doylestown","state":"Pennsylvania","state_ab":"PA","county":"Bucks","geo_location":{ "type": "Point", "coordinates": [-75.1489, 40.3054] }},
{"zip_code":"18914","country":"US","city":"Chalfont","state":"Pennsylvania","state_ab":"PA","county":"Bucks","geo_location":{ "type": "Point", "coordinates": [-75.2149, 40.2892] }},
{"zip_code":"18927","country":"US","city":"Hilltown","state":"Pennsylvania","state_ab":"PA","county":"Bucks","geo_location":{ "type": "Point", "coordinates": [-75.2548, 40.3235] }},
{"zip_code":"18954","country":"US","city":"Richboro","state":"Pennsylvania","state_ab":"PA","county":"Bucks","geo_location":{ "type": "Point", "coordinates": [-75.0029, 40.2167] }},
{"zip_code":"18981","country":"US","city":"Zionhill","state":"Pennsylvania","state_ab":"PA","county":"Bucks","geo_location":{ "type": "Point", "coordinates": [-75.1028, 40.3286] }},
{"zip_code":"19054","country":"US","city":"Levittown","state":"Pennsylvania","state_ab":"PA","county":"Bucks","geo_location":{ "type": "Point", "coordinates": [-74.8231, 40.1681] }},
{"zip_code":"19067","country":"US","city":"Morrisville","state":"Pennsylvania","state_ab":"PA","county":"Bucks","geo_location":{ "type": "Point", "coordinates": [-74.8291, 40.2084] }},
{"zip_code":"16017","country":"US","city":"Boyers","state":"Pennsylvania","state_ab":"PA","county":"Butler","geo_location":{ "type": "Point", "coordinates": [-79.9276, 40.9211] }},
{"zip_code":"16057","country":"US","city":"Slippery Rock","state":"Pennsylvania","state_ab":"PA","county":"Butler","geo_location":{ "type": "Point", "coordinates": [-80.0468, 41.0454] }},
{"zip_code":"15737","country":"US","city":"Elmora","state":"Pennsylvania","state_ab":"PA","county":"Cambria","geo_location":{ "type": "Point", "coordinates": [-78.7524, 40.6076] }},
{"zip_code":"15904","country":"US","city":"Johnstown","state":"Pennsylvania","state_ab":"PA","county":"Cambria","geo_location":{ "type": "Point", "coordinates": [-78.8654, 40.285] }},
{"zip_code":"15931","country":"US","city":"Ebensburg","state":"Pennsylvania","state_ab":"PA","county":"Cambria","geo_location":{ "type": "Point", "coordinates": [-78.7263, 40.4801] }},
{"zip_code":"16624","country":"US","city":"Chest Springs","state":"Pennsylvania","state_ab":"PA","county":"Cambria","geo_location":{ "type": "Point", "coordinates": [-78.5991, 40.5702] }},
{"zip_code":"18244","country":"US","city":"Parryville","state":"Pennsylvania","state_ab":"PA","county":"Carbon","geo_location":{ "type": "Point", "coordinates": [-75.6651, 40.8245] }},
{"zip_code":"16677","country":"US","city":"Sandy Ridge","state":"Pennsylvania","state_ab":"PA","county":"Centre","geo_location":{ "type": "Point", "coordinates": [-78.239, 40.8136] }},
{"zip_code":"16804","country":"US","city":"State College","state":"Pennsylvania","state_ab":"PA","county":"Centre","geo_location":{ "type": "Point", "coordinates": [-77.7602, 40.9722] }},
{"zip_code":"16844","country":"US","city":"Julian","state":"Pennsylvania","state_ab":"PA","county":"Centre","geo_location":{ "type": "Point", "coordinates": [-77.9332, 40.8917] }},
{"zip_code":"19311","country":"US","city":"Avondale","state":"Pennsylvania","state_ab":"PA","county":"Chester","geo_location":{ "type": "Point", "coordinates": [-75.7687, 39.8219] }},
{"zip_code":"19351","country":"US","city":"Lewisville","state":"Pennsylvania","state_ab":"PA","county":"Chester","geo_location":{ "type": "Point", "coordinates": [-75.7481, 39.9832] }},
{"zip_code":"19481","country":"US","city":"Valley Forge","state":"Pennsylvania","state_ab":"PA","county":"Chester","geo_location":{ "type": "Point", "coordinates": [-75.4537, 40.0923] }},
{"zip_code":"19494","country":"US","city":"Valley Forge","state":"Pennsylvania","state_ab":"PA","county":"Chester","geo_location":{ "type": "Point", "coordinates": [-75.7481, 39.9832] }},
{"zip_code":"16224","country":"US","city":"Fairmount City","state":"Pennsylvania","state_ab":"PA","county":"Clarion","geo_location":{ "type": "Point", "coordinates": [-79.2784, 41.0429] }},
{"zip_code":"15801","country":"US","city":"Du Bois","state":"Pennsylvania","state_ab":"PA","county":"Clearfield","geo_location":{ "type": "Point", "coordinates": [-78.7527, 41.126] }},
{"zip_code":"16651","country":"US","city":"Houtzdale","state":"Pennsylvania","state_ab":"PA","county":"Clearfield","geo_location":{ "type": "Point", "coordinates": [-78.3618, 40.8305] }},
{"zip_code":"16871","country":"US","city":"Pottersdale","state":"Pennsylvania","state_ab":"PA","county":"Clearfield","geo_location":{ "type": "Point", "coordinates": [-78.0341, 41.1868] }},
{"zip_code":"18631","country":"US","city":"Mifflinville","state":"Pennsylvania","state_ab":"PA","county":"Columbia","geo_location":{ "type": "Point", "coordinates": [-76.2877, 40.9871] }}]}