{"value": [{"zip_code":"43337","country":"US","city":"Morral","state":"Ohio","state_ab":"OH","county":"Marion","geo_location":{ "type": "Point", "coordinates": [-83.2046, 40.6954] }},
{"zip_code":"44251","country":"US","city":"Westfield Center","state":"Ohio","state_ab":"OH","county":"Medina","geo_location":{ "type": "Point", "coordinates": [-81.9283, 41.0288] }},
{"zip_code":"45771","country":"US","city":"Racine","state":"Ohio","state_ab":"OH","county":"Meigs","geo_location":{ "type": "Point", "coordinates": [-81.9258, 38.9786] }},
{"zip_code":"45317","country":"US","city":"Conover","state":"Ohio","state_ab":"OH","county":"Miami","geo_location":{ "type": "Point", "coordinates": [-84.0283, 40.1457] }},
{"zip_code":"45371","country":"US","city":"Tipp City","state":"Ohio","state_ab":"OH","county":"Miami","geo_location":{ "type": "Point", "coordinates": [-84.1663, 39.942] }},
{"zip_code":"43931","country":"US","city":"Hannibal","state":"Ohio","state_ab":"OH","county":"Monroe","geo_location":{ "type": "Point", "coordinates": [-80.8914, 39.6763] }},
{"zip_code":"39211","country":"US","city":"Jackson","state":"Mississippi","state_ab":"MS","county":"Hinds","geo_location":{ "type": "Point", "coordinates": [-90.1293, 32.3739] }},
{"zip_code":"39097","country":"US","city":"Louise","state":"Mississippi","state_ab":"MS","county":"Humphreys","geo_location":{ "type": "Point", "coordinates": [-90.5893, 32.9919] }},
{"zip_code":"39354","country":"US","city":"Preston","state":"Mississippi","state_ab":"MS","county":"Kemper","geo_location":{ "type": "Point", "coordinates": [-88.813, 32.8537] }},
{"zip_code":"39301","country":"US","city":"Meridian","state":"Mississippi","state_ab":"MS","county":"Lauderdale","geo_location":{ "type": "Point", "coordinates": [-88.656, 32.3574] }},
{"zip_code":"38801","country":"US","city":"Tupelo","state":"Mississippi","state_ab":"MS","county":"Lee","geo_location":{ "type": "Point", "coordinates": [-88.7209, 34.2538] }},
{"zip_code":"38944","country":"US","city":"Minter City","state":"Mississippi","state_ab":"MS","county":"Leflore","geo_location":{ "type": "Point", "coordinates": [-90.3133, 33.7515] }},
{"zip_code":"39701","country":"US","city":"Columbus","state":"Mississippi","state_ab":"MS","county":"Lowndes","geo_location":{ "type": "Point", "coordinates": [-88.5047, 33.4109] }},
{"zip_code":"39071","country":"US","city":"Flora","state":"Mississippi","state_ab":"MS","county":"Madison","geo_location":{ "type": "Point", "coordinates": [-90.3235, 32.5578] }},
{"zip_code":"38634","country":"US","city":"Holly Springs","state":"Mississippi","state_ab":"MS","county":"Marshall","geo_location":{ "type": "Point", "coordinates": [-89.485, 34.745] }},
{"zip_code":"38661","country":"US","city":"Red Banks","state":"Mississippi","state_ab":"MS","county":"Marshall","geo_location":{ "type": "Point", "coordinates": [-89.5649, 34.8937] }},
{"zip_code":"39767","country":"US","city":"Stewart","state":"Mississippi","state_ab":"MS","county":"Montgomery","geo_location":{ "type": "Point", "coordinates": [-89.479, 33.5101] }},
{"zip_code":"39057","country":"US","city":"Conehatta","state":"Mississippi","state_ab":"MS","county":"Newton","geo_location":{ "type": "Point", "coordinates": [-89.269, 32.467] }},
{"zip_code":"39327","country":"US","city":"Decatur","state":"Mississippi","state_ab":"MS","county":"Newton","geo_location":{ "type": "Point", "coordinates": [-89.1168, 32.4358] }},
{"zip_code":"39341","country":"US","city":"Macon","state":"Mississippi","state_ab":"MS","county":"Noxubee","geo_location":{ "type": "Point", "coordinates": [-88.5781, 33.1027] }},
{"zip_code":"38621","country":"US","city":"Crenshaw","state":"Mississippi","state_ab":"MS","county":"Panola","geo_location":{ "type": "Point", "coordinates": [-90.1701, 34.4491] }},
{"zip_code":"39457","country":"US","city":"Mc Neill","state":"Mississippi","state_ab":"MS","county":"Pearl River","geo_location":{ "type": "Point", "coordinates": [-89.6734, 30.6669] }},
{"zip_code":"38841","country":"US","city":"Ecru","state":"Mississippi","state_ab":"MS","county":"Pontotoc","geo_location":{ "type": "Point", "coordinates": [-89.0109, 34.3366] }},
{"zip_code":"39161","country":"US","city":"Sandhill","state":"Mississippi","state_ab":"MS","county":"Rankin","geo_location":{ "type": "Point", "coordinates": [-89.8686, 32.4983] }},
{"zip_code":"39044","country":"US","city":"Braxton","state":"Mississippi","state_ab":"MS","county":"Simpson","geo_location":{ "type": "Point", "coordinates": [-89.9672, 32.0016] }},
{"zip_code":"39561","country":"US","city":"Mc Henry","state":"Mississippi","state_ab":"MS","county":"Stone","geo_location":{ "type": "Point", "coordinates": [-89.1536, 30.6975] }},
{"zip_code":"38737","country":"US","city":"Drew","state":"Mississippi","state_ab":"MS","county":"Sunflower","geo_location":{ "type": "Point", "coordinates": [-90.5406, 33.867] }},
{"zip_code":"38751","country":"US","city":"Indianola","state":"Mississippi","state_ab":"MS","county":"Sunflower","geo_location":{ "type": "Point", "coordinates": [-90.6087, 33.4434] }},
{"zip_code":"38957","country":"US","city":"Sumner","state":"Mississippi","state_ab":"MS","county":"Tallahatchie","geo_location":{ "type": "Point", "coordinates": [-90.3895, 33.9833] }},
{"zip_code":"38674","country":"US","city":"Tiplersville","state":"Mississippi","state_ab":"MS","county":"Tippah","geo_location":{ "type": "Point", "coordinates": [-88.9157, 34.9029] }},
{"zip_code":"38827","country":"US","city":"Belmont","state":"Mississippi","state_ab":"MS","county":"Tishomingo","geo_location":{ "type": "Point", "coordinates": [-88.2309, 34.5102] }},
{"zip_code":"39367","country":"US","city":"Waynesboro","state":"Mississippi","state_ab":"MS","county":"Wayne","geo_location":{ "type": "Point", "coordinates": [-88.6782, 31.6754] }},
{"zip_code":"59761","country":"US","city":"Wisdom","state":"Montana","state_ab":"MT","county":"Beaverhead","geo_location":{ "type": "Point", "coordinates": [-113.4729, 45.6519] }},
{"zip_code":"59527","country":"US","city":"Hays","state":"Montana","state_ab":"MT","county":"Blaine","geo_location":{ "type": "Point", "coordinates": [-108.8939, 48.3605] }},
{"zip_code":"59644","country":"US","city":"Townsend","state":"Montana","state_ab":"MT","county":"Broadwater","geo_location":{ "type": "Point", "coordinates": [-111.4919, 46.3346] }},
{"zip_code":"59051","country":"US","city":"Red Lodge","state":"Montana","state_ab":"MT","county":"Carbon County","geo_location":{ "type": "Point", "coordinates": [-109.4753, 45.2795] }},
{"zip_code":"59477","country":"US","city":"Simms","state":"Montana","state_ab":"MT","county":"Cascade","geo_location":{ "type": "Point", "coordinates": [-111.8861, 47.4958] }},
{"zip_code":"59424","country":"US","city":"Coffee Creek","state":"Montana","state_ab":"MT","county":"Fergus","geo_location":{ "type": "Point", "coordinates": [-110.0908, 47.3467] }},
{"zip_code":"59451","country":"US","city":"Hilger","state":"Montana","state_ab":"MT","county":"Fergus","geo_location":{ "type": "Point", "coordinates": [-109.4562, 47.2695] }},
{"zip_code":"59464","country":"US","city":"Moore","state":"Montana","state_ab":"MT","county":"Fergus","geo_location":{ "type": "Point", "coordinates": [-109.6538, 46.9898] }},
{"zip_code":"59901","country":"US","city":"Kalispell","state":"Montana","state_ab":"MT","county":"Flathead","geo_location":{ "type": "Point", "coordinates": [-114.3039, 48.2028] }},
{"zip_code":"59927","country":"US","city":"Olney","state":"Montana","state_ab":"MT","county":"Flathead","geo_location":{ "type": "Point", "coordinates": [-114.592, 48.5455] }},
{"zip_code":"59077","country":"US","city":"Sand Springs","state":"Montana","state_ab":"MT","county":"Garfield","geo_location":{ "type": "Point", "coordinates": [-107.0274, 47.4141] }},
{"zip_code":"59411","country":"US","city":"Babb","state":"Montana","state_ab":"MT","county":"Glacier","geo_location":{ "type": "Point", "coordinates": [-113.3681, 48.8788] }},
{"zip_code":"59837","country":"US","city":"Hall","state":"Montana","state_ab":"MT","county":"Granite","geo_location":{ "type": "Point", "coordinates": [-113.2087, 46.5825] }},
{"zip_code":"59501","country":"US","city":"Havre","state":"Montana","state_ab":"MT","county":"Hill","geo_location":{ "type": "Point", "coordinates": [-109.688, 48.5561] }},
{"zip_code":"59631","country":"US","city":"Basin","state":"Montana","state_ab":"MT","county":"Jefferson","geo_location":{ "type": "Point", "coordinates": [-112.1967, 46.3296] }},
{"zip_code":"59721","country":"US","city":"Cardwell","state":"Montana","state_ab":"MT","county":"Jefferson","geo_location":{ "type": "Point", "coordinates": [-111.7809, 45.8941] }},
{"zip_code":"59824","country":"US","city":"Charlo","state":"Montana","state_ab":"MT","county":"Lake","geo_location":{ "type": "Point", "coordinates": [-114.1761, 47.3124] }},
{"zip_code":"59864","country":"US","city":"Ronan","state":"Montana","state_ab":"MT","county":"Lake","geo_location":{ "type": "Point", "coordinates": [-114.1054, 47.5525] }},
{"zip_code":"59914","country":"US","city":"Dayton","state":"Montana","state_ab":"MT","county":"Lake","geo_location":{ "type": "Point", "coordinates": [-114.2809, 47.8607] }},
{"zip_code":"59604","country":"US","city":"Helena","state":"Montana","state_ab":"MT","county":"Lewis and Clark","geo_location":{ "type": "Point", "coordinates": [-111.9689, 46.6672] }},
{"zip_code":"59747","country":"US","city":"Pony","state":"Montana","state_ab":"MT","county":"Madison","geo_location":{ "type": "Point", "coordinates": [-112.0276, 45.2836] }},
{"zip_code":"59851","country":"US","city":"Milltown","state":"Montana","state_ab":"MT","county":"Missoula","geo_location":{ "type": "Point", "coordinates": [-113.8783, 46.8737] }},
{"zip_code":"59217","country":"US","city":"Crane","state":"Montana","state_ab":"MT","county":"Richland","geo_location":{ "type": "Point", "coordinates": [-104.1836, 47.711] }},
{"zip_code":"59347","country":"US","city":"Rosebud","state":"Montana","state_ab":"MT","county":"Rosebud","geo_location":{ "type": "Point", "coordinates": [-106.352, 46.4352] }},
{"zip_code":"59257","country":"US","city":"Redstone","state":"Montana","state_ab":"MT","county":"Sheridan","geo_location":{ "type": "Point", "coordinates": [-104.9402, 48.728] }},
{"zip_code":"59707","country":"US","city":"Butte","state":"Montana","state_ab":"MT","county":"Silver Bow","geo_location":{ "type": "Point", "coordinates": [-112.6377, 45.9053] }},
{"zip_code":"59011","country":"US","city":"Big Timber","state":"Montana","state_ab":"MT","county":"Sweet Grass","geo_location":{ "type": "Point", "coordinates": [-109.9631, 45.8283] }},
{"zip_code":"59231","country":"US","city":"Saint Marie","state":"Montana","state_ab":"MT","county":"Valley","geo_location":{ "type": "Point", "coordinates": [-106.5428, 48.4039] }},
{"zip_code":"59244","country":"US","city":"Larslan","state":"Montana","state_ab":"MT","county":"Valley","geo_location":{ "type": "Point", "coordinates": [-106.2835, 48.5822] }},
{"zip_code":"59024","country":"US","city":"Custer","state":"Montana","state_ab":"MT","county":"Yellowstone","geo_location":{ "type": "Point", "coordinates": [-107.5958, 46.1302] }},
{"zip_code":"59037","country":"US","city":"Huntley","state":"Montana","state_ab":"MT","county":"Yellowstone","geo_location":{ "type": "Point", "coordinates": [-108.285, 45.8905] }},
{"zip_code":"59064","country":"US","city":"Pompeys Pillar","state":"Montana","state_ab":"MT","county":"Yellowstone","geo_location":{ "type": "Point", "coordinates": [-107.9154, 45.9838] }},
{"zip_code":"59101","country":"US","city":"Billings","state":"Montana","state_ab":"MT","county":"Yellowstone","geo_location":{ "type": "Point", "coordinates": [-108.5005, 45.7745] }},
{"zip_code":"59114","country":"US","city":"Billings","state":"Montana","state_ab":"MT","county":"Yellowstone","geo_location":{ "type": "Point", "coordinates": [-108.1945, 45.9783] }},
{"zip_code":"27201","country":"US","city":"Alamance","state":"North Carolina","state_ab":"NC","county":"Alamance","geo_location":{ "type": "Point", "coordinates": [-79.4856, 36.0318] }},
{"zip_code":"28091","country":"US","city":"Lilesville","state":"North Carolina","state_ab":"NC","county":"Anson","geo_location":{ "type": "Point", "coordinates": [-79.9721, 34.9689] }},
{"zip_code":"28617","country":"US","city":"Crumpler","state":"North Carolina","state_ab":"NC","county":"Ashe","geo_location":{ "type": "Point", "coordinates": [-81.4039, 36.4641] }},
{"zip_code":"28631","country":"US","city":"Grassy Creek","state":"North Carolina","state_ab":"NC","county":"Ashe","geo_location":{ "type": "Point", "coordinates": [-81.4468, 36.5415] }},
{"zip_code":"28644","country":"US","city":"Laurel Springs","state":"North Carolina","state_ab":"NC","county":"Ashe","geo_location":{ "type": "Point", "coordinates": [-81.2606, 36.4449] }},
{"zip_code":"28684","country":"US","city":"Todd","state":"North Carolina","state_ab":"NC","county":"Ashe","geo_location":{ "type": "Point", "coordinates": [-81.5874, 36.3245] }},
{"zip_code":"28604","country":"US","city":"Banner Elk","state":"North Carolina","state_ab":"NC","county":"Avery","geo_location":{ "type": "Point", "coordinates": [-81.8412, 36.1705] }},
{"zip_code":"28657","country":"US","city":"Newland","state":"North Carolina","state_ab":"NC","county":"Avery","geo_location":{ "type": "Point", "coordinates": [-81.9303, 36.059] }},
{"zip_code":"27821","country":"US","city":"Edward","state":"North Carolina","state_ab":"NC","county":"Beaufort","geo_location":{ "type": "Point", "coordinates": [-76.8794, 35.3236] }},
{"zip_code":"27847","country":"US","city":"Kelford","state":"North Carolina","state_ab":"NC","county":"Bertie","geo_location":{ "type": "Point", "coordinates": [-77.1898, 36.1871] }},
{"zip_code":"27924","country":"US","city":"Colerain","state":"North Carolina","state_ab":"NC","county":"Bertie","geo_location":{ "type": "Point", "coordinates": [-76.8548, 36.1901] }},
{"zip_code":"28451","country":"US","city":"Leland","state":"North Carolina","state_ab":"NC","county":"Brunswick","geo_location":{ "type": "Point", "coordinates": [-78.0578, 34.268] }},
{"zip_code":"28787","country":"US","city":"Weaverville","state":"North Carolina","state_ab":"NC","county":"Buncombe","geo_location":{ "type": "Point", "coordinates": [-82.5491, 35.7126] }},
{"zip_code":"28671","country":"US","city":"Rutherford College","state":"North Carolina","state_ab":"NC","county":"Burke","geo_location":{ "type": "Point", "coordinates": [-81.5637, 35.7486] }},
{"zip_code":"28581","country":"US","city":"Stacy","state":"North Carolina","state_ab":"NC","county":"Carteret","geo_location":{ "type": "Point", "coordinates": [-76.4289, 34.8412] }},
{"zip_code":"28594","country":"US","city":"Emerald Isle","state":"North Carolina","state_ab":"NC","county":"Carteret","geo_location":{ "type": "Point", "coordinates": [-77.026, 34.6662] }},
{"zip_code":"27344","country":"US","city":"Siler City","state":"North Carolina","state_ab":"NC","county":"Chatham","geo_location":{ "type": "Point", "coordinates": [-79.4566, 35.7354] }},
{"zip_code":"28901","country":"US","city":"Andrews","state":"North Carolina","state_ab":"NC","county":"Cherokee","geo_location":{ "type": "Point", "coordinates": [-83.8228, 35.1959] }},
{"zip_code":"65634","country":"US","city":"Cross Timbers","state":"Missouri","state_ab":"MO","county":"Hickory","geo_location":{ "type": "Point", "coordinates": [-93.1978, 38.0239] }},
{"zip_code":"65724","country":"US","city":"Pittsburg","state":"Missouri","state_ab":"MO","county":"Hickory","geo_location":{ "type": "Point", "coordinates": [-93.3356, 37.8442] }},
{"zip_code":"64437","country":"US","city":"Craig","state":"Missouri","state_ab":"MO","county":"Holt","geo_location":{ "type": "Point", "coordinates": [-95.3291, 40.1267] }},
{"zip_code":"64451","country":"US","city":"Forest City","state":"Missouri","state_ab":"MO","county":"Holt","geo_location":{ "type": "Point", "coordinates": [-95.1916, 39.9897] }},
{"zip_code":"65274","country":"US","city":"New Franklin","state":"Missouri","state_ab":"MO","county":"Howard","geo_location":{ "type": "Point", "coordinates": [-92.7386, 39.02] }},
{"zip_code":"65777","country":"US","city":"Moody","state":"Missouri","state_ab":"MO","county":"Howell","geo_location":{ "type": "Point", "coordinates": [-91.9898, 36.533] }},
{"zip_code":"64051","country":"US","city":"Independence","state":"Missouri","state_ab":"MO","county":"Jackson","geo_location":{ "type": "Point", "coordinates": [-94.388, 39.0804] }},
{"zip_code":"64064","country":"US","city":"Lees Summit","state":"Missouri","state_ab":"MO","county":"Jackson","geo_location":{ "type": "Point", "coordinates": [-94.3652, 38.9953] }},
{"zip_code":"64101","country":"US","city":"Kansas City","state":"Missouri","state_ab":"MO","county":"Jackson","geo_location":{ "type": "Point", "coordinates": [-94.5986, 39.1024] }},
{"zip_code":"64114","country":"US","city":"Kansas City","state":"Missouri","state_ab":"MO","county":"Jackson","geo_location":{ "type": "Point", "coordinates": [-94.5959, 38.9621] }},
{"zip_code":"64127","country":"US","city":"Kansas City","state":"Missouri","state_ab":"MO","county":"Jackson","geo_location":{ "type": "Point", "coordinates": [-94.5366, 39.0883] }},
{"zip_code":"64141","country":"US","city":"Kansas City","state":"Missouri","state_ab":"MO","county":"Jackson","geo_location":{ "type": "Point", "coordinates": [-94.3567, 39.035] }},
{"zip_code":"64194","country":"US","city":"Kansas City","state":"Missouri","state_ab":"MO","county":"Jackson","geo_location":{ "type": "Point", "coordinates": [-94.3567, 39.035] }},
{"zip_code":"63047","country":"US","city":"Hematite","state":"Missouri","state_ab":"MO","county":"Jefferson","geo_location":{ "type": "Point", "coordinates": [-90.4725, 38.1941] }},
{"zip_code":"64761","country":"US","city":"Leeton","state":"Missouri","state_ab":"MO","county":"Johnson","geo_location":{ "type": "Point", "coordinates": [-93.7123, 38.6141] }},
{"zip_code":"63537","country":"US","city":"Edina","state":"Missouri","state_ab":"MO","county":"Knox","geo_location":{ "type": "Point", "coordinates": [-92.1455, 40.1795] }},
{"zip_code":"64011","country":"US","city":"Bates City","state":"Missouri","state_ab":"MO","county":"Lafayette","geo_location":{ "type": "Point", "coordinates": [-94.0798, 39.0219] }},
{"zip_code":"64037","country":"US","city":"Higginsville","state":"Missouri","state_ab":"MO","county":"Lafayette","geo_location":{ "type": "Point", "coordinates": [-93.7133, 39.0705] }},
{"zip_code":"63447","country":"US","city":"La Belle","state":"Missouri","state_ab":"MO","county":"Lewis","geo_location":{ "type": "Point", "coordinates": [-91.9171, 40.1164] }},
{"zip_code":"64631","country":"US","city":"Bucklin","state":"Missouri","state_ab":"MO","county":"Linn","geo_location":{ "type": "Point", "coordinates": [-92.8928, 39.8006] }},
{"zip_code":"65247","country":"US","city":"Excello","state":"Missouri","state_ab":"MO","county":"Macon","geo_location":{ "type": "Point", "coordinates": [-92.4757, 39.6455] }},
{"zip_code":"63461","country":"US","city":"Palmyra","state":"Missouri","state_ab":"MO","county":"Marion","geo_location":{ "type": "Point", "coordinates": [-91.5368, 39.7913] }},
{"zip_code":"63834","country":"US","city":"Charleston","state":"Missouri","state_ab":"MO","county":"Mississippi","geo_location":{ "type": "Point", "coordinates": [-89.3342, 36.9213] }},
{"zip_code":"65081","country":"US","city":"Tipton","state":"Missouri","state_ab":"MO","county":"Moniteau","geo_location":{ "type": "Point", "coordinates": [-92.7814, 38.6548] }},
{"zip_code":"63384","country":"US","city":"Wellsville","state":"Missouri","state_ab":"MO","county":"Montgomery","geo_location":{ "type": "Point", "coordinates": [-91.5645, 39.0765] }},
{"zip_code":"63874","country":"US","city":"Risco","state":"Missouri","state_ab":"MO","county":"New Madrid","geo_location":{ "type": "Point", "coordinates": [-89.77, 36.6783] }},
{"zip_code":"64864","country":"US","city":"Saginaw","state":"Missouri","state_ab":"MO","county":"Newton","geo_location":{ "type": "Point", "coordinates": [-94.339, 36.9023] }},
{"zip_code":"65791","country":"US","city":"Thayer","state":"Missouri","state_ab":"MO","county":"Oregon","geo_location":{ "type": "Point", "coordinates": [-91.5418, 36.5327] }},
{"zip_code":"65001","country":"US","city":"Argyle","state":"Missouri","state_ab":"MO","county":"Osage","geo_location":{ "type": "Point", "coordinates": [-92.0155, 38.2986] }},
{"zip_code":"65054","country":"US","city":"Loose Creek","state":"Missouri","state_ab":"MO","county":"Osage","geo_location":{ "type": "Point", "coordinates": [-91.9591, 38.4717] }},
{"zip_code":"65337","country":"US","city":"La Monte","state":"Missouri","state_ab":"MO","county":"Pettis","geo_location":{ "type": "Point", "coordinates": [-93.4313, 38.7753] }},
{"zip_code":"65401","country":"US","city":"Rolla","state":"Missouri","state_ab":"MO","county":"Phelps","geo_location":{ "type": "Point", "coordinates": [-91.7603, 37.9485] }},
{"zip_code":"63344","country":"US","city":"Eolia","state":"Missouri","state_ab":"MO","county":"Pike","geo_location":{ "type": "Point", "coordinates": [-91.0093, 39.2431] }},
{"zip_code":"63371","country":"US","city":"Paynesville","state":"Missouri","state_ab":"MO","county":"Pike County","geo_location":{ "type": "Point", "coordinates": [-90.9122, 39.2575] }},
{"zip_code":"64154","country":"US","city":"Kansas City","state":"Missouri","state_ab":"MO","county":"Platte","geo_location":{ "type": "Point", "coordinates": [-94.6354, 39.2547] }},
{"zip_code":"65674","country":"US","city":"Humansville","state":"Missouri","state_ab":"MO","county":"Polk","geo_location":{ "type": "Point", "coordinates": [-93.5795, 37.7923] }},
{"zip_code":"65584","country":"US","city":"Saint Robert","state":"Missouri","state_ab":"MO","county":"Pulaski","geo_location":{ "type": "Point", "coordinates": [-92.131, 37.8283] }},
{"zip_code":"63551","country":"US","city":"Livonia","state":"Missouri","state_ab":"MO","county":"Putnam","geo_location":{ "type": "Point", "coordinates": [-92.7241, 40.5112] }},
{"zip_code":"64077","country":"US","city":"Orrick","state":"Missouri","state_ab":"MO","county":"Ray","geo_location":{ "type": "Point", "coordinates": [-94.1239, 39.2116] }},
{"zip_code":"63654","country":"US","city":"Lesterville","state":"Missouri","state_ab":"MO","county":"Reynolds","geo_location":{ "type": "Point", "coordinates": [-90.8425, 37.482] }},
{"zip_code":"63304","country":"US","city":"Saint Charles","state":"Missouri","state_ab":"MO","county":"St. Charles","geo_location":{ "type": "Point", "coordinates": [-90.6234, 38.7378] }},
{"zip_code":"63627","country":"US","city":"Bloomsdale","state":"Missouri","state_ab":"MO","county":"Ste. Genevieve","geo_location":{ "type": "Point", "coordinates": [-90.2805, 38.0451] }},
{"zip_code":"63087","country":"US","city":"Valles Mines","state":"Missouri","state_ab":"MO","county":"St. Francois","geo_location":{ "type": "Point", "coordinates": [-90.4407, 37.9998] }},
{"zip_code":"63601","country":"US","city":"Park Hills","state":"Missouri","state_ab":"MO","county":"St. Francois","geo_location":{ "type": "Point", "coordinates": [-90.4885, 37.8498] }},
{"zip_code":"63021","country":"US","city":"Ballwin","state":"Missouri","state_ab":"MO","county":"St. Louis","geo_location":{ "type": "Point", "coordinates": [-90.5255, 38.577] }},
{"zip_code":"63034","country":"US","city":"Florissant","state":"Missouri","state_ab":"MO","county":"St. Louis","geo_location":{ "type": "Point", "coordinates": [-90.2936, 38.8338] }},
{"zip_code":"63074","country":"US","city":"Saint Ann","state":"Missouri","state_ab":"MO","county":"St. Louis","geo_location":{ "type": "Point", "coordinates": [-90.3864, 38.7259] }},
{"zip_code":"63124","country":"US","city":"Saint Louis","state":"Missouri","state_ab":"MO","county":"St. Louis","geo_location":{ "type": "Point", "coordinates": [-90.3776, 38.6372] }},
{"zip_code":"63137","country":"US","city":"Saint Louis","state":"Missouri","state_ab":"MO","county":"St. Louis","geo_location":{ "type": "Point", "coordinates": [-90.2131, 38.7468] }},
{"zip_code":"63151","country":"US","city":"Saint Louis","state":"Missouri","state_ab":"MO","county":"St. Louis","geo_location":{ "type": "Point", "coordinates": [-90.4271, 38.6383] }},
{"zip_code":"65351","country":"US","city":"Sweet Springs","state":"Missouri","state_ab":"MO","county":"Saline","geo_location":{ "type": "Point", "coordinates": [-93.4247, 38.966] }},
{"zip_code":"63771","country":"US","city":"Oran","state":"Missouri","state_ab":"MO","county":"Scott","geo_location":{ "type": "Point", "coordinates": [-89.6734, 37.087] }},
{"zip_code":"63784","country":"US","city":"Vanduser","state":"Missouri","state_ab":"MO","county":"Scott","geo_location":{ "type": "Point", "coordinates": [-89.6885, 36.9912] }},
{"zip_code":"63434","country":"US","city":"Bethel","state":"Missouri","state_ab":"MO","county":"Shelby","geo_location":{ "type": "Point", "coordinates": [-92.0316, 39.8922] }},
{"zip_code":"65737","country":"US","city":"Reeds Spring","state":"Missouri","state_ab":"MO","county":"Stone","geo_location":{ "type": "Point", "coordinates": [-93.3447, 36.6907] }},
{"zip_code":"65557","country":"US","city":"Roby","state":"Missouri","state_ab":"MO","county":"Texas","geo_location":{ "type": "Point", "coordinates": [-92.1323, 37.4994] }},
{"zip_code":"65571","country":"US","city":"Summersville","state":"Missouri","state_ab":"MO","county":"Texas","geo_location":{ "type": "Point", "coordinates": [-91.6828, 37.1484] }},
{"zip_code":"63357","country":"US","city":"Marthasville","state":"Missouri","state_ab":"MO","county":"Warren","geo_location":{ "type": "Point", "coordinates": [-91.1516, 38.6512] }},
{"zip_code":"63951","country":"US","city":"Lowndes","state":"Missouri","state_ab":"MO","county":"Wayne","geo_location":{ "type": "Point", "coordinates": [-90.2544, 37.1343] }},
{"zip_code":"63964","country":"US","city":"Silva","state":"Missouri","state_ab":"MO","county":"Wayne","geo_location":{ "type": "Point", "coordinates": [-90.4375, 37.2119] }},
{"zip_code":"65711","country":"US","city":"Mountain Grove","state":"Missouri","state_ab":"MO","county":"Wright","geo_location":{ "type": "Point", "coordinates": [-92.2839, 37.1626] }},
{"zip_code":"63111","country":"US","city":"Saint Louis","state":"Missouri","state_ab":"MO","county":"St. Louis (city)","geo_location":{ "type": "Point", "coordinates": [-90.2495, 38.5633] }},
{"zip_code":"63164","country":"US","city":"Saint Louis","state":"Missouri","state_ab":"MO","county":"St. Louis (city)","geo_location":{ "type": "Point", "coordinates": [-90.2435, 38.6531] }},
{"zip_code":"63177","country":"US","city":"Saint Louis","state":"Missouri","state_ab":"MO","county":"St. Louis (city)","geo_location":{ "type": "Point", "coordinates": [-90.2435, 38.6531] }},
{"zip_code":"39121","country":"US","city":"Natchez","state":"Mississippi","state_ab":"MS","county":"Adams","geo_location":{ "type": "Point", "coordinates": [-91.4044, 31.4706] }},
{"zip_code":"39664","country":"US","city":"Smithdale","state":"Mississippi","state_ab":"MS","county":"Amite","geo_location":{ "type": "Point", "coordinates": [-90.6752, 31.3672] }},
{"zip_code":"39107","country":"US","city":"Mc Adams","state":"Mississippi","state_ab":"MS","county":"Attala","geo_location":{ "type": "Point", "coordinates": [-89.6412, 33.0828] }},
{"zip_code":"38647","country":"US","city":"Michigan City","state":"Mississippi","state_ab":"MS","county":"Benton","geo_location":{ "type": "Point", "coordinates": [-89.2267, 34.9608] }},
{"zip_code":"38764","country":"US","city":"Pace","state":"Mississippi","state_ab":"MS","county":"Bolivar","geo_location":{ "type": "Point", "coordinates": [-90.9273, 33.7257] }},
{"zip_code":"38917","country":"US","city":"Carrollton","state":"Mississippi","state_ab":"MS","county":"Carroll","geo_location":{ "type": "Point", "coordinates": [-89.9506, 33.5208] }},
{"zip_code":"38854","country":"US","city":"Mc Condy","state":"Mississippi","state_ab":"MS","county":"Chickasaw","geo_location":{ "type": "Point", "coordinates": [-88.9554, 33.9068] }},
{"zip_code":"39741","country":"US","city":"Cedarbluff","state":"Mississippi","state_ab":"MS","county":"Clay","geo_location":{ "type": "Point", "coordinates": [-88.8267, 33.6162] }},
{"zip_code":"39754","country":"US","city":"Montpelier","state":"Mississippi","state_ab":"MS","county":"Clay","geo_location":{ "type": "Point", "coordinates": [-88.754, 33.6593] }},
{"zip_code":"39404","country":"US","city":"Hattiesburg","state":"Mississippi","state_ab":"MS","county":"Forrest","geo_location":{ "type": "Point", "coordinates": [-89.2948, 31.1721] }},
{"zip_code":"39521","country":"US","city":"Bay Saint Louis","state":"Mississippi","state_ab":"MS","county":"Hancock","geo_location":{ "type": "Point", "coordinates": [-89.4982, 30.4032] }},
{"zip_code":"39507","country":"US","city":"Gulfport","state":"Mississippi","state_ab":"MS","county":"Harrison","geo_location":{ "type": "Point", "coordinates": [-89.0353, 30.3962] }},
{"zip_code":"39534","country":"US","city":"Biloxi","state":"Mississippi","state_ab":"MS","county":"Harrison","geo_location":{ "type": "Point", "coordinates": [-88.9211, 30.4067] }},
{"zip_code":"39574","country":"US","city":"Saucier","state":"Mississippi","state_ab":"MS","county":"Harrison","geo_location":{ "type": "Point", "coordinates": [-89.1477, 30.5961] }},
{"zip_code":"39174","country":"US","city":"Tougaloo","state":"Mississippi","state_ab":"MS","county":"Hinds","geo_location":{ "type": "Point", "coordinates": [-90.1544, 32.3953] }},
{"zip_code":"16261","country":"US","city":"Widnoon","state":"Pennsylvania","state_ab":"PA","county":"Armstrong","geo_location":{ "type": "Point", "coordinates": [-79.4516, 40.8478] }},
{"zip_code":"15077","country":"US","city":"Shippingport","state":"Pennsylvania","state_ab":"PA","county":"Beaver","geo_location":{ "type": "Point", "coordinates": [-80.3863, 40.6025] }},
{"zip_code":"15554","country":"US","city":"New Paris","state":"Pennsylvania","state_ab":"PA","county":"Bedford","geo_location":{ "type": "Point", "coordinates": [-78.6184, 40.1254] }},
{"zip_code":"17211","country":"US","city":"Artemas","state":"Pennsylvania","state_ab":"PA","county":"Bedford","geo_location":{ "type": "Point", "coordinates": [-78.4031, 39.7575] }},
{"zip_code":"19541","country":"US","city":"Mohrsville","state":"Pennsylvania","state_ab":"PA","county":"Berks","geo_location":{ "type": "Point", "coordinates": [-76.0125, 40.4783] }},
{"zip_code":"19554","country":"US","city":"Shartlesville","state":"Pennsylvania","state_ab":"PA","county":"Berks","geo_location":{ "type": "Point", "coordinates": [-76.1413, 40.5052] }},
{"zip_code":"19567","country":"US","city":"Womelsdorf","state":"Pennsylvania","state_ab":"PA","county":"Berks","geo_location":{ "type": "Point", "coordinates": [-76.1985, 40.3743] }},
{"zip_code":"19604","country":"US","city":"Reading","state":"Pennsylvania","state_ab":"PA","county":"Berks","geo_location":{ "type": "Point", "coordinates": [-75.9143, 40.3507] }},
{"zip_code":"18911","country":"US","city":"Blooming Glen","state":"Pennsylvania","state_ab":"PA","county":"Bucks","geo_location":{ "type": "Point", "coordinates": [-75.1028, 40.3286] }},
{"zip_code":"18951","country":"US","city":"Quakertown","state":"Pennsylvania","state_ab":"PA","county":"Bucks","geo_location":{ "type": "Point", "coordinates": [-75.3507, 40.4411] }},
{"zip_code":"18977","country":"US","city":"Washington Crossing","state":"Pennsylvania","state_ab":"PA","county":"Bucks","geo_location":{ "type": "Point", "coordinates": [-74.8778, 40.2849] }},
{"zip_code":"18991","country":"US","city":"Warminster","state":"Pennsylvania","state_ab":"PA","county":"Bucks","geo_location":{ "type": "Point", "coordinates": [-75.1028, 40.3286] }},
{"zip_code":"16001","country":"US","city":"Butler","state":"Pennsylvania","state_ab":"PA","county":"Butler","geo_location":{ "type": "Point", "coordinates": [-79.934, 40.8859] }},
{"zip_code":"16027","country":"US","city":"Connoquenessing","state":"Pennsylvania","state_ab":"PA","county":"Butler","geo_location":{ "type": "Point", "coordinates": [-80.0138, 40.8264] }},
{"zip_code":"16041","country":"US","city":"Karns City","state":"Pennsylvania","state_ab":"PA","county":"Butler","geo_location":{ "type": "Point", "coordinates": [-79.716, 41.0022] }},
{"zip_code":"15901","country":"US","city":"Johnstown","state":"Pennsylvania","state_ab":"PA","county":"Cambria","geo_location":{ "type": "Point", "coordinates": [-78.9141, 40.326] }},
{"zip_code":"15927","country":"US","city":"Colver","state":"Pennsylvania","state_ab":"PA","county":"Cambria","geo_location":{ "type": "Point", "coordinates": [-78.7865, 40.5383] }},
{"zip_code":"18254","country":"US","city":"Tresckow","state":"Pennsylvania","state_ab":"PA","county":"Carbon","geo_location":{ "type": "Point", "coordinates": [-75.9657, 40.9159] }},
{"zip_code":"16801","country":"US","city":"State College","state":"Pennsylvania","state_ab":"PA","county":"Centre","geo_location":{ "type": "Point", "coordinates": [-77.8523, 40.7925] }},
{"zip_code":"16827","country":"US","city":"Boalsburg","state":"Pennsylvania","state_ab":"PA","county":"Centre","geo_location":{ "type": "Point", "coordinates": [-77.7822, 40.7793] }},
{"zip_code":"16841","country":"US","city":"Howard","state":"Pennsylvania","state_ab":"PA","county":"Centre","geo_location":{ "type": "Point", "coordinates": [-77.6702, 41.0203] }},
{"zip_code":"16854","country":"US","city":"Millheim","state":"Pennsylvania","state_ab":"PA","county":"Centre","geo_location":{ "type": "Point", "coordinates": [-77.4733, 40.8935] }},
{"zip_code":"19347","country":"US","city":"Kemblesville","state":"Pennsylvania","state_ab":"PA","county":"Chester","geo_location":{ "type": "Point", "coordinates": [-75.7481, 39.9832] }},
{"zip_code":"19374","country":"US","city":"Toughkenamon","state":"Pennsylvania","state_ab":"PA","county":"Chester","geo_location":{ "type": "Point", "coordinates": [-75.8481, 39.8728] }},
{"zip_code":"16054","country":"US","city":"Saint Petersburg","state":"Pennsylvania","state_ab":"PA","county":"Clarion","geo_location":{ "type": "Point", "coordinates": [-79.4538, 41.2023] }},
{"zip_code":"16221","country":"US","city":"Curllsville","state":"Pennsylvania","state_ab":"PA","county":"Clarion","geo_location":{ "type": "Point", "coordinates": [-79.4538, 41.2023] }},
{"zip_code":"16234","country":"US","city":"Limestone","state":"Pennsylvania","state_ab":"PA","county":"Clarion","geo_location":{ "type": "Point", "coordinates": [-79.4538, 41.2023] }},
{"zip_code":"15721","country":"US","city":"Burnside","state":"Pennsylvania","state_ab":"PA","county":"Clearfield","geo_location":{ "type": "Point", "coordinates": [-78.7865, 40.8134] }},
{"zip_code":"16661","country":"US","city":"Madera","state":"Pennsylvania","state_ab":"PA","county":"Clearfield","geo_location":{ "type": "Point", "coordinates": [-78.4275, 40.8271] }},
{"zip_code":"16881","country":"US","city":"Woodland","state":"Pennsylvania","state_ab":"PA","county":"Clearfield","geo_location":{ "type": "Point", "coordinates": [-78.3214, 41.0098] }},
{"zip_code":"17767","country":"US","city":"Salona","state":"Pennsylvania","state_ab":"PA","county":"Clinton","geo_location":{ "type": "Point", "coordinates": [-77.6185, 41.2206] }},
{"zip_code":"16131","country":"US","city":"Hartstown","state":"Pennsylvania","state_ab":"PA","county":"Crawford","geo_location":{ "type": "Point", "coordinates": [-80.3813, 41.5509] }},
{"zip_code":"17057","country":"US","city":"Middletown","state":"Pennsylvania","state_ab":"PA","county":"Dauphin","geo_location":{ "type": "Point", "coordinates": [-76.7331, 40.2041] }},
{"zip_code":"17097","country":"US","city":"Wiconisco","state":"Pennsylvania","state_ab":"PA","county":"Dauphin","geo_location":{ "type": "Point", "coordinates": [-76.6569, 40.5737] }},
{"zip_code":"17107","country":"US","city":"Harrisburg","state":"Pennsylvania","state_ab":"PA","county":"Dauphin","geo_location":{ "type": "Point", "coordinates": [-76.8764, 40.297] }},
{"zip_code":"17121","country":"US","city":"Harrisburg","state":"Pennsylvania","state_ab":"PA","county":"Dauphin","geo_location":{ "type": "Point", "coordinates": [-76.8938, 40.2944] }},
{"zip_code":"19037","country":"US","city":"Glen Riddle Lima","state":"Pennsylvania","state_ab":"PA","county":"Delaware","geo_location":{ "type": "Point", "coordinates": [-75.406, 39.934] }},
{"zip_code":"19064","country":"US","city":"Springfield","state":"Pennsylvania","state_ab":"PA","county":"Delaware","geo_location":{ "type": "Point", "coordinates": [-75.3338, 39.9296] }},
{"zip_code":"19091","country":"US","city":"Media","state":"Pennsylvania","state_ab":"PA","county":"Delaware","geo_location":{ "type": "Point", "coordinates": [-75.406, 39.934] }},
{"zip_code":"16401","country":"US","city":"Albion","state":"Pennsylvania","state_ab":"PA","county":"Erie","geo_location":{ "type": "Point", "coordinates": [-80.3111, 41.8947] }},
{"zip_code":"16427","country":"US","city":"Mill Village","state":"Pennsylvania","state_ab":"PA","county":"Erie","geo_location":{ "type": "Point", "coordinates": [-79.9692, 41.8773] }},
{"zip_code":"16441","country":"US","city":"Waterford","state":"Pennsylvania","state_ab":"PA","county":"Erie","geo_location":{ "type": "Point", "coordinates": [-79.9996, 41.9603] }},
{"zip_code":"16504","country":"US","city":"Erie","state":"Pennsylvania","state_ab":"PA","county":"Erie","geo_location":{ "type": "Point", "coordinates": [-80.0521, 42.1108] }},
{"zip_code":"16531","country":"US","city":"Erie","state":"Pennsylvania","state_ab":"PA","county":"Erie","geo_location":{ "type": "Point", "coordinates": [-80.0649, 42.1827] }},
{"zip_code":"16544","country":"US","city":"Erie","state":"Pennsylvania","state_ab":"PA","county":"Erie","geo_location":{ "type": "Point", "coordinates": [-80.0649, 42.1827] }},
{"zip_code":"15437","country":"US","city":"Farmington","state":"Pennsylvania","state_ab":"PA","county":"Fayette","geo_location":{ "type": "Point", "coordinates": [-79.5832, 39.807] }},
{"zip_code":"15451","country":"US","city":"Lake Lynn","state":"Pennsylvania","state_ab":"PA","county":"Fayette","geo_location":{ "type": "Point", "coordinates": [-79.8618, 39.7501] }},
{"zip_code":"15464","country":"US","city":"Mill Run","state":"Pennsylvania","state_ab":"PA","county":"Fayette","geo_location":{ "type": "Point", "coordinates": [-79.4622, 39.968] }},
{"zip_code":"15631","country":"US","city":"Everson","state":"Pennsylvania","state_ab":"PA","county":"Fayette","geo_location":{ "type": "Point", "coordinates": [-79.5873, 40.0911] }},
{"zip_code":"17224","country":"US","city":"Fort Loudon","state":"Pennsylvania","state_ab":"PA","county":"Franklin","geo_location":{ "type": "Point", "coordinates": [-77.8984, 39.9547] }},
{"zip_code":"17237","country":"US","city":"Mont Alto","state":"Pennsylvania","state_ab":"PA","county":"Franklin","geo_location":{ "type": "Point", "coordinates": [-77.5537, 39.8417] }},
{"zip_code":"17251","country":"US","city":"Roxbury","state":"Pennsylvania","state_ab":"PA","county":"Franklin","geo_location":{ "type": "Point", "coordinates": [-77.6706, 40.1127] }},
{"zip_code":"15334","country":"US","city":"Garards Fort","state":"Pennsylvania","state_ab":"PA","county":"Greene","geo_location":{ "type": "Point", "coordinates": [-79.9679, 39.8083] }},
{"zip_code":"16621","country":"US","city":"Broad Top","state":"Pennsylvania","state_ab":"PA","county":"Huntingdon","geo_location":{ "type": "Point", "coordinates": [-78.1406, 40.2019] }},
{"zip_code":"16634","country":"US","city":"Dudley","state":"Pennsylvania","state_ab":"PA","county":"Huntingdon","geo_location":{ "type": "Point", "coordinates": [-77.967, 40.4025] }},
{"zip_code":"16647","country":"US","city":"Hesston","state":"Pennsylvania","state_ab":"PA","county":"Huntingdon","geo_location":{ "type": "Point", "coordinates": [-78.1281, 40.4121] }},
{"zip_code":"16674","country":"US","city":"Robertsdale","state":"Pennsylvania","state_ab":"PA","county":"Huntingdon","geo_location":{ "type": "Point", "coordinates": [-78.1117, 40.1787] }},
{"zip_code":"17264","country":"US","city":"Three Springs","state":"Pennsylvania","state_ab":"PA","county":"Huntingdon","geo_location":{ "type": "Point", "coordinates": [-77.9941, 40.1834] }},
{"zip_code":"15734","country":"US","city":"Dixonville","state":"Pennsylvania","state_ab":"PA","county":"Indiana","geo_location":{ "type": "Point", "coordinates": [-78.9795, 40.7188] }},
{"zip_code":"15747","country":"US","city":"Home","state":"Pennsylvania","state_ab":"PA","county":"Indiana","geo_location":{ "type": "Point", "coordinates": [-79.1641, 40.7834] }},
{"zip_code":"15761","country":"US","city":"Mentcle","state":"Pennsylvania","state_ab":"PA","county":"Indiana","geo_location":{ "type": "Point", "coordinates": [-78.887, 40.6201] }},
{"zip_code":"15824","country":"US","city":"Brockway","state":"Pennsylvania","state_ab":"PA","county":"Jefferson","geo_location":{ "type": "Point", "coordinates": [-78.8116, 41.2406] }},
{"zip_code":"15851","country":"US","city":"Reynoldsville","state":"Pennsylvania","state_ab":"PA","county":"Jefferson","geo_location":{ "type": "Point", "coordinates": [-78.8961, 41.0629] }},
{"zip_code":"15864","country":"US","city":"Summerville","state":"Pennsylvania","state_ab":"PA","county":"Jefferson","geo_location":{ "type": "Point", "coordinates": [-79.1726, 41.1058] }},
{"zip_code":"18407","country":"US","city":"Carbondale","state":"Pennsylvania","state_ab":"PA","county":"Lackawanna","geo_location":{ "type": "Point", "coordinates": [-75.5056, 41.5831] }},
{"zip_code":"18434","country":"US","city":"Jessup","state":"Pennsylvania","state_ab":"PA","county":"Lackawanna","geo_location":{ "type": "Point", "coordinates": [-75.5689, 41.4724] }},
{"zip_code":"18447","country":"US","city":"Olyphant","state":"Pennsylvania","state_ab":"PA","county":"Lackawanna","geo_location":{ "type": "Point", "coordinates": [-75.6015, 41.4677] }},
{"zip_code":"18577","country":"US","city":"Scranton","state":"Pennsylvania","state_ab":"PA","county":"Lackawanna","geo_location":{ "type": "Point", "coordinates": [-75.6376, 41.4019] }},
{"zip_code":"17507","country":"US","city":"Bowmansville","state":"Pennsylvania","state_ab":"PA","county":"Lancaster","geo_location":{ "type": "Point", "coordinates": [-76.016, 40.1966] }},
{"zip_code":"17521","country":"US","city":"Elm","state":"Pennsylvania","state_ab":"PA","county":"Lancaster","geo_location":{ "type": "Point", "coordinates": [-76.3464, 40.2044] }},
{"zip_code":"17534","country":"US","city":"Intercourse","state":"Pennsylvania","state_ab":"PA","county":"Lancaster","geo_location":{ "type": "Point", "coordinates": [-76.1069, 40.0367] }},
{"zip_code":"17547","country":"US","city":"Marietta","state":"Pennsylvania","state_ab":"PA","county":"Lancaster","geo_location":{ "type": "Point", "coordinates": [-76.5645, 40.0664] }},
{"zip_code":"17611","country":"US","city":"Lancaster","state":"Pennsylvania","state_ab":"PA","county":"Lancaster County","geo_location":{ "type": "Point", "coordinates": [-76.3794, 40.079] }},
{"zip_code":"19501","country":"US","city":"Adamstown","state":"Pennsylvania","state_ab":"PA","county":"Lancaster","geo_location":{ "type": "Point", "coordinates": [-76.0577, 40.2423] }},
{"zip_code":"16117","country":"US","city":"Ellwood City","state":"Pennsylvania","state_ab":"PA","county":"Lawrence","geo_location":{ "type": "Point", "coordinates": [-80.2559, 40.8729] }},
{"zip_code":"16157","country":"US","city":"Wampum","state":"Pennsylvania","state_ab":"PA","county":"Lawrence","geo_location":{ "type": "Point", "coordinates": [-80.3392, 40.8819] }},
{"zip_code":"18034","country":"US","city":"Center Valley","state":"Pennsylvania","state_ab":"PA","county":"Lehigh","geo_location":{ "type": "Point", "coordinates": [-75.4242, 40.5396] }},
{"zip_code":"18087","country":"US","city":"Trexlertown","state":"Pennsylvania","state_ab":"PA","county":"Lehigh","geo_location":{ "type": "Point", "coordinates": [-75.5961, 40.5482] }},
{"zip_code":"18201","country":"US","city":"Hazleton","state":"Pennsylvania","state_ab":"PA","county":"Luzerne","geo_location":{ "type": "Point", "coordinates": [-75.9563, 40.9488] }},
{"zip_code":"18601","country":"US","city":"Beach Haven","state":"Pennsylvania","state_ab":"PA","county":"Luzerne","geo_location":{ "type": "Point", "coordinates": [-75.8801, 41.2722] }},
{"zip_code":"18627","country":"US","city":"Lehman","state":"Pennsylvania","state_ab":"PA","county":"Luzerne","geo_location":{ "type": "Point", "coordinates": [-76.021, 41.3166] }},
{"zip_code":"18641","country":"US","city":"Pittston","state":"Pennsylvania","state_ab":"PA","county":"Luzerne","geo_location":{ "type": "Point", "coordinates": [-75.7304, 41.3361] }},
{"zip_code":"18654","country":"US","city":"Shawanese","state":"Pennsylvania","state_ab":"PA","county":"Luzerne","geo_location":{ "type": "Point", "coordinates": [-76.0319, 41.3501] }},
{"zip_code":"18704","country":"US","city":"Kingston","state":"Pennsylvania","state_ab":"PA","county":"Luzerne","geo_location":{ "type": "Point", "coordinates": [-75.8903, 41.2742] }},
{"zip_code":"17701","country":"US","city":"Williamsport","state":"Pennsylvania","state_ab":"PA","county":"Lycoming","geo_location":{ "type": "Point", "coordinates": [-76.9583, 41.2667] }},
{"zip_code":"17727","country":"US","city":"Cedar Run","state":"Pennsylvania","state_ab":"PA","county":"Lycoming","geo_location":{ "type": "Point", "coordinates": [-77.4917, 41.5299] }},
{"zip_code":"17754","country":"US","city":"Montoursville","state":"Pennsylvania","state_ab":"PA","county":"Lycoming","geo_location":{ "type": "Point", "coordinates": [-76.903, 41.2663] }},
{"zip_code":"16724","country":"US","city":"Crosby","state":"Pennsylvania","state_ab":"PA","county":"McKean","geo_location":{ "type": "Point", "coordinates": [-78.5797, 41.8011] }},
{"zip_code":"16751","country":"US","city":"Westline","state":"Pennsylvania","state_ab":"PA","county":"McKean","geo_location":{ "type": "Point", "coordinates": [-78.5797, 41.8011] }},
{"zip_code":"16311","country":"US","city":"Carlton","state":"Pennsylvania","state_ab":"PA","county":"Mercer","geo_location":{ "type": "Point", "coordinates": [-80.0203, 41.4815] }},
{"zip_code":"17004","country":"US","city":"Belleville","state":"Pennsylvania","state_ab":"PA","county":"Mifflin","geo_location":{ "type": "Point", "coordinates": [-77.7358, 40.6016] }},
{"zip_code":"17044","country":"US","city":"Lewistown","state":"Pennsylvania","state_ab":"PA","county":"Mifflin","geo_location":{ "type": "Point", "coordinates": [-77.5756, 40.5994] }},
{"zip_code":"17084","country":"US","city":"Reedsville","state":"Pennsylvania","state_ab":"PA","county":"Mifflin","geo_location":{ "type": "Point", "coordinates": [-77.6116, 40.6722] }},
{"zip_code":"18331","country":"US","city":"Gilbert","state":"Pennsylvania","state_ab":"PA","county":"Monroe","geo_location":{ "type": "Point", "coordinates": [-75.4314, 40.9089] }},
{"zip_code":"18344","country":"US","city":"Mount Pocono","state":"Pennsylvania","state_ab":"PA","county":"Monroe","geo_location":{ "type": "Point", "coordinates": [-75.3529, 41.1216] }},
{"zip_code":"18357","country":"US","city":"Skytop","state":"Pennsylvania","state_ab":"PA","county":"Monroe","geo_location":{ "type": "Point", "coordinates": [-75.2389, 41.2336] }},
{"zip_code":"18074","country":"US","city":"Perkiomenville","state":"Pennsylvania","state_ab":"PA","county":"Montgomery","geo_location":{ "type": "Point", "coordinates": [-75.5022, 40.3157] }},
{"zip_code":"18924","country":"US","city":"Franconia","state":"Pennsylvania","state_ab":"PA","county":"Montgomery","geo_location":{ "type": "Point", "coordinates": [-75.3586, 40.3081] }},
{"zip_code":"18964","country":"US","city":"Souderton","state":"Pennsylvania","state_ab":"PA","county":"Montgomery","geo_location":{ "type": "Point", "coordinates": [-75.341, 40.2884] }},
{"zip_code":"19424","country":"US","city":"Blue Bell","state":"Pennsylvania","state_ab":"PA","county":"Montgomery","geo_location":{ "type": "Point", "coordinates": [-75.3559, 40.2119] }},
{"zip_code":"19437","country":"US","city":"Gwynedd Valley","state":"Pennsylvania","state_ab":"PA","county":"Montgomery","geo_location":{ "type": "Point", "coordinates": [-75.2579, 40.1811] }},
{"zip_code":"19451","country":"US","city":"Mainland","state":"Pennsylvania","state_ab":"PA","county":"Montgomery","geo_location":{ "type": "Point", "coordinates": [-75.3559, 40.2119] }},
{"zip_code":"19464","country":"US","city":"Pottstown","state":"Pennsylvania","state_ab":"PA","county":"Montgomery","geo_location":{ "type": "Point", "coordinates": [-75.6172, 40.2635] }},
{"zip_code":"19477","country":"US","city":"Spring House","state":"Pennsylvania","state_ab":"PA","county":"Montgomery","geo_location":{ "type": "Point", "coordinates": [-75.2327, 40.1839] }},
{"zip_code":"17884","country":"US","city":"Washingtonville","state":"Pennsylvania","state_ab":"PA","county":"Montour","geo_location":{ "type": "Point", "coordinates": [-76.6536, 41.0273] }},
{"zip_code":"17017","country":"US","city":"Dalmatia","state":"Pennsylvania","state_ab":"PA","county":"Northumberland","geo_location":{ "type": "Point", "coordinates": [-76.8797, 40.6483] }},
{"zip_code":"17857","country":"US","city":"Northumberland","state":"Pennsylvania","state_ab":"PA","county":"Northumberland","geo_location":{ "type": "Point", "coordinates": [-76.7908, 40.9044] }},
{"zip_code":"17031","country":"US","city":"Green Park","state":"Pennsylvania","state_ab":"PA","county":"Perry","geo_location":{ "type": "Point", "coordinates": [-77.2926, 40.4068] }},
{"zip_code":"17071","country":"US","city":"New Germantown","state":"Pennsylvania","state_ab":"PA","county":"Perry","geo_location":{ "type": "Point", "coordinates": [-77.2926, 40.4068] }},
{"zip_code":"19101","country":"US","city":"Philadelphia","state":"Pennsylvania","state_ab":"PA","county":"Philadelphia","geo_location":{ "type": "Point", "coordinates": [-75.1179, 40.0018] }},
{"zip_code":"19114","country":"US","city":"Philadelphia","state":"Pennsylvania","state_ab":"PA","county":"Philadelphia","geo_location":{ "type": "Point", "coordinates": [-74.999, 40.0634] }},
{"zip_code":"19127","country":"US","city":"Philadelphia","state":"Pennsylvania","state_ab":"PA","county":"Philadelphia","geo_location":{ "type": "Point", "coordinates": [-75.2242, 40.0275] }},
{"zip_code":"19141","country":"US","city":"Philadelphia","state":"Pennsylvania","state_ab":"PA","county":"Philadelphia","geo_location":{ "type": "Point", "coordinates": [-75.1451, 40.0365] }},
{"zip_code":"19154","country":"US","city":"Philadelphia","state":"Pennsylvania","state_ab":"PA","county":"Philadelphia","geo_location":{ "type": "Point", "coordinates": [-74.9781, 40.0897] }},
{"zip_code":"19181","country":"US","city":"Philadelphia","state":"Pennsylvania","state_ab":"PA","county":"Philadelphia","geo_location":{ "type": "Point", "coordinates": [-75.1179, 40.0018] }},
{"zip_code":"19194","country":"US","city":"Philadelphia","state":"Pennsylvania","state_ab":"PA","county":"Philadelphia","geo_location":{ "type": "Point", "coordinates": [-75.1179, 40.0018] }},
{"zip_code":"19244","country":"US","city":"Philadelphia","state":"Pennsylvania","state_ab":"PA","county":"Philadelphia","geo_location":{ "type": "Point", "coordinates": [-75.1179, 40.0018] }},
{"zip_code":"18371","country":"US","city":"Tamiment","state":"Pennsylvania","state_ab":"PA","county":"Pike","geo_location":{ "type": "Point", "coordinates": [-75.0241, 41.3409] }},
{"zip_code":"17921","country":"US","city":"Ashland","state":"Pennsylvania","state_ab":"PA","county":"Schuylkill","geo_location":{ "type": "Point", "coordinates": [-76.343, 40.7732] }},
{"zip_code":"17934","country":"US","city":"Gilberton","state":"Pennsylvania","state_ab":"PA","county":"Schuylkill","geo_location":{ "type": "Point", "coordinates": [-76.2155, 40.7986] }},
{"zip_code":"17961","country":"US","city":"Orwigsburg","state":"Pennsylvania","state_ab":"PA","county":"Schuylkill","geo_location":{ "type": "Point", "coordinates": [-76.084, 40.6431] }},
{"zip_code":"17974","country":"US","city":"Seltzer","state":"Pennsylvania","state_ab":"PA","county":"Schuylkill","geo_location":{ "type": "Point", "coordinates": [-76.2273, 40.6906] }},
{"zip_code":"18214","country":"US","city":"Barnesville","state":"Pennsylvania","state_ab":"PA","county":"Schuylkill","geo_location":{ "type": "Point", "coordinates": [-76.0611, 40.8138] }},
{"zip_code":"18241","country":"US","city":"Nuremberg","state":"Pennsylvania","state_ab":"PA","county":"Schuylkill","geo_location":{ "type": "Point", "coordinates": [-76.146, 40.9454] }},
{"zip_code":"17831","country":"US","city":"Hummels Wharf","state":"Pennsylvania","state_ab":"PA","county":"Snyder","geo_location":{ "type": "Point", "coordinates": [-76.8354, 40.8344] }},
{"zip_code":"15411","country":"US","city":"Addison","state":"Pennsylvania","state_ab":"PA","county":"Somerset","geo_location":{ "type": "Point", "coordinates": [-79.3454, 39.7476] }},
{"zip_code":"15424","country":"US","city":"Confluence","state":"Pennsylvania","state_ab":"PA","county":"Somerset","geo_location":{ "type": "Point", "coordinates": [-79.3064, 39.8243] }},
{"zip_code":"15501","country":"US","city":"Somerset","state":"Pennsylvania","state_ab":"PA","county":"Somerset","geo_location":{ "type": "Point", "coordinates": [-79.0808, 40.0248] }},
{"zip_code":"15541","country":"US","city":"Friedens","state":"Pennsylvania","state_ab":"PA","county":"Somerset","geo_location":{ "type": "Point", "coordinates": [-78.9033, 40.011] }},
{"zip_code":"18614","country":"US","city":"Dushore","state":"Pennsylvania","state_ab":"PA","county":"Sullivan","geo_location":{ "type": "Point", "coordinates": [-76.4021, 41.5232] }},
{"zip_code":"18421","country":"US","city":"Forest City","state":"Pennsylvania","state_ab":"PA","county":"Susquehanna","geo_location":{ "type": "Point", "coordinates": [-75.5313, 41.6523] }},
{"zip_code":"18821","country":"US","city":"Great Bend","state":"Pennsylvania","state_ab":"PA","county":"Susquehanna","geo_location":{ "type": "Point", "coordinates": [-75.7327, 41.9775] }},
{"zip_code":"18834","country":"US","city":"New Milford","state":"Pennsylvania","state_ab":"PA","county":"Susquehanna","geo_location":{ "type": "Point", "coordinates": [-75.7171, 41.8664] }},
{"zip_code":"18847","country":"US","city":"Susquehanna","state":"Pennsylvania","state_ab":"PA","county":"Susquehanna","geo_location":{ "type": "Point", "coordinates": [-75.5862, 41.9487] }},
{"zip_code":"16917","country":"US","city":"Covington","state":"Pennsylvania","state_ab":"PA","county":"Tioga","geo_location":{ "type": "Point", "coordinates": [-77.0005, 41.7695] }},
{"zip_code":"17844","country":"US","city":"Mifflinburg","state":"Pennsylvania","state_ab":"PA","county":"Union","geo_location":{ "type": "Point", "coordinates": [-77.0505, 40.9218] }},
{"zip_code":"16364","country":"US","city":"Venus","state":"Pennsylvania","state_ab":"PA","county":"Venango","geo_location":{ "type": "Point", "coordinates": [-79.5048, 41.3761] }},
{"zip_code":"16351","country":"US","city":"Tidioute","state":"Pennsylvania","state_ab":"PA","county":"Warren","geo_location":{ "type": "Point", "coordinates": [-79.3752, 41.703] }},
{"zip_code":"15321","country":"US","city":"Cecil","state":"Pennsylvania","state_ab":"PA","county":"Washington","geo_location":{ "type": "Point", "coordinates": [-80.1879, 40.3234] }},
{"zip_code":"15347","country":"US","city":"Meadow Lands","state":"Pennsylvania","state_ab":"PA","county":"Washington","geo_location":{ "type": "Point", "coordinates": [-80.2269, 40.2174] }},
{"zip_code":"15361","country":"US","city":"Southview","state":"Pennsylvania","state_ab":"PA","county":"Washington","geo_location":{ "type": "Point", "coordinates": [-80.2563, 40.3282] }},
{"zip_code":"15477","country":"US","city":"Roscoe","state":"Pennsylvania","state_ab":"PA","county":"Washington","geo_location":{ "type": "Point", "coordinates": [-79.8656, 40.0787] }},
{"zip_code":"18461","country":"US","city":"Starlight","state":"Pennsylvania","state_ab":"PA","county":"Wayne","geo_location":{ "type": "Point", "coordinates": [-75.3212, 41.9251] }},
{"zip_code":"15617","country":"US","city":"Arona","state":"Pennsylvania","state_ab":"PA","county":"Westmoreland","geo_location":{ "type": "Point", "coordinates": [-79.6591, 40.268] }},
{"zip_code":"15644","country":"US","city":"Jeannette","state":"Pennsylvania","state_ab":"PA","county":"Westmoreland","geo_location":{ "type": "Point", "coordinates": [-79.6144, 40.3295] }},
{"zip_code":"15671","country":"US","city":"New Derry","state":"Pennsylvania","state_ab":"PA","county":"Westmoreland","geo_location":{ "type": "Point", "coordinates": [-79.3225, 40.3494] }},
{"zip_code":"15684","country":"US","city":"Slickville","state":"Pennsylvania","state_ab":"PA","county":"Westmoreland","geo_location":{ "type": "Point", "coordinates": [-79.5067, 40.4653] }},
{"zip_code":"15697","country":"US","city":"Youngwood","state":"Pennsylvania","state_ab":"PA","county":"Westmoreland","geo_location":{ "type": "Point", "coordinates": [-79.5823, 40.2395] }},
{"zip_code":"15954","country":"US","city":"Seward","state":"Pennsylvania","state_ab":"PA","county":"Westmoreland","geo_location":{ "type": "Point", "coordinates": [-79.0232, 40.4099] }},
{"zip_code":"17314","country":"US","city":"Delta","state":"Pennsylvania","state_ab":"PA","county":"York","geo_location":{ "type": "Point", "coordinates": [-76.3441, 39.7518] }},
{"zip_code":"17327","country":"US","city":"Glen Rock","state":"Pennsylvania","state_ab":"PA","county":"York","geo_location":{ "type": "Point", "coordinates": [-76.7477, 39.7813] }},
{"zip_code":"17354","country":"US","city":"Porters Sideling","state":"Pennsylvania","state_ab":"PA","county":"York","geo_location":{ "type": "Point", "coordinates": [-76.8993, 39.8246] }},
{"zip_code":"17404","country":"US","city":"York","state":"Pennsylvania","state_ab":"PA","county":"York","geo_location":{ "type": "Point", "coordinates": [-76.7712, 40.0023] }},
{"zip_code":"2837","country":"US","city":"Little Compton","state":"Rhode Island","state_ab":"RI","county":"Newport","geo_location":{ "type": "Point", "coordinates": [-71.1612, 41.522] }},
{"zip_code":"2824","country":"US","city":"Forestdale","state":"Rhode Island","state_ab":"RI","county":"Providence","geo_location":{ "type": "Point", "coordinates": [-71.5631, 42.0002] }},
{"zip_code":"2864","country":"US","city":"Cumberland","state":"Rhode Island","state_ab":"RI","county":"Providence","geo_location":{ "type": "Point", "coordinates": [-71.4154, 41.9484] }},
{"zip_code":"2901","country":"US","city":"Providence","state":"Rhode Island","state_ab":"RI","county":"Providence","geo_location":{ "type": "Point", "coordinates": [-71.4145, 41.8227] }},
{"zip_code":"2914","country":"US","city":"East Providence","state":"Rhode Island","state_ab":"RI","county":"Providence","geo_location":{ "type": "Point", "coordinates": [-71.3688, 41.8138] }},
{"zip_code":"2877","country":"US","city":"Slocum","state":"Rhode Island","state_ab":"RI","county":"Washington","geo_location":{ "type": "Point", "coordinates": [-71.5299, 41.5289] }},
{"zip_code":"2891","country":"US","city":"Westerly","state":"Rhode Island","state_ab":"RI","county":"Washington","geo_location":{ "type": "Point", "coordinates": [-71.8126, 41.3691] }},
{"zip_code":"29801","country":"US","city":"Aiken","state":"South Carolina","state_ab":"SC","county":"Aiken","geo_location":{ "type": "Point", "coordinates": [-81.7194, 33.553] }},
{"zip_code":"29814","country":"US","city":"Kline","state":"South Carolina","state_ab":"SC","county":"Aiken County","geo_location":{ "type": "Point", "coordinates": [-81.3426, 33.1257] }},
{"zip_code":"29841","country":"US","city":"North Augusta","state":"South Carolina","state_ab":"SC","county":"Aiken","geo_location":{ "type": "Point", "coordinates": [-81.9394, 33.5251] }},
{"zip_code":"29827","country":"US","city":"Fairfax","state":"South Carolina","state_ab":"SC","county":"Allendale","geo_location":{ "type": "Point", "coordinates": [-81.2586, 32.9515] }},
{"zip_code":"29621","country":"US","city":"Anderson","state":"South Carolina","state_ab":"SC","county":"Anderson","geo_location":{ "type": "Point", "coordinates": [-82.6304, 34.5261] }},
{"zip_code":"29081","country":"US","city":"Ehrhardt","state":"South Carolina","state_ab":"SC","county":"Bamberg","geo_location":{ "type": "Point", "coordinates": [-81.0221, 33.1044] }},
{"zip_code":"29904","country":"US","city":"Beaufort","state":"South Carolina","state_ab":"SC","county":"Beaufort","geo_location":{ "type": "Point", "coordinates": [-80.661, 32.3906] }},
{"zip_code":"29931","country":"US","city":"Lobeco","state":"South Carolina","state_ab":"SC","county":"Beaufort","geo_location":{ "type": "Point", "coordinates": [-80.7026, 32.5384] }},
{"zip_code":"29401","country":"US","city":"Charleston","state":"South Carolina","state_ab":"SC","county":"Charleston","geo_location":{ "type": "Point", "coordinates": [-79.9371, 32.7795] }},
{"zip_code":"29414","country":"US","city":"Charleston","state":"South Carolina","state_ab":"SC","county":"Charleston","geo_location":{ "type": "Point", "coordinates": [-80.0568, 32.8215] }},
{"zip_code":"29014","country":"US","city":"Blackstock","state":"South Carolina","state_ab":"SC","county":"Chester","geo_location":{ "type": "Point", "coordinates": [-81.1249, 34.5779] }},
{"zip_code":"29724","country":"US","city":"Lando","state":"South Carolina","state_ab":"SC","county":"Chester","geo_location":{ "type": "Point", "coordinates": [-81.0228, 34.7753] }},
{"zip_code":"29584","country":"US","city":"Patrick","state":"South Carolina","state_ab":"SC","county":"Chesterfield","geo_location":{ "type": "Point", "coordinates": [-80.065, 34.5598] }},
{"zip_code":"29001","country":"US","city":"Alcolu","state":"South Carolina","state_ab":"SC","county":"Clarendon","geo_location":{ "type": "Point", "coordinates": [-80.1788, 33.7684] }},
{"zip_code":"29041","country":"US","city":"Davis Station","state":"South Carolina","state_ab":"SC","county":"Clarendon","geo_location":{ "type": "Point", "coordinates": [-80.2081, 33.6884] }},
{"zip_code":"29131","country":"US","city":"Rimini","state":"South Carolina","state_ab":"SC","county":"Clarendon County","geo_location":{ "type": "Point", "coordinates": [-80.4727, 33.6722] }},
{"zip_code":"29481","country":"US","city":"Smoaks","state":"South Carolina","state_ab":"SC","county":"Colleton","geo_location":{ "type": "Point", "coordinates": [-80.813, 33.0963] }},
{"zip_code":"29504","country":"US","city":"Florence","state":"South Carolina","state_ab":"SC","county":"Florence","geo_location":{ "type": "Point", "coordinates": [-79.6933, 34.0416] }},
{"zip_code":"29607","country":"US","city":"Greenville","state":"South Carolina","state_ab":"SC","county":"Greenville","geo_location":{ "type": "Point", "coordinates": [-82.3516, 34.8285] }},
{"zip_code":"29661","country":"US","city":"Marietta","state":"South Carolina","state_ab":"SC","county":"Greenville","geo_location":{ "type": "Point", "coordinates": [-82.5136, 35.0296] }},
{"zip_code":"29687","country":"US","city":"Taylors","state":"South Carolina","state_ab":"SC","county":"Greenville","geo_location":{ "type": "Point", "coordinates": [-82.3197, 34.9245] }},
{"zip_code":"29647","country":"US","city":"Greenwood","state":"South Carolina","state_ab":"SC","county":"Greenwood","geo_location":{ "type": "Point", "coordinates": [-82.1631, 34.1788] }},
{"zip_code":"29944","country":"US","city":"Varnville","state":"South Carolina","state_ab":"SC","county":"Hampton","geo_location":{ "type": "Point", "coordinates": [-81.0288, 32.8349] }},
{"zip_code":"29544","country":"US","city":"Galivants Ferry","state":"South Carolina","state_ab":"SC","county":"Horry","geo_location":{ "type": "Point", "coordinates": [-79.2155, 34.0002] }},
{"zip_code":"29597","country":"US","city":"North Myrtle Beach","state":"South Carolina","state_ab":"SC","county":"Horry","geo_location":{ "type": "Point", "coordinates": [-78.9718, 33.7858] }},
{"zip_code":"29067","country":"US","city":"Kershaw","state":"South Carolina","state_ab":"SC","county":"Lancaster","geo_location":{ "type": "Point", "coordinates": [-80.5546, 34.5578] }},
{"zip_code":"29351","country":"US","city":"Joanna","state":"South Carolina","state_ab":"SC","county":"Laurens","geo_location":{ "type": "Point", "coordinates": [-81.8191, 34.4068] }},
{"zip_code":"29054","country":"US","city":"Gilbert","state":"South Carolina","state_ab":"SC","county":"Lexington","geo_location":{ "type": "Point", "coordinates": [-81.3914, 33.9581] }},
{"zip_code":"29171","country":"US","city":"West Columbia","state":"South Carolina","state_ab":"SC","county":"Lexington","geo_location":{ "type": "Point", "coordinates": [-81.2483, 33.9252] }},
{"zip_code":"29571","country":"US","city":"Marion","state":"South Carolina","state_ab":"SC","county":"Marion","geo_location":{ "type": "Point", "coordinates": [-79.3898, 34.1562] }},
{"zip_code":"29117","country":"US","city":"Orangeburg","state":"South Carolina","state_ab":"SC","county":"Orangeburg","geo_location":{ "type": "Point", "coordinates": [-80.7975, 33.442] }},
{"zip_code":"29634","country":"US","city":"Clemson","state":"South Carolina","state_ab":"SC","county":"Pickens","geo_location":{ "type": "Point", "coordinates": [-82.7101, 34.8474] }},
{"zip_code":"29207","country":"US","city":"Columbia","state":"South Carolina","state_ab":"SC","county":"Richland","geo_location":{ "type": "Point", "coordinates": [-80.9391, 34.0197] }},
{"zip_code":"29221","country":"US","city":"Columbia","state":"South Carolina","state_ab":"SC","county":"Richland","geo_location":{ "type": "Point", "coordinates": [-80.9708, 34.006] }},
{"zip_code":"29324","country":"US","city":"Clifton","state":"South Carolina","state_ab":"SC","county":"Spartanburg","geo_location":{ "type": "Point", "coordinates": [-81.8327, 34.9906] }},
{"zip_code":"29377","country":"US","city":"Startex","state":"South Carolina","state_ab":"SC","county":"Spartanburg","geo_location":{ "type": "Point", "coordinates": [-82.1351, 34.9875] }},
{"zip_code":"29391","country":"US","city":"Duncan","state":"South Carolina","state_ab":"SC","county":"Spartanburg","geo_location":{ "type": "Point", "coordinates": [-81.969, 34.8882] }},
{"zip_code":"29104","country":"US","city":"Mayesville","state":"South Carolina","state_ab":"SC","county":"Sumter","geo_location":{ "type": "Point", "coordinates": [-80.2173, 33.9502] }},
{"zip_code":"29364","country":"US","city":"Lockhart","state":"South Carolina","state_ab":"SC","county":"Union","geo_location":{ "type": "Point", "coordinates": [-81.4778, 34.7926] }},
{"zip_code":"57381","country":"US","city":"Wessington","state":"South Dakota","state_ab":"SD","county":"Beadle","geo_location":{ "type": "Point", "coordinates": [-98.692, 44.4128] }},
{"zip_code":"57574","country":"US","city":"Tuthill","state":"South Dakota","state_ab":"SD","county":"Bennett","geo_location":{ "type": "Point", "coordinates": [-101.4701, 43.1196] }},
{"zip_code":"57714","country":"US","city":"Allen","state":"South Dakota","state_ab":"SD","county":"Bennett","geo_location":{ "type": "Point", "coordinates": [-101.9329, 43.2908] }},
{"zip_code":"57071","country":"US","city":"Volga","state":"South Dakota","state_ab":"SD","county":"Brookings","geo_location":{ "type": "Point", "coordinates": [-96.9251, 44.3224] }},
{"zip_code":"57341","country":"US","city":"Gann Valley","state":"South Dakota","state_ab":"SD","county":"Buffalo","geo_location":{ "type": "Point", "coordinates": [-99.0543, 44.0693] }},
{"zip_code":"57367","country":"US","city":"Pickstown","state":"South Dakota","state_ab":"SD","county":"Charles Mix","geo_location":{ "type": "Point", "coordinates": [-98.523, 43.0673] }},
{"zip_code":"57044","country":"US","city":"Meckling","state":"South Dakota","state_ab":"SD","county":"Clay","geo_location":{ "type": "Point", "coordinates": [-97.0922, 42.849] }},
{"zip_code":"57301","country":"US","city":"Mitchell","state":"South Dakota","state_ab":"SD","county":"Davison","geo_location":{ "type": "Point", "coordinates": [-98.0864, 43.6959] }},
{"zip_code":"57237","country":"US","city":"Gary","state":"South Dakota","state_ab":"SD","county":"Deuel","geo_location":{ "type": "Point", "coordinates": [-96.5044, 44.827] }},
{"zip_code":"57471","country":"US","city":"Roscoe","state":"South Dakota","state_ab":"SD","county":"Edmunds","geo_location":{ "type": "Point", "coordinates": [-99.3326, 45.4271] }},
{"zip_code":"57251","country":"US","city":"Marvin","state":"South Dakota","state_ab":"SD","county":"Grant","geo_location":{ "type": "Point", "coordinates": [-96.91, 45.2727] }},
{"zip_code":"57264","country":"US","city":"Stockholm","state":"South Dakota","state_ab":"SD","county":"Grant","geo_location":{ "type": "Point", "coordinates": [-96.8106, 45.1031] }},
{"zip_code":"57651","country":"US","city":"Reva","state":"South Dakota","state_ab":"SD","county":"Harding","geo_location":{ "type": "Point", "coordinates": [-103.0692, 45.5277] }},
{"zip_code":"57354","country":"US","city":"Kaylor","state":"South Dakota","state_ab":"SD","county":"Hutchinson","geo_location":{ "type": "Point", "coordinates": [-97.7569, 43.3341] }},
{"zip_code":"57521","country":"US","city":"Belvidere","state":"South Dakota","state_ab":"SD","county":"Jackson","geo_location":{ "type": "Point", "coordinates": [-101.2387, 43.886] }},
{"zip_code":"57547","country":"US","city":"Long Valley","state":"South Dakota","state_ab":"SD","county":"Jackson","geo_location":{ "type": "Point", "coordinates": [-101.4294, 43.4754] }},
{"zip_code":"57057","country":"US","city":"Rutland","state":"South Dakota","state_ab":"SD","county":"Lake","geo_location":{ "type": "Point", "coordinates": [-96.9519, 44.0683] }},
{"zip_code":"57754","country":"US","city":"Lead","state":"South Dakota","state_ab":"SD","county":"Lawrence","geo_location":{ "type": "Point", "coordinates": [-103.8712, 44.263] }},
{"zip_code":"57457","country":"US","city":"Longlake","state":"South Dakota","state_ab":"SD","county":"McPherson","geo_location":{ "type": "Point", "coordinates": [-99.1698, 45.8823] }},
{"zip_code":"57741","country":"US","city":"Fort Meade","state":"South Dakota","state_ab":"SD","county":"Meade","geo_location":{ "type": "Point", "coordinates": [-103.4554, 44.4093] }},
{"zip_code":"57107","country":"US","city":"Sioux Falls","state":"South Dakota","state_ab":"SD","county":"Minnehaha","geo_location":{ "type": "Point", "coordinates": [-96.8028, 43.5566] }},
{"zip_code":"57017","country":"US","city":"Colman","state":"South Dakota","state_ab":"SD","county":"Moody","geo_location":{ "type": "Point", "coordinates": [-96.8189, 43.9558] }},
{"zip_code":"57701","country":"US","city":"Rapid City","state":"South Dakota","state_ab":"SD","county":"Pennington","geo_location":{ "type": "Point", "coordinates": [-103.2052, 44.1415] }},
{"zip_code":"57767","country":"US","city":"Owanka","state":"South Dakota","state_ab":"SD","county":"Pennington","geo_location":{ "type": "Point", "coordinates": [-102.5628, 44.0631] }},
{"zip_code":"57224","country":"US","city":"Claire City","state":"South Dakota","state_ab":"SD","county":"Roberts","geo_location":{ "type": "Point", "coordinates": [-97.1073, 45.8755] }},
{"zip_code":"57314","country":"US","city":"Artesian","state":"South Dakota","state_ab":"SD","county":"Sanborn","geo_location":{ "type": "Point", "coordinates": [-98.0114, 44.021] }},
{"zip_code":"57794","country":"US","city":"Wounded Knee","state":"South Dakota","state_ab":"SD","county":"Shannon","geo_location":{ "type": "Point", "coordinates": [-102.5411, 43.3526] }},
{"zip_code":"57534","country":"US","city":"Hamill","state":"South Dakota","state_ab":"SD","county":"Tripp","geo_location":{ "type": "Point", "coordinates": [-99.6918, 43.6439] }},
{"zip_code":"57004","country":"US","city":"Beresford","state":"South Dakota","state_ab":"SD","county":"Union","geo_location":{ "type": "Point", "coordinates": [-96.7813, 43.0874] }},
{"zip_code":"57031","country":"US","city":"Gayville","state":"South Dakota","state_ab":"SD","county":"Yankton","geo_location":{ "type": "Point", "coordinates": [-97.183, 42.8835] }},
{"zip_code":"38221","country":"US","city":"Big Sandy","state":"Tennessee","state_ab":"TN","county":"Benton","geo_location":{ "type": "Point", "coordinates": [-88.0627, 36.2285] }},
{"zip_code":"38324","country":"US","city":"Clarksburg","state":"Tennessee","state_ab":"TN","county":"Carroll","geo_location":{ "type": "Point", "coordinates": [-88.3934, 35.8675] }},
{"zip_code":"37644","country":"US","city":"Elizabethton","state":"Tennessee","state_ab":"TN","county":"Carter","geo_location":{ "type": "Point", "coordinates": [-82.0518, 36.4366] }},
{"zip_code":"37707","country":"US","city":"Arthur","state":"Tennessee","state_ab":"TN","county":"Claiborne","geo_location":{ "type": "Point", "coordinates": [-83.6365, 36.5663] }},
{"zip_code":"37824","country":"US","city":"New Tazewell","state":"Tennessee","state_ab":"TN","county":"Claiborne","geo_location":{ "type": "Point", "coordinates": [-83.5911, 36.45] }},
{"zip_code":"37851","country":"US","city":"Pruden","state":"Tennessee","state_ab":"TN","county":"Claiborne","geo_location":{ "type": "Point", "coordinates": [-83.8139, 36.5579] }},
{"zip_code":"38001","country":"US","city":"Alamo","state":"Tennessee","state_ab":"TN","county":"Crockett","geo_location":{ "type": "Point", "coordinates": [-89.1765, 35.8017] }},
{"zip_code":"38337","country":"US","city":"Gadsden","state":"Tennessee","state_ab":"TN","county":"Crockett","geo_location":{ "type": "Point", "coordinates": [-88.9929, 35.7799] }},
{"zip_code":"38557","country":"US","city":"Crossville","state":"Tennessee","state_ab":"TN","county":"Cumberland","geo_location":{ "type": "Point", "coordinates": [-85.0124, 35.9885] }},
{"zip_code":"38571","country":"US","city":"Crossville","state":"Tennessee","state_ab":"TN","county":"Cumberland","geo_location":{ "type": "Point", "coordinates": [-85.0138, 36.0527] }},
{"zip_code":"37011","country":"US","city":"Antioch","state":"Tennessee","state_ab":"TN","county":"Davidson","geo_location":{ "type": "Point", "coordinates": [-86.8825, 36.1706] }},
{"zip_code":"37204","country":"US","city":"Nashville","state":"Tennessee","state_ab":"TN","county":"Davidson","geo_location":{ "type": "Point", "coordinates": [-86.7743, 36.1067] }},
{"zip_code":"37217","country":"US","city":"Nashville","state":"Tennessee","state_ab":"TN","county":"Davidson","geo_location":{ "type": "Point", "coordinates": [-86.6591, 36.1052] }},
{"zip_code":"37244","country":"US","city":"Nashville","state":"Tennessee","state_ab":"TN","county":"Davidson","geo_location":{ "type": "Point", "coordinates": [-86.7852, 36.1866] }},
{"zip_code":"38311","country":"US","city":"Bath Springs","state":"Tennessee","state_ab":"TN","county":"Decatur","geo_location":{ "type": "Point", "coordinates": [-88.1286, 35.4521] }},
{"zip_code":"37051","country":"US","city":"Cumberland Furnace","state":"Tennessee","state_ab":"TN","county":"Dickson","geo_location":{ "type": "Point", "coordinates": [-87.3914, 36.2721] }},
{"zip_code":"37181","country":"US","city":"Vanleer","state":"Tennessee","state_ab":"TN","county":"Dickson","geo_location":{ "type": "Point", "coordinates": [-87.4565, 36.2237] }},
{"zip_code":"38504","country":"US","city":"Allardt","state":"Tennessee","state_ab":"TN","county":"Fentress","geo_location":{ "type": "Point", "coordinates": [-84.7756, 36.3818] }},
{"zip_code":"37387","country":"US","city":"Tracy City","state":"Tennessee","state_ab":"TN","county":"Grundy","geo_location":{ "type": "Point", "coordinates": [-85.7362, 35.2721] }},
{"zip_code":"37877","country":"US","city":"Talbott","state":"Tennessee","state_ab":"TN","county":"Hamblen","geo_location":{ "type": "Point", "coordinates": [-83.4129, 36.16] }},
{"zip_code":"37891","country":"US","city":"Whitesburg","state":"Tennessee","state_ab":"TN","county":"Hamblen","geo_location":{ "type": "Point", "coordinates": [-83.1458, 36.2621] }},
{"zip_code":"37411","country":"US","city":"Chattanooga","state":"Tennessee","state_ab":"TN","county":"Hamilton","geo_location":{ "type": "Point", "coordinates": [-85.2356, 35.0271] }},
{"zip_code":"37424","country":"US","city":"Chattanooga","state":"Tennessee","state_ab":"TN","county":"Hamilton","geo_location":{ "type": "Point", "coordinates": [-85.2091, 35.2211] }},
{"zip_code":"38067","country":"US","city":"Saulsbury","state":"Tennessee","state_ab":"TN","county":"Hardeman","geo_location":{ "type": "Point", "coordinates": [-89.0769, 35.0498] }},
{"zip_code":"38377","country":"US","city":"Silerton","state":"Tennessee","state_ab":"TN","county":"Hardeman","geo_location":{ "type": "Point", "coordinates": [-88.8269, 35.356] }},
{"zip_code":"37811","country":"US","city":"Mooresburg","state":"Tennessee","state_ab":"TN","county":"Hawkins","geo_location":{ "type": "Point", "coordinates": [-83.2095, 36.3621] }},
{"zip_code":"38351","country":"US","city":"Lexington","state":"Tennessee","state_ab":"TN","county":"Henderson","geo_location":{ "type": "Point", "coordinates": [-88.3927, 35.6512] }},
{"zip_code":"38454","country":"US","city":"Duck River","state":"Tennessee","state_ab":"TN","county":"Hickman","geo_location":{ "type": "Point", "coordinates": [-87.3577, 35.748] }},
{"zip_code":"37101","country":"US","city":"Mc Ewen","state":"Tennessee","state_ab":"TN","county":"Humphreys","geo_location":{ "type": "Point", "coordinates": [-87.6422, 36.1185] }},
{"zip_code":"37721","country":"US","city":"Corryton","state":"Tennessee","state_ab":"TN","county":"Knox","geo_location":{ "type": "Point", "coordinates": [-83.813, 36.12] }},
{"zip_code":"37901","country":"US","city":"Knoxville","state":"Tennessee","state_ab":"TN","county":"Knox","geo_location":{ "type": "Point", "coordinates": [-83.8848, 36.0323] }},
{"zip_code":"37914","country":"US","city":"Knoxville","state":"Tennessee","state_ab":"TN","county":"Knox","geo_location":{ "type": "Point", "coordinates": [-83.8496, 35.9918] }},
{"zip_code":"37927","country":"US","city":"Knoxville","state":"Tennessee","state_ab":"TN","county":"Knox","geo_location":{ "type": "Point", "coordinates": [-83.9622, 35.9901] }},
{"zip_code":"38041","country":"US","city":"Henning","state":"Tennessee","state_ab":"TN","county":"Lauderdale","geo_location":{ "type": "Point", "coordinates": [-89.6962, 35.6593] }},
{"zip_code":"38481","country":"US","city":"Saint Joseph","state":"Tennessee","state_ab":"TN","county":"Lawrence","geo_location":{ "type": "Point", "coordinates": [-87.5018, 35.0376] }},
{"zip_code":"37334","country":"US","city":"Fayetteville","state":"Tennessee","state_ab":"TN","county":"Lincoln","geo_location":{ "type": "Point", "coordinates": [-86.5664, 35.1527] }},
{"zip_code":"37774","country":"US","city":"Loudon","state":"Tennessee","state_ab":"TN","county":"Loudon","geo_location":{ "type": "Point", "coordinates": [-84.3436, 35.7292] }},
{"zip_code":"38391","country":"US","city":"Denmark","state":"Tennessee","state_ab":"TN","county":"Madison","geo_location":{ "type": "Point", "coordinates": [-88.9759, 35.5571] }},
{"zip_code":"37347","country":"US","city":"Jasper","state":"Tennessee","state_ab":"TN","county":"Marion","geo_location":{ "type": "Point", "coordinates": [-85.5897, 35.097] }},
{"zip_code":"37374","country":"US","city":"Sequatchie","state":"Tennessee","state_ab":"TN","county":"Marion","geo_location":{ "type": "Point", "coordinates": [-85.6371, 35.1634] }},
{"zip_code":"37091","country":"US","city":"Lewisburg","state":"Tennessee","state_ab":"TN","county":"Marshall","geo_location":{ "type": "Point", "coordinates": [-86.7812, 35.4596] }},
{"zip_code":"38401","country":"US","city":"Columbia","state":"Tennessee","state_ab":"TN","county":"Maury","geo_location":{ "type": "Point", "coordinates": [-87.038, 35.6156] }},
{"zip_code":"38261","country":"US","city":"Union City","state":"Tennessee","state_ab":"TN","county":"Obion","geo_location":{ "type": "Point", "coordinates": [-89.0667, 36.4263] }},
{"zip_code":"37307","country":"US","city":"Benton","state":"Tennessee","state_ab":"TN","county":"Polk","geo_location":{ "type": "Point", "coordinates": [-84.6544, 35.173] }},
{"zip_code":"37361","country":"US","city":"Ocoee","state":"Tennessee","state_ab":"TN","county":"Polk","geo_location":{ "type": "Point", "coordinates": [-84.7136, 35.1025] }},
{"zip_code":"38544","country":"US","city":"Baxter","state":"Tennessee","state_ab":"TN","county":"Putnam","geo_location":{ "type": "Point", "coordinates": [-85.6378, 36.1249] }},
{"zip_code":"37321","country":"US","city":"Dayton","state":"Tennessee","state_ab":"TN","county":"Rhea","geo_location":{ "type": "Point", "coordinates": [-85.0135, 35.5002] }},
{"zip_code":"37141","country":"US","city":"Orlinda","state":"Tennessee","state_ab":"TN","county":"Robertson","geo_location":{ "type": "Point", "coordinates": [-86.699, 36.611] }},
{"zip_code":"37037","country":"US","city":"Christiana","state":"Tennessee","state_ab":"TN","county":"Rutherford","geo_location":{ "type": "Point", "coordinates": [-86.368, 35.696] }},
{"zip_code":"37127","country":"US","city":"Murfreesboro","state":"Tennessee","state_ab":"TN","county":"Rutherford","geo_location":{ "type": "Point", "coordinates": [-86.3722, 35.763] }},
{"zip_code":"37167","country":"US","city":"Smyrna","state":"Tennessee","state_ab":"TN","county":"Rutherford","geo_location":{ "type": "Point", "coordinates": [-86.5048, 35.9656] }},
{"zip_code":"37864","country":"US","city":"Sevierville","state":"Tennessee","state_ab":"TN","county":"Sevier","geo_location":{ "type": "Point", "coordinates": [-83.6138, 35.8542] }},
{"zip_code":"37501","country":"US","city":"Memphis","state":"Tennessee","state_ab":"TN","county":"Shelby","geo_location":{ "type": "Point", "coordinates": [-89.9904, 35.1693] }},
{"zip_code":"38014","country":"US","city":"Brunswick","state":"Tennessee","state_ab":"TN","county":"Shelby","geo_location":{ "type": "Point", "coordinates": [-89.9715, 35.2017] }},
{"zip_code":"38027","country":"US","city":"Collierville","state":"Tennessee","state_ab":"TN","county":"Shelby","geo_location":{ "type": "Point", "coordinates": [-89.9715, 35.2017] }},
{"zip_code":"38054","country":"US","city":"Millington","state":"Tennessee","state_ab":"TN","county":"Shelby","geo_location":{ "type": "Point", "coordinates": [-89.8706, 35.3341] }},
{"zip_code":"38104","country":"US","city":"Memphis","state":"Tennessee","state_ab":"TN","county":"Shelby","geo_location":{ "type": "Point", "coordinates": [-90.0046, 35.1334] }},
{"zip_code":"38117","country":"US","city":"Memphis","state":"Tennessee","state_ab":"TN","county":"Shelby","geo_location":{ "type": "Point", "coordinates": [-89.9034, 35.1124] }},
{"zip_code":"38131","country":"US","city":"Memphis","state":"Tennessee","state_ab":"TN","county":"Shelby","geo_location":{ "type": "Point", "coordinates": [-89.9921, 35.0664] }},
{"zip_code":"38157","country":"US","city":"Memphis","state":"Tennessee","state_ab":"TN","county":"Shelby","geo_location":{ "type": "Point", "coordinates": [-89.9715, 35.2017] }},
{"zip_code":"38184","country":"US","city":"Memphis","state":"Tennessee","state_ab":"TN","county":"Shelby","geo_location":{ "type": "Point", "coordinates": [-89.9715, 35.2017] }},
{"zip_code":"38197","country":"US","city":"Memphis","state":"Tennessee","state_ab":"TN","county":"Shelby","geo_location":{ "type": "Point", "coordinates": [-89.9715, 35.2017] }},
{"zip_code":"37617","country":"US","city":"Blountville","state":"Tennessee","state_ab":"TN","county":"Sullivan","geo_location":{ "type": "Point", "coordinates": [-82.3656, 36.5356] }},
{"zip_code":"37077","country":"US","city":"Hendersonville","state":"Tennessee","state_ab":"TN","county":"Sumner","geo_location":{ "type": "Point", "coordinates": [-86.6211, 36.3047] }},
{"zip_code":"37657","country":"US","city":"Flag Pond","state":"Tennessee","state_ab":"TN","county":"Unicoi","geo_location":{ "type": "Point", "coordinates": [-82.5623, 36.0085] }},
{"zip_code":"37604","country":"US","city":"Johnson City","state":"Tennessee","state_ab":"TN","county":"Washington","geo_location":{ "type": "Point", "coordinates": [-82.381, 36.3107] }},
{"zip_code":"37684","country":"US","city":"Mountain Home","state":"Tennessee","state_ab":"TN","county":"Washington","geo_location":{ "type": "Point", "coordinates": [-82.5012, 36.2717] }},
{"zip_code":"37024","country":"US","city":"Brentwood","state":"Tennessee","state_ab":"TN","county":"Williamson","geo_location":{ "type": "Point", "coordinates": [-86.9076, 35.8746] }},
{"zip_code":"37064","country":"US","city":"Franklin","state":"Tennessee","state_ab":"TN","county":"Williamson","geo_location":{ "type": "Point", "coordinates": [-86.8788, 35.9328] }},
{"zip_code":"75884","country":"US","city":"Tennessee Colony","state":"Texas","state_ab":"TX","county":"Anderson","geo_location":{ "type": "Point", "coordinates": [-95.662, 31.7942] }},
{"zip_code":"79714","country":"US","city":"Andrews","state":"Texas","state_ab":"TX","county":"Andrews","geo_location":{ "type": "Point", "coordinates": [-102.5409, 32.3201] }},
{"zip_code":"78931","country":"US","city":"Bleiblerville","state":"Texas","state_ab":"TX","county":"Austin","geo_location":{ "type": "Point", "coordinates": [-96.4448, 30.0292] }},
{"zip_code":"78944","country":"US","city":"Industry","state":"Texas","state_ab":"TX","county":"Austin","geo_location":{ "type": "Point", "coordinates": [-96.4843, 29.9904] }},
{"zip_code":"78621","country":"US","city":"Elgin","state":"Texas","state_ab":"TX","county":"Bastrop","geo_location":{ "type": "Point", "coordinates": [-97.3737, 30.3231] }},
{"zip_code":"78957","country":"US","city":"Smithville","state":"Texas","state_ab":"TX","county":"Bastrop","geo_location":{ "type": "Point", "coordinates": [-97.1494, 30.0178] }},
{"zip_code":"78104","country":"US","city":"Beeville","state":"Texas","state_ab":"TX","county":"Bee","geo_location":{ "type": "Point", "coordinates": [-97.776, 28.3931] }},
{"zip_code":"78391","country":"US","city":"Tynan","state":"Texas","state_ab":"TX","county":"Bee","geo_location":{ "type": "Point", "coordinates": [-97.7549, 28.1693] }},
{"zip_code":"76511","country":"US","city":"Bartlett","state":"Texas","state_ab":"TX","county":"Bell","geo_location":{ "type": "Point", "coordinates": [-97.4263, 30.7991] }},
{"zip_code":"76564","country":"US","city":"Pendleton","state":"Texas","state_ab":"TX","county":"Bell","geo_location":{ "type": "Point", "coordinates": [-97.492, 31.0363] }},
{"zip_code":"78054","country":"US","city":"Macdona","state":"Texas","state_ab":"TX","county":"Bexar","geo_location":{ "type": "Point", "coordinates": [-98.7322, 29.3256] }},
{"zip_code":"78207","country":"US","city":"San Antonio","state":"Texas","state_ab":"TX","county":"Bexar","geo_location":{ "type": "Point", "coordinates": [-98.526, 29.4229] }},
{"zip_code":"78221","country":"US","city":"San Antonio","state":"Texas","state_ab":"TX","county":"Bexar","geo_location":{ "type": "Point", "coordinates": [-98.5054, 29.3309] }},
{"zip_code":"78234","country":"US","city":"San Antonio","state":"Texas","state_ab":"TX","county":"Bexar","geo_location":{ "type": "Point", "coordinates": [-98.4423, 29.4622] }},
{"zip_code":"78247","country":"US","city":"San Antonio","state":"Texas","state_ab":"TX","county":"Bexar","geo_location":{ "type": "Point", "coordinates": [-98.4071, 29.5855] }},
{"zip_code":"78261","country":"US","city":"San Antonio","state":"Texas","state_ab":"TX","county":"Bexar","geo_location":{ "type": "Point", "coordinates": [-98.4191, 29.7055] }},
{"zip_code":"78287","country":"US","city":"San Antonio","state":"Texas","state_ab":"TX","county":"Bexar","geo_location":{ "type": "Point", "coordinates": [-98.4616, 29.4375] }},
{"zip_code":"75507","country":"US","city":"Texarkana","state":"Texas","state_ab":"TX","county":"Bowie","geo_location":{ "type": "Point", "coordinates": [-94.3404, 33.3934] }},
{"zip_code":"75561","country":"US","city":"Hooks","state":"Texas","state_ab":"TX","county":"Bowie","geo_location":{ "type": "Point", "coordinates": [-94.2657, 33.5253] }},
{"zip_code":"75574","country":"US","city":"Simms","state":"Texas","state_ab":"TX","county":"Bowie","geo_location":{ "type": "Point", "coordinates": [-94.552, 33.3359] }},
{"zip_code":"77541","country":"US","city":"Freeport","state":"Texas","state_ab":"TX","county":"Brazoria","geo_location":{ "type": "Point", "coordinates": [-95.3379, 29.0357] }},
{"zip_code":"77581","country":"US","city":"Pearland","state":"Texas","state_ab":"TX","county":"Brazoria","geo_location":{ "type": "Point", "coordinates": [-95.2721, 29.5617] }},
{"zip_code":"79831","country":"US","city":"Alpine","state":"Texas","state_ab":"TX","county":"Brewster","geo_location":{ "type": "Point", "coordinates": [-103.6704, 30.3068] }},
{"zip_code":"78661","country":"US","city":"Prairie Lea","state":"Texas","state_ab":"TX","county":"Caldwell","geo_location":{ "type": "Point", "coordinates": [-97.7449, 29.7239] }},
{"zip_code":"78597","country":"US","city":"South Padre Island","state":"Texas","state_ab":"TX","county":"Cameron","geo_location":{ "type": "Point", "coordinates": [-97.1936, 26.2393] }},
{"zip_code":"79097","country":"US","city":"White Deer","state":"Texas","state_ab":"TX","county":"Carson","geo_location":{ "type": "Point", "coordinates": [-101.174, 35.4278] }},
{"zip_code":"77514","country":"US","city":"Anahuac","state":"Texas","state_ab":"TX","county":"Chambers","geo_location":{ "type": "Point", "coordinates": [-94.593, 29.662] }},
{"zip_code":"76357","country":"US","city":"Byers","state":"Texas","state_ab":"TX","county":"Clay","geo_location":{ "type": "Point", "coordinates": [-98.1839, 34.0728] }},
{"zip_code":"79314","country":"US","city":"Bledsoe","state":"Texas","state_ab":"TX","county":"Cochran","geo_location":{ "type": "Point", "coordinates": [-103.0168, 33.5997] }},
{"zip_code":"76834","country":"US","city":"Coleman","state":"Texas","state_ab":"TX","county":"Coleman","geo_location":{ "type": "Point", "coordinates": [-99.427, 31.8287] }},
{"zip_code":"75071","country":"US","city":"Mc Kinney","state":"Texas","state_ab":"TX","county":"Collin","geo_location":{ "type": "Point", "coordinates": [-96.7533, 33.2141] }},
{"zip_code":"75097","country":"US","city":"Weston","state":"Texas","state_ab":"TX","county":"Collin","geo_location":{ "type": "Point", "coordinates": [-96.6646, 33.3512] }},
{"zip_code":"75121","country":"US","city":"Copeville","state":"Texas","state_ab":"TX","county":"Collin","geo_location":{ "type": "Point", "coordinates": [-96.4186, 33.0875] }},
{"zip_code":"79251","country":"US","city":"Quail","state":"Texas","state_ab":"TX","county":"Collingsworth","geo_location":{ "type": "Point", "coordinates": [-100.4252, 34.918] }},
{"zip_code":"78131","country":"US","city":"New Braunfels","state":"Texas","state_ab":"TX","county":"Comal","geo_location":{ "type": "Point", "coordinates": [-98.3384, 29.7992] }},
{"zip_code":"76474","country":"US","city":"Sidney","state":"Texas","state_ab":"TX","county":"Comanche","geo_location":{ "type": "Point", "coordinates": [-98.768, 31.932] }},
{"zip_code":"76937","country":"US","city":"Eola","state":"Texas","state_ab":"TX","county":"Concho","geo_location":{ "type": "Point", "coordinates": [-100.0922, 31.3617] }},
{"zip_code":"76241","country":"US","city":"Gainesville","state":"Texas","state_ab":"TX","county":"Cooke","geo_location":{ "type": "Point", "coordinates": [-97.0369, 33.6104] }},
{"zip_code":"79224","country":"US","city":"Chalk","state":"Texas","state_ab":"TX","county":"Cottle","geo_location":{ "type": "Point", "coordinates": [-100.2582, 34.0749] }}]}