{"value": [{"zip_code":"75017","country":"US","city":"Irving","state":"Texas","state_ab":"TX","county":"Dallas","geo_location":{ "type": "Point", "coordinates": [-96.7776, 32.7673] }},
{"zip_code":"75044","country":"US","city":"Garland","state":"Texas","state_ab":"TX","county":"Dallas","geo_location":{ "type": "Point", "coordinates": [-96.6654, 32.9522] }},
{"zip_code":"75084","country":"US","city":"Irving","state":"Texas","state_ab":"TX","county":"Dallas County","geo_location":{ "type": "Point", "coordinates": [-96.9485, 32.8137] }},
{"zip_code":"75134","country":"US","city":"Lancaster","state":"Texas","state_ab":"TX","county":"Dallas","geo_location":{ "type": "Point", "coordinates": [-96.783, 32.6161] }},
{"zip_code":"75187","country":"US","city":"Mesquite","state":"Texas","state_ab":"TX","county":"Dallas","geo_location":{ "type": "Point", "coordinates": [-96.7776, 32.7673] }},
{"zip_code":"75211","country":"US","city":"Dallas","state":"Texas","state_ab":"TX","county":"Dallas","geo_location":{ "type": "Point", "coordinates": [-96.9057, 32.7319] }},
{"zip_code":"75224","country":"US","city":"Dallas","state":"Texas","state_ab":"TX","county":"Dallas","geo_location":{ "type": "Point", "coordinates": [-96.8387, 32.7114] }},
{"zip_code":"75237","country":"US","city":"Dallas","state":"Texas","state_ab":"TX","county":"Dallas","geo_location":{ "type": "Point", "coordinates": [-96.8765, 32.659] }},
{"zip_code":"75251","country":"US","city":"Dallas","state":"Texas","state_ab":"TX","county":"Dallas","geo_location":{ "type": "Point", "coordinates": [-96.7751, 32.9189] }},
{"zip_code":"75264","country":"US","city":"Dallas","state":"Texas","state_ab":"TX","county":"Dallas","geo_location":{ "type": "Point", "coordinates": [-96.7776, 32.7673] }},
{"zip_code":"75277","country":"US","city":"Dallas","state":"Texas","state_ab":"TX","county":"Dallas","geo_location":{ "type": "Point", "coordinates": [-96.7776, 32.7673] }},
{"zip_code":"75301","country":"US","city":"Dallas","state":"Texas","state_ab":"TX","county":"Dallas","geo_location":{ "type": "Point", "coordinates": [-96.7776, 32.7673] }},
{"zip_code":"75354","country":"US","city":"Dallas","state":"Texas","state_ab":"TX","county":"Dallas","geo_location":{ "type": "Point", "coordinates": [-96.7776, 32.7673] }},
{"zip_code":"75367","country":"US","city":"Dallas","state":"Texas","state_ab":"TX","county":"Dallas","geo_location":{ "type": "Point", "coordinates": [-96.7776, 32.7673] }},
{"zip_code":"75381","country":"US","city":"Dallas","state":"Texas","state_ab":"TX","county":"Dallas","geo_location":{ "type": "Point", "coordinates": [-96.7776, 32.7673] }},
{"zip_code":"75394","country":"US","city":"Dallas","state":"Texas","state_ab":"TX","county":"Dallas","geo_location":{ "type": "Point", "coordinates": [-96.7776, 32.7673] }},
{"zip_code":"75057","country":"US","city":"Lewisville","state":"Texas","state_ab":"TX","county":"Denton","geo_location":{ "type": "Point", "coordinates": [-96.9999, 33.0532] }},
{"zip_code":"76201","country":"US","city":"Denton","state":"Texas","state_ab":"TX","county":"Denton","geo_location":{ "type": "Point", "coordinates": [-97.1314, 33.2289] }},
{"zip_code":"76227","country":"US","city":"Aubrey","state":"Texas","state_ab":"TX","county":"Denton","geo_location":{ "type": "Point", "coordinates": [-96.9879, 33.292] }},
{"zip_code":"77954","country":"US","city":"Cuero","state":"Texas","state_ab":"TX","county":"DeWitt","geo_location":{ "type": "Point", "coordinates": [-97.2812, 29.091] }},
{"zip_code":"77967","country":"US","city":"Hochheim","state":"Texas","state_ab":"TX","county":"DeWitt","geo_location":{ "type": "Point", "coordinates": [-97.3657, 29.0989] }},
{"zip_code":"77994","country":"US","city":"Westhoff","state":"Texas","state_ab":"TX","county":"DeWitt","geo_location":{ "type": "Point", "coordinates": [-97.46, 29.1792] }},
{"zip_code":"78827","country":"US","city":"Asherton","state":"Texas","state_ab":"TX","county":"Dimmit","geo_location":{ "type": "Point", "coordinates": [-99.7486, 28.4364] }},
{"zip_code":"79237","country":"US","city":"Hedley","state":"Texas","state_ab":"TX","county":"Donley","geo_location":{ "type": "Point", "coordinates": [-100.6806, 34.8698] }},
{"zip_code":"79741","country":"US","city":"Goldsmith","state":"Texas","state_ab":"TX","county":"Ector","geo_location":{ "type": "Point", "coordinates": [-102.625, 31.9541] }},
{"zip_code":"79767","country":"US","city":"Odessa","state":"Texas","state_ab":"TX","county":"Ector County","geo_location":{ "type": "Point", "coordinates": [-102.3483, 31.8744] }},
{"zip_code":"79907","country":"US","city":"El Paso","state":"Texas","state_ab":"TX","county":"El Paso","geo_location":{ "type": "Point", "coordinates": [-106.3293, 31.7089] }},
{"zip_code":"79934","country":"US","city":"El Paso","state":"Texas","state_ab":"TX","county":"El Paso","geo_location":{ "type": "Point", "coordinates": [-106.4073, 31.9386] }},
{"zip_code":"79947","country":"US","city":"El Paso","state":"Texas","state_ab":"TX","county":"El Paso","geo_location":{ "type": "Point", "coordinates": [-106.3, 31.6948] }},
{"zip_code":"79961","country":"US","city":"El Paso","state":"Texas","state_ab":"TX","county":"El Paso","geo_location":{ "type": "Point", "coordinates": [-106.3, 31.6948] }},
{"zip_code":"79974","country":"US","city":"El Paso","state":"Texas","state_ab":"TX","county":"El Paso","geo_location":{ "type": "Point", "coordinates": [-106.3, 31.6948] }},
{"zip_code":"79987","country":"US","city":"El Paso","state":"Texas","state_ab":"TX","county":"El Paso","geo_location":{ "type": "Point", "coordinates": [-106.3, 31.6948] }},
{"zip_code":"88521","country":"US","city":"El Paso","state":"Texas","state_ab":"TX","county":"El Paso","geo_location":{ "type": "Point", "coordinates": [-106.3, 31.6948] }},
{"zip_code":"88534","country":"US","city":"El Paso","state":"Texas","state_ab":"TX","county":"El Paso","geo_location":{ "type": "Point", "coordinates": [-106.3, 31.6948] }},
{"zip_code":"88547","country":"US","city":"El Paso","state":"Texas","state_ab":"TX","county":"El Paso","geo_location":{ "type": "Point", "coordinates": [-106.3, 31.6948] }},
{"zip_code":"88561","country":"US","city":"El Paso","state":"Texas","state_ab":"TX","county":"El Paso","geo_location":{ "type": "Point", "coordinates": [-106.3, 31.6948] }},
{"zip_code":"88574","country":"US","city":"El Paso","state":"Texas","state_ab":"TX","county":"El Paso","geo_location":{ "type": "Point", "coordinates": [-106.3, 31.6948] }},
{"zip_code":"88587","country":"US","city":"El Paso","state":"Texas","state_ab":"TX","county":"El Paso","geo_location":{ "type": "Point", "coordinates": [-106.3, 31.6948] }},
{"zip_code":"76461","country":"US","city":"Lingleville","state":"Texas","state_ab":"TX","county":"Erath","geo_location":{ "type": "Point", "coordinates": [-98.3428, 32.2214] }},
{"zip_code":"79534","country":"US","city":"Mc Caulley","state":"Texas","state_ab":"TX","county":"Fisher","geo_location":{ "type": "Point", "coordinates": [-100.2168, 32.7787] }},
{"zip_code":"77451","country":"US","city":"Kendleton","state":"Texas","state_ab":"TX","county":"Fort Bend","geo_location":{ "type": "Point", "coordinates": [-96.0036, 29.447] }},
{"zip_code":"77464","country":"US","city":"Orchard","state":"Texas","state_ab":"TX","county":"Fort Bend","geo_location":{ "type": "Point", "coordinates": [-95.9727, 29.5948] }},
{"zip_code":"77477","country":"US","city":"Stafford","state":"Texas","state_ab":"TX","county":"Fort Bend","geo_location":{ "type": "Point", "coordinates": [-95.5678, 29.6228] }},
{"zip_code":"75457","country":"US","city":"Mount Vernon","state":"Texas","state_ab":"TX","county":"Franklin","geo_location":{ "type": "Point", "coordinates": [-95.2181, 33.1702] }},
{"zip_code":"77554","country":"US","city":"Galveston","state":"Texas","state_ab":"TX","county":"Galveston","geo_location":{ "type": "Point", "coordinates": [-94.9637, 29.2243] }},
{"zip_code":"77617","country":"US","city":"Gilchrist","state":"Texas","state_ab":"TX","county":"Galveston","geo_location":{ "type": "Point", "coordinates": [-94.4755, 29.523] }},
{"zip_code":"79057","country":"US","city":"Mclean","state":"Texas","state_ab":"TX","county":"Gray","geo_location":{ "type": "Point", "coordinates": [-100.6008, 35.2312] }},
{"zip_code":"77374","country":"US","city":"Thicket","state":"Texas","state_ab":"TX","county":"Hardin","geo_location":{ "type": "Point", "coordinates": [-94.6361, 30.3765] }},
{"zip_code":"77657","country":"US","city":"Lumberton","state":"Texas","state_ab":"TX","county":"Hardin","geo_location":{ "type": "Point", "coordinates": [-94.2191, 30.2818] }},
{"zip_code":"77011","country":"US","city":"Houston","state":"Texas","state_ab":"TX","county":"Harris","geo_location":{ "type": "Point", "coordinates": [-95.3073, 29.742] }},
{"zip_code":"77024","country":"US","city":"Houston","state":"Texas","state_ab":"TX","county":"Harris","geo_location":{ "type": "Point", "coordinates": [-95.5201, 29.7696] }},
{"zip_code":"77037","country":"US","city":"Houston","state":"Texas","state_ab":"TX","county":"Harris","geo_location":{ "type": "Point", "coordinates": [-95.3935, 29.8892] }},
{"zip_code":"77051","country":"US","city":"Houston","state":"Texas","state_ab":"TX","county":"Harris","geo_location":{ "type": "Point", "coordinates": [-95.3688, 29.6579] }},
{"zip_code":"77064","country":"US","city":"Houston","state":"Texas","state_ab":"TX","county":"Harris","geo_location":{ "type": "Point", "coordinates": [-95.5569, 29.919] }},
{"zip_code":"77077","country":"US","city":"Houston","state":"Texas","state_ab":"TX","county":"Harris","geo_location":{ "type": "Point", "coordinates": [-95.603, 29.7477] }},
{"zip_code":"77091","country":"US","city":"Houston","state":"Texas","state_ab":"TX","county":"Harris","geo_location":{ "type": "Point", "coordinates": [-95.4435, 29.8534] }},
{"zip_code":"77204","country":"US","city":"Houston","state":"Texas","state_ab":"TX","county":"Harris","geo_location":{ "type": "Point", "coordinates": [-95.4342, 29.834] }},
{"zip_code":"77217","country":"US","city":"Houston","state":"Texas","state_ab":"TX","county":"Harris","geo_location":{ "type": "Point", "coordinates": [-95.4342, 29.834] }},
{"zip_code":"77231","country":"US","city":"Houston","state":"Texas","state_ab":"TX","county":"Harris","geo_location":{ "type": "Point", "coordinates": [-95.4342, 29.834] }},
{"zip_code":"77244","country":"US","city":"Houston","state":"Texas","state_ab":"TX","county":"Harris","geo_location":{ "type": "Point", "coordinates": [-95.4342, 29.834] }},
{"zip_code":"77257","country":"US","city":"Houston","state":"Texas","state_ab":"TX","county":"Harris","geo_location":{ "type": "Point", "coordinates": [-95.4342, 29.834] }},
{"zip_code":"77271","country":"US","city":"Houston","state":"Texas","state_ab":"TX","county":"Harris","geo_location":{ "type": "Point", "coordinates": [-95.4342, 29.834] }},
{"zip_code":"77284","country":"US","city":"Houston","state":"Texas","state_ab":"TX","county":"Harris","geo_location":{ "type": "Point", "coordinates": [-95.4342, 29.834] }},
{"zip_code":"77297","country":"US","city":"Houston","state":"Texas","state_ab":"TX","county":"Harris","geo_location":{ "type": "Point", "coordinates": [-95.4342, 29.834] }},
{"zip_code":"77347","country":"US","city":"Humble","state":"Texas","state_ab":"TX","county":"Harris","geo_location":{ "type": "Point", "coordinates": [-95.4342, 29.834] }},
{"zip_code":"77411","country":"US","city":"Alief","state":"Texas","state_ab":"TX","county":"Harris","geo_location":{ "type": "Point", "coordinates": [-95.4342, 29.834] }},
{"zip_code":"77491","country":"US","city":"Katy","state":"Texas","state_ab":"TX","county":"Harris","geo_location":{ "type": "Point", "coordinates": [-95.4342, 29.834] }},
{"zip_code":"77501","country":"US","city":"Pasadena","state":"Texas","state_ab":"TX","county":"Harris","geo_location":{ "type": "Point", "coordinates": [-95.4342, 29.834] }},
{"zip_code":"75651","country":"US","city":"Harleton","state":"Texas","state_ab":"TX","county":"Harrison","geo_location":{ "type": "Point", "coordinates": [-94.4652, 32.6579] }},
{"zip_code":"79044","country":"US","city":"Hartley","state":"Texas","state_ab":"TX","county":"Hartley","geo_location":{ "type": "Point", "coordinates": [-102.5221, 35.9311] }},
{"zip_code":"79521","country":"US","city":"Haskell","state":"Texas","state_ab":"TX","county":"Haskell","geo_location":{ "type": "Point", "coordinates": [-99.7309, 33.158] }},
{"zip_code":"79547","country":"US","city":"Rule","state":"Texas","state_ab":"TX","county":"Haskell","geo_location":{ "type": "Point", "coordinates": [-99.8894, 33.1842] }},
{"zip_code":"78504","country":"US","city":"Mcallen","state":"Texas","state_ab":"TX","county":"Hidalgo","geo_location":{ "type": "Point", "coordinates": [-98.2303, 26.2556] }},
{"zip_code":"78557","country":"US","city":"Hidalgo","state":"Texas","state_ab":"TX","county":"Hidalgo","geo_location":{ "type": "Point", "coordinates": [-98.2536, 26.1028] }},
{"zip_code":"76627","country":"US","city":"Blum","state":"Texas","state_ab":"TX","county":"Hill","geo_location":{ "type": "Point", "coordinates": [-97.3652, 32.1052] }},
{"zip_code":"79367","country":"US","city":"Smyer","state":"Texas","state_ab":"TX","county":"Hockley","geo_location":{ "type": "Point", "coordinates": [-102.1692, 33.5918] }},
{"zip_code":"75431","country":"US","city":"Como","state":"Texas","state_ab":"TX","county":"Hopkins","geo_location":{ "type": "Point", "coordinates": [-95.4734, 33.0107] }},
{"zip_code":"75471","country":"US","city":"Pickton","state":"Texas","state_ab":"TX","county":"Hopkins","geo_location":{ "type": "Point", "coordinates": [-95.3851, 33.0519] }},
{"zip_code":"75844","country":"US","city":"Grapeland","state":"Texas","state_ab":"TX","county":"Houston","geo_location":{ "type": "Point", "coordinates": [-95.4447, 31.4972] }},
{"zip_code":"75404","country":"US","city":"Greenville","state":"Texas","state_ab":"TX","county":"Hunt","geo_location":{ "type": "Point", "coordinates": [-96.081, 33.0563] }},
{"zip_code":"77707","country":"US","city":"Beaumont","state":"Texas","state_ab":"TX","county":"Jefferson","geo_location":{ "type": "Point", "coordinates": [-94.1755, 30.0686] }},
{"zip_code":"76061","country":"US","city":"Lillian","state":"Texas","state_ab":"TX","county":"Johnson","geo_location":{ "type": "Point", "coordinates": [-97.1748, 32.5036] }},
{"zip_code":"78117","country":"US","city":"Hobson","state":"Texas","state_ab":"TX","county":"Karnes","geo_location":{ "type": "Point", "coordinates": [-97.9707, 28.9445] }},
{"zip_code":"78144","country":"US","city":"Panna Maria","state":"Texas","state_ab":"TX","county":"Karnes","geo_location":{ "type": "Point", "coordinates": [-97.8982, 28.9562] }},
{"zip_code":"75147","country":"US","city":"Mabank","state":"Texas","state_ab":"TX","county":"Kaufman","geo_location":{ "type": "Point", "coordinates": [-96.0685, 32.3685] }},
{"zip_code":"75161","country":"US","city":"Terrell","state":"Texas","state_ab":"TX","county":"Kaufman","geo_location":{ "type": "Point", "coordinates": [-96.195, 32.7332] }},
{"zip_code":"78027","country":"US","city":"Kendalia","state":"Texas","state_ab":"TX","county":"Kendall","geo_location":{ "type": "Point", "coordinates": [-98.5166, 29.9406] }},
{"zip_code":"76874","country":"US","city":"Roosevelt","state":"Texas","state_ab":"TX","county":"Kimble","geo_location":{ "type": "Point", "coordinates": [-100.0901, 30.47] }},
{"zip_code":"78364","country":"US","city":"Kingsville","state":"Texas","state_ab":"TX","county":"Kleberg","geo_location":{ "type": "Point", "coordinates": [-97.7115, 27.3442] }},
{"zip_code":"76371","country":"US","city":"Munday","state":"Texas","state_ab":"TX","county":"Knox","geo_location":{ "type": "Point", "coordinates": [-99.6326, 33.4561] }},
{"zip_code":"79031","country":"US","city":"Earth","state":"Texas","state_ab":"TX","county":"Lamb","geo_location":{ "type": "Point", "coordinates": [-102.4213, 34.2415] }},
{"zip_code":"78001","country":"US","city":"Artesia Wells","state":"Texas","state_ab":"TX","county":"La Salle","geo_location":{ "type": "Point", "coordinates": [-99.2802, 28.2639] }},
{"zip_code":"78014","country":"US","city":"Cotulla","state":"Texas","state_ab":"TX","county":"La Salle","geo_location":{ "type": "Point", "coordinates": [-99.2328, 28.4398] }},
{"zip_code":"75831","country":"US","city":"Buffalo","state":"Texas","state_ab":"TX","county":"Leon","geo_location":{ "type": "Point", "coordinates": [-95.9904, 31.4121] }},
{"zip_code":"76667","country":"US","city":"Mexia","state":"Texas","state_ab":"TX","county":"Limestone","geo_location":{ "type": "Point", "coordinates": [-96.4952, 31.6784] }},
{"zip_code":"78607","country":"US","city":"Bluffton","state":"Texas","state_ab":"TX","county":"Llano","geo_location":{ "type": "Point", "coordinates": [-98.515, 30.8256] }},
{"zip_code":"79754","country":"US","city":"Mentone","state":"Texas","state_ab":"TX","county":"Loving","geo_location":{ "type": "Point", "coordinates": [-103.5503, 31.7384] }},
{"zip_code":"79404","country":"US","city":"Lubbock","state":"Texas","state_ab":"TX","county":"Lubbock","geo_location":{ "type": "Point", "coordinates": [-101.8333, 33.526] }},
{"zip_code":"79457","country":"US","city":"Lubbock","state":"Texas","state_ab":"TX","county":"Lubbock","geo_location":{ "type": "Point", "coordinates": [-101.8213, 33.61] }},
{"zip_code":"79381","country":"US","city":"Wilson","state":"Texas","state_ab":"TX","county":"Lynn","geo_location":{ "type": "Point", "coordinates": [-101.7122, 33.3299] }},
{"zip_code":"76887","country":"US","city":"Voca","state":"Texas","state_ab":"TX","county":"McCulloch","geo_location":{ "type": "Point", "coordinates": [-99.1682, 30.9959] }},
{"zip_code":"76524","country":"US","city":"Eddy","state":"Texas","state_ab":"TX","county":"McLennan","geo_location":{ "type": "Point", "coordinates": [-97.2774, 31.3088] }},
{"zip_code":"76654","country":"US","city":"Leroy","state":"Texas","state_ab":"TX","county":"McLennan","geo_location":{ "type": "Point", "coordinates": [-97.2032, 31.5536] }},
{"zip_code":"76704","country":"US","city":"Waco","state":"Texas","state_ab":"TX","county":"McLennan","geo_location":{ "type": "Point", "coordinates": [-97.1241, 31.5773] }},
{"zip_code":"76797","country":"US","city":"Waco","state":"Texas","state_ab":"TX","county":"McLennan","geo_location":{ "type": "Point", "coordinates": [-97.2032, 31.5536] }},
{"zip_code":"77864","country":"US","city":"Madisonville","state":"Texas","state_ab":"TX","county":"Madison","geo_location":{ "type": "Point", "coordinates": [-95.9091, 30.9533] }},
{"zip_code":"79701","country":"US","city":"Midland","state":"Texas","state_ab":"TX","county":"Midland","geo_location":{ "type": "Point", "coordinates": [-102.0626, 31.9896] }},
{"zip_code":"76577","country":"US","city":"Thorndale","state":"Texas","state_ab":"TX","county":"Milam","geo_location":{ "type": "Point", "coordinates": [-97.1764, 30.6082] }},
{"zip_code":"77387","country":"US","city":"Spring","state":"Texas","state_ab":"TX","county":"Montgomery","geo_location":{ "type": "Point", "coordinates": [-95.557, 30.3784] }},
{"zip_code":"75961","country":"US","city":"Nacogdoches","state":"Texas","state_ab":"TX","county":"Nacogdoches","geo_location":{ "type": "Point", "coordinates": [-94.5, 31.5611] }},
{"zip_code":"76641","country":"US","city":"Frost","state":"Texas","state_ab":"TX","county":"Navarro","geo_location":{ "type": "Point", "coordinates": [-96.7684, 32.0275] }},
{"zip_code":"76681","country":"US","city":"Richland","state":"Texas","state_ab":"TX","county":"Navarro","geo_location":{ "type": "Point", "coordinates": [-96.4373, 31.9018] }},
{"zip_code":"78351","country":"US","city":"Driscoll","state":"Texas","state_ab":"TX","county":"Nueces","geo_location":{ "type": "Point", "coordinates": [-97.7427, 27.6868] }},
{"zip_code":"78401","country":"US","city":"Corpus Christi","state":"Texas","state_ab":"TX","county":"Nueces","geo_location":{ "type": "Point", "coordinates": [-97.403, 27.7941] }},
{"zip_code":"78414","country":"US","city":"Corpus Christi","state":"Texas","state_ab":"TX","county":"Nueces","geo_location":{ "type": "Point", "coordinates": [-97.365, 27.677] }},
{"zip_code":"78427","country":"US","city":"Corpus Christi","state":"Texas","state_ab":"TX","county":"Nueces","geo_location":{ "type": "Point", "coordinates": [-97.4632, 27.777] }},
{"zip_code":"78467","country":"US","city":"Corpus Christi","state":"Texas","state_ab":"TX","county":"Nueces","geo_location":{ "type": "Point", "coordinates": [-97.4632, 27.777] }},
{"zip_code":"77631","country":"US","city":"Orange","state":"Texas","state_ab":"TX","county":"Orange","geo_location":{ "type": "Point", "coordinates": [-93.9031, 30.0548] }},
{"zip_code":"75637","country":"US","city":"Clayton","state":"Texas","state_ab":"TX","county":"Panola","geo_location":{ "type": "Point", "coordinates": [-94.4935, 32.1027] }},
{"zip_code":"76087","country":"US","city":"Weatherford","state":"Texas","state_ab":"TX","county":"Parker","geo_location":{ "type": "Point", "coordinates": [-97.6894, 32.7495] }},
{"zip_code":"76487","country":"US","city":"Poolville","state":"Texas","state_ab":"TX","county":"Parker","geo_location":{ "type": "Point", "coordinates": [-97.8472, 32.968] }},
{"zip_code":"79781","country":"US","city":"Sheffield","state":"Texas","state_ab":"TX","county":"Pecos","geo_location":{ "type": "Point", "coordinates": [-101.86, 30.6935] }},
{"zip_code":"75934","country":"US","city":"Camden","state":"Texas","state_ab":"TX","county":"Polk","geo_location":{ "type": "Point", "coordinates": [-94.7547, 30.9] }},
{"zip_code":"79107","country":"US","city":"Amarillo","state":"Texas","state_ab":"TX","county":"Potter","geo_location":{ "type": "Point", "coordinates": [-101.806, 35.2309] }},
{"zip_code":"79161","country":"US","city":"Amarillo","state":"Texas","state_ab":"TX","county":"Potter County","geo_location":{ "type": "Point", "coordinates": [-101.8165, 35.1885] }},
{"zip_code":"79174","country":"US","city":"Amarillo","state":"Texas","state_ab":"TX","county":"Potter","geo_location":{ "type": "Point", "coordinates": [-101.8951, 35.4015] }},
{"zip_code":"79187","country":"US","city":"Amarillo","state":"Texas","state_ab":"TX","county":"Potter","geo_location":{ "type": "Point", "coordinates": [-101.8951, 35.4015] }},
{"zip_code":"79121","country":"US","city":"Amarillo","state":"Texas","state_ab":"TX","county":"Randall","geo_location":{ "type": "Point", "coordinates": [-101.9266, 35.1697] }},
{"zip_code":"75417","country":"US","city":"Bogata","state":"Texas","state_ab":"TX","county":"Red River","geo_location":{ "type": "Point", "coordinates": [-95.1937, 33.4699] }},
{"zip_code":"78377","country":"US","city":"Refugio","state":"Texas","state_ab":"TX","county":"Refugio","geo_location":{ "type": "Point", "coordinates": [-97.2767, 28.3169] }},
{"zip_code":"77837","country":"US","city":"Calvert","state":"Texas","state_ab":"TX","county":"Robertson","geo_location":{ "type": "Point", "coordinates": [-96.6711, 30.9782] }},
{"zip_code":"76821","country":"US","city":"Ballinger","state":"Texas","state_ab":"TX","county":"Runnels","geo_location":{ "type": "Point", "coordinates": [-99.9589, 31.7468] }},
{"zip_code":"76861","country":"US","city":"Miles","state":"Texas","state_ab":"TX","county":"Runnels","geo_location":{ "type": "Point", "coordinates": [-100.1823, 31.6121] }},
{"zip_code":"75691","country":"US","city":"Tatum","state":"Texas","state_ab":"TX","county":"Rusk","geo_location":{ "type": "Point", "coordinates": [-94.596, 32.3266] }},
{"zip_code":"75947","country":"US","city":"Geneva","state":"Texas","state_ab":"TX","county":"Sabine","geo_location":{ "type": "Point", "coordinates": [-93.8219, 31.3731] }},
{"zip_code":"75974","country":"US","city":"Tenaha","state":"Texas","state_ab":"TX","county":"Shelby","geo_location":{ "type": "Point", "coordinates": [-94.2488, 31.9408] }},
{"zip_code":"79084","country":"US","city":"Stratford","state":"Texas","state_ab":"TX","county":"Sherman","geo_location":{ "type": "Point", "coordinates": [-101.9886, 36.3335] }},
{"zip_code":"75701","country":"US","city":"Tyler","state":"Texas","state_ab":"TX","county":"Smith","geo_location":{ "type": "Point", "coordinates": [-95.2922, 32.3254] }},
{"zip_code":"78584","country":"US","city":"Roma","state":"Texas","state_ab":"TX","county":"Starr","geo_location":{ "type": "Point", "coordinates": [-99.0025, 26.4215] }},
{"zip_code":"76951","country":"US","city":"Sterling City","state":"Texas","state_ab":"TX","county":"Sterling","geo_location":{ "type": "Point", "coordinates": [-101.0017, 31.8351] }},
{"zip_code":"76007","country":"US","city":"Arlington","state":"Texas","state_ab":"TX","county":"Tarrant","geo_location":{ "type": "Point", "coordinates": [-97.2915, 32.7714] }},
{"zip_code":"76021","country":"US","city":"Bedford","state":"Texas","state_ab":"TX","county":"Tarrant","geo_location":{ "type": "Point", "coordinates": [-97.1358, 32.8536] }},
{"zip_code":"76034","country":"US","city":"Colleyville","state":"Texas","state_ab":"TX","county":"Tarrant","geo_location":{ "type": "Point", "coordinates": [-97.146, 32.8872] }},
{"zip_code":"76111","country":"US","city":"Fort Worth","state":"Texas","state_ab":"TX","county":"Tarrant","geo_location":{ "type": "Point", "coordinates": [-97.3003, 32.7824] }},
{"zip_code":"76124","country":"US","city":"Fort Worth","state":"Texas","state_ab":"TX","county":"Tarrant","geo_location":{ "type": "Point", "coordinates": [-97.2915, 32.7714] }},
{"zip_code":"76137","country":"US","city":"Fort Worth","state":"Texas","state_ab":"TX","county":"Tarrant","geo_location":{ "type": "Point", "coordinates": [-97.2891, 32.8664] }},
{"zip_code":"76164","country":"US","city":"Fort Worth","state":"Texas","state_ab":"TX","county":"Tarrant","geo_location":{ "type": "Point", "coordinates": [-97.3546, 32.7811] }},
{"zip_code":"76177","country":"US","city":"Fort Worth","state":"Texas","state_ab":"TX","county":"Tarrant","geo_location":{ "type": "Point", "coordinates": [-97.3124, 32.9448] }},
{"zip_code":"76191","country":"US","city":"Fort Worth","state":"Texas","state_ab":"TX","county":"Tarrant","geo_location":{ "type": "Point", "coordinates": [-97.2915, 32.7714] }},
{"zip_code":"79561","country":"US","city":"Trent","state":"Texas","state_ab":"TX","county":"Taylor","geo_location":{ "type": "Point", "coordinates": [-100.1195, 32.4898] }},
{"zip_code":"78711","country":"US","city":"Austin","state":"Texas","state_ab":"TX","county":"Travis","geo_location":{ "type": "Point", "coordinates": [-97.7713, 30.3264] }},
{"zip_code":"78724","country":"US","city":"Austin","state":"Texas","state_ab":"TX","county":"Travis","geo_location":{ "type": "Point", "coordinates": [-97.6396, 30.296] }},
{"zip_code":"78737","country":"US","city":"Austin","state":"Texas","state_ab":"TX","county":"Travis","geo_location":{ "type": "Point", "coordinates": [-97.9427, 30.2107] }},
{"zip_code":"78751","country":"US","city":"Austin","state":"Texas","state_ab":"TX","county":"Travis","geo_location":{ "type": "Point", "coordinates": [-97.7242, 30.3093] }},
{"zip_code":"78764","country":"US","city":"Austin","state":"Texas","state_ab":"TX","county":"Travis","geo_location":{ "type": "Point", "coordinates": [-97.6595, 30.4455] }},
{"zip_code":"78801","country":"US","city":"Uvalde","state":"Texas","state_ab":"TX","county":"Uvalde","geo_location":{ "type": "Point", "coordinates": [-99.7931, 29.2172] }},
{"zip_code":"78881","country":"US","city":"Sabinal","state":"Texas","state_ab":"TX","county":"Uvalde","geo_location":{ "type": "Point", "coordinates": [-99.4781, 29.3267] }},
{"zip_code":"78841","country":"US","city":"Del Rio","state":"Texas","state_ab":"TX","county":"Val Verde","geo_location":{ "type": "Point", "coordinates": [-100.9289, 29.3465] }},
{"zip_code":"75754","country":"US","city":"Ben Wheeler","state":"Texas","state_ab":"TX","county":"Van Zandt","geo_location":{ "type": "Point", "coordinates": [-95.6371, 32.4126] }},
{"zip_code":"77901","country":"US","city":"Victoria","state":"Texas","state_ab":"TX","county":"Victoria","geo_location":{ "type": "Point", "coordinates": [-96.9993, 28.809] }},
{"zip_code":"77334","country":"US","city":"Dodge","state":"Texas","state_ab":"TX","county":"Walker","geo_location":{ "type": "Point", "coordinates": [-95.3838, 30.772] }},
{"zip_code":"78041","country":"US","city":"Laredo","state":"Texas","state_ab":"TX","county":"Webb","geo_location":{ "type": "Point", "coordinates": [-99.4907, 27.5569] }},
{"zip_code":"77437","country":"US","city":"El Campo","state":"Texas","state_ab":"TX","county":"Wharton","geo_location":{ "type": "Point", "coordinates": [-96.2743, 29.2008] }},
{"zip_code":"76304","country":"US","city":"Wichita Falls","state":"Texas","state_ab":"TX","county":"Wichita County","geo_location":{ "type": "Point", "coordinates": [-98.4992, 33.9319] }},
{"zip_code":"76384","country":"US","city":"Vernon","state":"Texas","state_ab":"TX","county":"Wilbarger","geo_location":{ "type": "Point", "coordinates": [-99.303, 34.1491] }},
{"zip_code":"76537","country":"US","city":"Jarrell","state":"Texas","state_ab":"TX","county":"Williamson","geo_location":{ "type": "Point", "coordinates": [-97.5942, 30.8119] }},
{"zip_code":"78634","country":"US","city":"Hutto","state":"Texas","state_ab":"TX","county":"Williamson","geo_location":{ "type": "Point", "coordinates": [-97.5672, 30.5257] }},
{"zip_code":"78674","country":"US","city":"Weir","state":"Texas","state_ab":"TX","county":"Williamson","geo_location":{ "type": "Point", "coordinates": [-97.5929, 30.6747] }},
{"zip_code":"76267","country":"US","city":"Slidell","state":"Texas","state_ab":"TX","county":"Wise","geo_location":{ "type": "Point", "coordinates": [-97.3922, 33.378] }},
{"zip_code":"75444","country":"US","city":"Golden","state":"Texas","state_ab":"TX","county":"Wood","geo_location":{ "type": "Point", "coordinates": [-95.5636, 32.7299] }},
{"zip_code":"75497","country":"US","city":"Yantis","state":"Texas","state_ab":"TX","county":"Wood","geo_location":{ "type": "Point", "coordinates": [-95.5311, 32.9257] }},
{"zip_code":"78067","country":"US","city":"San Ygnacio","state":"Texas","state_ab":"TX","county":"Zapata","geo_location":{ "type": "Point", "coordinates": [-99.3202, 27.1583] }},
{"zip_code":"84301","country":"US","city":"Bear River City","state":"Utah","state_ab":"UT","county":"Box Elder","geo_location":{ "type": "Point", "coordinates": [-112.1241, 41.6093] }},
{"zip_code":"84314","country":"US","city":"Honeyville","state":"Utah","state_ab":"UT","county":"Box Elder","geo_location":{ "type": "Point", "coordinates": [-112.105, 41.652] }},
{"zip_code":"84327","country":"US","city":"Newton","state":"Utah","state_ab":"UT","county":"Cache","geo_location":{ "type": "Point", "coordinates": [-112.0026, 41.9213] }},
{"zip_code":"84341","country":"US","city":"Logan","state":"Utah","state_ab":"UT","county":"Cache","geo_location":{ "type": "Point", "coordinates": [-111.8068, 41.7759] }},
{"zip_code":"84031","country":"US","city":"Hanna","state":"Utah","state_ab":"UT","county":"Duchesne","geo_location":{ "type": "Point", "coordinates": [-110.8097, 40.4501] }},
{"zip_code":"84521","country":"US","city":"Elmo","state":"Utah","state_ab":"UT","county":"Emery","geo_location":{ "type": "Point", "coordinates": [-110.81, 39.4033] }},
{"zip_code":"84714","country":"US","city":"Beryl","state":"Utah","state_ab":"UT","county":"Iron","geo_location":{ "type": "Point", "coordinates": [-113.6196, 37.9601] }},
{"zip_code":"84741","country":"US","city":"Kanab","state":"Utah","state_ab":"UT","county":"Kane","geo_location":{ "type": "Point", "coordinates": [-111.6872, 37.2653] }},
{"zip_code":"84624","country":"US","city":"Delta","state":"Utah","state_ab":"UT","county":"Millard","geo_location":{ "type": "Point", "coordinates": [-112.5319, 39.3755] }},
{"zip_code":"84637","country":"US","city":"Kanosh","state":"Utah","state_ab":"UT","county":"Millard","geo_location":{ "type": "Point", "coordinates": [-112.4561, 38.8318] }},
{"zip_code":"84044","country":"US","city":"Magna","state":"Utah","state_ab":"UT","county":"Salt Lake","geo_location":{ "type": "Point", "coordinates": [-112.0809, 40.7009] }},
{"zip_code":"84084","country":"US","city":"West Jordan","state":"Utah","state_ab":"UT","county":"Salt Lake","geo_location":{ "type": "Point", "coordinates": [-111.9677, 40.6254] }},
{"zip_code":"84107","country":"US","city":"Salt Lake City","state":"Utah","state_ab":"UT","county":"Salt Lake","geo_location":{ "type": "Point", "coordinates": [-111.8904, 40.6568] }},
{"zip_code":"84121","country":"US","city":"Salt Lake City","state":"Utah","state_ab":"UT","county":"Salt Lake","geo_location":{ "type": "Point", "coordinates": [-111.7777, 40.6226] }},
{"zip_code":"84134","country":"US","city":"Salt Lake City","state":"Utah","state_ab":"UT","county":"Salt Lake","geo_location":{ "type": "Point", "coordinates": [-111.9083, 40.6681] }},
{"zip_code":"84147","country":"US","city":"Salt Lake City","state":"Utah","state_ab":"UT","county":"Salt Lake","geo_location":{ "type": "Point", "coordinates": [-111.9083, 40.6681] }},
{"zip_code":"84534","country":"US","city":"Montezuma Creek","state":"Utah","state_ab":"UT","county":"San Juan","geo_location":{ "type": "Point", "coordinates": [-109.1061, 37.2539] }},
{"zip_code":"84701","country":"US","city":"Richfield","state":"Utah","state_ab":"UT","county":"Sevier","geo_location":{ "type": "Point", "coordinates": [-112.0744, 38.7388] }},
{"zip_code":"84754","country":"US","city":"Monroe","state":"Utah","state_ab":"UT","county":"Sevier","geo_location":{ "type": "Point", "coordinates": [-112.1261, 38.6578] }},
{"zip_code":"84017","country":"US","city":"Coalville","state":"Utah","state_ab":"UT","county":"Summit","geo_location":{ "type": "Point", "coordinates": [-111.3228, 40.8405] }},
{"zip_code":"84071","country":"US","city":"Stockton","state":"Utah","state_ab":"UT","county":"Tooele","geo_location":{ "type": "Point", "coordinates": [-112.3559, 40.4415] }},
{"zip_code":"84004","country":"US","city":"Alpine","state":"Utah","state_ab":"UT","county":"Utah","geo_location":{ "type": "Point", "coordinates": [-111.7689, 40.4616] }},
{"zip_code":"84057","country":"US","city":"Orem","state":"Utah","state_ab":"UT","county":"Utah","geo_location":{ "type": "Point", "coordinates": [-111.6953, 40.3134] }},
{"zip_code":"84097","country":"US","city":"Orem","state":"Utah","state_ab":"UT","county":"Utah","geo_location":{ "type": "Point", "coordinates": [-111.6705, 40.2972] }},
{"zip_code":"84651","country":"US","city":"Payson","state":"Utah","state_ab":"UT","county":"Utah","geo_location":{ "type": "Point", "coordinates": [-111.7321, 40.0449] }},
{"zip_code":"84664","country":"US","city":"Mapleton","state":"Utah","state_ab":"UT","county":"Utah","geo_location":{ "type": "Point", "coordinates": [-111.5801, 40.1337] }},
{"zip_code":"84767","country":"US","city":"Springdale","state":"Utah","state_ab":"UT","county":"Washington","geo_location":{ "type": "Point", "coordinates": [-113.0139, 37.1862] }},
{"zip_code":"84781","country":"US","city":"Pine Valley","state":"Utah","state_ab":"UT","county":"Washington","geo_location":{ "type": "Point", "coordinates": [-113.5177, 37.3898] }},
{"zip_code":"84404","country":"US","city":"Ogden","state":"Utah","state_ab":"UT","county":"Weber","geo_location":{ "type": "Point", "coordinates": [-111.9837, 41.2627] }},
{"zip_code":"23214","country":"US","city":"Richmond","state":"Virginia","state_ab":"VA","county":"Accomack County","geo_location":{ "type": "Point", "coordinates": [-77.4471, 37.5593] }},
{"zip_code":"23357","country":"US","city":"Greenbush","state":"Virginia","state_ab":"VA","county":"Accomack","geo_location":{ "type": "Point", "coordinates": [-75.6664, 37.7681] }},
{"zip_code":"23407","country":"US","city":"Mappsville","state":"Virginia","state_ab":"VA","county":"Accomack","geo_location":{ "type": "Point", "coordinates": [-75.5634, 37.8389] }},
{"zip_code":"23421","country":"US","city":"Parksley","state":"Virginia","state_ab":"VA","county":"Accomack","geo_location":{ "type": "Point", "coordinates": [-75.6386, 37.7744] }},
{"zip_code":"22947","country":"US","city":"Keswick","state":"Virginia","state_ab":"VA","county":"Albemarle","geo_location":{ "type": "Point", "coordinates": [-78.3396, 38.0531] }},
{"zip_code":"22987","country":"US","city":"White Hall","state":"Virginia","state_ab":"VA","county":"Albemarle","geo_location":{ "type": "Point", "coordinates": [-78.6189, 38.1799] }},
{"zip_code":"22211","country":"US","city":"Ft Myer","state":"Virginia","state_ab":"VA","county":"Arlington","geo_location":{ "type": "Point", "coordinates": [-77.0774, 38.8787] }},
{"zip_code":"24411","country":"US","city":"Augusta Springs","state":"Virginia","state_ab":"VA","county":"Augusta","geo_location":{ "type": "Point", "coordinates": [-79.3224, 38.0917] }},
{"zip_code":"24437","country":"US","city":"Fort Defiance","state":"Virginia","state_ab":"VA","county":"Augusta","geo_location":{ "type": "Point", "coordinates": [-78.9326, 38.2109] }},
{"zip_code":"24477","country":"US","city":"Stuarts Draft","state":"Virginia","state_ab":"VA","county":"Augusta","geo_location":{ "type": "Point", "coordinates": [-79.0298, 38.0144] }},
{"zip_code":"24101","country":"US","city":"Hardy","state":"Virginia","state_ab":"VA","county":"Bedford","geo_location":{ "type": "Point", "coordinates": [-79.8127, 37.2145] }},
{"zip_code":"24064","country":"US","city":"Blue Ridge","state":"Virginia","state_ab":"VA","county":"Botetourt","geo_location":{ "type": "Point", "coordinates": [-79.8172, 37.3885] }},
{"zip_code":"24077","country":"US","city":"Cloverdale","state":"Virginia","state_ab":"VA","county":"Botetourt","geo_location":{ "type": "Point", "coordinates": [-79.9013, 37.3726] }},
{"zip_code":"23821","country":"US","city":"Alberta","state":"Virginia","state_ab":"VA","county":"Brunswick","geo_location":{ "type": "Point", "coordinates": [-77.9055, 36.8806] }},
{"zip_code":"23887","country":"US","city":"Valentines","state":"Virginia","state_ab":"VA","county":"Brunswick","geo_location":{ "type": "Point", "coordinates": [-77.8384, 36.565] }},
{"zip_code":"24631","country":"US","city":"Oakwood","state":"Virginia","state_ab":"VA","county":"Buchanan","geo_location":{ "type": "Point", "coordinates": [-81.9917, 37.2138] }},
{"zip_code":"24657","country":"US","city":"Whitewood","state":"Virginia","state_ab":"VA","county":"Buchanan","geo_location":{ "type": "Point", "coordinates": [-81.8605, 37.2251] }},
{"zip_code":"23911","country":"US","city":"Andersonville","state":"Virginia","state_ab":"VA","county":"Buckingham County","geo_location":{ "type": "Point", "coordinates": [-78.569, 37.4671] }},
{"zip_code":"24554","country":"US","city":"Gladys","state":"Virginia","state_ab":"VA","county":"Campbell","geo_location":{ "type": "Point", "coordinates": [-79.1048, 37.1386] }},
{"zip_code":"23937","country":"US","city":"Drakes Branch","state":"Virginia","state_ab":"VA","county":"Charlotte","geo_location":{ "type": "Point", "coordinates": [-78.5615, 36.9688] }},
{"zip_code":"23964","country":"US","city":"Red Oak","state":"Virginia","state_ab":"VA","county":"Charlotte","geo_location":{ "type": "Point", "coordinates": [-78.6321, 36.7724] }},
{"zip_code":"22611","country":"US","city":"Berryville","state":"Virginia","state_ab":"VA","county":"Clarke","geo_location":{ "type": "Point", "coordinates": [-77.9688, 39.1532] }},
{"zip_code":"24127","country":"US","city":"New Castle","state":"Virginia","state_ab":"VA","county":"Craig","geo_location":{ "type": "Point", "coordinates": [-80.1704, 37.4871] }},
{"zip_code":"22701","country":"US","city":"Culpeper","state":"Virginia","state_ab":"VA","county":"Culpeper","geo_location":{ "type": "Point", "coordinates": [-77.9928, 38.5117] }},
{"zip_code":"22714","country":"US","city":"Brandy Station","state":"Virginia","state_ab":"VA","county":"Culpeper","geo_location":{ "type": "Point", "coordinates": [-77.9037, 38.511] }},
{"zip_code":"22741","country":"US","city":"Stevensburg","state":"Virginia","state_ab":"VA","county":"Culpeper","geo_location":{ "type": "Point", "coordinates": [-77.8842, 38.4441] }},
{"zip_code":"24217","country":"US","city":"Bee","state":"Virginia","state_ab":"VA","county":"Dickenson","geo_location":{ "type": "Point", "coordinates": [-82.1856, 37.1014] }},
{"zip_code":"20194","country":"US","city":"Reston","state":"Virginia","state_ab":"VA","county":"Fairfax","geo_location":{ "type": "Point", "coordinates": [-77.3419, 38.9807] }},
{"zip_code":"22044","country":"US","city":"Falls Church","state":"Virginia","state_ab":"VA","county":"Fairfax","geo_location":{ "type": "Point", "coordinates": [-77.1548, 38.8589] }},
{"zip_code":"22071","country":"US","city":"Herndon","state":"Virginia","state_ab":"VA","county":"Fairfax County","geo_location":{ "type": "Point", "coordinates": [-77.3951, 38.9201] }},
{"zip_code":"22107","country":"US","city":"McLean","state":"Virginia","state_ab":"VA","county":"Fairfax County","geo_location":{ "type": "Point", "coordinates": [-77.1882, 38.9363] }},
{"zip_code":"22121","country":"US","city":"Mount Vernon","state":"Virginia","state_ab":"VA","county":"Fairfax","geo_location":{ "type": "Point", "coordinates": [-77.4323, 38.8309] }},
{"zip_code":"22161","country":"US","city":"Springfield","state":"Virginia","state_ab":"VA","county":"Fairfax","geo_location":{ "type": "Point", "coordinates": [-77.2194, 38.8075] }},
{"zip_code":"22017","country":"US","city":"Casanova","state":"Virginia","state_ab":"VA","county":"Fauquier County","geo_location":{ "type": "Point", "coordinates": [-77.7171, 38.6575] }},
{"zip_code":"24091","country":"US","city":"Floyd","state":"Virginia","state_ab":"VA","county":"Floyd","geo_location":{ "type": "Point", "coordinates": [-80.3275, 36.8957] }},
{"zip_code":"22974","country":"US","city":"Troy","state":"Virginia","state_ab":"VA","county":"Fluvanna","geo_location":{ "type": "Point", "coordinates": [-78.2535, 37.9636] }},
{"zip_code":"22624","country":"US","city":"Clear Brook","state":"Virginia","state_ab":"VA","county":"Frederick","geo_location":{ "type": "Point", "coordinates": [-78.0988, 39.2655] }},
{"zip_code":"22637","country":"US","city":"Gore","state":"Virginia","state_ab":"VA","county":"Frederick","geo_location":{ "type": "Point", "coordinates": [-78.3417, 39.2887] }},
{"zip_code":"24167","country":"US","city":"Staffordsville","state":"Virginia","state_ab":"VA","county":"Giles","geo_location":{ "type": "Point", "coordinates": [-80.7344, 37.2491] }},
{"zip_code":"23061","country":"US","city":"Gloucester","state":"Virginia","state_ab":"VA","county":"Gloucester","geo_location":{ "type": "Point", "coordinates": [-76.5464, 37.4126] }},
{"zip_code":"23191","country":"US","city":"Zanoni","state":"Virginia","state_ab":"VA","county":"Gloucester","geo_location":{ "type": "Point", "coordinates": [-76.5084, 37.4182] }},
{"zip_code":"23047","country":"US","city":"Doswell","state":"Virginia","state_ab":"VA","county":"Hanover","geo_location":{ "type": "Point", "coordinates": [-77.5125, 37.8417] }},
{"zip_code":"23111","country":"US","city":"Mechanicsville","state":"Virginia","state_ab":"VA","county":"Hanover","geo_location":{ "type": "Point", "coordinates": [-77.3395, 37.6281] }},
{"zip_code":"23227","country":"US","city":"Richmond","state":"Virginia","state_ab":"VA","county":"Henrico","geo_location":{ "type": "Point", "coordinates": [-77.4351, 37.6247] }},
{"zip_code":"23294","country":"US","city":"Richmond","state":"Virginia","state_ab":"VA","county":"Henrico","geo_location":{ "type": "Point", "coordinates": [-77.5451, 37.6329] }},
{"zip_code":"23304","country":"US","city":"Battery Park","state":"Virginia","state_ab":"VA","county":"Isle of Wight","geo_location":{ "type": "Point", "coordinates": [-76.5723, 36.9898] }},
{"zip_code":"23397","country":"US","city":"Isle Of Wight","state":"Virginia","state_ab":"VA","county":"Isle of Wight","geo_location":{ "type": "Point", "coordinates": [-76.6877, 36.8989] }},
{"zip_code":"23487","country":"US","city":"Windsor","state":"Virginia","state_ab":"VA","county":"Isle of Wight","geo_location":{ "type": "Point", "coordinates": [-76.7324, 36.8369] }},
{"zip_code":"23177","country":"US","city":"Walkerton","state":"Virginia","state_ab":"VA","county":"King and Queen","geo_location":{ "type": "Point", "coordinates": [-77.0185, 37.7554] }},
{"zip_code":"22547","country":"US","city":"Sealston","state":"Virginia","state_ab":"VA","county":"King George","geo_location":{ "type": "Point", "coordinates": [-77.1726, 38.2711] }},
{"zip_code":"22507","country":"US","city":"Lively","state":"Virginia","state_ab":"VA","county":"Lancaster","geo_location":{ "type": "Point", "coordinates": [-76.5118, 37.7572] }},
{"zip_code":"20101","country":"US","city":"Dulles","state":"Virginia","state_ab":"VA","county":"Loudoun","geo_location":{ "type": "Point", "coordinates": [-77.4421, 39.0021] }},
{"zip_code":"20141","country":"US","city":"Round Hill","state":"Virginia","state_ab":"VA","county":"Loudoun","geo_location":{ "type": "Point", "coordinates": [-77.7802, 39.1164] }},
{"zip_code":"20167","country":"US","city":"Sterling","state":"Virginia","state_ab":"VA","county":"Loudoun","geo_location":{ "type": "Point", "coordinates": [-77.6452, 39.0853] }},
{"zip_code":"22727","country":"US","city":"Madison","state":"Virginia","state_ab":"VA","county":"Madison","geo_location":{ "type": "Point", "coordinates": [-78.2976, 38.37] }},
{"zip_code":"23021","country":"US","city":"Bohannon","state":"Virginia","state_ab":"VA","county":"Mathews","geo_location":{ "type": "Point", "coordinates": [-76.3614, 37.3905] }},
{"zip_code":"23924","country":"US","city":"Chase City","state":"Virginia","state_ab":"VA","county":"Mecklenburg","geo_location":{ "type": "Point", "coordinates": [-78.4553, 36.8053] }},
{"zip_code":"24464","country":"US","city":"Montebello","state":"Virginia","state_ab":"VA","county":"Nelson","geo_location":{ "type": "Point", "coordinates": [-79.0804, 37.8654] }},
{"zip_code":"24581","country":"US","city":"Norwood","state":"Virginia","state_ab":"VA","county":"Nelson","geo_location":{ "type": "Point", "coordinates": [-78.8038, 37.6408] }},
{"zip_code":"23124","country":"US","city":"New Kent","state":"Virginia","state_ab":"VA","county":"New Kent","geo_location":{ "type": "Point", "coordinates": [-77.0742, 37.553] }},
{"zip_code":"23137","country":"US","city":"Plain View","state":"Virginia","state_ab":"VA","county":"Pittsylvania County","geo_location":{ "type": "Point", "coordinates": [-76.7097, 37.5048] }},
{"zip_code":"24527","country":"US","city":"Blairs","state":"Virginia","state_ab":"VA","county":"Pittsylvania","geo_location":{ "type": "Point", "coordinates": [-79.3381, 36.7102] }},
{"zip_code":"24594","country":"US","city":"Sutherlin","state":"Virginia","state_ab":"VA","county":"Pittsylvania","geo_location":{ "type": "Point", "coordinates": [-79.195, 36.6258] }},
{"zip_code":"20181","country":"US","city":"Nokesville","state":"Virginia","state_ab":"VA","county":"Prince William","geo_location":{ "type": "Point", "coordinates": [-77.5483, 38.7] }},
{"zip_code":"22134","country":"US","city":"Quantico","state":"Virginia","state_ab":"VA","county":"Prince William","geo_location":{ "type": "Point", "coordinates": [-77.3358, 38.531] }},
{"zip_code":"24347","country":"US","city":"Hiwassee","state":"Virginia","state_ab":"VA","county":"Pulaski","geo_location":{ "type": "Point", "coordinates": [-80.6695, 36.9756] }},
{"zip_code":"22831","country":"US","city":"Hinton","state":"Virginia","state_ab":"VA","county":"Rockingham","geo_location":{ "type": "Point", "coordinates": [-79.0885, 38.5689] }},
{"zip_code":"24244","country":"US","city":"Duffield","state":"Virginia","state_ab":"VA","county":"Scott","geo_location":{ "type": "Point", "coordinates": [-82.8337, 36.7114] }},
{"zip_code":"24271","country":"US","city":"Nickelsville","state":"Virginia","state_ab":"VA","county":"Scott","geo_location":{ "type": "Point", "coordinates": [-82.4202, 36.7502] }},
{"zip_code":"22664","country":"US","city":"Woodstock","state":"Virginia","state_ab":"VA","county":"Shenandoah","geo_location":{ "type": "Point", "coordinates": [-78.5217, 38.887] }},
{"zip_code":"22844","country":"US","city":"New Market","state":"Virginia","state_ab":"VA","county":"Shenandoah","geo_location":{ "type": "Point", "coordinates": [-78.6714, 38.6606] }},
{"zip_code":"23874","country":"US","city":"Newsoms","state":"Virginia","state_ab":"VA","county":"Southampton","geo_location":{ "type": "Point", "coordinates": [-77.1069, 36.6148] }},
{"zip_code":"22534","country":"US","city":"Partlow","state":"Virginia","state_ab":"VA","county":"Spotsylvania","geo_location":{ "type": "Point", "coordinates": [-77.6586, 38.0641] }},
{"zip_code":"22471","country":"US","city":"Hartwood","state":"Virginia","state_ab":"VA","county":"Stafford","geo_location":{ "type": "Point", "coordinates": [-77.5814, 38.3993] }},
{"zip_code":"24604","country":"US","city":"Bishop","state":"Virginia","state_ab":"VA","county":"Tazewell","geo_location":{ "type": "Point", "coordinates": [-81.5575, 37.2033] }},
{"zip_code":"22651","country":"US","city":"Front Royal","state":"Virginia","state_ab":"VA","county":"Warren County","geo_location":{ "type": "Point", "coordinates": [-78.1946, 38.918] }},
{"zip_code":"24361","country":"US","city":"Meadowview","state":"Virginia","state_ab":"VA","county":"Washington","geo_location":{ "type": "Point", "coordinates": [-81.8512, 36.7612] }},
{"zip_code":"24374","country":"US","city":"Speedwell","state":"Virginia","state_ab":"VA","county":"Wythe","geo_location":{ "type": "Point", "coordinates": [-81.1834, 36.7998] }},
{"zip_code":"23694","country":"US","city":"Lackey","state":"Virginia","state_ab":"VA","county":"York","geo_location":{ "type": "Point", "coordinates": [-76.559, 37.2232] }},
{"zip_code":"22301","country":"US","city":"Alexandria","state":"Virginia","state_ab":"VA","county":"Alexandria (city)","geo_location":{ "type": "Point", "coordinates": [-77.0589, 38.82] }},
{"zip_code":"22314","country":"US","city":"Alexandria","state":"Virginia","state_ab":"VA","county":"Alexandria (city)","geo_location":{ "type": "Point", "coordinates": [-77.0529, 38.806] }},
{"zip_code":"22907","country":"US","city":"Charlottesville","state":"Virginia","state_ab":"VA","county":"Charlottesville (city)","geo_location":{ "type": "Point", "coordinates": [-78.4851, 38.0401] }},
{"zip_code":"23834","country":"US","city":"Colonial Heights","state":"Virginia","state_ab":"VA","county":"Colonial Heights (city","geo_location":{ "type": "Point", "coordinates": [-77.4038, 37.27] }},
{"zip_code":"24541","country":"US","city":"Danville","state":"Virginia","state_ab":"VA","county":"Danville (city)","geo_location":{ "type": "Point", "coordinates": [-79.4411, 36.5779] }},
{"zip_code":"23847","country":"US","city":"Emporia","state":"Virginia","state_ab":"VA","county":"Emporia (city)","geo_location":{ "type": "Point", "coordinates": [-77.563, 36.6857] }},
{"zip_code":"22031","country":"US","city":"Fairfax","state":"Virginia","state_ab":"VA","county":"Fairfax (city)","geo_location":{ "type": "Point", "coordinates": [-77.2649, 38.8604] }},
{"zip_code":"22404","country":"US","city":"Fredericksburg","state":"Virginia","state_ab":"VA","county":"Fredericksburg (city)","geo_location":{ "type": "Point", "coordinates": [-77.4899, 38.2983] }},
{"zip_code":"23667","country":"US","city":"Hampton","state":"Virginia","state_ab":"VA","county":"Hampton (city)","geo_location":{ "type": "Point", "coordinates": [-76.3318, 37.0193] }},
{"zip_code":"23681","country":"US","city":"Hampton","state":"Virginia","state_ab":"VA","county":"Hampton (city)","geo_location":{ "type": "Point", "coordinates": [-76.3899, 37.0727] }},
{"zip_code":"24501","country":"US","city":"Lynchburg","state":"Virginia","state_ab":"VA","county":"Lynchburg (city)","geo_location":{ "type": "Point", "coordinates": [-79.1557, 37.353] }},
{"zip_code":"24514","country":"US","city":"Lynchburg","state":"Virginia","state_ab":"VA","county":"Lynchburg (city)","geo_location":{ "type": "Point", "coordinates": [-79.1785, 37.4009] }},
{"zip_code":"24114","country":"US","city":"Martinsville","state":"Virginia","state_ab":"VA","county":"Martinsville (city)","geo_location":{ "type": "Point", "coordinates": [-79.8652, 36.6796] }},
{"zip_code":"23601","country":"US","city":"Newport News","state":"Virginia","state_ab":"VA","county":"Newport News (city)","geo_location":{ "type": "Point", "coordinates": [-76.4607, 37.058] }},
{"zip_code":"23511","country":"US","city":"Norfolk","state":"Virginia","state_ab":"VA","county":"Norfolk (city)","geo_location":{ "type": "Point", "coordinates": [-76.3034, 36.9356] }},
{"zip_code":"23551","country":"US","city":"Norfolk","state":"Virginia","state_ab":"VA","county":"Norfolk (city)","geo_location":{ "type": "Point", "coordinates": [-76.2397, 36.9312] }},
{"zip_code":"23704","country":"US","city":"Portsmouth","state":"Virginia","state_ab":"VA","county":"Portsmouth (city)","geo_location":{ "type": "Point", "coordinates": [-76.3146, 36.8298] }},
{"zip_code":"24141","country":"US","city":"Radford","state":"Virginia","state_ab":"VA","county":"Radford (city)","geo_location":{ "type": "Point", "coordinates": [-80.5565, 37.1197] }},
{"zip_code":"23201","country":"US","city":"Richmond","state":"Virginia","state_ab":"VA","county":"City of Richmond","geo_location":{ "type": "Point", "coordinates": [-77.4471, 37.5593] }},
{"zip_code":"23241","country":"US","city":"Richmond","state":"Virginia","state_ab":"VA","county":"Richmond (city)","geo_location":{ "type": "Point", "coordinates": [-77.4932, 37.5242] }},
{"zip_code":"24011","country":"US","city":"Roanoke","state":"Virginia","state_ab":"VA","county":"Roanoke (city)","geo_location":{ "type": "Point", "coordinates": [-79.942, 37.269] }},
{"zip_code":"24024","country":"US","city":"Roanoke","state":"Virginia","state_ab":"VA","county":"Roanoke (city)","geo_location":{ "type": "Point", "coordinates": [-79.9579, 37.2742] }},
{"zip_code":"24037","country":"US","city":"Roanoke","state":"Virginia","state_ab":"VA","county":"Roanoke (city)","geo_location":{ "type": "Point", "coordinates": [-79.9579, 37.2742] }},
{"zip_code":"23434","country":"US","city":"Suffolk","state":"Virginia","state_ab":"VA","county":"Suffolk (city)","geo_location":{ "type": "Point", "coordinates": [-76.5931, 36.7304] }},
{"zip_code":"23461","country":"US","city":"Virginia Beach","state":"Virginia","state_ab":"VA","county":"Virginia Beach (city)","geo_location":{ "type": "Point", "coordinates": [-75.9633, 36.7754] }},
{"zip_code":"5487","country":"US","city":"Starksboro","state":"Vermont","state_ab":"VT","county":"Addison","geo_location":{ "type": "Point", "coordinates": [-73.0157, 44.2261] }},
{"zip_code":"5201","country":"US","city":"Bennington","state":"Vermont","state_ab":"VT","county":"Bennington","geo_location":{ "type": "Point", "coordinates": [-73.1923, 42.8827] }},
{"zip_code":"5254","country":"US","city":"Manchester","state":"Vermont","state_ab":"VT","county":"Bennington","geo_location":{ "type": "Point", "coordinates": [-73.0458, 43.1772] }},
{"zip_code":"5821","country":"US","city":"Barnet","state":"Vermont","state_ab":"VT","county":"Caledonia","geo_location":{ "type": "Point", "coordinates": [-72.0783, 44.3179] }},
{"zip_code":"5861","country":"US","city":"Passumpsic","state":"Vermont","state_ab":"VT","county":"Caledonia","geo_location":{ "type": "Point", "coordinates": [-72.1358, 44.4624] }},
{"zip_code":"5407","country":"US","city":"South Burlington","state":"Vermont","state_ab":"VT","county":"Chittenden","geo_location":{ "type": "Point", "coordinates": [-73.0825, 44.4421] }},
{"zip_code":"5461","country":"US","city":"Hinesburg","state":"Vermont","state_ab":"VT","county":"Chittenden","geo_location":{ "type": "Point", "coordinates": [-73.098, 44.3346] }},
{"zip_code":"5447","country":"US","city":"East Berkshire","state":"Vermont","state_ab":"VT","county":"Franklin","geo_location":{ "type": "Point", "coordinates": [-72.7028, 44.931] }},
{"zip_code":"5474","country":"US","city":"North Hero","state":"Vermont","state_ab":"VT","county":"Grand Isle","geo_location":{ "type": "Point", "coordinates": [-73.2778, 44.8353] }},
{"zip_code":"5061","country":"US","city":"Randolph Center","state":"Vermont","state_ab":"VT","county":"Orange","geo_location":{ "type": "Point", "coordinates": [-72.597, 43.9379] }},
{"zip_code":"5074","country":"US","city":"Thetford","state":"Vermont","state_ab":"VT","county":"Orange","geo_location":{ "type": "Point", "coordinates": [-72.4114, 43.996] }},
{"zip_code":"5847","country":"US","city":"Lowell","state":"Vermont","state_ab":"VT","county":"Orleans","geo_location":{ "type": "Point", "coordinates": [-72.4501, 44.7961] }},
{"zip_code":"5874","country":"US","city":"Westfield","state":"Vermont","state_ab":"VT","county":"Orleans","geo_location":{ "type": "Point", "coordinates": [-72.4396, 44.8825] }},
{"zip_code":"5731","country":"US","city":"Benson","state":"Vermont","state_ab":"VT","county":"Rutland","geo_location":{ "type": "Point", "coordinates": [-73.2919, 43.6877] }},
{"zip_code":"5744","country":"US","city":"Florence","state":"Vermont","state_ab":"VT","county":"Rutland","geo_location":{ "type": "Point", "coordinates": [-73.079, 43.7093] }},
{"zip_code":"5757","country":"US","city":"Middletown Springs","state":"Vermont","state_ab":"VT","county":"Rutland","geo_location":{ "type": "Point", "coordinates": [-73.0604, 43.4783] }},
{"zip_code":"5601","country":"US","city":"Montpelier","state":"Vermont","state_ab":"VT","county":"Washington","geo_location":{ "type": "Point", "coordinates": [-72.5596, 44.1991] }},
{"zip_code":"5641","country":"US","city":"Barre","state":"Vermont","state_ab":"VT","county":"Washington","geo_location":{ "type": "Point", "coordinates": [-72.4936, 44.1945] }},
{"zip_code":"5654","country":"US","city":"Graniteville","state":"Vermont","state_ab":"VT","county":"Washington","geo_location":{ "type": "Point", "coordinates": [-72.4847, 44.1554] }},
{"zip_code":"5667","country":"US","city":"Plainfield","state":"Vermont","state_ab":"VT","county":"Washington","geo_location":{ "type": "Point", "coordinates": [-72.4224, 44.2622] }},
{"zip_code":"5681","country":"US","city":"Woodbury","state":"Vermont","state_ab":"VT","county":"Washington","geo_location":{ "type": "Point", "coordinates": [-72.4036, 44.4548] }},
{"zip_code":"5304","country":"US","city":"Brattleboro","state":"Vermont","state_ab":"VT","county":"Windham","geo_location":{ "type": "Point", "coordinates": [-72.7204, 42.9947] }},
{"zip_code":"5344","country":"US","city":"Marlboro","state":"Vermont","state_ab":"VT","county":"Windham","geo_location":{ "type": "Point", "coordinates": [-72.7204, 42.9947] }},
{"zip_code":"5357","country":"US","city":"West Dummerston","state":"Vermont","state_ab":"VT","county":"Windham","geo_location":{ "type": "Point", "coordinates": [-72.6241, 42.9572] }},
{"zip_code":"5034","country":"US","city":"Bridgewater","state":"Vermont","state_ab":"VT","county":"Windsor","geo_location":{ "type": "Point", "coordinates": [-72.6467, 43.5804] }},
{"zip_code":"5047","country":"US","city":"Hartford","state":"Vermont","state_ab":"VT","county":"Windsor","geo_location":{ "type": "Point", "coordinates": [-72.3555, 43.6721] }},
{"zip_code":"5151","country":"US","city":"Perkinsville","state":"Vermont","state_ab":"VT","county":"Windsor","geo_location":{ "type": "Point", "coordinates": [-72.5038, 43.3879] }},
{"zip_code":"98807","country":"US","city":"Wenatchee","state":"Washington","state_ab":"WA","county":"Chelan","geo_location":{ "type": "Point", "coordinates": [-120.5202, 47.9058] }},
{"zip_code":"98821","country":"US","city":"Dryden","state":"Washington","state_ab":"WA","county":"Chelan","geo_location":{ "type": "Point", "coordinates": [-120.596, 47.5822] }},
{"zip_code":"98847","country":"US","city":"Peshastin","state":"Washington","state_ab":"WA","county":"Chelan","geo_location":{ "type": "Point", "coordinates": [-120.5961, 47.5458] }},
{"zip_code":"98331","country":"US","city":"Forks","state":"Washington","state_ab":"WA","county":"Clallam","geo_location":{ "type": "Point", "coordinates": [-124.3989, 47.9287] }},
{"zip_code":"98357","country":"US","city":"Neah Bay","state":"Washington","state_ab":"WA","county":"Clallam","geo_location":{ "type": "Point", "coordinates": [-124.6151, 48.328] }},
{"zip_code":"98601","country":"US","city":"Amboy","state":"Washington","state_ab":"WA","county":"Clark","geo_location":{ "type": "Point", "coordinates": [-122.4574, 45.9195] }},
{"zip_code":"98667","country":"US","city":"Vancouver","state":"Washington","state_ab":"WA","county":"Clark","geo_location":{ "type": "Point", "coordinates": [-122.5203, 45.8016] }},
{"zip_code":"99347","country":"US","city":"Pomeroy","state":"Washington","state_ab":"WA","county":"Garfield","geo_location":{ "type": "Point", "coordinates": [-117.5993, 46.4698] }},
{"zip_code":"99321","country":"US","city":"Beverly","state":"Washington","state_ab":"WA","county":"Grant","geo_location":{ "type": "Point", "coordinates": [-119.9121, 46.8484] }},
{"zip_code":"98537","country":"US","city":"Cosmopolis","state":"Washington","state_ab":"WA","county":"Grays Harbor","geo_location":{ "type": "Point", "coordinates": [-123.7739, 46.9538] }},
{"zip_code":"98007","country":"US","city":"Bellevue","state":"Washington","state_ab":"WA","county":"King","geo_location":{ "type": "Point", "coordinates": [-122.1426, 47.6174] }},
{"zip_code":"98034","country":"US","city":"Kirkland","state":"Washington","state_ab":"WA","county":"King","geo_location":{ "type": "Point", "coordinates": [-122.1966, 47.7188] }},
{"zip_code":"98047","country":"US","city":"Pacific","state":"Washington","state_ab":"WA","county":"King","geo_location":{ "type": "Point", "coordinates": [-122.2435, 47.2666] }},
{"zip_code":"98074","country":"US","city":"Sammamish","state":"Washington","state_ab":"WA","county":"King County","geo_location":{ "type": "Point", "coordinates": [-122.0462, 47.6254] }},
{"zip_code":"98111","country":"US","city":"Seattle","state":"Washington","state_ab":"WA","county":"King","geo_location":{ "type": "Point", "coordinates": [-121.8034, 47.4323] }},
{"zip_code":"98124","country":"US","city":"Seattle","state":"Washington","state_ab":"WA","county":"King","geo_location":{ "type": "Point", "coordinates": [-121.8034, 47.4323] }},
{"zip_code":"98151","country":"US","city":"Seattle","state":"Washington","state_ab":"WA","county":"King","geo_location":{ "type": "Point", "coordinates": [-121.8034, 47.4323] }},
{"zip_code":"98164","country":"US","city":"Seattle","state":"Washington","state_ab":"WA","county":"King","geo_location":{ "type": "Point", "coordinates": [-122.332, 47.606] }},
{"zip_code":"98177","country":"US","city":"Seattle","state":"Washington","state_ab":"WA","county":"King","geo_location":{ "type": "Point", "coordinates": [-122.3686, 47.7467] }},
{"zip_code":"98191","country":"US","city":"Seattle","state":"Washington","state_ab":"WA","county":"King","geo_location":{ "type": "Point", "coordinates": [-121.8034, 47.4323] }},
{"zip_code":"98061","country":"US","city":"Rollingbay","state":"Washington","state_ab":"WA","county":"Kitsap","geo_location":{ "type": "Point", "coordinates": [-122.5762, 47.6808] }},
{"zip_code":"98384","country":"US","city":"South Colby","state":"Washington","state_ab":"WA","county":"Kitsap","geo_location":{ "type": "Point", "coordinates": [-122.5396, 47.5218] }},
{"zip_code":"98564","country":"US","city":"Mossyrock","state":"Washington","state_ab":"WA","county":"Lewis","geo_location":{ "type": "Point", "coordinates": [-122.4789, 46.5131] }},
{"zip_code":"98591","country":"US","city":"Toledo","state":"Washington","state_ab":"WA","county":"Lewis","geo_location":{ "type": "Point", "coordinates": [-122.8266, 46.4396] }},
{"zip_code":"99154","country":"US","city":"Mohler","state":"Washington","state_ab":"WA","county":"Lincoln","geo_location":{ "type": "Point", "coordinates": [-118.3659, 47.3897] }},
{"zip_code":"98524","country":"US","city":"Allyn","state":"Washington","state_ab":"WA","county":"Mason","geo_location":{ "type": "Point", "coordinates": [-122.8587, 47.3571] }},
{"zip_code":"98834","country":"US","city":"Methow","state":"Washington","state_ab":"WA","county":"Okanogan","geo_location":{ "type": "Point", "coordinates": [-120.0891, 48.1171] }},
{"zip_code":"98577","country":"US","city":"Raymond","state":"Washington","state_ab":"WA","county":"Pacific","geo_location":{ "type": "Point", "coordinates": [-123.6929, 46.671] }},
{"zip_code":"98614","country":"US","city":"Chinook","state":"Washington","state_ab":"WA","county":"Pacific","geo_location":{ "type": "Point", "coordinates": [-123.9332, 46.263] }},
{"zip_code":"98641","country":"US","city":"Oysterville","state":"Washington","state_ab":"WA","county":"Pacific","geo_location":{ "type": "Point", "coordinates": [-124.0427, 46.5448] }},
{"zip_code":"98304","country":"US","city":"Ashford","state":"Washington","state_ab":"WA","county":"Pierce","geo_location":{ "type": "Point", "coordinates": [-121.9898, 46.7531] }},
{"zip_code":"98344","country":"US","city":"Kapowsin","state":"Washington","state_ab":"WA","county":"Pierce","geo_location":{ "type": "Point", "coordinates": [-122.2226, 46.9899] }},
{"zip_code":"98371","country":"US","city":"Puyallup","state":"Washington","state_ab":"WA","county":"Pierce","geo_location":{ "type": "Point", "coordinates": [-122.3151, 47.1991] }},
{"zip_code":"98397","country":"US","city":"Longmire","state":"Washington","state_ab":"WA","county":"Pierce","geo_location":{ "type": "Point", "coordinates": [-122.1132, 47.0662] }},
{"zip_code":"98407","country":"US","city":"Tacoma","state":"Washington","state_ab":"WA","county":"Pierce","geo_location":{ "type": "Point", "coordinates": [-122.5039, 47.2825] }},
{"zip_code":"98421","country":"US","city":"Tacoma","state":"Washington","state_ab":"WA","county":"Pierce","geo_location":{ "type": "Point", "coordinates": [-122.4015, 47.2664] }},
{"zip_code":"98434","country":"US","city":"Tacoma","state":"Washington","state_ab":"WA","county":"Pierce","geo_location":{ "type": "Point", "coordinates": [-122.1132, 47.0662] }},
{"zip_code":"98447","country":"US","city":"Tacoma","state":"Washington","state_ab":"WA","county":"Pierce","geo_location":{ "type": "Point", "coordinates": [-122.4434, 47.1441] }},
{"zip_code":"98267","country":"US","city":"Marblemount","state":"Washington","state_ab":"WA","county":"Skagit","geo_location":{ "type": "Point", "coordinates": [-121.3163, 48.4435] }},
{"zip_code":"98021","country":"US","city":"Bothell","state":"Washington","state_ab":"WA","county":"Snohomish","geo_location":{ "type": "Point", "coordinates": [-122.2243, 47.7918] }},
{"zip_code":"98087","country":"US","city":"Lynnwood","state":"Washington","state_ab":"WA","county":"Snohomish County","geo_location":{ "type": "Point", "coordinates": [-122.2532, 47.862] }},
{"zip_code":"98201","country":"US","city":"Everett","state":"Washington","state_ab":"WA","county":"Snohomish","geo_location":{ "type": "Point", "coordinates": [-122.2006, 47.9884] }},
{"zip_code":"98241","country":"US","city":"Darrington","state":"Washington","state_ab":"WA","county":"Snohomish","geo_location":{ "type": "Point", "coordinates": [-121.5892, 48.2395] }},
{"zip_code":"98294","country":"US","city":"Sultan","state":"Washington","state_ab":"WA","county":"Snohomish","geo_location":{ "type": "Point", "coordinates": [-121.7369, 47.8589] }},
{"zip_code":"99011","country":"US","city":"Fairchild Air Force Base","state":"Washington","state_ab":"WA","county":"Spokane","geo_location":{ "type": "Point", "coordinates": [-117.6546, 47.6332] }},
{"zip_code":"99037","country":"US","city":"Veradale","state":"Washington","state_ab":"WA","county":"Spokane","geo_location":{ "type": "Point", "coordinates": [-117.1977, 47.6421] }},
{"zip_code":"99204","country":"US","city":"Spokane","state":"Washington","state_ab":"WA","county":"Spokane","geo_location":{ "type": "Point", "coordinates": [-117.4298, 47.6501] }},
{"zip_code":"99217","country":"US","city":"Spokane","state":"Washington","state_ab":"WA","county":"Spokane","geo_location":{ "type": "Point", "coordinates": [-117.2557, 47.738] }},
{"zip_code":"99101","country":"US","city":"Addy","state":"Washington","state_ab":"WA","county":"Stevens","geo_location":{ "type": "Point", "coordinates": [-117.9579, 48.3364] }},
{"zip_code":"99114","country":"US","city":"Colville","state":"Washington","state_ab":"WA","county":"Stevens","geo_location":{ "type": "Point", "coordinates": [-117.8645, 48.578] }},
{"zip_code":"99141","country":"US","city":"Kettle Falls","state":"Washington","state_ab":"WA","county":"Stevens","geo_location":{ "type": "Point", "coordinates": [-118.0548, 48.6364] }},
{"zip_code":"99167","country":"US","city":"Rice","state":"Washington","state_ab":"WA","county":"Stevens","geo_location":{ "type": "Point", "coordinates": [-118.1249, 48.4062] }},
{"zip_code":"99181","country":"US","city":"Valley","state":"Washington","state_ab":"WA","county":"Stevens","geo_location":{ "type": "Point", "coordinates": [-117.761, 48.1351] }},
{"zip_code":"98511","country":"US","city":"Tumwater","state":"Washington","state_ab":"WA","county":"Thurston County","geo_location":{ "type": "Point", "coordinates": [-123.0283, 46.9616] }},
{"zip_code":"99361","country":"US","city":"Waitsburg","state":"Washington","state_ab":"WA","county":"Walla Walla","geo_location":{ "type": "Point", "coordinates": [-118.1447, 46.2691] }},
{"zip_code":"98227","country":"US","city":"Bellingham","state":"Washington","state_ab":"WA","county":"Whatcom","geo_location":{ "type": "Point", "coordinates": [-121.9885, 48.8148] }},
{"zip_code":"98281","country":"US","city":"Point Roberts","state":"Washington","state_ab":"WA","county":"Whatcom","geo_location":{ "type": "Point", "coordinates": [-123.0555, 48.9879] }},
{"zip_code":"99127","country":"US","city":"Saint John","state":"Washington","state_ab":"WA","county":"Whitman","geo_location":{ "type": "Point", "coordinates": [-117.6443, 46.8387] }},
{"zip_code":"98937","country":"US","city":"Naches","state":"Washington","state_ab":"WA","county":"Yakima","geo_location":{ "type": "Point", "coordinates": [-120.9921, 46.8058] }},
{"zip_code":"98951","country":"US","city":"Wapato","state":"Washington","state_ab":"WA","county":"Yakima","geo_location":{ "type": "Point", "coordinates": [-120.4265, 46.4507] }},
{"zip_code":"53921","country":"US","city":"Brooks","state":"Wisconsin","state_ab":"WI","county":"Adams County","geo_location":{ "type": "Point", "coordinates": [-89.6437, 43.8263] }},
{"zip_code":"53934","country":"US","city":"Friendship","state":"Wisconsin","state_ab":"WI","county":"Adams","geo_location":{ "type": "Point", "coordinates": [-89.8149, 43.9896] }},
{"zip_code":"54861","country":"US","city":"Odanah","state":"Wisconsin","state_ab":"WI","county":"Ashland","geo_location":{ "type": "Point", "coordinates": [-90.6197, 46.5608] }},
{"zip_code":"54744","country":"US","city":"Hillsdale","state":"Wisconsin","state_ab":"WI","county":"Barron","geo_location":{ "type": "Point", "coordinates": [-91.8818, 45.3198] }},
{"zip_code":"54821","country":"US","city":"Cable","state":"Wisconsin","state_ab":"WI","county":"Bayfield","geo_location":{ "type": "Point", "coordinates": [-91.2244, 46.2172] }},
{"zip_code":"54847","country":"US","city":"Iron River","state":"Wisconsin","state_ab":"WI","county":"Bayfield","geo_location":{ "type": "Point", "coordinates": [-91.4211, 46.579] }},
{"zip_code":"54304","country":"US","city":"Green Bay","state":"Wisconsin","state_ab":"WI","county":"Brown","geo_location":{ "type": "Point", "coordinates": [-88.0324, 44.4975] }},
{"zip_code":"54344","country":"US","city":"Green Bay","state":"Wisconsin","state_ab":"WI","county":"Brown","geo_location":{ "type": "Point", "coordinates": [-88.1113, 44.425] }},
{"zip_code":"54757","country":"US","city":"New Auburn","state":"Wisconsin","state_ab":"WI","county":"Chippewa","geo_location":{ "type": "Point", "coordinates": [-91.5197, 45.2356] }},
{"zip_code":"54421","country":"US","city":"Colby","state":"Wisconsin","state_ab":"WI","county":"Clark","geo_location":{ "type": "Point", "coordinates": [-90.3144, 44.9117] }},
{"zip_code":"54771","country":"US","city":"Thorp","state":"Wisconsin","state_ab":"WI","county":"Clark","geo_location":{ "type": "Point", "coordinates": [-90.8029, 44.9573] }},
{"zip_code":"54654","country":"US","city":"Seneca","state":"Wisconsin","state_ab":"WI","county":"Crawford","geo_location":{ "type": "Point", "coordinates": [-90.9405, 43.2064] }},
{"zip_code":"53701","country":"US","city":"Madison","state":"Wisconsin","state_ab":"WI","county":"Dane","geo_location":{ "type": "Point", "coordinates": [-89.4239, 43.0696] }},
{"zip_code":"53714","country":"US","city":"Madison","state":"Wisconsin","state_ab":"WI","county":"Dane","geo_location":{ "type": "Point", "coordinates": [-89.3118, 43.0977] }},
{"zip_code":"53794","country":"US","city":"Madison","state":"Wisconsin","state_ab":"WI","county":"Dane","geo_location":{ "type": "Point", "coordinates": [-89.4239, 43.0696] }},
{"zip_code":"54874","country":"US","city":"South Range","state":"Wisconsin","state_ab":"WI","county":"Douglas","geo_location":{ "type": "Point", "coordinates": [-91.9352, 46.5688] }},
{"zip_code":"53057","country":"US","city":"Mount Calvary","state":"Wisconsin","state_ab":"WI","county":"Fond du Lac","geo_location":{ "type": "Point", "coordinates": [-88.2399, 43.8142] }},
{"zip_code":"54937","country":"US","city":"Fond Du Lac","state":"Wisconsin","state_ab":"WI","county":"Fond du Lac","geo_location":{ "type": "Point", "coordinates": [-88.6057, 43.765] }},
{"zip_code":"54511","country":"US","city":"Argonne","state":"Wisconsin","state_ab":"WI","county":"Forest","geo_location":{ "type": "Point", "coordinates": [-88.8104, 45.7118] }},
{"zip_code":"53804","country":"US","city":"Bloomington","state":"Wisconsin","state_ab":"WI","county":"Grant","geo_location":{ "type": "Point", "coordinates": [-90.9099, 42.8726] }},
{"zip_code":"53817","country":"US","city":"Patch Grove","state":"Wisconsin","state_ab":"WI","county":"Grant","geo_location":{ "type": "Point", "coordinates": [-90.9646, 42.9422] }},
{"zip_code":"53521","country":"US","city":"Brooklyn","state":"Wisconsin","state_ab":"WI","county":"Green","geo_location":{ "type": "Point", "coordinates": [-89.3818, 42.8423] }},
{"zip_code":"53574","country":"US","city":"New Glarus","state":"Wisconsin","state_ab":"WI","county":"Green","geo_location":{ "type": "Point", "coordinates": [-89.6437, 42.8143] }},
{"zip_code":"53947","country":"US","city":"Marquette","state":"Wisconsin","state_ab":"WI","county":"Green Lake","geo_location":{ "type": "Point", "coordinates": [-89.1397, 43.7459] }},
{"zip_code":"53507","country":"US","city":"Barneveld","state":"Wisconsin","state_ab":"WI","county":"Iowa","geo_location":{ "type": "Point", "coordinates": [-89.9042, 43.0158] }},
{"zip_code":"54641","country":"US","city":"Mather","state":"Wisconsin","state_ab":"WI","county":"Juneau","geo_location":{ "type": "Point", "coordinates": [-90.0495, 43.9452] }},
{"zip_code":"54201","country":"US","city":"Algoma","state":"Wisconsin","state_ab":"WI","county":"Kewaunee","geo_location":{ "type": "Point", "coordinates": [-87.4578, 44.6101] }},
{"zip_code":"54601","country":"US","city":"La Crosse","state":"Wisconsin","state_ab":"WI","county":"La Crosse","geo_location":{ "type": "Point", "coordinates": [-91.2175, 43.7989] }},
{"zip_code":"54614","country":"US","city":"Bangor","state":"Wisconsin","state_ab":"WI","county":"La Crosse","geo_location":{ "type": "Point", "coordinates": [-90.9809, 43.8687] }},
{"zip_code":"53587","country":"US","city":"South Wayne","state":"Wisconsin","state_ab":"WI","county":"Lafayette","geo_location":{ "type": "Point", "coordinates": [-89.8888, 42.5822] }},
{"zip_code":"54487","country":"US","city":"Tomahawk","state":"Wisconsin","state_ab":"WI","county":"Lincoln","geo_location":{ "type": "Point", "coordinates": [-89.7273, 45.4963] }},
{"zip_code":"54214","country":"US","city":"Francis Creek","state":"Wisconsin","state_ab":"WI","county":"Manitowoc","geo_location":{ "type": "Point", "coordinates": [-87.72, 44.2] }},
{"zip_code":"54227","country":"US","city":"Maribel","state":"Wisconsin","state_ab":"WI","county":"Manitowoc","geo_location":{ "type": "Point", "coordinates": [-87.8055, 44.2852] }},
{"zip_code":"54241","country":"US","city":"Two Rivers","state":"Wisconsin","state_ab":"WI","county":"Manitowoc","geo_location":{ "type": "Point", "coordinates": [-87.5855, 44.166] }},
{"zip_code":"54474","country":"US","city":"Rothschild","state":"Wisconsin","state_ab":"WI","county":"Marathon","geo_location":{ "type": "Point", "coordinates": [-89.6193, 44.8843] }},
{"zip_code":"54151","country":"US","city":"Niagara","state":"Wisconsin","state_ab":"WI","county":"Marinette","geo_location":{ "type": "Point", "coordinates": [-88.0309, 45.7653] }},
{"zip_code":"54177","country":"US","city":"Wausaukee","state":"Wisconsin","state_ab":"WI","county":"Marinette","geo_location":{ "type": "Point", "coordinates": [-87.9099, 45.3495] }},
{"zip_code":"53211","country":"US","city":"Milwaukee","state":"Wisconsin","state_ab":"WI","county":"Milwaukee","geo_location":{ "type": "Point", "coordinates": [-87.8895, 43.082] }},
{"zip_code":"53224","country":"US","city":"Milwaukee","state":"Wisconsin","state_ab":"WI","county":"Milwaukee","geo_location":{ "type": "Point", "coordinates": [-88.0327, 43.1594] }},
{"zip_code":"53237","country":"US","city":"Milwaukee","state":"Wisconsin","state_ab":"WI","county":"Milwaukee","geo_location":{ "type": "Point", "coordinates": [-87.5697, 43.0174] }},
{"zip_code":"53277","country":"US","city":"Milwaukee","state":"Wisconsin","state_ab":"WI","county":"Milwaukee","geo_location":{ "type": "Point", "coordinates": [-87.9024, 43.0389] }},
{"zip_code":"54124","country":"US","city":"Gillett","state":"Wisconsin","state_ab":"WI","county":"Oconto","geo_location":{ "type": "Point", "coordinates": [-88.3242, 44.9018] }},
{"zip_code":"54164","country":"US","city":"Gillett","state":"Wisconsin","state_ab":"WI","county":"Oconto County","geo_location":{ "type": "Point", "coordinates": [-88.3836, 44.8172] }},
{"zip_code":"54564","country":"US","city":"Tripoli","state":"Wisconsin","state_ab":"WI","county":"Oneida","geo_location":{ "type": "Point", "coordinates": [-89.9852, 45.5814] }},
{"zip_code":"54911","country":"US","city":"Appleton","state":"Wisconsin","state_ab":"WI","county":"Outagamie","geo_location":{ "type": "Point", "coordinates": [-88.3976, 44.2773] }},
{"zip_code":"54951","country":"US","city":"Medina","state":"Wisconsin","state_ab":"WI","county":"Outagamie","geo_location":{ "type": "Point", "coordinates": [-88.4649, 44.4163] }},
{"zip_code":"53004","country":"US","city":"Belgium","state":"Wisconsin","state_ab":"WI","county":"Ozaukee","geo_location":{ "type": "Point", "coordinates": [-87.8509, 43.4995] }},
{"zip_code":"53097","country":"US","city":"Mequon","state":"Wisconsin","state_ab":"WI","county":"Ozaukee","geo_location":{ "type": "Point", "coordinates": [-88.0046, 43.2461] }},
{"zip_code":"54021","country":"US","city":"Prescott","state":"Wisconsin","state_ab":"WI","county":"Pierce","geo_location":{ "type": "Point", "coordinates": [-92.7535, 44.7476] }},
{"zip_code":"54407","country":"US","city":"Amherst Junction","state":"Wisconsin","state_ab":"WI","county":"Portage","geo_location":{ "type": "Point", "coordinates": [-89.3038, 44.5065] }},
{"zip_code":"54524","country":"US","city":"Fifield","state":"Wisconsin","state_ab":"WI","county":"Price","geo_location":{ "type": "Point", "coordinates": [-90.453, 45.8143] }},
{"zip_code":"54537","country":"US","city":"Kennan","state":"Wisconsin","state_ab":"WI","county":"Price","geo_location":{ "type": "Point", "coordinates": [-90.591, 45.535] }},
{"zip_code":"53404","country":"US","city":"Racine","state":"Wisconsin","state_ab":"WI","county":"Racine","geo_location":{ "type": "Point", "coordinates": [-87.8053, 42.7433] }},
{"zip_code":"53534","country":"US","city":"Edgerton","state":"Wisconsin","state_ab":"WI","county":"Rock","geo_location":{ "type": "Point", "coordinates": [-89.0642, 42.8386] }},
{"zip_code":"53547","country":"US","city":"Janesville","state":"Wisconsin","state_ab":"WI","county":"Rock","geo_location":{ "type": "Point", "coordinates": [-89.0301, 42.7294] }},
{"zip_code":"54731","country":"US","city":"Conrath","state":"Wisconsin","state_ab":"WI","county":"Rusk","geo_location":{ "type": "Point", "coordinates": [-91.0621, 45.3533] }},
{"zip_code":"54007","country":"US","city":"Deer Park","state":"Wisconsin","state_ab":"WI","county":"St. Croix","geo_location":{ "type": "Point", "coordinates": [-92.3585, 45.169] }},
{"zip_code":"53561","country":"US","city":"Merrimac","state":"Wisconsin","state_ab":"WI","county":"Sauk","geo_location":{ "type": "Point", "coordinates": [-89.6323, 43.3855] }},
{"zip_code":"53961","country":"US","city":"Rock Springs","state":"Wisconsin","state_ab":"WI","county":"Sauk","geo_location":{ "type": "Point", "coordinates": [-89.9218, 43.4681] }},
{"zip_code":"54834","country":"US","city":"Edgewater","state":"Wisconsin","state_ab":"WI","county":"Sawyer","geo_location":{ "type": "Point", "coordinates": [-91.4765, 45.7424] }},
{"zip_code":"54111","country":"US","city":"Cecil","state":"Wisconsin","state_ab":"WI","county":"Shawano","geo_location":{ "type": "Point", "coordinates": [-88.4183, 44.811] }},
{"zip_code":"54137","country":"US","city":"Krakow","state":"Wisconsin","state_ab":"WI","county":"Shawano","geo_location":{ "type": "Point", "coordinates": [-88.2593, 44.7635] }},
{"zip_code":"53031","country":"US","city":"Hingham","state":"Wisconsin","state_ab":"WI","county":"Sheboygan","geo_location":{ "type": "Point", "coordinates": [-87.9157, 43.6394] }},
{"zip_code":"53044","country":"US","city":"Kohler","state":"Wisconsin","state_ab":"WI","county":"Sheboygan","geo_location":{ "type": "Point", "coordinates": [-87.7867, 43.7381] }},
{"zip_code":"54434","country":"US","city":"Jump River","state":"Wisconsin","state_ab":"WI","county":"Taylor","geo_location":{ "type": "Point", "coordinates": [-90.4841, 45.2068] }},
{"zip_code":"54447","country":"US","city":"Lublin","state":"Wisconsin","state_ab":"WI","county":"Taylor","geo_location":{ "type": "Point", "coordinates": [-90.7337, 45.0739] }},
{"zip_code":"54627","country":"US","city":"Ettrick","state":"Wisconsin","state_ab":"WI","county":"Trempealeau","geo_location":{ "type": "Point", "coordinates": [-91.2635, 44.1724] }},
{"zip_code":"54667","country":"US","city":"Westby","state":"Wisconsin","state_ab":"WI","county":"Vernon","geo_location":{ "type": "Point", "coordinates": [-90.874, 43.6631] }},
{"zip_code":"53121","country":"US","city":"Elkhorn","state":"Wisconsin","state_ab":"WI","county":"Walworth","geo_location":{ "type": "Point", "coordinates": [-88.5462, 42.7009] }},
{"zip_code":"53147","country":"US","city":"Lake Geneva","state":"Wisconsin","state_ab":"WI","county":"Walworth","geo_location":{ "type": "Point", "coordinates": [-88.4554, 42.5881] }},
{"zip_code":"53017","country":"US","city":"Colgate","state":"Wisconsin","state_ab":"WI","county":"Washington","geo_location":{ "type": "Point", "coordinates": [-88.2406, 43.1998] }},
{"zip_code":"53187","country":"US","city":"Waukesha","state":"Wisconsin","state_ab":"WI","county":"Waukesha","geo_location":{ "type": "Point", "coordinates": [-88.303, 43.0187] }},
{"zip_code":"54977","country":"US","city":"Scandinavia","state":"Wisconsin","state_ab":"WI","county":"Waupaca","geo_location":{ "type": "Point", "coordinates": [-89.165, 44.4604] }},
{"zip_code":"54964","country":"US","city":"Pickett","state":"Wisconsin","state_ab":"WI","county":"Winnebago","geo_location":{ "type": "Point", "coordinates": [-88.7135, 43.9009] }},
{"zip_code":"25401","country":"US","city":"Martinsburg","state":"West Virginia","state_ab":"WV","county":"Berkeley","geo_location":{ "type": "Point", "coordinates": [-77.9727, 39.4567] }},
{"zip_code":"25427","country":"US","city":"Hedgesville","state":"West Virginia","state_ab":"WV","county":"Berkeley","geo_location":{ "type": "Point", "coordinates": [-78.0912, 39.5214] }},
{"zip_code":"25081","country":"US","city":"Foster","state":"West Virginia","state_ab":"WV","county":"Boone","geo_location":{ "type": "Point", "coordinates": [-81.7659, 38.0908] }},
{"zip_code":"26624","country":"US","city":"Gassaway","state":"West Virginia","state_ab":"WV","county":"Braxton","geo_location":{ "type": "Point", "coordinates": [-80.7863, 38.6862] }},
{"zip_code":"25504","country":"US","city":"Barboursville","state":"West Virginia","state_ab":"WV","county":"Cabell","geo_location":{ "type": "Point", "coordinates": [-82.296, 38.3893] }},
{"zip_code":"25711","country":"US","city":"Huntington","state":"West Virginia","state_ab":"WV","county":"Cabell","geo_location":{ "type": "Point", "coordinates": [-82.2774, 38.4134] }},
{"zip_code":"25724","country":"US","city":"Huntington","state":"West Virginia","state_ab":"WV","county":"Cabell","geo_location":{ "type": "Point", "coordinates": [-82.2774, 38.4134] }},
{"zip_code":"25777","country":"US","city":"Huntington","state":"West Virginia","state_ab":"WV","county":"Cabell","geo_location":{ "type": "Point", "coordinates": [-82.2774, 38.4134] }},
{"zip_code":"25234","country":"US","city":"Arnoldsburg","state":"West Virginia","state_ab":"WV","county":"Calhoun","geo_location":{ "type": "Point", "coordinates": [-81.1551, 38.8227] }},
{"zip_code":"25261","country":"US","city":"Millstone","state":"West Virginia","state_ab":"WV","county":"Calhoun","geo_location":{ "type": "Point", "coordinates": [-81.1322, 38.8286] }},
{"zip_code":"25274","country":"US","city":"Sand Ridge","state":"West Virginia","state_ab":"WV","county":"Calhoun County","geo_location":{ "type": "Point", "coordinates": [-81.026, 38.8603] }},
{"zip_code":"26147","country":"US","city":"Grantsville","state":"West Virginia","state_ab":"WV","county":"Calhoun","geo_location":{ "type": "Point", "coordinates": [-81.0763, 38.9324] }},
{"zip_code":"25014","country":"US","city":"Beards Fork","state":"West Virginia","state_ab":"WV","county":"Fayette County","geo_location":{ "type": "Point", "coordinates": [-81.2275, 38.0636] }},
{"zip_code":"25131","country":"US","city":"Mahan","state":"West Virginia","state_ab":"WV","county":"Fayette County","geo_location":{ "type": "Point", "coordinates": [-81.3551, 38.0226] }},
{"zip_code":"25814","country":"US","city":"Beckwith","state":"West Virginia","state_ab":"WV","county":"Fayette County","geo_location":{ "type": "Point", "coordinates": [-81.1535, 38.0976] }},
{"zip_code":"25854","country":"US","city":"Hico","state":"West Virginia","state_ab":"WV","county":"Fayette","geo_location":{ "type": "Point", "coordinates": [-80.9638, 38.1094] }},
{"zip_code":"25867","country":"US","city":"Long Branch","state":"West Virginia","state_ab":"WV","county":"Fayette County","geo_location":{ "type": "Point", "coordinates": [-81.2757, 37.9226] }},
{"zip_code":"25904","country":"US","city":"Pax","state":"West Virginia","state_ab":"WV","county":"Fayette","geo_location":{ "type": "Point", "coordinates": [-81.2648, 37.911] }},
{"zip_code":"25917","country":"US","city":"Scarbro","state":"West Virginia","state_ab":"WV","county":"Fayette","geo_location":{ "type": "Point", "coordinates": [-81.1531, 37.9488] }},
{"zip_code":"25931","country":"US","city":"Summerlee","state":"West Virginia","state_ab":"WV","county":"Fayette","geo_location":{ "type": "Point", "coordinates": [-81.0648, 38.0413] }},
{"zip_code":"26611","country":"US","city":"Cedarville","state":"West Virginia","state_ab":"WV","county":"Gilmer","geo_location":{ "type": "Point", "coordinates": [-80.8323, 38.8451] }},
{"zip_code":"24901","country":"US","city":"Lewisburg","state":"West Virginia","state_ab":"WV","county":"Greenbrier","geo_location":{ "type": "Point", "coordinates": [-80.4407, 37.8083] }},
{"zip_code":"25984","country":"US","city":"Rupert","state":"West Virginia","state_ab":"WV","county":"Greenbrier","geo_location":{ "type": "Point", "coordinates": [-80.6696, 37.9685] }},
{"zip_code":"26714","country":"US","city":"Delray","state":"West Virginia","state_ab":"WV","county":"Hampshire","geo_location":{ "type": "Point", "coordinates": [-78.6594, 39.3141] }},
{"zip_code":"26817","country":"US","city":"Bloomery","state":"West Virginia","state_ab":"WV","county":"Hampshire","geo_location":{ "type": "Point", "coordinates": [-78.3917, 39.3604] }},
{"zip_code":"26301","country":"US","city":"Clarksburg","state":"West Virginia","state_ab":"WV","county":"Harrison","geo_location":{ "type": "Point", "coordinates": [-80.3419, 39.2874] }},
{"zip_code":"26404","country":"US","city":"Meadowbrook","state":"West Virginia","state_ab":"WV","county":"Harrison","geo_location":{ "type": "Point", "coordinates": [-80.3257, 39.3354] }},
{"zip_code":"26431","country":"US","city":"Shinnston","state":"West Virginia","state_ab":"WV","county":"Harrison","geo_location":{ "type": "Point", "coordinates": [-80.2834, 39.3888] }},
{"zip_code":"25414","country":"US","city":"Charles Town","state":"West Virginia","state_ab":"WV","county":"Jefferson","geo_location":{ "type": "Point", "coordinates": [-77.8563, 39.2771] }},
{"zip_code":"25441","country":"US","city":"Rippon","state":"West Virginia","state_ab":"WV","county":"Jefferson","geo_location":{ "type": "Point", "coordinates": [-77.8772, 39.3159] }},
{"zip_code":"25054","country":"US","city":"Dawes","state":"West Virginia","state_ab":"WV","county":"Kanawha","geo_location":{ "type": "Point", "coordinates": [-81.4511, 38.0737] }},
{"zip_code":"25067","country":"US","city":"East Bank","state":"West Virginia","state_ab":"WV","county":"Kanawha","geo_location":{ "type": "Point", "coordinates": [-81.4381, 38.2099] }},
{"zip_code":"25311","country":"US","city":"Charleston","state":"West Virginia","state_ab":"WV","county":"Kanawha","geo_location":{ "type": "Point", "coordinates": [-81.5993, 38.349] }},
{"zip_code":"25324","country":"US","city":"Charleston","state":"West Virginia","state_ab":"WV","county":"Kanawha","geo_location":{ "type": "Point", "coordinates": [-81.5547, 38.2968] }}]}