{"value": [{"zip_code":"24469","country":"US","city":"New Hope","state":"Virginia","state_ab":"VA","county":"Augusta","geo_location":{ "type": "Point", "coordinates": [-79.1413, 38.1797] }},
{"zip_code":"24366","country":"US","city":"Rocky Gap","state":"Virginia","state_ab":"VA","county":"Bland","geo_location":{ "type": "Point", "coordinates": [-81.1159, 37.2578] }},
{"zip_code":"24083","country":"US","city":"Daleville","state":"Virginia","state_ab":"VA","county":"Botetourt","geo_location":{ "type": "Point", "coordinates": [-79.9211, 37.4125] }},
{"zip_code":"23893","country":"US","city":"White Plains","state":"Virginia","state_ab":"VA","county":"Brunswick","geo_location":{ "type": "Point", "coordinates": [-77.9592, 36.6335] }},
{"zip_code":"22580","country":"US","city":"Woodford","state":"Virginia","state_ab":"VA","county":"Caroline","geo_location":{ "type": "Point", "coordinates": [-77.4399, 38.0847] }},
{"zip_code":"22733","country":"US","city":"Rapidan","state":"Virginia","state_ab":"VA","county":"Culpeper","geo_location":{ "type": "Point", "coordinates": [-78.0476, 38.3392] }},
{"zip_code":"23040","country":"US","city":"Cumberland","state":"Virginia","state_ab":"VA","county":"Cumberland","geo_location":{ "type": "Point", "coordinates": [-78.2581, 37.5019] }},
{"zip_code":"24289","country":"US","city":"Trammel","state":"Virginia","state_ab":"VA","county":"Dickenson","geo_location":{ "type": "Point", "coordinates": [-82.3449, 37.1309] }},
{"zip_code":"23840","country":"US","city":"Dewitt","state":"Virginia","state_ab":"VA","county":"Dinwiddie","geo_location":{ "type": "Point", "coordinates": [-77.6426, 37.0535] }},
{"zip_code":"22436","country":"US","city":"Caret","state":"Virginia","state_ab":"VA","county":"Essex","geo_location":{ "type": "Point", "coordinates": [-77.0371, 38.0247] }},
{"zip_code":"22476","country":"US","city":"Hustle","state":"Virginia","state_ab":"VA","county":"Essex","geo_location":{ "type": "Point", "coordinates": [-77.0633, 38.0329] }},
{"zip_code":"20120","country":"US","city":"Centreville","state":"Virginia","state_ab":"VA","county":"Fairfax","geo_location":{ "type": "Point", "coordinates": [-77.467, 38.8448] }},
{"zip_code":"22009","country":"US","city":"Burke","state":"Virginia","state_ab":"VA","county":"Fairfax","geo_location":{ "type": "Point", "coordinates": [-77.2888, 38.8318] }},
{"zip_code":"22036","country":"US","city":"Fairfax","state":"Virginia","state_ab":"VA","county":"Fairfax","geo_location":{ "type": "Point", "coordinates": [-77.0797, 38.7351] }},
{"zip_code":"22090","country":"US","city":"Reston","state":"Virginia","state_ab":"VA","county":"Fairfax County","geo_location":{ "type": "Point", "coordinates": [-77.3392, 38.9624] }},
{"zip_code":"22153","country":"US","city":"Springfield","state":"Virginia","state_ab":"VA","county":"Fairfax","geo_location":{ "type": "Point", "coordinates": [-77.237, 38.7449] }},
{"zip_code":"22180","country":"US","city":"Vienna","state":"Virginia","state_ab":"VA","county":"Fairfax","geo_location":{ "type": "Point", "coordinates": [-77.2532, 38.8935] }},
{"zip_code":"22306","country":"US","city":"Alexandria","state":"Virginia","state_ab":"VA","county":"Fairfax","geo_location":{ "type": "Point", "coordinates": [-77.0873, 38.7589] }},
{"zip_code":"20119","country":"US","city":"Catlett","state":"Virginia","state_ab":"VA","county":"Fauquier","geo_location":{ "type": "Point", "coordinates": [-77.6383, 38.637] }},
{"zip_code":"20186","country":"US","city":"Warrenton","state":"Virginia","state_ab":"VA","county":"Fauquier","geo_location":{ "type": "Point", "coordinates": [-77.8361, 38.6898] }},
{"zip_code":"22140","country":"US","city":"Rectortown","state":"Virginia","state_ab":"VA","county":"Fauquier County","geo_location":{ "type": "Point", "coordinates": [-77.8615, 38.9211] }},
{"zip_code":"22643","country":"US","city":"Markham","state":"Virginia","state_ab":"VA","county":"Fauquier","geo_location":{ "type": "Point", "coordinates": [-78.0044, 38.8955] }},
{"zip_code":"22720","country":"US","city":"Goldvein","state":"Virginia","state_ab":"VA","county":"Fauquier","geo_location":{ "type": "Point", "coordinates": [-77.6423, 38.4725] }},
{"zip_code":"24380","country":"US","city":"Willis","state":"Virginia","state_ab":"VA","county":"Floyd","geo_location":{ "type": "Point", "coordinates": [-80.4909, 36.8749] }},
{"zip_code":"24146","country":"US","city":"Redwood","state":"Virginia","state_ab":"VA","county":"Franklin","geo_location":{ "type": "Point", "coordinates": [-79.9139, 37.0069] }},
{"zip_code":"22603","country":"US","city":"Winchester","state":"Virginia","state_ab":"VA","county":"Frederick","geo_location":{ "type": "Point", "coordinates": [-78.1989, 39.264] }},
{"zip_code":"22656","country":"US","city":"Stephenson","state":"Virginia","state_ab":"VA","county":"Frederick","geo_location":{ "type": "Point", "coordinates": [-78.0941, 39.1973] }},
{"zip_code":"23183","country":"US","city":"White Marsh","state":"Virginia","state_ab":"VA","county":"Gloucester","geo_location":{ "type": "Point", "coordinates": [-76.5325, 37.3632] }},
{"zip_code":"23039","country":"US","city":"Crozier","state":"Virginia","state_ab":"VA","county":"Goochland","geo_location":{ "type": "Point", "coordinates": [-77.794, 37.6718] }},
{"zip_code":"23103","country":"US","city":"Manakin Sabot","state":"Virginia","state_ab":"VA","county":"Goochland","geo_location":{ "type": "Point", "coordinates": [-77.7077, 37.638] }},
{"zip_code":"23129","country":"US","city":"Oilville","state":"Virginia","state_ab":"VA","county":"Goochland","geo_location":{ "type": "Point", "coordinates": [-77.7906, 37.7011] }},
{"zip_code":"24326","country":"US","city":"Elk Creek","state":"Virginia","state_ab":"VA","county":"Grayson","geo_location":{ "type": "Point", "coordinates": [-81.1915, 36.7306] }},
{"zip_code":"24379","country":"US","city":"Volney","state":"Virginia","state_ab":"VA","county":"Grayson","geo_location":{ "type": "Point", "coordinates": [-81.2578, 36.6828] }},
{"zip_code":"23879","country":"US","city":"Skippers","state":"Virginia","state_ab":"VA","county":"Greensville","geo_location":{ "type": "Point", "coordinates": [-77.5921, 36.5958] }},
{"zip_code":"24520","country":"US","city":"Alton","state":"Virginia","state_ab":"VA","county":"Halifax","geo_location":{ "type": "Point", "coordinates": [-79.0202, 36.5894] }},
{"zip_code":"23116","country":"US","city":"Mechanicsville","state":"Virginia","state_ab":"VA","county":"Hanover","geo_location":{ "type": "Point", "coordinates": [-77.3294, 37.6691] }},
{"zip_code":"23233","country":"US","city":"Richmond","state":"Virginia","state_ab":"VA","county":"Henrico","geo_location":{ "type": "Point", "coordinates": [-77.6266, 37.6455] }},
{"zip_code":"23013","country":"US","city":"Bavon","state":"Virginia","state_ab":"VA","county":"King and Queen County","geo_location":{ "type": "Point", "coordinates": [-76.281, 37.3267] }},
{"zip_code":"23156","country":"US","city":"Shacklefords","state":"Virginia","state_ab":"VA","county":"King and Queen","geo_location":{ "type": "Point", "coordinates": [-76.7099, 37.5213] }},
{"zip_code":"22526","country":"US","city":"Ninde","state":"Virginia","state_ab":"VA","county":"King George","geo_location":{ "type": "Point", "coordinates": [-77.1726, 38.2711] }},
{"zip_code":"23080","country":"US","city":"James Store","state":"Virginia","state_ab":"VA","county":"King William County","geo_location":{ "type": "Point", "coordinates": [-76.4636, 37.487] }},
{"zip_code":"22513","country":"US","city":"Merry Point","state":"Virginia","state_ab":"VA","county":"Lancaster","geo_location":{ "type": "Point", "coordinates": [-76.5096, 37.7503] }},
{"zip_code":"24263","country":"US","city":"Jonesville","state":"Virginia","state_ab":"VA","county":"Lee","geo_location":{ "type": "Point", "coordinates": [-83.1362, 36.6896] }},
{"zip_code":"20146","country":"US","city":"Ashburn","state":"Virginia","state_ab":"VA","county":"Loudoun","geo_location":{ "type": "Point", "coordinates": [-77.6452, 39.0853] }},
{"zip_code":"20159","country":"US","city":"Hamilton","state":"Virginia","state_ab":"VA","county":"Loudoun","geo_location":{ "type": "Point", "coordinates": [-77.6621, 39.1339] }},
{"zip_code":"20160","country":"US","city":"Lincoln","state":"Virginia","state_ab":"VA","county":"Loudoun","geo_location":{ "type": "Point", "coordinates": [-77.6883, 39.0985] }},
{"zip_code":"20199","country":"US","city":"Dulles","state":"Virginia","state_ab":"VA","county":"Loudoun","geo_location":{ "type": "Point", "coordinates": [-77.6452, 39.0853] }},
{"zip_code":"22010","country":"US","city":"Arcola","state":"Virginia","state_ab":"VA","county":"Loudoun County","geo_location":{ "type": "Point", "coordinates": [-77.535, 38.9729] }},
{"zip_code":"23093","country":"US","city":"Louisa","state":"Virginia","state_ab":"VA","county":"Louisa","geo_location":{ "type": "Point", "coordinates": [-78.0347, 38.0132] }},
{"zip_code":"23170","country":"US","city":"Trevilians","state":"Virginia","state_ab":"VA","county":"Louisa","geo_location":{ "type": "Point", "coordinates": [-77.997, 37.9408] }},
{"zip_code":"22719","country":"US","city":"Etlan","state":"Virginia","state_ab":"VA","county":"Madison","geo_location":{ "type": "Point", "coordinates": [-78.2638, 38.5095] }},
{"zip_code":"22953","country":"US","city":"Madison Mills","state":"Virginia","state_ab":"VA","county":"Madison","geo_location":{ "type": "Point", "coordinates": [-78.2678, 38.4285] }},
{"zip_code":"23066","country":"US","city":"Gwynn","state":"Virginia","state_ab":"VA","county":"Mathews","geo_location":{ "type": "Point", "coordinates": [-76.2904, 37.5006] }},
{"zip_code":"23130","country":"US","city":"Onemo","state":"Virginia","state_ab":"VA","county":"Mathews","geo_location":{ "type": "Point", "coordinates": [-76.2941, 37.3985] }},
{"zip_code":"23970","country":"US","city":"South Hill","state":"Virginia","state_ab":"VA","county":"Mecklenburg","geo_location":{ "type": "Point", "coordinates": [-78.1534, 36.7124] }},
{"zip_code":"23079","country":"US","city":"Jamaica","state":"Virginia","state_ab":"VA","county":"Middlesex","geo_location":{ "type": "Point", "coordinates": [-76.689, 37.73] }},
{"zip_code":"23169","country":"US","city":"Topping","state":"Virginia","state_ab":"VA","county":"Middlesex","geo_location":{ "type": "Point", "coordinates": [-76.4575, 37.6009] }},
{"zip_code":"24599","country":"US","city":"Wingina","state":"Virginia","state_ab":"VA","county":"Nelson","geo_location":{ "type": "Point", "coordinates": [-78.7557, 37.6415] }},
{"zip_code":"23310","country":"US","city":"Cape Charles","state":"Virginia","state_ab":"VA","county":"Northampton","geo_location":{ "type": "Point", "coordinates": [-75.9721, 37.2799] }},
{"zip_code":"23350","country":"US","city":"Exmore","state":"Virginia","state_ab":"VA","county":"Northampton","geo_location":{ "type": "Point", "coordinates": [-75.8526, 37.5117] }},
{"zip_code":"23413","country":"US","city":"Nassawadox","state":"Virginia","state_ab":"VA","county":"Northampton","geo_location":{ "type": "Point", "coordinates": [-75.858, 37.4728] }},
{"zip_code":"22539","country":"US","city":"Reedville","state":"Virginia","state_ab":"VA","county":"Northumberland","geo_location":{ "type": "Point", "coordinates": [-76.2829, 37.857] }},
{"zip_code":"22579","country":"US","city":"Wicomico Church","state":"Virginia","state_ab":"VA","county":"Northumberland","geo_location":{ "type": "Point", "coordinates": [-76.3636, 37.8025] }},
{"zip_code":"23930","country":"US","city":"Crewe","state":"Virginia","state_ab":"VA","county":"Nottoway","geo_location":{ "type": "Point", "coordinates": [-78.1059, 37.1657] }},
{"zip_code":"22849","country":"US","city":"Shenandoah","state":"Virginia","state_ab":"VA","county":"Page","geo_location":{ "type": "Point", "coordinates": [-78.609, 38.501] }},
{"zip_code":"24120","country":"US","city":"Meadows Of Dan","state":"Virginia","state_ab":"VA","county":"Patrick","geo_location":{ "type": "Point", "coordinates": [-80.4022, 36.725] }},
{"zip_code":"24133","country":"US","city":"Patrick Springs","state":"Virginia","state_ab":"VA","county":"Patrick","geo_location":{ "type": "Point", "coordinates": [-80.1388, 36.6744] }},
{"zip_code":"24069","country":"US","city":"Cascade","state":"Virginia","state_ab":"VA","county":"Pittsylvania","geo_location":{ "type": "Point", "coordinates": [-79.6574, 36.5927] }},
{"zip_code":"24586","country":"US","city":"Ringgold","state":"Virginia","state_ab":"VA","county":"Pittsylvania","geo_location":{ "type": "Point", "coordinates": [-79.2988, 36.6035] }},
{"zip_code":"23943","country":"US","city":"Hampden Sydney","state":"Virginia","state_ab":"VA","county":"Prince Edward","geo_location":{ "type": "Point", "coordinates": [-78.4618, 37.2381] }},
{"zip_code":"22193","country":"US","city":"Woodbridge","state":"Virginia","state_ab":"VA","county":"Prince William","geo_location":{ "type": "Point", "coordinates": [-77.3451, 38.6438] }},
{"zip_code":"20106","country":"US","city":"Amissville","state":"Virginia","state_ab":"VA","county":"Rappahannock","geo_location":{ "type": "Point", "coordinates": [-78.0168, 38.6842] }},
{"zip_code":"22746","country":"US","city":"Viewtown","state":"Virginia","state_ab":"VA","county":"Rappahannock","geo_location":{ "type": "Point", "coordinates": [-78.0258, 38.6457] }},
{"zip_code":"24070","country":"US","city":"Catawba","state":"Virginia","state_ab":"VA","county":"Roanoke","geo_location":{ "type": "Point", "coordinates": [-80.1284, 37.3696] }},
{"zip_code":"24483","country":"US","city":"Vesuvius","state":"Virginia","state_ab":"VA","county":"Rockbridge","geo_location":{ "type": "Point", "coordinates": [-79.2135, 37.8378] }},
{"zip_code":"22850","country":"US","city":"Singers Glen","state":"Virginia","state_ab":"VA","county":"Rockingham","geo_location":{ "type": "Point", "coordinates": [-78.9227, 38.5574] }},
{"zip_code":"24649","country":"US","city":"Swords Creek","state":"Virginia","state_ab":"VA","county":"Russell","geo_location":{ "type": "Point", "coordinates": [-81.9084, 37.0738] }},
{"zip_code":"24250","country":"US","city":"Fort Blackmore","state":"Virginia","state_ab":"VA","county":"Scott","geo_location":{ "type": "Point", "coordinates": [-82.6102, 36.7438] }},
{"zip_code":"24290","country":"US","city":"Weber City","state":"Virginia","state_ab":"VA","county":"Scott","geo_location":{ "type": "Point", "coordinates": [-82.5618, 36.6137] }},
{"zip_code":"22810","country":"US","city":"Basye","state":"Virginia","state_ab":"VA","county":"Shenandoah","geo_location":{ "type": "Point", "coordinates": [-78.7776, 38.8089] }},
{"zip_code":"23866","country":"US","city":"Ivor","state":"Virginia","state_ab":"VA","county":"Southampton","geo_location":{ "type": "Point", "coordinates": [-76.8861, 36.9071] }},
{"zip_code":"22553","country":"US","city":"Spotsylvania","state":"Virginia","state_ab":"VA","county":"Spotsylvania","geo_location":{ "type": "Point", "coordinates": [-77.6447, 38.271] }},
{"zip_code":"22463","country":"US","city":"Garrisonville","state":"Virginia","state_ab":"VA","county":"Stafford","geo_location":{ "type": "Point", "coordinates": [-77.4612, 38.4684] }},
{"zip_code":"23839","country":"US","city":"Dendron","state":"Virginia","state_ab":"VA","county":"Surry","geo_location":{ "type": "Point", "coordinates": [-76.8966, 37.0981] }},
{"zip_code":"24609","country":"US","city":"Cedar Bluff","state":"Virginia","state_ab":"VA","county":"Tazewell","geo_location":{ "type": "Point", "coordinates": [-81.7668, 37.0791] }},
{"zip_code":"22630","country":"US","city":"Front Royal","state":"Virginia","state_ab":"VA","county":"Warren","geo_location":{ "type": "Point", "coordinates": [-78.1796, 38.9268] }},
{"zip_code":"24210","country":"US","city":"Abingdon","state":"Virginia","state_ab":"VA","county":"Washington","geo_location":{ "type": "Point", "coordinates": [-82.02, 36.6916] }},
{"zip_code":"24236","country":"US","city":"Damascus","state":"Virginia","state_ab":"VA","county":"Washington","geo_location":{ "type": "Point", "coordinates": [-81.7776, 36.6403] }},
{"zip_code":"24340","country":"US","city":"Glade Spring","state":"Virginia","state_ab":"VA","county":"Washington","geo_location":{ "type": "Point", "coordinates": [-81.7676, 36.7779] }},
{"zip_code":"24249","country":"US","city":"Appalachia","state":"Virginia","state_ab":"VA","county":"Wise County","geo_location":{ "type": "Point", "coordinates": [-82.7873, 36.9323] }},
{"zip_code":"24313","country":"US","city":"Barren Springs","state":"Virginia","state_ab":"VA","county":"Wythe","geo_location":{ "type": "Point", "coordinates": [-80.809, 36.9078] }},
{"zip_code":"22320","country":"US","city":"Alexandria","state":"Virginia","state_ab":"VA","county":"Alexandria (city)","geo_location":{ "type": "Point", "coordinates": [-77.0467, 38.8044] }},
{"zip_code":"22333","country":"US","city":"Alexandria","state":"Virginia","state_ab":"VA","county":"Alexandria (city)","geo_location":{ "type": "Point", "coordinates": [-77.0901, 38.8158] }},
{"zip_code":"24209","country":"US","city":"Bristol","state":"Virginia","state_ab":"VA","county":"Bristol (city)","geo_location":{ "type": "Point", "coordinates": [-81.9687, 36.7616] }},
{"zip_code":"24416","country":"US","city":"Buena Vista","state":"Virginia","state_ab":"VA","county":"Buena Vista (city)","geo_location":{ "type": "Point", "coordinates": [-79.3523, 37.7396] }},
{"zip_code":"23323","country":"US","city":"Chesapeake","state":"Virginia","state_ab":"VA","county":"Chesapeake (city)","geo_location":{ "type": "Point", "coordinates": [-76.3397, 36.7634] }},
{"zip_code":"24506","country":"US","city":"Lynchburg","state":"Virginia","state_ab":"VA","county":"Lynchburg (city)","geo_location":{ "type": "Point", "coordinates": [-79.161, 37.3817] }},
{"zip_code":"23606","country":"US","city":"Newport News","state":"Virginia","state_ab":"VA","county":"Newport News (city)","geo_location":{ "type": "Point", "coordinates": [-76.4967, 37.0768] }},
{"zip_code":"23503","country":"US","city":"Norfolk","state":"Virginia","state_ab":"VA","county":"Norfolk (city)","geo_location":{ "type": "Point", "coordinates": [-76.252, 36.9442] }},
{"zip_code":"23529","country":"US","city":"Norfolk","state":"Virginia","state_ab":"VA","county":"Norfolk (city)","geo_location":{ "type": "Point", "coordinates": [-76.2397, 36.9312] }},
{"zip_code":"23530","country":"US","city":"Norfolk","state":"Virginia","state_ab":"VA","county":"Norfolk (city)","geo_location":{ "type": "Point", "coordinates": [-76.2397, 36.9312] }},
{"zip_code":"23709","country":"US","city":"Portsmouth","state":"Virginia","state_ab":"VA","county":"Portsmouth (city)","geo_location":{ "type": "Point", "coordinates": [-76.3552, 36.8686] }},
{"zip_code":"23206","country":"US","city":"Richmond","state":"Virginia","state_ab":"VA","county":"City of Richmond","geo_location":{ "type": "Point", "coordinates": [-77.4471, 37.5593] }},
{"zip_code":"23219","country":"US","city":"Richmond","state":"Virginia","state_ab":"VA","county":"Richmond (city)","geo_location":{ "type": "Point", "coordinates": [-77.4378, 37.5463] }},
{"zip_code":"23220","country":"US","city":"Richmond","state":"Virginia","state_ab":"VA","county":"Richmond (city)","geo_location":{ "type": "Point", "coordinates": [-77.4588, 37.5498] }},
{"zip_code":"23260","country":"US","city":"Richmond","state":"Virginia","state_ab":"VA","county":"Richmond (city)","geo_location":{ "type": "Point", "coordinates": [-77.4932, 37.5242] }},
{"zip_code":"23273","country":"US","city":"Richmond","state":"Virginia","state_ab":"VA","county":"Richmond (city)","geo_location":{ "type": "Point", "coordinates": [-77.4932, 37.5242] }},
{"zip_code":"23286","country":"US","city":"Richmond","state":"Virginia","state_ab":"VA","county":"Richmond (city)","geo_location":{ "type": "Point", "coordinates": [-77.4932, 37.5242] }},
{"zip_code":"24003","country":"US","city":"Roanoke","state":"Virginia","state_ab":"VA","county":"Roanoke (city)","geo_location":{ "type": "Point", "coordinates": [-79.9579, 37.2742] }},
{"zip_code":"24016","country":"US","city":"Roanoke","state":"Virginia","state_ab":"VA","county":"Roanoke (city)","geo_location":{ "type": "Point", "coordinates": [-79.9535, 37.2704] }},
{"zip_code":"24029","country":"US","city":"Roanoke","state":"Virginia","state_ab":"VA","county":"Roanoke (city)","geo_location":{ "type": "Point", "coordinates": [-79.9579, 37.2742] }},
{"zip_code":"24030","country":"US","city":"Roanoke","state":"Virginia","state_ab":"VA","county":"Roanoke (city)","geo_location":{ "type": "Point", "coordinates": [-79.9579, 37.2742] }},
{"zip_code":"24043","country":"US","city":"Roanoke","state":"Virginia","state_ab":"VA","county":"Roanoke (city)","geo_location":{ "type": "Point", "coordinates": [-79.9399, 37.2692] }},
{"zip_code":"23439","country":"US","city":"Suffolk","state":"Virginia","state_ab":"VA","county":"Suffolk (city)","geo_location":{ "type": "Point", "coordinates": [-76.6653, 36.7461] }},
{"zip_code":"23453","country":"US","city":"Virginia Beach","state":"Virginia","state_ab":"VA","county":"City of Suffolk","geo_location":{ "type": "Point", "coordinates": [-76.0766, 36.776] }},
{"zip_code":"23466","country":"US","city":"Virginia Beach","state":"Virginia","state_ab":"VA","county":"Virginia Beach (city)","geo_location":{ "type": "Point", "coordinates": [-76.0126, 36.7957] }},
{"zip_code":"23479","country":"US","city":"Virginia Beach","state":"Virginia","state_ab":"VA","county":"Virginia Beach (city)","geo_location":{ "type": "Point", "coordinates": [-76.0126, 36.7957] }},
{"zip_code":"22980","country":"US","city":"Waynesboro","state":"Virginia","state_ab":"VA","county":"Waynesboro (city)","geo_location":{ "type": "Point", "coordinates": [-78.9035, 38.0774] }},
{"zip_code":"5260","country":"US","city":"North Pownal","state":"Vermont","state_ab":"VT","county":"Bennington","geo_location":{ "type": "Point", "coordinates": [-73.2534, 42.8098] }},
{"zip_code":"5350","country":"US","city":"Readsboro","state":"Vermont","state_ab":"VT","county":"Bennington","geo_location":{ "type": "Point", "coordinates": [-72.9609, 42.7837] }},
{"zip_code":"5776","country":"US","city":"West Rupert","state":"Vermont","state_ab":"VT","county":"Bennington","geo_location":{ "type": "Point", "coordinates": [-73.1905, 43.2636] }},
{"zip_code":"5866","country":"US","city":"Sheffield","state":"Vermont","state_ab":"VT","county":"Caledonia","geo_location":{ "type": "Point", "coordinates": [-72.1239, 44.6178] }},
{"zip_code":"5439","country":"US","city":"Colchester","state":"Vermont","state_ab":"VT","county":"Chittenden","geo_location":{ "type": "Point", "coordinates": [-73.1651, 44.4952] }},
{"zip_code":"5453","country":"US","city":"Essex Junction","state":"Vermont","state_ab":"VT","county":"Chittenden","geo_location":{ "type": "Point", "coordinates": [-73.0825, 44.4421] }},
{"zip_code":"5466","country":"US","city":"Jonesville","state":"Vermont","state_ab":"VT","county":"Chittenden","geo_location":{ "type": "Point", "coordinates": [-73.0198, 44.3625] }},
{"zip_code":"5840","country":"US","city":"Granby","state":"Vermont","state_ab":"VT","county":"Essex","geo_location":{ "type": "Point", "coordinates": [-71.7194, 44.6808] }},
{"zip_code":"5903","country":"US","city":"Canaan","state":"Vermont","state_ab":"VT","county":"Essex","geo_location":{ "type": "Point", "coordinates": [-71.5602, 44.9764] }},
{"zip_code":"5479","country":"US","city":"Saint Albans","state":"Vermont","state_ab":"VT","county":"Franklin","geo_location":{ "type": "Point", "coordinates": [-72.8958, 44.8249] }},
{"zip_code":"5440","country":"US","city":"Alburg","state":"Vermont","state_ab":"VT","county":"Grand Isle","geo_location":{ "type": "Point", "coordinates": [-73.281, 44.9685] }},
{"zip_code":"5039","country":"US","city":"Corinth","state":"Vermont","state_ab":"VT","county":"Orange","geo_location":{ "type": "Point", "coordinates": [-72.2822, 44.0325] }},
{"zip_code":"5040","country":"US","city":"East Corinth","state":"Vermont","state_ab":"VT","county":"Orange","geo_location":{ "type": "Point", "coordinates": [-72.2151, 44.0619] }},
{"zip_code":"5079","country":"US","city":"Vershire","state":"Vermont","state_ab":"VT","county":"Orange","geo_location":{ "type": "Point", "coordinates": [-72.319, 43.9618] }},
{"zip_code":"5826","country":"US","city":"Craftsbury","state":"Vermont","state_ab":"VT","county":"Orleans","geo_location":{ "type": "Point", "coordinates": [-72.366, 44.6434] }},
{"zip_code":"5839","country":"US","city":"Glover","state":"Vermont","state_ab":"VT","county":"Orleans","geo_location":{ "type": "Point", "coordinates": [-72.2131, 44.6747] }},
{"zip_code":"5853","country":"US","city":"Morgan","state":"Vermont","state_ab":"VT","county":"Orleans","geo_location":{ "type": "Point", "coordinates": [-71.9714, 44.8787] }},
{"zip_code":"5736","country":"US","city":"Center Rutland","state":"Vermont","state_ab":"VT","county":"Rutland","geo_location":{ "type": "Point", "coordinates": [-73.017, 43.6023] }},
{"zip_code":"5750","country":"US","city":"Hydeville","state":"Vermont","state_ab":"VT","county":"Rutland","geo_location":{ "type": "Point", "coordinates": [-73.251, 43.5994] }},
{"zip_code":"5763","country":"US","city":"Pittsford","state":"Vermont","state_ab":"VT","county":"Rutland","geo_location":{ "type": "Point", "coordinates": [-73.0135, 43.7152] }},
{"zip_code":"5620","country":"US","city":"Montpelier","state":"Vermont","state_ab":"VT","county":"Washington","geo_location":{ "type": "Point", "coordinates": [-72.585, 44.2595] }},
{"zip_code":"5633","country":"US","city":"Montpelier","state":"Vermont","state_ab":"VT","county":"Washington","geo_location":{ "type": "Point", "coordinates": [-72.585, 44.2595] }},
{"zip_code":"5660","country":"US","city":"Moretown","state":"Vermont","state_ab":"VT","county":"Washington","geo_location":{ "type": "Point", "coordinates": [-72.7494, 44.2596] }},
{"zip_code":"5673","country":"US","city":"Waitsfield","state":"Vermont","state_ab":"VT","county":"Washington","geo_location":{ "type": "Point", "coordinates": [-72.8283, 44.1889] }},
{"zip_code":"5363","country":"US","city":"Wilmington","state":"Vermont","state_ab":"VT","county":"Windham","geo_location":{ "type": "Point", "coordinates": [-72.8613, 42.8812] }},
{"zip_code":"5053","country":"US","city":"North Pomfret","state":"Vermont","state_ab":"VT","county":"Windsor","geo_location":{ "type": "Point", "coordinates": [-72.4943, 43.7204] }},
{"zip_code":"5143","country":"US","city":"Chester","state":"Vermont","state_ab":"VT","county":"Windsor","geo_location":{ "type": "Point", "coordinates": [-72.6031, 43.2831] }},
{"zip_code":"5156","country":"US","city":"Springfield","state":"Vermont","state_ab":"VT","county":"Windsor","geo_location":{ "type": "Point", "coordinates": [-72.4778, 43.3034] }},
{"zip_code":"99403","country":"US","city":"Clarkston","state":"Washington","state_ab":"WA","county":"Asotin","geo_location":{ "type": "Point", "coordinates": [-117.0645, 46.3946] }},
{"zip_code":"99353","country":"US","city":"West Richland","state":"Washington","state_ab":"WA","county":"Benton","geo_location":{ "type": "Point", "coordinates": [-119.3714, 46.3153] }},
{"zip_code":"98826","country":"US","city":"Leavenworth","state":"Washington","state_ab":"WA","county":"Chelan","geo_location":{ "type": "Point", "coordinates": [-120.6748, 47.6438] }},
{"zip_code":"98350","country":"US","city":"La Push","state":"Washington","state_ab":"WA","county":"Clallam","geo_location":{ "type": "Point", "coordinates": [-124.6261, 47.9052] }},
{"zip_code":"98363","country":"US","city":"Port Angeles","state":"Washington","state_ab":"WA","county":"Clallam","geo_location":{ "type": "Point", "coordinates": [-123.9178, 48.0557] }},
{"zip_code":"98606","country":"US","city":"Brush Prairie","state":"Washington","state_ab":"WA","county":"Clark","geo_location":{ "type": "Point", "coordinates": [-122.4843, 45.7304] }},
{"zip_code":"98660","country":"US","city":"Vancouver","state":"Washington","state_ab":"WA","county":"Clark","geo_location":{ "type": "Point", "coordinates": [-122.6801, 45.6418] }},
{"zip_code":"98686","country":"US","city":"Vancouver","state":"Washington","state_ab":"WA","county":"Clark","geo_location":{ "type": "Point", "coordinates": [-122.6322, 45.712] }},
{"zip_code":"98813","country":"US","city":"Bridgeport","state":"Washington","state_ab":"WA","county":"Douglas","geo_location":{ "type": "Point", "coordinates": [-119.7028, 48.0161] }},
{"zip_code":"99146","country":"US","city":"Laurier","state":"Washington","state_ab":"WA","county":"Ferry","geo_location":{ "type": "Point", "coordinates": [-118.2208, 48.9753] }},
{"zip_code":"99160","country":"US","city":"Orient","state":"Washington","state_ab":"WA","county":"Ferry","geo_location":{ "type": "Point", "coordinates": [-118.2105, 48.8878] }},
{"zip_code":"99326","country":"US","city":"Connell","state":"Washington","state_ab":"WA","county":"Franklin","geo_location":{ "type": "Point", "coordinates": [-118.8545, 46.6643] }},
{"zip_code":"98853","country":"US","city":"Stratford","state":"Washington","state_ab":"WA","county":"Grant","geo_location":{ "type": "Point", "coordinates": [-119.313, 47.4043] }},
{"zip_code":"99133","country":"US","city":"Grand Coulee","state":"Washington","state_ab":"WA","county":"Grant","geo_location":{ "type": "Point", "coordinates": [-118.9978, 47.9385] }},
{"zip_code":"98569","country":"US","city":"Ocean Shores","state":"Washington","state_ab":"WA","county":"Grays Harbor","geo_location":{ "type": "Point", "coordinates": [-124.1525, 47.072] }},
{"zip_code":"98583","country":"US","city":"Satsop","state":"Washington","state_ab":"WA","county":"Grays Harbor","geo_location":{ "type": "Point", "coordinates": [-123.4836, 47.0022] }},
{"zip_code":"98260","country":"US","city":"Langley","state":"Washington","state_ab":"WA","county":"Island","geo_location":{ "type": "Point", "coordinates": [-122.453, 48.0187] }},
{"zip_code":"98376","country":"US","city":"Quilcene","state":"Washington","state_ab":"WA","county":"Jefferson","geo_location":{ "type": "Point", "coordinates": [-122.8583, 47.8324] }},
{"zip_code":"98013","country":"US","city":"Burton","state":"Washington","state_ab":"WA","county":"King","geo_location":{ "type": "Point", "coordinates": [-121.8034, 47.4323] }},
{"zip_code":"98039","country":"US","city":"Medina","state":"Washington","state_ab":"WA","county":"King","geo_location":{ "type": "Point", "coordinates": [-122.2314, 47.6269] }},
{"zip_code":"98040","country":"US","city":"Mercer Island","state":"Washington","state_ab":"WA","county":"King","geo_location":{ "type": "Point", "coordinates": [-122.2281, 47.5603] }},
{"zip_code":"98053","country":"US","city":"Redmond","state":"Washington","state_ab":"WA","county":"King","geo_location":{ "type": "Point", "coordinates": [-122.0386, 47.6462] }},
{"zip_code":"98093","country":"US","city":"Federal Way","state":"Washington","state_ab":"WA","county":"King","geo_location":{ "type": "Point", "coordinates": [-122.1138, 47.311] }},
{"zip_code":"98103","country":"US","city":"Seattle","state":"Washington","state_ab":"WA","county":"King","geo_location":{ "type": "Point", "coordinates": [-122.3426, 47.6733] }},
{"zip_code":"98116","country":"US","city":"Seattle","state":"Washington","state_ab":"WA","county":"King","geo_location":{ "type": "Point", "coordinates": [-122.3934, 47.5746] }},
{"zip_code":"98129","country":"US","city":"Seattle","state":"Washington","state_ab":"WA","county":"King","geo_location":{ "type": "Point", "coordinates": [-121.8034, 47.4323] }},
{"zip_code":"98130","country":"US","city":"Seattle","state":"Washington","state_ab":"WA","county":"King","geo_location":{ "type": "Point", "coordinates": [-121.8034, 47.4323] }},
{"zip_code":"98170","country":"US","city":"Seattle","state":"Washington","state_ab":"WA","county":"King County","geo_location":{ "type": "Point", "coordinates": [-122.3317, 47.6096] }},
{"zip_code":"98310","country":"US","city":"Bremerton","state":"Washington","state_ab":"WA","county":"Kitsap","geo_location":{ "type": "Point", "coordinates": [-122.6299, 47.6019] }},
{"zip_code":"98943","country":"US","city":"South Cle Elum","state":"Washington","state_ab":"WA","county":"Kittitas","geo_location":{ "type": "Point", "coordinates": [-120.9537, 47.1886] }},
{"zip_code":"98619","country":"US","city":"Glenwood","state":"Washington","state_ab":"WA","county":"Klickitat","geo_location":{ "type": "Point", "coordinates": [-121.2885, 46.0071] }},
{"zip_code":"98620","country":"US","city":"Goldendale","state":"Washington","state_ab":"WA","county":"Klickitat","geo_location":{ "type": "Point", "coordinates": [-120.813, 45.832] }},
{"zip_code":"98673","country":"US","city":"Wishram","state":"Washington","state_ab":"WA","county":"Klickitat","geo_location":{ "type": "Point", "coordinates": [-121.0732, 45.6415] }},
{"zip_code":"98336","country":"US","city":"Glenoma","state":"Washington","state_ab":"WA","county":"Lewis","geo_location":{ "type": "Point", "coordinates": [-122.099, 46.5283] }},
{"zip_code":"98570","country":"US","city":"Onalaska","state":"Washington","state_ab":"WA","county":"Lewis","geo_location":{ "type": "Point", "coordinates": [-122.7075, 46.573] }},
{"zip_code":"98596","country":"US","city":"Winlock","state":"Washington","state_ab":"WA","county":"Lewis","geo_location":{ "type": "Point", "coordinates": [-122.9158, 46.494] }},
{"zip_code":"99159","country":"US","city":"Odessa","state":"Washington","state_ab":"WA","county":"Lincoln","geo_location":{ "type": "Point", "coordinates": [-118.6983, 47.3395] }},
{"zip_code":"98840","country":"US","city":"Okanogan","state":"Washington","state_ab":"WA","county":"Okanogan","geo_location":{ "type": "Point", "coordinates": [-119.6046, 48.3513] }},
{"zip_code":"99119","country":"US","city":"Cusick","state":"Washington","state_ab":"WA","county":"Pend Oreille","geo_location":{ "type": "Point", "coordinates": [-117.3295, 48.3915] }},
{"zip_code":"98323","country":"US","city":"Carbonado","state":"Washington","state_ab":"WA","county":"Pierce","geo_location":{ "type": "Point", "coordinates": [-122.0513, 47.0802] }},
{"zip_code":"98349","country":"US","city":"Lakebay","state":"Washington","state_ab":"WA","county":"Pierce","geo_location":{ "type": "Point", "coordinates": [-122.7776, 47.2886] }},
{"zip_code":"98390","country":"US","city":"Sumner","state":"Washington","state_ab":"WA","county":"Pierce","geo_location":{ "type": "Point", "coordinates": [-122.228, 47.2099] }},
{"zip_code":"98413","country":"US","city":"Tacoma","state":"Washington","state_ab":"WA","county":"Pierce","geo_location":{ "type": "Point", "coordinates": [-122.1132, 47.0662] }},
{"zip_code":"98439","country":"US","city":"Lakewood","state":"Washington","state_ab":"WA","county":"Pierce","geo_location":{ "type": "Point", "coordinates": [-122.5103, 47.1287] }},
{"zip_code":"98466","country":"US","city":"Tacoma","state":"Washington","state_ab":"WA","county":"Pierce","geo_location":{ "type": "Point", "coordinates": [-122.5396, 47.228] }},
{"zip_code":"98493","country":"US","city":"Tacoma","state":"Washington","state_ab":"WA","county":"Pierce","geo_location":{ "type": "Point", "coordinates": [-122.1132, 47.0662] }},
{"zip_code":"98286","country":"US","city":"Shaw Island","state":"Washington","state_ab":"WA","county":"San Juan","geo_location":{ "type": "Point", "coordinates": [-122.9837, 48.5578] }},
{"zip_code":"98233","country":"US","city":"Burlington","state":"Washington","state_ab":"WA","county":"Skagit","geo_location":{ "type": "Point", "coordinates": [-122.3345, 48.4786] }},
{"zip_code":"98246","country":"US","city":"Bow","state":"Washington","state_ab":"WA","county":"Skagit","geo_location":{ "type": "Point", "coordinates": [-121.417, 48.5581] }},
{"zip_code":"98273","country":"US","city":"Mount Vernon","state":"Washington","state_ab":"WA","county":"Skagit","geo_location":{ "type": "Point", "coordinates": [-122.2082, 48.4352] }},
{"zip_code":"98026","country":"US","city":"Edmonds","state":"Washington","state_ab":"WA","county":"Snohomish","geo_location":{ "type": "Point", "coordinates": [-122.327, 47.8353] }},
{"zip_code":"98206","country":"US","city":"Everett","state":"Washington","state_ab":"WA","county":"Snohomish","geo_location":{ "type": "Point", "coordinates": [-122.2848, 47.8599] }},
{"zip_code":"98259","country":"US","city":"North Lakewood","state":"Washington","state_ab":"WA","county":"Snohomish","geo_location":{ "type": "Point", "coordinates": [-121.6823, 48.0373] }},
{"zip_code":"99003","country":"US","city":"Chattaroy","state":"Washington","state_ab":"WA","county":"Spokane","geo_location":{ "type": "Point", "coordinates": [-117.2921, 47.9192] }},
{"zip_code":"99016","country":"US","city":"Greenacres","state":"Washington","state_ab":"WA","county":"Spokane","geo_location":{ "type": "Point", "coordinates": [-117.1568, 47.6584] }},
{"zip_code":"99029","country":"US","city":"Reardan","state":"Washington","state_ab":"WA","county":"Spokane","geo_location":{ "type": "Point", "coordinates": [-117.8663, 47.7054] }},
{"zip_code":"99030","country":"US","city":"Rockford","state":"Washington","state_ab":"WA","county":"Spokane","geo_location":{ "type": "Point", "coordinates": [-117.1318, 47.4528] }},
{"zip_code":"99209","country":"US","city":"Spokane","state":"Washington","state_ab":"WA","county":"Spokane","geo_location":{ "type": "Point", "coordinates": [-117.7937, 47.6461] }},
{"zip_code":"99210","country":"US","city":"Spokane","state":"Washington","state_ab":"WA","county":"Spokane","geo_location":{ "type": "Point", "coordinates": [-117.4317, 47.6536] }},
{"zip_code":"99223","country":"US","city":"Spokane","state":"Washington","state_ab":"WA","county":"Spokane","geo_location":{ "type": "Point", "coordinates": [-117.3622, 47.6156] }},
{"zip_code":"99173","country":"US","city":"Springdale","state":"Washington","state_ab":"WA","county":"Stevens","geo_location":{ "type": "Point", "coordinates": [-117.829, 48.0022] }},
{"zip_code":"98503","country":"US","city":"Lacey","state":"Washington","state_ab":"WA","county":"Thurston","geo_location":{ "type": "Point", "coordinates": [-122.7827, 47.024] }},
{"zip_code":"98516","country":"US","city":"Olympia","state":"Washington","state_ab":"WA","county":"Thurston","geo_location":{ "type": "Point", "coordinates": [-122.7794, 47.1126] }},
{"zip_code":"98530","country":"US","city":"Bucoda","state":"Washington","state_ab":"WA","county":"Thurston","geo_location":{ "type": "Point", "coordinates": [-122.8718, 46.7982] }},
{"zip_code":"98556","country":"US","city":"Littlerock","state":"Washington","state_ab":"WA","county":"Thurston","geo_location":{ "type": "Point", "coordinates": [-123.017, 46.9024] }},
{"zip_code":"98220","country":"US","city":"Acme","state":"Washington","state_ab":"WA","county":"Whatcom","geo_location":{ "type": "Point", "coordinates": [-122.1914, 48.6752] }},
{"zip_code":"98903","country":"US","city":"Yakima","state":"Washington","state_ab":"WA","county":"Yakima","geo_location":{ "type": "Point", "coordinates": [-120.7444, 46.5445] }},
{"zip_code":"98929","country":"US","city":"Goose Prairie","state":"Washington","state_ab":"WA","county":"Yakima","geo_location":{ "type": "Point", "coordinates": [-121.2416, 46.9157] }},
{"zip_code":"98930","country":"US","city":"Grandview","state":"Washington","state_ab":"WA","county":"Yakima","geo_location":{ "type": "Point", "coordinates": [-119.9157, 46.2538] }},
{"zip_code":"54813","country":"US","city":"Barronett","state":"Wisconsin","state_ab":"WI","county":"Barron","geo_location":{ "type": "Point", "coordinates": [-92.0196, 45.619] }},
{"zip_code":"54826","country":"US","city":"Comstock","state":"Wisconsin","state_ab":"WI","county":"Barron","geo_location":{ "type": "Point", "coordinates": [-92.086, 45.4911] }},
{"zip_code":"54866","country":"US","city":"Poskin","state":"Wisconsin","state_ab":"WI","county":"Barron County","geo_location":{ "type": "Point", "coordinates": [-91.9575, 45.4092] }},
{"zip_code":"54839","country":"US","city":"Grand View","state":"Wisconsin","state_ab":"WI","county":"Bayfield","geo_location":{ "type": "Point", "coordinates": [-91.1075, 46.3577] }},
{"zip_code":"54840","country":"US","city":"Grantsburg","state":"Wisconsin","state_ab":"WI","county":"Burnett","geo_location":{ "type": "Point", "coordinates": [-92.6935, 45.7953] }},
{"zip_code":"54893","country":"US","city":"Webster","state":"Wisconsin","state_ab":"WI","county":"Burnett","geo_location":{ "type": "Point", "coordinates": [-92.3227, 45.874] }},
{"zip_code":"54129","country":"US","city":"Hilbert","state":"Wisconsin","state_ab":"WI","county":"Calumet","geo_location":{ "type": "Point", "coordinates": [-88.207, 44.1271] }},
{"zip_code":"54169","country":"US","city":"Sherwood","state":"Wisconsin","state_ab":"WI","county":"Calumet","geo_location":{ "type": "Point", "coordinates": [-88.2779, 44.1764] }},
{"zip_code":"54493","country":"US","city":"Willard","state":"Wisconsin","state_ab":"WI","county":"Clark","geo_location":{ "type": "Point", "coordinates": [-90.7499, 44.7274] }},
{"zip_code":"53593","country":"US","city":"Verona","state":"Wisconsin","state_ab":"WI","county":"Dane","geo_location":{ "type": "Point", "coordinates": [-89.5522, 42.9999] }},
{"zip_code":"53706","country":"US","city":"Madison","state":"Wisconsin","state_ab":"WI","county":"Dane","geo_location":{ "type": "Point", "coordinates": [-89.4094, 43.0769] }},
{"zip_code":"53719","country":"US","city":"Madison","state":"Wisconsin","state_ab":"WI","county":"Dane","geo_location":{ "type": "Point", "coordinates": [-89.4993, 43.0321] }},
{"zip_code":"53786","country":"US","city":"Madison","state":"Wisconsin","state_ab":"WI","county":"Dane","geo_location":{ "type": "Point", "coordinates": [-89.4239, 43.0696] }},
{"zip_code":"53050","country":"US","city":"Mayville","state":"Wisconsin","state_ab":"WI","county":"Dodge","geo_location":{ "type": "Point", "coordinates": [-88.5451, 43.5045] }},
{"zip_code":"53579","country":"US","city":"Reeseville","state":"Wisconsin","state_ab":"WI","county":"Dodge","geo_location":{ "type": "Point", "coordinates": [-88.8571, 43.3013] }},
{"zip_code":"54246","country":"US","city":"Washington Island","state":"Wisconsin","state_ab":"WI","county":"Door","geo_location":{ "type": "Point", "coordinates": [-86.8975, 45.3738] }},
{"zip_code":"54880","country":"US","city":"Superior","state":"Wisconsin","state_ab":"WI","county":"Douglas","geo_location":{ "type": "Point", "coordinates": [-92.0912, 46.7016] }},
{"zip_code":"54749","country":"US","city":"Knapp","state":"Wisconsin","state_ab":"WI","county":"Dunn","geo_location":{ "type": "Point", "coordinates": [-92.0752, 44.9545] }},
{"zip_code":"54763","country":"US","city":"Ridgeland","state":"Wisconsin","state_ab":"WI","county":"Dunn","geo_location":{ "type": "Point", "coordinates": [-91.879, 45.1868] }},
{"zip_code":"53009","country":"US","city":"Byron","state":"Wisconsin","state_ab":"WI","county":"Fond du Lac","geo_location":{ "type": "Point", "coordinates": [-88.4944, 43.7698] }},
{"zip_code":"53010","country":"US","city":"Campbellsport","state":"Wisconsin","state_ab":"WI","county":"Fond du Lac","geo_location":{ "type": "Point", "coordinates": [-88.2729, 43.6042] }},
{"zip_code":"53049","country":"US","city":"Malone","state":"Wisconsin","state_ab":"WI","county":"Fond du Lac","geo_location":{ "type": "Point", "coordinates": [-88.2871, 43.8753] }},
{"zip_code":"54103","country":"US","city":"Armstrong Creek","state":"Wisconsin","state_ab":"WI","county":"Forest","geo_location":{ "type": "Point", "coordinates": [-88.4908, 45.6726] }},
{"zip_code":"53809","country":"US","city":"Fennimore","state":"Wisconsin","state_ab":"WI","county":"Grant","geo_location":{ "type": "Point", "coordinates": [-90.655, 42.9886] }},
{"zip_code":"53810","country":"US","city":"Glen Haven","state":"Wisconsin","state_ab":"WI","county":"Grant","geo_location":{ "type": "Point", "coordinates": [-91.0005, 42.8204] }},
{"zip_code":"53566","country":"US","city":"Monroe","state":"Wisconsin","state_ab":"WI","county":"Green","geo_location":{ "type": "Point", "coordinates": [-89.6403, 42.5991] }},
{"zip_code":"53926","country":"US","city":"Dalton","state":"Wisconsin","state_ab":"WI","county":"Green Lake","geo_location":{ "type": "Point", "coordinates": [-89.1918, 43.6718] }},
{"zip_code":"53939","country":"US","city":"Kingston","state":"Wisconsin","state_ab":"WI","county":"Green Lake","geo_location":{ "type": "Point", "coordinates": [-89.1302, 43.6911] }},
{"zip_code":"53526","country":"US","city":"Cobb","state":"Wisconsin","state_ab":"WI","county":"Iowa","geo_location":{ "type": "Point", "coordinates": [-90.3324, 42.966] }},
{"zip_code":"53553","country":"US","city":"Linden","state":"Wisconsin","state_ab":"WI","county":"Iowa","geo_location":{ "type": "Point", "coordinates": [-90.2797, 42.9184] }},
{"zip_code":"53580","country":"US","city":"Rewey","state":"Wisconsin","state_ab":"WI","county":"Iowa","geo_location":{ "type": "Point", "coordinates": [-90.3804, 42.8594] }},
{"zip_code":"54659","country":"US","city":"Taylor","state":"Wisconsin","state_ab":"WI","county":"Jackson","geo_location":{ "type": "Point", "coordinates": [-91.1128, 44.2899] }},
{"zip_code":"53036","country":"US","city":"Ixonia","state":"Wisconsin","state_ab":"WI","county":"Jefferson","geo_location":{ "type": "Point", "coordinates": [-88.5886, 43.1477] }},
{"zip_code":"54646","country":"US","city":"Necedah","state":"Wisconsin","state_ab":"WI","county":"Juneau","geo_location":{ "type": "Point", "coordinates": [-90.06, 44.0345] }},
{"zip_code":"53140","country":"US","city":"Kenosha","state":"Wisconsin","state_ab":"WI","county":"Kenosha","geo_location":{ "type": "Point", "coordinates": [-87.8299, 42.6052] }},
{"zip_code":"53179","country":"US","city":"Trevor","state":"Wisconsin","state_ab":"WI","county":"Kenosha","geo_location":{ "type": "Point", "coordinates": [-88.1387, 42.5201] }},
{"zip_code":"53063","country":"US","city":"Newton","state":"Wisconsin","state_ab":"WI","county":"Manitowoc","geo_location":{ "type": "Point", "coordinates": [-87.7848, 43.9836] }},
{"zip_code":"54206","country":"US","city":"Cato","state":"Wisconsin","state_ab":"WI","county":"Manitowoc County","geo_location":{ "type": "Point", "coordinates": [-87.8432, 44.1534] }},
{"zip_code":"54220","country":"US","city":"Manitowoc","state":"Wisconsin","state_ab":"WI","county":"Manitowoc","geo_location":{ "type": "Point", "coordinates": [-87.6823, 44.0971] }},
{"zip_code":"54426","country":"US","city":"Edgar","state":"Wisconsin","state_ab":"WI","county":"Marathon","geo_location":{ "type": "Point", "coordinates": [-90.0125, 44.9046] }},
{"zip_code":"54440","country":"US","city":"Hatley","state":"Wisconsin","state_ab":"WI","county":"Marathon","geo_location":{ "type": "Point", "coordinates": [-89.3777, 44.8256] }},
{"zip_code":"54453","country":"US","city":"Milan","state":"Wisconsin","state_ab":"WI","county":"Marathon County","geo_location":{ "type": "Point", "coordinates": [-90.1793, 44.9811] }},
{"zip_code":"54479","country":"US","city":"Spencer","state":"Wisconsin","state_ab":"WI","county":"Marathon","geo_location":{ "type": "Point", "coordinates": [-90.3114, 44.7391] }},
{"zip_code":"54143","country":"US","city":"Marinette","state":"Wisconsin","state_ab":"WI","county":"Marinette","geo_location":{ "type": "Point", "coordinates": [-87.6697, 45.0874] }},
{"zip_code":"54156","country":"US","city":"Pembine","state":"Wisconsin","state_ab":"WI","county":"Marinette","geo_location":{ "type": "Point", "coordinates": [-87.9704, 45.6074] }},
{"zip_code":"53953","country":"US","city":"Packwaukee","state":"Wisconsin","state_ab":"WI","county":"Marquette","geo_location":{ "type": "Point", "coordinates": [-89.4576, 43.7644] }},
{"zip_code":"53203","country":"US","city":"Milwaukee","state":"Wisconsin","state_ab":"WI","county":"Milwaukee","geo_location":{ "type": "Point", "coordinates": [-87.9154, 43.0403] }},
{"zip_code":"53216","country":"US","city":"Milwaukee","state":"Wisconsin","state_ab":"WI","county":"Milwaukee","geo_location":{ "type": "Point", "coordinates": [-87.9742, 43.0859] }},
{"zip_code":"53270","country":"US","city":"Milwaukee","state":"Wisconsin","state_ab":"WI","county":"Milwaukee","geo_location":{ "type": "Point", "coordinates": [-87.9036, 43.0388] }},
{"zip_code":"54619","country":"US","city":"Cashton","state":"Wisconsin","state_ab":"WI","county":"Monroe","geo_location":{ "type": "Point", "coordinates": [-90.7612, 43.7456] }},
{"zip_code":"54620","country":"US","city":"Cataract","state":"Wisconsin","state_ab":"WI","county":"Monroe","geo_location":{ "type": "Point", "coordinates": [-90.8423, 44.0876] }},
{"zip_code":"54660","country":"US","city":"Tomah","state":"Wisconsin","state_ab":"WI","county":"Monroe","geo_location":{ "type": "Point", "coordinates": [-90.4733, 43.9838] }},
{"zip_code":"54529","country":"US","city":"Harshaw","state":"Wisconsin","state_ab":"WI","county":"Oneida","geo_location":{ "type": "Point", "coordinates": [-89.6503, 45.6762] }},
{"zip_code":"54543","country":"US","city":"Mc Naughton","state":"Wisconsin","state_ab":"WI","county":"Oneida","geo_location":{ "type": "Point", "coordinates": [-89.5573, 45.7229] }},
{"zip_code":"54130","country":"US","city":"Kaukauna","state":"Wisconsin","state_ab":"WI","county":"Outagamie","geo_location":{ "type": "Point", "coordinates": [-88.2717, 44.2956] }},
{"zip_code":"54170","country":"US","city":"Shiocton","state":"Wisconsin","state_ab":"WI","county":"Outagamie","geo_location":{ "type": "Point", "coordinates": [-88.5562, 44.4972] }},
{"zip_code":"54736","country":"US","city":"Durand","state":"Wisconsin","state_ab":"WI","county":"Pepin","geo_location":{ "type": "Point", "coordinates": [-91.9295, 44.63] }},
{"zip_code":"54723","country":"US","city":"Bay City","state":"Wisconsin","state_ab":"WI","county":"Pierce","geo_location":{ "type": "Point", "coordinates": [-92.4469, 44.6166] }},
{"zip_code":"54750","country":"US","city":"Maiden Rock","state":"Wisconsin","state_ab":"WI","county":"Pierce","geo_location":{ "type": "Point", "coordinates": [-92.2782, 44.6086] }},
{"zip_code":"54026","country":"US","city":"Star Prairie","state":"Wisconsin","state_ab":"WI","county":"Polk","geo_location":{ "type": "Point", "coordinates": [-92.5514, 45.2013] }},
{"zip_code":"54853","country":"US","city":"Luck","state":"Wisconsin","state_ab":"WI","county":"Polk","geo_location":{ "type": "Point", "coordinates": [-92.4164, 45.5568] }},
{"zip_code":"54556","country":"US","city":"Prentice","state":"Wisconsin","state_ab":"WI","county":"Price","geo_location":{ "type": "Point", "coordinates": [-90.2942, 45.5482] }},
{"zip_code":"53126","country":"US","city":"Franksville","state":"Wisconsin","state_ab":"WI","county":"Racine","geo_location":{ "type": "Point", "coordinates": [-87.9873, 42.7859] }},
{"zip_code":"53139","country":"US","city":"Kansasville","state":"Wisconsin","state_ab":"WI","county":"Racine","geo_location":{ "type": "Point", "coordinates": [-88.118, 42.7012] }},
{"zip_code":"53490","country":"US","city":"Racine","state":"Wisconsin","state_ab":"WI","county":"Racine","geo_location":{ "type": "Point", "coordinates": [-87.676, 42.7272] }},
{"zip_code":"53540","country":"US","city":"Gotham","state":"Wisconsin","state_ab":"WI","county":"Richland","geo_location":{ "type": "Point", "coordinates": [-90.2618, 43.2345] }},
{"zip_code":"54530","country":"US","city":"Hawkins","state":"Wisconsin","state_ab":"WI","county":"Rusk","geo_location":{ "type": "Point", "coordinates": [-90.7114, 45.5241] }},
{"zip_code":"54013","country":"US","city":"Glenwood City","state":"Wisconsin","state_ab":"WI","county":"St. Croix","geo_location":{ "type": "Point", "coordinates": [-92.1816, 45.0623] }},
{"zip_code":"53913","country":"US","city":"Baraboo","state":"Wisconsin","state_ab":"WI","county":"Sauk","geo_location":{ "type": "Point", "coordinates": [-89.7462, 43.4825] }},
{"zip_code":"53940","country":"US","city":"Lake Delton","state":"Wisconsin","state_ab":"WI","county":"Sauk","geo_location":{ "type": "Point", "coordinates": [-89.7912, 43.5939] }},
{"zip_code":"53023","country":"US","city":"Glenbeulah","state":"Wisconsin","state_ab":"WI","county":"Sheboygan","geo_location":{ "type": "Point", "coordinates": [-88.1049, 43.7666] }},
{"zip_code":"54439","country":"US","city":"Hannibal","state":"Wisconsin","state_ab":"WI","county":"Taylor","geo_location":{ "type": "Point", "coordinates": [-90.4841, 45.2068] }},
{"zip_code":"54480","country":"US","city":"Stetsonville","state":"Wisconsin","state_ab":"WI","county":"Taylor","geo_location":{ "type": "Point", "coordinates": [-90.2829, 45.0792] }},
{"zip_code":"53076","country":"US","city":"Richfield","state":"Wisconsin","state_ab":"WI","county":"Washington","geo_location":{ "type": "Point", "coordinates": [-88.2155, 43.2739] }},
{"zip_code":"53090","country":"US","city":"West Bend","state":"Wisconsin","state_ab":"WI","county":"Washington","geo_location":{ "type": "Point", "coordinates": [-88.1963, 43.4438] }},
{"zip_code":"53089","country":"US","city":"Sussex","state":"Wisconsin","state_ab":"WI","county":"Waukesha","geo_location":{ "type": "Point", "coordinates": [-88.2271, 43.1441] }},
{"zip_code":"53153","country":"US","city":"North Prairie","state":"Wisconsin","state_ab":"WI","county":"Waukesha","geo_location":{ "type": "Point", "coordinates": [-88.395, 42.9385] }},
{"zip_code":"54929","country":"US","city":"Clintonville","state":"Wisconsin","state_ab":"WI","county":"Waupaca","geo_location":{ "type": "Point", "coordinates": [-88.743, 44.6364] }},
{"zip_code":"54969","country":"US","city":"Readfield","state":"Wisconsin","state_ab":"WI","county":"Waupaca","geo_location":{ "type": "Point", "coordinates": [-88.7755, 44.27] }},
{"zip_code":"54983","country":"US","city":"Weyauwega","state":"Wisconsin","state_ab":"WI","county":"Waupaca","geo_location":{ "type": "Point", "coordinates": [-88.941, 44.321] }},
{"zip_code":"54930","country":"US","city":"Coloma","state":"Wisconsin","state_ab":"WI","county":"Waushara","geo_location":{ "type": "Point", "coordinates": [-89.4943, 44.0275] }},
{"zip_code":"54943","country":"US","city":"Hancock","state":"Wisconsin","state_ab":"WI","county":"Waushara","geo_location":{ "type": "Point", "coordinates": [-89.5344, 44.1297] }},
{"zip_code":"54970","country":"US","city":"Redgranite","state":"Wisconsin","state_ab":"WI","county":"Waushara","geo_location":{ "type": "Point", "coordinates": [-89.0981, 44.0438] }},
{"zip_code":"54903","country":"US","city":"Oshkosh","state":"Wisconsin","state_ab":"WI","county":"Winnebago","geo_location":{ "type": "Point", "coordinates": [-88.6449, 44.0686] }},
{"zip_code":"54956","country":"US","city":"Neenah","state":"Wisconsin","state_ab":"WI","county":"Winnebago","geo_location":{ "type": "Point", "coordinates": [-88.4792, 44.1811] }},
{"zip_code":"54413","country":"US","city":"Babcock","state":"Wisconsin","state_ab":"WI","county":"Wood","geo_location":{ "type": "Point", "coordinates": [-90.0986, 44.3031] }},
{"zip_code":"54466","country":"US","city":"Pittsville","state":"Wisconsin","state_ab":"WI","county":"Wood","geo_location":{ "type": "Point", "coordinates": [-90.1892, 44.4375] }},
{"zip_code":"25419","country":"US","city":"Falling Waters","state":"West Virginia","state_ab":"WV","county":"Berkeley","geo_location":{ "type": "Point", "coordinates": [-77.8852, 39.5865] }},
{"zip_code":"25420","country":"US","city":"Gerrardstown","state":"West Virginia","state_ab":"WV","county":"Berkeley","geo_location":{ "type": "Point", "coordinates": [-78.1141, 39.378] }},
{"zip_code":"25149","country":"US","city":"Ottawa","state":"West Virginia","state_ab":"WV","county":"Boone","geo_location":{ "type": "Point", "coordinates": [-81.717, 37.9971] }},
{"zip_code":"26629","country":"US","city":"Little Birch","state":"West Virginia","state_ab":"WV","county":"Braxton","geo_location":{ "type": "Point", "coordinates": [-80.6931, 38.581] }},
{"zip_code":"25510","country":"US","city":"Culloden","state":"West Virginia","state_ab":"WV","county":"Cabell","geo_location":{ "type": "Point", "coordinates": [-82.069, 38.4198] }},
{"zip_code":"25703","country":"US","city":"Huntington","state":"West Virginia","state_ab":"WV","county":"Cabell","geo_location":{ "type": "Point", "coordinates": [-82.4227, 38.4211] }},
{"zip_code":"25716","country":"US","city":"Huntington","state":"West Virginia","state_ab":"WV","county":"Cabell","geo_location":{ "type": "Point", "coordinates": [-82.2774, 38.4134] }},
{"zip_code":"25729","country":"US","city":"Huntington","state":"West Virginia","state_ab":"WV","county":"Cabell","geo_location":{ "type": "Point", "coordinates": [-82.2774, 38.4134] }},
{"zip_code":"25770","country":"US","city":"Huntington","state":"West Virginia","state_ab":"WV","county":"Cabell","geo_location":{ "type": "Point", "coordinates": [-82.2774, 38.4134] }},
{"zip_code":"25019","country":"US","city":"Bickmore","state":"West Virginia","state_ab":"WV","county":"Clay","geo_location":{ "type": "Point", "coordinates": [-81.0868, 38.3729] }},
{"zip_code":"25150","country":"US","city":"Ovapa","state":"West Virginia","state_ab":"WV","county":"Clay","geo_location":{ "type": "Point", "coordinates": [-81.1485, 38.5234] }},
{"zip_code":"26436","country":"US","city":"Smithburg","state":"West Virginia","state_ab":"WV","county":"Doddridge","geo_location":{ "type": "Point", "coordinates": [-80.7197, 39.2708] }},
{"zip_code":"25136","country":"US","city":"Montgomery","state":"West Virginia","state_ab":"WV","county":"Fayette","geo_location":{ "type": "Point", "coordinates": [-81.3222, 38.1725] }},
{"zip_code":"25833","country":"US","city":"Dothan","state":"West Virginia","state_ab":"WV","county":"Fayette","geo_location":{ "type": "Point", "coordinates": [-81.0648, 38.0413] }},
{"zip_code":"25846","country":"US","city":"Glen Jean","state":"West Virginia","state_ab":"WV","county":"Fayette","geo_location":{ "type": "Point", "coordinates": [-81.0648, 38.0413] }},
{"zip_code":"25859","country":"US","city":"Kilsyth","state":"West Virginia","state_ab":"WV","county":"Fayette","geo_location":{ "type": "Point", "coordinates": [-81.0648, 38.0413] }},
{"zip_code":"25910","country":"US","city":"Quinnimont","state":"West Virginia","state_ab":"WV","county":"Fayette County","geo_location":{ "type": "Point", "coordinates": [-81.0446, 37.8544] }},
{"zip_code":"25936","country":"US","city":"Thurmond","state":"West Virginia","state_ab":"WV","county":"Fayette","geo_location":{ "type": "Point", "coordinates": [-81.0714, 37.9554] }},
{"zip_code":"25976","country":"US","city":"Meadow Bridge","state":"West Virginia","state_ab":"WV","county":"Fayette","geo_location":{ "type": "Point", "coordinates": [-80.8521, 37.878] }},
{"zip_code":"25280","country":"US","city":"Stumptown","state":"West Virginia","state_ab":"WV","county":"Gilmer County","geo_location":{ "type": "Point", "coordinates": [-80.9751, 38.8282] }},
{"zip_code":"26179","country":"US","city":"Tanner","state":"West Virginia","state_ab":"WV","county":"Gilmer County","geo_location":{ "type": "Point", "coordinates": [-80.9597, 38.9664] }},
{"zip_code":"26409","country":"US","city":"Newberne","state":"West Virginia","state_ab":"WV","county":"Gilmer County","geo_location":{ "type": "Point", "coordinates": [-80.9028, 39.0407] }},
{"zip_code":"26720","country":"US","city":"Gormania","state":"West Virginia","state_ab":"WV","county":"Grant","geo_location":{ "type": "Point", "coordinates": [-79.3296, 39.2803] }},
{"zip_code":"24986","country":"US","city":"White Sulphur Springs","state":"West Virginia","state_ab":"WV","county":"Greenbrier","geo_location":{ "type": "Point", "coordinates": [-80.3129, 37.7827] }},
{"zip_code":"26823","country":"US","city":"Capon Springs","state":"West Virginia","state_ab":"WV","county":"Hampshire","geo_location":{ "type": "Point", "coordinates": [-78.6594, 39.3141] }},
{"zip_code":"26050","country":"US","city":"Newell","state":"West Virginia","state_ab":"WV","county":"Hancock","geo_location":{ "type": "Point", "coordinates": [-80.6011, 40.614] }},
{"zip_code":"26810","country":"US","city":"Lost City","state":"West Virginia","state_ab":"WV","county":"Hardy","geo_location":{ "type": "Point", "coordinates": [-78.7448, 38.9812] }},
{"zip_code":"26836","country":"US","city":"Moorefield","state":"West Virginia","state_ab":"WV","county":"Hardy","geo_location":{ "type": "Point", "coordinates": [-78.9745, 38.9907] }},
{"zip_code":"26306","country":"US","city":"Clarksburg","state":"West Virginia","state_ab":"WV","county":"Harrison","geo_location":{ "type": "Point", "coordinates": [-80.3853, 39.2852] }},
{"zip_code":"26386","country":"US","city":"Lumberport","state":"West Virginia","state_ab":"WV","county":"Harrison","geo_location":{ "type": "Point", "coordinates": [-80.3676, 39.3781] }},
{"zip_code":"26463","country":"US","city":"Wyatt","state":"West Virginia","state_ab":"WV","county":"Harrison","geo_location":{ "type": "Point", "coordinates": [-80.3853, 39.2852] }},
{"zip_code":"25239","country":"US","city":"Cottageville","state":"West Virginia","state_ab":"WV","county":"Jackson","geo_location":{ "type": "Point", "coordinates": [-81.8186, 38.8633] }},
{"zip_code":"25279","country":"US","city":"Statts Mills","state":"West Virginia","state_ab":"WV","county":"Jackson","geo_location":{ "type": "Point", "coordinates": [-81.6156, 38.7408] }},
{"zip_code":"26153","country":"US","city":"Murraysville","state":"West Virginia","state_ab":"WV","county":"Jackson County","geo_location":{ "type": "Point", "coordinates": [-81.7714, 39.0591] }},
{"zip_code":"25446","country":"US","city":"Summit Point","state":"West Virginia","state_ab":"WV","county":"Jefferson","geo_location":{ "type": "Point", "coordinates": [-77.9586, 39.2338] }},
{"zip_code":"25086","country":"US","city":"Glasgow","state":"West Virginia","state_ab":"WV","county":"Kanawha","geo_location":{ "type": "Point", "coordinates": [-81.4067, 38.2155] }},
{"zip_code":"25110","country":"US","city":"Hugheston","state":"West Virginia","state_ab":"WV","county":"Kanawha","geo_location":{ "type": "Point", "coordinates": [-81.3884, 38.211] }},
{"zip_code":"25163","country":"US","city":"Prenter","state":"West Virginia","state_ab":"WV","county":"Kanawha County","geo_location":{ "type": "Point", "coordinates": [-81.6256, 38.0061] }},
{"zip_code":"25303","country":"US","city":"Charleston","state":"West Virginia","state_ab":"WV","county":"Kanawha","geo_location":{ "type": "Point", "coordinates": [-81.6859, 38.3598] }},
{"zip_code":"25329","country":"US","city":"Charleston","state":"West Virginia","state_ab":"WV","county":"Kanawha","geo_location":{ "type": "Point", "coordinates": [-81.5547, 38.2968] }},
{"zip_code":"25330","country":"US","city":"Charleston","state":"West Virginia","state_ab":"WV","county":"Kanawha","geo_location":{ "type": "Point", "coordinates": [-81.5547, 38.2968] }},
{"zip_code":"25356","country":"US","city":"Charleston","state":"West Virginia","state_ab":"WV","county":"Kanawha","geo_location":{ "type": "Point", "coordinates": [-81.5547, 38.2968] }},
{"zip_code":"25396","country":"US","city":"Charleston","state":"West Virginia","state_ab":"WV","county":"Kanawha","geo_location":{ "type": "Point", "coordinates": [-81.5547, 38.2968] }},
{"zip_code":"26423","country":"US","city":"Roanoke","state":"West Virginia","state_ab":"WV","county":"Lewis County","geo_location":{ "type": "Point", "coordinates": [-80.4947, 38.9343] }},
{"zip_code":"25523","country":"US","city":"Hamlin","state":"West Virginia","state_ab":"WV","county":"Lincoln","geo_location":{ "type": "Point", "coordinates": [-82.1047, 38.2896] }},
{"zip_code":"25563","country":"US","city":"Sias","state":"West Virginia","state_ab":"WV","county":"Lincoln County","geo_location":{ "type": "Point", "coordinates": [-82.0884, 38.1905] }},
{"zip_code":"25639","country":"US","city":"Peach Creek","state":"West Virginia","state_ab":"WV","county":"Logan","geo_location":{ "type": "Point", "coordinates": [-81.9826, 37.8752] }},
{"zip_code":"25653","country":"US","city":"Wilkinson","state":"West Virginia","state_ab":"WV","county":"Logan","geo_location":{ "type": "Point", "coordinates": [-82.053, 37.8082] }},
{"zip_code":"24816","country":"US","city":"Big Sandy","state":"West Virginia","state_ab":"WV","county":"McDowell","geo_location":{ "type": "Point", "coordinates": [-81.6539, 37.3752] }},
{"zip_code":"24829","country":"US","city":"Eckman","state":"West Virginia","state_ab":"WV","county":"McDowell","geo_location":{ "type": "Point", "coordinates": [-81.6539, 37.3752] }},
{"zip_code":"24830","country":"US","city":"Elbert","state":"West Virginia","state_ab":"WV","county":"McDowell","geo_location":{ "type": "Point", "coordinates": [-81.6539, 37.3752] }},
{"zip_code":"24843","country":"US","city":"Hensley","state":"West Virginia","state_ab":"WV","county":"McDowell","geo_location":{ "type": "Point", "coordinates": [-81.6539, 37.3752] }},
{"zip_code":"24856","country":"US","city":"Leckie","state":"West Virginia","state_ab":"WV","county":"McDowell","geo_location":{ "type": "Point", "coordinates": [-81.6539, 37.3752] }},
{"zip_code":"24883","country":"US","city":"Skygusty","state":"West Virginia","state_ab":"WV","county":"McDowell","geo_location":{ "type": "Point", "coordinates": [-81.6539, 37.3752] }},
{"zip_code":"26566","country":"US","city":"Colfax","state":"West Virginia","state_ab":"WV","county":"Marion","geo_location":{ "type": "Point", "coordinates": [-80.2185, 39.5143] }},
{"zip_code":"26036","country":"US","city":"Dallas","state":"West Virginia","state_ab":"WV","county":"Marshall","geo_location":{ "type": "Point", "coordinates": [-80.5508, 39.9783] }},
{"zip_code":"25123","country":"US","city":"Leon","state":"West Virginia","state_ab":"WV","county":"Mason","geo_location":{ "type": "Point", "coordinates": [-81.9145, 38.7048] }},
{"zip_code":"25253","country":"US","city":"Letart","state":"West Virginia","state_ab":"WV","county":"Mason","geo_location":{ "type": "Point", "coordinates": [-81.9751, 38.9311] }},
{"zip_code":"25550","country":"US","city":"Point Pleasant","state":"West Virginia","state_ab":"WV","county":"Mason","geo_location":{ "type": "Point", "coordinates": [-82.1132, 38.8632] }},
{"zip_code":"24739","country":"US","city":"Oakvale","state":"West Virginia","state_ab":"WV","county":"Mercer","geo_location":{ "type": "Point", "coordinates": [-81.1058, 37.4164] }},
{"zip_code":"24740","country":"US","city":"Princeton","state":"West Virginia","state_ab":"WV","county":"Mercer","geo_location":{ "type": "Point", "coordinates": [-81.1175, 37.3799] }},
{"zip_code":"25820","country":"US","city":"Camp Creek","state":"West Virginia","state_ab":"WV","county":"Mercer","geo_location":{ "type": "Point", "coordinates": [-81.1111, 37.4841] }},
{"zip_code":"26719","country":"US","city":"Fort Ashby","state":"West Virginia","state_ab":"WV","county":"Mineral","geo_location":{ "type": "Point", "coordinates": [-78.7743, 39.497] }},
{"zip_code":"25666","country":"US","city":"Breeden","state":"West Virginia","state_ab":"WV","county":"Mingo","geo_location":{ "type": "Point", "coordinates": [-82.2547, 37.9198] }},
{"zip_code":"25693","country":"US","city":"Sprigg","state":"West Virginia","state_ab":"WV","county":"Mingo County","geo_location":{ "type": "Point", "coordinates": [-82.1974, 37.6285] }},
{"zip_code":"24973","country":"US","city":"Sarton","state":"West Virginia","state_ab":"WV","county":"Monroe County","geo_location":{ "type": "Point", "coordinates": [-80.6401, 37.5824] }},
{"zip_code":"26360","country":"US","city":"Greenwood","state":"West Virginia","state_ab":"WV","county":"Morgan County","geo_location":{ "type": "Point", "coordinates": [-80.8856, 39.2889] }},
{"zip_code":"25059","country":"US","city":"Dixie","state":"West Virginia","state_ab":"WV","county":"Nicholas","geo_location":{ "type": "Point", "coordinates": [-81.1862, 38.2663] }},
{"zip_code":"26656","country":"US","city":"Belva","state":"West Virginia","state_ab":"WV","county":"Nicholas","geo_location":{ "type": "Point", "coordinates": [-81.1566, 38.2491] }},
{"zip_code":"26683","country":"US","city":"Poe","state":"West Virginia","state_ab":"WV","county":"Nicholas County","geo_location":{ "type": "Point", "coordinates": [-80.9534, 38.2567] }},
{"zip_code":"24920","country":"US","city":"Bartow","state":"West Virginia","state_ab":"WV","county":"Pocahontas","geo_location":{ "type": "Point", "coordinates": [-79.7952, 38.5513] }},
{"zip_code":"24946","country":"US","city":"Hillsboro","state":"West Virginia","state_ab":"WV","county":"Pocahontas","geo_location":{ "type": "Point", "coordinates": [-80.2641, 38.1109] }},
{"zip_code":"26410","country":"US","city":"Newburg","state":"West Virginia","state_ab":"WV","county":"Preston","geo_location":{ "type": "Point", "coordinates": [-79.828, 39.4027] }},
{"zip_code":"25033","country":"US","city":"Buffalo","state":"West Virginia","state_ab":"WV","county":"Putnam","geo_location":{ "type": "Point", "coordinates": [-81.95, 38.6092] }},
{"zip_code":"25109","country":"US","city":"Hometown","state":"West Virginia","state_ab":"WV","county":"Putnam","geo_location":{ "type": "Point", "coordinates": [-81.8805, 38.4754] }},
{"zip_code":"25213","country":"US","city":"Winfield","state":"West Virginia","state_ab":"WV","county":"Putnam","geo_location":{ "type": "Point", "coordinates": [-81.89, 38.5072] }},
{"zip_code":"25060","country":"US","city":"Dorothy","state":"West Virginia","state_ab":"WV","county":"Raleigh","geo_location":{ "type": "Point", "coordinates": [-81.4968, 37.9622] }},
{"zip_code":"25189","country":"US","city":"Sundial","state":"West Virginia","state_ab":"WV","county":"Raleigh County","geo_location":{ "type": "Point", "coordinates": [-81.497, 37.8768] }},
{"zip_code":"25860","country":"US","city":"Lanark","state":"West Virginia","state_ab":"WV","county":"Raleigh","geo_location":{ "type": "Point", "coordinates": [-81.2245, 37.7489] }},
{"zip_code":"25873","country":"US","city":"Mac Arthur","state":"West Virginia","state_ab":"WV","county":"Raleigh","geo_location":{ "type": "Point", "coordinates": [-81.2148, 37.7517] }},
{"zip_code":"25909","country":"US","city":"Prosperity","state":"West Virginia","state_ab":"WV","county":"Raleigh","geo_location":{ "type": "Point", "coordinates": [-81.2004, 37.8381] }},
{"zip_code":"25989","country":"US","city":"White Oak","state":"West Virginia","state_ab":"WV","county":"Raleigh","geo_location":{ "type": "Point", "coordinates": [-81.0489, 37.6843] }},
{"zip_code":"26230","country":"US","city":"Pickens","state":"West Virginia","state_ab":"WV","county":"Randolph","geo_location":{ "type": "Point", "coordinates": [-80.2098, 38.6842] }},
{"zip_code":"26270","country":"US","city":"Harman","state":"West Virginia","state_ab":"WV","county":"Randolph","geo_location":{ "type": "Point", "coordinates": [-79.5246, 38.9234] }},
{"zip_code":"26283","country":"US","city":"Montrose","state":"West Virginia","state_ab":"WV","county":"Randolph","geo_location":{ "type": "Point", "coordinates": [-79.7896, 39.0964] }},
{"zip_code":"26296","country":"US","city":"Whitmer","state":"West Virginia","state_ab":"WV","county":"Randolph","geo_location":{ "type": "Point", "coordinates": [-79.5819, 38.7516] }},
{"zip_code":"26346","country":"US","city":"Ellenboro","state":"West Virginia","state_ab":"WV","county":"Ritchie","geo_location":{ "type": "Point", "coordinates": [-81.0621, 39.2969] }},
{"zip_code":"25046","country":"US","city":"Clio","state":"West Virginia","state_ab":"WV","county":"Roane","geo_location":{ "type": "Point", "coordinates": [-81.3146, 38.7317] }},
{"zip_code":"25266","country":"US","city":"Newton","state":"West Virginia","state_ab":"WV","county":"Roane","geo_location":{ "type": "Point", "coordinates": [-81.1623, 38.606] }},
{"zip_code":"24919","country":"US","city":"Ballengee","state":"West Virginia","state_ab":"WV","county":"Summers","geo_location":{ "type": "Point", "coordinates": [-80.89, 37.6748] }},
{"zip_code":"26269","country":"US","city":"Hambleton","state":"West Virginia","state_ab":"WV","county":"Tucker","geo_location":{ "type": "Point", "coordinates": [-79.5637, 39.1179] }},
{"zip_code":"26320","country":"US","city":"Alma","state":"West Virginia","state_ab":"WV","county":"Tyler","geo_location":{ "type": "Point", "coordinates": [-80.8701, 39.4506] }},
{"zip_code":"26229","country":"US","city":"Lorentz","state":"West Virginia","state_ab":"WV","county":"Upshur","geo_location":{ "type": "Point", "coordinates": [-80.2269, 38.8993] }},
{"zip_code":"26203","country":"US","city":"Erbacon","state":"West Virginia","state_ab":"WV","county":"Webster","geo_location":{ "type": "Point", "coordinates": [-80.5742, 38.5419] }},
{"zip_code":"26180","country":"US","city":"Walker","state":"West Virginia","state_ab":"WV","county":"Wood","geo_location":{ "type": "Point", "coordinates": [-81.3866, 39.1821] }},
{"zip_code":"24726","country":"US","city":"Herndon","state":"West Virginia","state_ab":"WV","county":"Wyoming","geo_location":{ "type": "Point", "coordinates": [-81.3468, 37.5264] }},
{"zip_code":"24869","country":"US","city":"North Spring","state":"West Virginia","state_ab":"WV","county":"Wyoming","geo_location":{ "type": "Point", "coordinates": [-81.54, 37.6033] }},
{"zip_code":"24870","country":"US","city":"Oceana","state":"West Virginia","state_ab":"WV","county":"Wyoming","geo_location":{ "type": "Point", "coordinates": [-81.5831, 37.7407] }},
{"zip_code":"24896","country":"US","city":"Wolf Pen","state":"West Virginia","state_ab":"WV","county":"Wyoming","geo_location":{ "type": "Point", "coordinates": [-81.54, 37.6033] }},
{"zip_code":"82070","country":"US","city":"Laramie","state":"Wyoming","state_ab":"WY","county":"Albany","geo_location":{ "type": "Point", "coordinates": [-105.801, 41.439] }},
{"zip_code":"82083","country":"US","city":"Rock River","state":"Wyoming","state_ab":"WY","county":"Albany","geo_location":{ "type": "Point", "coordinates": [-105.9746, 41.7461] }},
{"zip_code":"82713","country":"US","city":"Carlile","state":"Wyoming","state_ab":"WY","county":"Crook","geo_location":{ "type": "Point", "coordinates": [-104.7678, 44.5259] }},
{"zip_code":"82520","country":"US","city":"Lander","state":"Wyoming","state_ab":"WY","county":"Fremont","geo_location":{ "type": "Point", "coordinates": [-108.5913, 42.9208] }},
{"zip_code":"82649","country":"US","city":"Shoshoni","state":"Wyoming","state_ab":"WY","county":"Fremont","geo_location":{ "type": "Point", "coordinates": [-108.1007, 43.2457] }},
{"zip_code":"82223","country":"US","city":"Lingle","state":"Wyoming","state_ab":"WY","county":"Goshen","geo_location":{ "type": "Point", "coordinates": [-104.332, 42.1346] }},
{"zip_code":"82430","country":"US","city":"Kirby","state":"Wyoming","state_ab":"WY","county":"Hot Springs","geo_location":{ "type": "Point", "coordinates": [-108.1805, 43.8042] }},
{"zip_code":"82443","country":"US","city":"Thermopolis","state":"Wyoming","state_ab":"WY","county":"Hot Springs","geo_location":{ "type": "Point", "coordinates": [-108.3839, 43.7758] }},
{"zip_code":"82003","country":"US","city":"Cheyenne","state":"Wyoming","state_ab":"WY","county":"Laramie","geo_location":{ "type": "Point", "coordinates": [-104.6612, 41.2191] }},
{"zip_code":"83110","country":"US","city":"Afton","state":"Wyoming","state_ab":"WY","county":"Lincoln","geo_location":{ "type": "Point", "coordinates": [-110.942, 42.7128] }},
{"zip_code":"83123","country":"US","city":"La Barge","state":"Wyoming","state_ab":"WY","county":"Lincoln","geo_location":{ "type": "Point", "coordinates": [-110.2109, 42.2473] }},
{"zip_code":"82609","country":"US","city":"Casper","state":"Wyoming","state_ab":"WY","county":"Natrona","geo_location":{ "type": "Point", "coordinates": [-106.2806, 42.8406] }},
{"zip_code":"82636","country":"US","city":"Evansville","state":"Wyoming","state_ab":"WY","county":"Natrona","geo_location":{ "type": "Point", "coordinates": [-106.1754, 42.8992] }},
{"zip_code":"82210","country":"US","city":"Chugwater","state":"Wyoming","state_ab":"WY","county":"Platte","geo_location":{ "type": "Point", "coordinates": [-104.8179, 41.7487] }},
{"zip_code":"82933","country":"US","city":"Fort Bridger","state":"Wyoming","state_ab":"WY","county":"Uinta","geo_location":{ "type": "Point", "coordinates": [-110.3474, 41.2828] }},
{"zip_code":"47164","country":"US","city":"Palmyra","state":"Indiana","state_ab":"IN","county":"Harrison","geo_location":{ "type": "Point", "coordinates": [-86.0888, 38.4105] }},
{"zip_code":"46121","country":"US","city":"Coatesville","state":"Indiana","state_ab":"IN","county":"Hendricks","geo_location":{ "type": "Point", "coordinates": [-86.6314, 39.693] }},
{"zip_code":"47344","country":"US","city":"Greensboro","state":"Indiana","state_ab":"IN","county":"Henry","geo_location":{ "type": "Point", "coordinates": [-85.464, 39.8789] }},
{"zip_code":"47384","country":"US","city":"Shirley","state":"Indiana","state_ab":"IN","county":"Henry","geo_location":{ "type": "Point", "coordinates": [-85.5182, 39.9158] }},
{"zip_code":"47281","country":"US","city":"Vallonia","state":"Indiana","state_ab":"IN","county":"Jackson","geo_location":{ "type": "Point", "coordinates": [-86.069, 38.8174] }},
{"zip_code":"47977","country":"US","city":"Remington","state":"Indiana","state_ab":"IN","county":"Jasper","geo_location":{ "type": "Point", "coordinates": [-87.1599, 40.7667] }},
{"zip_code":"47371","country":"US","city":"Portland","state":"Indiana","state_ab":"IN","county":"Jay","geo_location":{ "type": "Point", "coordinates": [-84.9928, 40.4306] }},
{"zip_code":"47227","country":"US","city":"Commiskey","state":"Indiana","state_ab":"IN","county":"Jennings","geo_location":{ "type": "Point", "coordinates": [-85.6434, 38.8526] }},
{"zip_code":"47524","country":"US","city":"Decker","state":"Indiana","state_ab":"IN","county":"Knox","geo_location":{ "type": "Point", "coordinates": [-87.5537, 38.5076] }},
{"zip_code":"47591","country":"US","city":"Vincennes","state":"Indiana","state_ab":"IN","county":"Knox","geo_location":{ "type": "Point", "coordinates": [-87.5098, 38.6734] }},
{"zip_code":"46327","country":"US","city":"Hammond","state":"Indiana","state_ab":"IN","county":"Lake","geo_location":{ "type": "Point", "coordinates": [-87.5113, 41.6327] }},
{"zip_code":"46394","country":"US","city":"Whiting","state":"Indiana","state_ab":"IN","county":"Lake","geo_location":{ "type": "Point", "coordinates": [-87.5005, 41.6787] }},
{"zip_code":"46404","country":"US","city":"Gary","state":"Indiana","state_ab":"IN","county":"Lake","geo_location":{ "type": "Point", "coordinates": [-87.3732, 41.5899] }},
{"zip_code":"47421","country":"US","city":"Bedford","state":"Indiana","state_ab":"IN","county":"Lawrence","geo_location":{ "type": "Point", "coordinates": [-86.4871, 38.8729] }},
{"zip_code":"46017","country":"US","city":"Anderson","state":"Indiana","state_ab":"IN","county":"Madison","geo_location":{ "type": "Point", "coordinates": [-85.6069, 40.0742] }},
{"zip_code":"46044","country":"US","city":"Frankton","state":"Indiana","state_ab":"IN","county":"Madison","geo_location":{ "type": "Point", "coordinates": [-85.7791, 40.2285] }},
{"zip_code":"46107","country":"US","city":"Beech Grove","state":"Indiana","state_ab":"IN","county":"Marion","geo_location":{ "type": "Point", "coordinates": [-86.0933, 39.7154] }},
{"zip_code":"46211","country":"US","city":"Indianapolis","state":"Indiana","state_ab":"IN","county":"Marion","geo_location":{ "type": "Point", "coordinates": [-86.1328, 39.7795] }},
{"zip_code":"46224","country":"US","city":"Indianapolis","state":"Indiana","state_ab":"IN","county":"Marion","geo_location":{ "type": "Point", "coordinates": [-86.2707, 39.794] }},
{"zip_code":"46237","country":"US","city":"Indianapolis","state":"Indiana","state_ab":"IN","county":"Marion","geo_location":{ "type": "Point", "coordinates": [-86.0757, 39.673] }},
{"zip_code":"46251","country":"US","city":"Indianapolis","state":"Indiana","state_ab":"IN","county":"Marion","geo_location":{ "type": "Point", "coordinates": [-86.1328, 39.7795] }},
{"zip_code":"46277","country":"US","city":"Indianapolis","state":"Indiana","state_ab":"IN","county":"Marion","geo_location":{ "type": "Point", "coordinates": [-86.1328, 39.7795] }},
{"zip_code":"46291","country":"US","city":"Indianapolis","state":"Indiana","state_ab":"IN","county":"Marion","geo_location":{ "type": "Point", "coordinates": [-86.1328, 39.7795] }},
{"zip_code":"46921","country":"US","city":"Deedsville","state":"Indiana","state_ab":"IN","county":"Miami","geo_location":{ "type": "Point", "coordinates": [-86.1291, 40.9605] }},
{"zip_code":"47407","country":"US","city":"Bloomington","state":"Indiana","state_ab":"IN","county":"Monroe","geo_location":{ "type": "Point", "coordinates": [-86.5015, 39.1732] }},
{"zip_code":"47434","country":"US","city":"Harrodsburg","state":"Indiana","state_ab":"IN","county":"Monroe","geo_location":{ "type": "Point", "coordinates": [-86.5457, 39.013] }},
{"zip_code":"47937","country":"US","city":"Crawfordsville","state":"Indiana","state_ab":"IN","county":"Montgomery","geo_location":{ "type": "Point", "coordinates": [-86.8936, 40.04] }},
{"zip_code":"46381","country":"US","city":"Thayer","state":"Indiana","state_ab":"IN","county":"Newton","geo_location":{ "type": "Point", "coordinates": [-87.3313, 41.1711] }},
{"zip_code":"47951","country":"US","city":"Kentland","state":"Indiana","state_ab":"IN","county":"Newton","geo_location":{ "type": "Point", "coordinates": [-87.4471, 40.7877] }},
{"zip_code":"47964","country":"US","city":"Mount Ayr","state":"Indiana","state_ab":"IN","county":"Newton","geo_location":{ "type": "Point", "coordinates": [-87.2986, 40.9521] }},
{"zip_code":"46701","country":"US","city":"Albion","state":"Indiana","state_ab":"IN","county":"Noble","geo_location":{ "type": "Point", "coordinates": [-85.4142, 41.3482] }},
{"zip_code":"46767","country":"US","city":"Ligonier","state":"Indiana","state_ab":"IN","county":"Noble","geo_location":{ "type": "Point", "coordinates": [-85.5927, 41.4662] }},
{"zip_code":"46794","country":"US","city":"Wawaka","state":"Indiana","state_ab":"IN","county":"Noble","geo_location":{ "type": "Point", "coordinates": [-85.4804, 41.4833] }},
{"zip_code":"47874","country":"US","city":"Rosedale","state":"Indiana","state_ab":"IN","county":"Parke","geo_location":{ "type": "Point", "coordinates": [-87.3086, 39.6239] }},
{"zip_code":"47551","country":"US","city":"Leopold","state":"Indiana","state_ab":"IN","county":"Perry","geo_location":{ "type": "Point", "coordinates": [-86.6044, 38.1011] }},
{"zip_code":"47564","country":"US","city":"Otwell","state":"Indiana","state_ab":"IN","county":"Pike","geo_location":{ "type": "Point", "coordinates": [-87.0985, 38.4662] }},
{"zip_code":"46301","country":"US","city":"Beverly Shores","state":"Indiana","state_ab":"IN","county":"Porter","geo_location":{ "type": "Point", "coordinates": [-86.9752, 41.6838] }},
{"zip_code":"46341","country":"US","city":"Hebron","state":"Indiana","state_ab":"IN","county":"Porter","geo_location":{ "type": "Point", "coordinates": [-87.2088, 41.3155] }},
{"zip_code":"47021","country":"US","city":"Friendship","state":"Indiana","state_ab":"IN","county":"Ripley","geo_location":{ "type": "Point", "coordinates": [-85.1504, 38.9703] }},
{"zip_code":"47034","country":"US","city":"Napoleon","state":"Indiana","state_ab":"IN","county":"Ripley","geo_location":{ "type": "Point", "coordinates": [-85.327, 39.2048] }},
{"zip_code":"46561","country":"US","city":"Osceola","state":"Indiana","state_ab":"IN","county":"St. Joseph","geo_location":{ "type": "Point", "coordinates": [-86.087, 41.6695] }},
{"zip_code":"46574","country":"US","city":"Walkerton","state":"Indiana","state_ab":"IN","county":"St. Joseph","geo_location":{ "type": "Point", "coordinates": [-86.451, 41.4457] }},
{"zip_code":"46624","country":"US","city":"South Bend","state":"Indiana","state_ab":"IN","county":"St. Joseph","geo_location":{ "type": "Point", "coordinates": [-86.2833, 41.7332] }},
{"zip_code":"46637","country":"US","city":"South Bend","state":"Indiana","state_ab":"IN","county":"St. Joseph","geo_location":{ "type": "Point", "coordinates": [-86.2407, 41.7299] }},
{"zip_code":"46161","country":"US","city":"Morristown","state":"Indiana","state_ab":"IN","county":"Shelby","geo_location":{ "type": "Point", "coordinates": [-85.6934, 39.6675] }},
{"zip_code":"47537","country":"US","city":"Gentryville","state":"Indiana","state_ab":"IN","county":"Spencer","geo_location":{ "type": "Point", "coordinates": [-87.0441, 38.0855] }},
{"zip_code":"47577","country":"US","city":"Saint Meinrad","state":"Indiana","state_ab":"IN","county":"Spencer","geo_location":{ "type": "Point", "coordinates": [-86.8429, 38.1819] }},
{"zip_code":"46534","country":"US","city":"Knox","state":"Indiana","state_ab":"IN","county":"Starke","geo_location":{ "type": "Point", "coordinates": [-86.6082, 41.2809] }},
{"zip_code":"47861","country":"US","city":"Merom","state":"Indiana","state_ab":"IN","county":"Sullivan","geo_location":{ "type": "Point", "coordinates": [-87.5397, 39.0323] }},
{"zip_code":"47924","country":"US","city":"Buck Creek","state":"Indiana","state_ab":"IN","county":"Tippecanoe","geo_location":{ "type": "Point", "coordinates": [-86.7631, 40.4876] }},
{"zip_code":"47704","country":"US","city":"Evansville","state":"Indiana","state_ab":"IN","county":"Vanderburgh","geo_location":{ "type": "Point", "coordinates": [-87.575, 37.9971] }},
{"zip_code":"47731","country":"US","city":"Evansville","state":"Indiana","state_ab":"IN","county":"Vanderburgh","geo_location":{ "type": "Point", "coordinates": [-87.575, 37.9971] }},
{"zip_code":"47744","country":"US","city":"Evansville","state":"Indiana","state_ab":"IN","county":"Vanderburgh","geo_location":{ "type": "Point", "coordinates": [-87.5973, 37.9775] }},
{"zip_code":"47847","country":"US","city":"Dana","state":"Indiana","state_ab":"IN","county":"Vermillion","geo_location":{ "type": "Point", "coordinates": [-87.4712, 39.839] }},
{"zip_code":"47807","country":"US","city":"Terre Haute","state":"Indiana","state_ab":"IN","county":"Vigo","geo_location":{ "type": "Point", "coordinates": [-87.4009, 39.471] }},
{"zip_code":"46974","country":"US","city":"Roann","state":"Indiana","state_ab":"IN","county":"Wabash","geo_location":{ "type": "Point", "coordinates": [-85.9301, 40.9482] }},
{"zip_code":"47991","country":"US","city":"West Lebanon","state":"Indiana","state_ab":"IN","county":"Warren","geo_location":{ "type": "Point", "coordinates": [-87.4384, 40.2659] }},
{"zip_code":"47601","country":"US","city":"Boonville","state":"Indiana","state_ab":"IN","county":"Warrick","geo_location":{ "type": "Point", "coordinates": [-87.262, 38.0474] }},
{"zip_code":"47614","country":"US","city":"Folsomville","state":"Indiana","state_ab":"IN","county":"Warrick","geo_location":{ "type": "Point", "coordinates": [-87.1636, 38.13] }},
{"zip_code":"47357","country":"US","city":"Milton","state":"Indiana","state_ab":"IN","county":"Wayne","geo_location":{ "type": "Point", "coordinates": [-85.1423, 39.7763] }},
{"zip_code":"46714","country":"US","city":"Bluffton","state":"Indiana","state_ab":"IN","county":"Wells","geo_location":{ "type": "Point", "coordinates": [-85.1622, 40.7368] }},
{"zip_code":"46781","country":"US","city":"Poneto","state":"Indiana","state_ab":"IN","county":"Wells","geo_location":{ "type": "Point", "coordinates": [-85.2562, 40.6419] }},
{"zip_code":"66091","country":"US","city":"Welda","state":"Kansas","state_ab":"KS","county":"Anderson","geo_location":{ "type": "Point", "coordinates": [-95.3096, 38.1686] }},
{"zip_code":"66077","country":"US","city":"Potter","state":"Kansas","state_ab":"KS","county":"Atchison","geo_location":{ "type": "Point", "coordinates": [-95.1408, 39.4236] }},
{"zip_code":"67104","country":"US","city":"Medicine Lodge","state":"Kansas","state_ab":"KS","county":"Barber","geo_location":{ "type": "Point", "coordinates": [-98.5848, 37.2845] }},
{"zip_code":"67517","country":"US","city":"Beaver","state":"Kansas","state_ab":"KS","county":"Barton County","geo_location":{ "type": "Point", "coordinates": [-98.6483, 38.6501] }},
{"zip_code":"67544","country":"US","city":"Hoisington","state":"Kansas","state_ab":"KS","county":"Barton","geo_location":{ "type": "Point", "coordinates": [-98.7565, 38.4789] }},
{"zip_code":"66424","country":"US","city":"Everest","state":"Kansas","state_ab":"KS","county":"Brown","geo_location":{ "type": "Point", "coordinates": [-95.4138, 39.688] }},
{"zip_code":"66527","country":"US","city":"Powhattan","state":"Kansas","state_ab":"KS","county":"Brown","geo_location":{ "type": "Point", "coordinates": [-95.6751, 39.7177] }},
{"zip_code":"67041","country":"US","city":"Elbing","state":"Kansas","state_ab":"KS","county":"Butler","geo_location":{ "type": "Point", "coordinates": [-97.1284, 38.0545] }},
{"zip_code":"67144","country":"US","city":"Towanda","state":"Kansas","state_ab":"KS","county":"Butler","geo_location":{ "type": "Point", "coordinates": [-96.9918, 37.8005] }},
{"zip_code":"66901","country":"US","city":"Concordia","state":"Kansas","state_ab":"KS","county":"Cloud","geo_location":{ "type": "Point", "coordinates": [-97.6568, 39.5516] }},
{"zip_code":"67414","country":"US","city":"Ada","state":"Kansas","state_ab":"KS","county":"Cloud County","geo_location":{ "type": "Point", "coordinates": [-97.8785, 39.1738] }},
{"zip_code":"67131","country":"US","city":"Rock","state":"Kansas","state_ab":"KS","county":"Cowley","geo_location":{ "type": "Point", "coordinates": [-97.0059, 37.4413] }},
{"zip_code":"66734","country":"US","city":"Farlington","state":"Kansas","state_ab":"KS","county":"Crawford","geo_location":{ "type": "Point", "coordinates": [-94.8479, 37.6163] }},
{"zip_code":"67441","country":"US","city":"Enterprise","state":"Kansas","state_ab":"KS","county":"Dickinson","geo_location":{ "type": "Point", "coordinates": [-97.1122, 38.9063] }},
{"zip_code":"66024","country":"US","city":"Elwood","state":"Kansas","state_ab":"KS","county":"Doniphan","geo_location":{ "type": "Point", "coordinates": [-94.8824, 39.7573] }},
{"zip_code":"67674","country":"US","city":"Walker","state":"Kansas","state_ab":"KS","county":"Ellis","geo_location":{ "type": "Point", "coordinates": [-99.0949, 38.8731] }},
{"zip_code":"67454","country":"US","city":"Kanopolis","state":"Kansas","state_ab":"KS","county":"Ellsworth","geo_location":{ "type": "Point", "coordinates": [-98.1575, 38.7091] }},
{"zip_code":"67801","country":"US","city":"Dodge City","state":"Kansas","state_ab":"KS","county":"Ford","geo_location":{ "type": "Point", "coordinates": [-100.0241, 37.7569] }},
{"zip_code":"66514","country":"US","city":"Milford","state":"Kansas","state_ab":"KS","county":"Geary","geo_location":{ "type": "Point", "coordinates": [-96.91, 39.1692] }},
{"zip_code":"67737","country":"US","city":"Grainfield","state":"Kansas","state_ab":"KS","county":"Gove","geo_location":{ "type": "Point", "coordinates": [-100.468, 39.103] }},
{"zip_code":"67751","country":"US","city":"Park","state":"Kansas","state_ab":"KS","county":"Gove","geo_location":{ "type": "Point", "coordinates": [-100.3469, 39.0788] }},
{"zip_code":"67841","country":"US","city":"Ensign","state":"Kansas","state_ab":"KS","county":"Gray","geo_location":{ "type": "Point", "coordinates": [-100.2496, 37.6414] }}]}