{"value": [{"zip_code":"25337","country":"US","city":"Charleston","state":"West Virginia","state_ab":"WV","county":"Kanawha","geo_location":{ "type": "Point", "coordinates": [-81.5547, 38.2968] }},
{"zip_code":"25364","country":"US","city":"Charleston","state":"West Virginia","state_ab":"WV","county":"Kanawha","geo_location":{ "type": "Point", "coordinates": [-81.5547, 38.2968] }},
{"zip_code":"25544","country":"US","city":"Myra","state":"West Virginia","state_ab":"WV","county":"Lincoln","geo_location":{ "type": "Point", "coordinates": [-82.1351, 38.2198] }},
{"zip_code":"25557","country":"US","city":"Ranger","state":"West Virginia","state_ab":"WV","county":"Lincoln","geo_location":{ "type": "Point", "coordinates": [-82.1633, 38.097] }},
{"zip_code":"25571","country":"US","city":"West Hamlin","state":"West Virginia","state_ab":"WV","county":"Lincoln","geo_location":{ "type": "Point", "coordinates": [-82.1843, 38.2886] }},
{"zip_code":"25607","country":"US","city":"Amherstdale","state":"West Virginia","state_ab":"WV","county":"Logan","geo_location":{ "type": "Point", "coordinates": [-81.7833, 37.7959] }},
{"zip_code":"25634","country":"US","city":"Mallory","state":"West Virginia","state_ab":"WV","county":"Logan","geo_location":{ "type": "Point", "coordinates": [-81.9024, 37.8332] }},
{"zip_code":"25647","country":"US","city":"Switzer","state":"West Virginia","state_ab":"WV","county":"Logan","geo_location":{ "type": "Point", "coordinates": [-81.9908, 37.7846] }},
{"zip_code":"24811","country":"US","city":"Avondale","state":"West Virginia","state_ab":"WV","county":"McDowell","geo_location":{ "type": "Point", "coordinates": [-81.6539, 37.3752] }},
{"zip_code":"24824","country":"US","city":"Coalwood","state":"West Virginia","state_ab":"WV","county":"McDowell","geo_location":{ "type": "Point", "coordinates": [-81.6539, 37.3752] }},
{"zip_code":"24877","country":"US","city":"Powhatan","state":"West Virginia","state_ab":"WV","county":"McDowell","geo_location":{ "type": "Point", "coordinates": [-81.6539, 37.3752] }},
{"zip_code":"26574","country":"US","city":"Grant Town","state":"West Virginia","state_ab":"WV","county":"Marion","geo_location":{ "type": "Point", "coordinates": [-80.1805, 39.5587] }},
{"zip_code":"26587","country":"US","city":"Rachel","state":"West Virginia","state_ab":"WV","county":"Marion","geo_location":{ "type": "Point", "coordinates": [-80.2957, 39.5225] }},
{"zip_code":"26031","country":"US","city":"Benwood","state":"West Virginia","state_ab":"WV","county":"Marshall","geo_location":{ "type": "Point", "coordinates": [-80.7226, 40.0085] }},
{"zip_code":"25247","country":"US","city":"Hartford","state":"West Virginia","state_ab":"WV","county":"Mason","geo_location":{ "type": "Point", "coordinates": [-81.9973, 38.7523] }},
{"zip_code":"25287","country":"US","city":"West Columbia","state":"West Virginia","state_ab":"WV","county":"Mason","geo_location":{ "type": "Point", "coordinates": [-82.0517, 38.9574] }},
{"zip_code":"24747","country":"US","city":"Rock","state":"West Virginia","state_ab":"WV","county":"Mercer","geo_location":{ "type": "Point", "coordinates": [-81.1784, 37.4142] }},
{"zip_code":"25841","country":"US","city":"Flat Top","state":"West Virginia","state_ab":"WV","county":"Mercer","geo_location":{ "type": "Point", "coordinates": [-81.128, 37.55] }},
{"zip_code":"25971","country":"US","city":"Lerona","state":"West Virginia","state_ab":"WV","county":"Mercer","geo_location":{ "type": "Point", "coordinates": [-80.9796, 37.4925] }},
{"zip_code":"26767","country":"US","city":"Wiley Ford","state":"West Virginia","state_ab":"WV","county":"Mineral","geo_location":{ "type": "Point", "coordinates": [-78.775, 39.6133] }},
{"zip_code":"24851","country":"US","city":"Justice","state":"West Virginia","state_ab":"WV","county":"Mingo","geo_location":{ "type": "Point", "coordinates": [-82.108, 37.7431] }},
{"zip_code":"25621","country":"US","city":"Gilbert","state":"West Virginia","state_ab":"WV","county":"Mingo","geo_location":{ "type": "Point", "coordinates": [-81.9501, 37.6366] }},
{"zip_code":"25661","country":"US","city":"Williamson","state":"West Virginia","state_ab":"WV","county":"Mingo","geo_location":{ "type": "Point", "coordinates": [-82.2642, 37.6902] }},
{"zip_code":"25674","country":"US","city":"Kermit","state":"West Virginia","state_ab":"WV","county":"Mingo","geo_location":{ "type": "Point", "coordinates": [-82.3741, 37.8642] }},
{"zip_code":"25687","country":"US","city":"Nolan","state":"West Virginia","state_ab":"WV","county":"Mingo","geo_location":{ "type": "Point", "coordinates": [-82.108, 37.7431] }},
{"zip_code":"26507","country":"US","city":"Morgantown","state":"West Virginia","state_ab":"WV","county":"Monongalia","geo_location":{ "type": "Point", "coordinates": [-79.8365, 39.6808] }},
{"zip_code":"26521","country":"US","city":"Blacksville","state":"West Virginia","state_ab":"WV","county":"Monongalia","geo_location":{ "type": "Point", "coordinates": [-80.2265, 39.7142] }},
{"zip_code":"26534","country":"US","city":"Granville","state":"West Virginia","state_ab":"WV","county":"Monongalia","geo_location":{ "type": "Point", "coordinates": [-79.9429, 39.6276] }},
{"zip_code":"24941","country":"US","city":"Gap Mills","state":"West Virginia","state_ab":"WV","county":"Monroe","geo_location":{ "type": "Point", "coordinates": [-80.3401, 37.589] }},
{"zip_code":"26651","country":"US","city":"Summersville","state":"West Virginia","state_ab":"WV","county":"Nicholas","geo_location":{ "type": "Point", "coordinates": [-80.8353, 38.3009] }},
{"zip_code":"26691","country":"US","city":"Tioga","state":"West Virginia","state_ab":"WV","county":"Nicholas","geo_location":{ "type": "Point", "coordinates": [-80.6667, 38.4045] }},
{"zip_code":"26804","country":"US","city":"Circleville","state":"West Virginia","state_ab":"WV","county":"Pendleton","geo_location":{ "type": "Point", "coordinates": [-79.5367, 38.623] }},
{"zip_code":"26884","country":"US","city":"Seneca Rocks","state":"West Virginia","state_ab":"WV","county":"Pendleton","geo_location":{ "type": "Point", "coordinates": [-79.3866, 38.8296] }},
{"zip_code":"26134","country":"US","city":"Belmont","state":"West Virginia","state_ab":"WV","county":"Pleasants","geo_location":{ "type": "Point", "coordinates": [-81.2639, 39.375] }},
{"zip_code":"24927","country":"US","city":"Cass","state":"West Virginia","state_ab":"WV","county":"Pocahontas","geo_location":{ "type": "Point", "coordinates": [-79.9906, 38.388] }},
{"zip_code":"24954","country":"US","city":"Marlinton","state":"West Virginia","state_ab":"WV","county":"Pocahontas","geo_location":{ "type": "Point", "coordinates": [-80.1046, 38.2586] }},
{"zip_code":"26264","country":"US","city":"Durbin","state":"West Virginia","state_ab":"WV","county":"Pocahontas","geo_location":{ "type": "Point", "coordinates": [-79.9906, 38.388] }},
{"zip_code":"26291","country":"US","city":"Slatyfork","state":"West Virginia","state_ab":"WV","county":"Pocahontas","geo_location":{ "type": "Point", "coordinates": [-79.9906, 38.388] }},
{"zip_code":"26444","country":"US","city":"Tunnelton","state":"West Virginia","state_ab":"WV","county":"Preston","geo_location":{ "type": "Point", "coordinates": [-79.7478, 39.3625] }},
{"zip_code":"26547","country":"US","city":"Reedsville","state":"West Virginia","state_ab":"WV","county":"Preston","geo_location":{ "type": "Point", "coordinates": [-79.812, 39.5127] }},
{"zip_code":"25801","country":"US","city":"Beckley","state":"West Virginia","state_ab":"WV","county":"Raleigh","geo_location":{ "type": "Point", "coordinates": [-81.2061, 37.7932] }},
{"zip_code":"25827","country":"US","city":"Crab Orchard","state":"West Virginia","state_ab":"WV","county":"Raleigh","geo_location":{ "type": "Point", "coordinates": [-81.2536, 37.7385] }},
{"zip_code":"26224","country":"US","city":"Helvetia","state":"West Virginia","state_ab":"WV","county":"Randolph","geo_location":{ "type": "Point", "coordinates": [-80.1382, 38.7713] }},
{"zip_code":"26161","country":"US","city":"Petroleum","state":"West Virginia","state_ab":"WV","county":"Ritchie","geo_location":{ "type": "Point", "coordinates": [-81.2406, 39.1741] }},
{"zip_code":"26327","country":"US","city":"Berea","state":"West Virginia","state_ab":"WV","county":"Ritchie","geo_location":{ "type": "Point", "coordinates": [-81.0689, 39.1985] }},
{"zip_code":"26367","country":"US","city":"Hazelgreen","state":"West Virginia","state_ab":"WV","county":"Ritchie County","geo_location":{ "type": "Point", "coordinates": [-80.9806, 39.0631] }},
{"zip_code":"24981","country":"US","city":"Talcott","state":"West Virginia","state_ab":"WV","county":"Summers","geo_location":{ "type": "Point", "coordinates": [-80.7461, 37.6491] }},
{"zip_code":"26354","country":"US","city":"Grafton","state":"West Virginia","state_ab":"WV","county":"Taylor","geo_location":{ "type": "Point", "coordinates": [-80.0285, 39.3414] }},
{"zip_code":"26237","country":"US","city":"Tallmansville","state":"West Virginia","state_ab":"WV","county":"Upshur","geo_location":{ "type": "Point", "coordinates": [-80.158, 38.8564] }},
{"zip_code":"25517","country":"US","city":"Genoa","state":"West Virginia","state_ab":"WV","county":"Wayne","geo_location":{ "type": "Point", "coordinates": [-82.4183, 38.1321] }},
{"zip_code":"26561","country":"US","city":"Big Run","state":"West Virginia","state_ab":"WV","county":"Wetzel","geo_location":{ "type": "Point", "coordinates": [-80.6667, 39.5755] }},
{"zip_code":"26121","country":"US","city":"Mineral Wells","state":"West Virginia","state_ab":"WV","county":"Wood","geo_location":{ "type": "Point", "coordinates": [-81.4979, 39.2183] }},
{"zip_code":"26187","country":"US","city":"Williamstown","state":"West Virginia","state_ab":"WV","county":"Wood","geo_location":{ "type": "Point", "coordinates": [-81.4566, 39.3824] }},
{"zip_code":"82051","country":"US","city":"Bosler","state":"Wyoming","state_ab":"WY","county":"Albany","geo_location":{ "type": "Point", "coordinates": [-105.6112, 41.5735] }},
{"zip_code":"82411","country":"US","city":"Burlington","state":"Wyoming","state_ab":"WY","county":"Big Horn","geo_location":{ "type": "Point", "coordinates": [-108.4327, 44.4442] }},
{"zip_code":"82321","country":"US","city":"Baggs","state":"Wyoming","state_ab":"WY","county":"Carbon","geo_location":{ "type": "Point", "coordinates": [-107.6687, 41.0312] }},
{"zip_code":"82334","country":"US","city":"Sinclair","state":"Wyoming","state_ab":"WY","county":"Carbon","geo_location":{ "type": "Point", "coordinates": [-107.1172, 41.7802] }},
{"zip_code":"82631","country":"US","city":"Bill","state":"Wyoming","state_ab":"WY","county":"Converse","geo_location":{ "type": "Point", "coordinates": [-105.4852, 42.8942] }},
{"zip_code":"82721","country":"US","city":"Moorcroft","state":"Wyoming","state_ab":"WY","county":"Crook","geo_location":{ "type": "Point", "coordinates": [-104.8389, 44.4154] }},
{"zip_code":"82501","country":"US","city":"Riverton","state":"Wyoming","state_ab":"WY","county":"Fremont","geo_location":{ "type": "Point", "coordinates": [-108.2024, 43.0351] }},
{"zip_code":"82514","country":"US","city":"Fort Washakie","state":"Wyoming","state_ab":"WY","county":"Fremont","geo_location":{ "type": "Point", "coordinates": [-108.8964, 43.0048] }},
{"zip_code":"82217","country":"US","city":"Hawk Springs","state":"Wyoming","state_ab":"WY","county":"Goshen","geo_location":{ "type": "Point", "coordinates": [-104.3295, 41.7415] }},
{"zip_code":"82244","country":"US","city":"Yoder","state":"Wyoming","state_ab":"WY","county":"Goshen","geo_location":{ "type": "Point", "coordinates": [-104.3535, 41.912] }},
{"zip_code":"82604","country":"US","city":"Casper","state":"Wyoming","state_ab":"WY","county":"Natrona","geo_location":{ "type": "Point", "coordinates": [-106.3896, 42.8261] }},
{"zip_code":"82644","country":"US","city":"Mills","state":"Wyoming","state_ab":"WY","county":"Natrona","geo_location":{ "type": "Point", "coordinates": [-106.4446, 42.948] }},
{"zip_code":"82837","country":"US","city":"Leiter","state":"Wyoming","state_ab":"WY","county":"Sheridan","geo_location":{ "type": "Point", "coordinates": [-106.2806, 44.7832] }},
{"zip_code":"82941","country":"US","city":"Pinedale","state":"Wyoming","state_ab":"WY","county":"Sublette","geo_location":{ "type": "Point", "coordinates": [-109.8561, 42.8543] }},
{"zip_code":"82901","country":"US","city":"Rock Springs","state":"Wyoming","state_ab":"WY","county":"Sweetwater","geo_location":{ "type": "Point", "coordinates": [-109.23, 41.606] }},
{"zip_code":"83001","country":"US","city":"Jackson","state":"Wyoming","state_ab":"WY","county":"Teton","geo_location":{ "type": "Point", "coordinates": [-110.7393, 43.4528] }},
{"zip_code":"83014","country":"US","city":"Wilson","state":"Wyoming","state_ab":"WY","county":"Teton","geo_location":{ "type": "Point", "coordinates": [-110.8742, 43.4992] }},
{"zip_code":"83414","country":"US","city":"Alta","state":"Wyoming","state_ab":"WY","county":"Teton County","geo_location":{ "type": "Point", "coordinates": [-110.9492, 43.8886] }},
{"zip_code":"30235","country":"US","city":"Jersey","state":"Georgia","state_ab":"GA","county":"Henry County","geo_location":{ "type": "Point", "coordinates": [-83.7987, 33.7154] }},
{"zip_code":"30248","country":"US","city":"Locust Grove","state":"Georgia","state_ab":"GA","county":"Henry","geo_location":{ "type": "Point", "coordinates": [-84.0982, 33.3449] }},
{"zip_code":"30352","country":"US","city":"Atlanta","state":"Georgia","state_ab":"GA","county":"Henry County","geo_location":{ "type": "Point", "coordinates": [-84.3569, 33.6597] }},
{"zip_code":"31005","country":"US","city":"Bonaire","state":"Georgia","state_ab":"GA","county":"Houston","geo_location":{ "type": "Point", "coordinates": [-83.6047, 32.546] }},
{"zip_code":"31098","country":"US","city":"Warner Robins","state":"Georgia","state_ab":"GA","county":"Houston","geo_location":{ "type": "Point", "coordinates": [-83.5739, 32.6181] }},
{"zip_code":"30055","country":"US","city":"Mansfield","state":"Georgia","state_ab":"GA","county":"Jasper","geo_location":{ "type": "Point", "coordinates": [-83.7908, 33.4314] }},
{"zip_code":"31085","country":"US","city":"Shady Dale","state":"Georgia","state_ab":"GA","county":"Jasper","geo_location":{ "type": "Point", "coordinates": [-83.6269, 33.435] }},
{"zip_code":"30442","country":"US","city":"Millen","state":"Georgia","state_ab":"GA","county":"Jenkins","geo_location":{ "type": "Point", "coordinates": [-81.9618, 32.7877] }},
{"zip_code":"31032","country":"US","city":"Gray","state":"Georgia","state_ab":"GA","county":"Jones","geo_location":{ "type": "Point", "coordinates": [-83.54, 33.0172] }},
{"zip_code":"31315","country":"US","city":"Fort Stewart","state":"Georgia","state_ab":"GA","county":"Liberty","geo_location":{ "type": "Point", "coordinates": [-81.5902, 31.8938] }},
{"zip_code":"30222","country":"US","city":"Greenville","state":"Georgia","state_ab":"GA","county":"Meriwether","geo_location":{ "type": "Point", "coordinates": [-84.7402, 33.0468] }},
{"zip_code":"31908","country":"US","city":"Columbus","state":"Georgia","state_ab":"GA","county":"Muscogee","geo_location":{ "type": "Point", "coordinates": [-84.9065, 32.5349] }},
{"zip_code":"30015","country":"US","city":"Covington","state":"Georgia","state_ab":"GA","county":"Newton","geo_location":{ "type": "Point", "coordinates": [-83.8649, 33.5558] }},
{"zip_code":"30622","country":"US","city":"Bogart","state":"Georgia","state_ab":"GA","county":"Oconee","geo_location":{ "type": "Point", "coordinates": [-83.5055, 33.934] }},
{"zip_code":"30648","country":"US","city":"Lexington","state":"Georgia","state_ab":"GA","county":"Oglethorpe","geo_location":{ "type": "Point", "coordinates": [-83.0858, 33.8799] }},
{"zip_code":"30132","country":"US","city":"Dallas","state":"Georgia","state_ab":"GA","county":"Paulding","geo_location":{ "type": "Point", "coordinates": [-84.8278, 33.9163] }},
{"zip_code":"30158","country":"US","city":"North Metro","state":"Georgia","state_ab":"GA","county":"Paulding County","geo_location":{ "type": "Point", "coordinates": [-84.1505, 34.0035] }},
{"zip_code":"30815","country":"US","city":"Hephzibah","state":"Georgia","state_ab":"GA","county":"Richmond","geo_location":{ "type": "Point", "coordinates": [-82.0887, 33.3433] }},
{"zip_code":"30905","country":"US","city":"Augusta","state":"Georgia","state_ab":"GA","county":"Richmond","geo_location":{ "type": "Point", "coordinates": [-82.1337, 33.413] }},
{"zip_code":"30208","country":"US","city":"Conyers","state":"Georgia","state_ab":"GA","county":"Rockdale County","geo_location":{ "type": "Point", "coordinates": [-84.0132, 33.6077] }},
{"zip_code":"30455","country":"US","city":"Rocky Ford","state":"Georgia","state_ab":"GA","county":"Screven","geo_location":{ "type": "Point", "coordinates": [-81.7933, 32.723] }},
{"zip_code":"30598","country":"US","city":"Toccoa Falls","state":"Georgia","state_ab":"GA","county":"Stephens","geo_location":{ "type": "Point", "coordinates": [-83.3557, 34.5942] }},
{"zip_code":"31058","country":"US","city":"Mauk","state":"Georgia","state_ab":"GA","county":"Taylor","geo_location":{ "type": "Point", "coordinates": [-84.3999, 32.509] }},
{"zip_code":"31742","country":"US","city":"Dawson","state":"Georgia","state_ab":"GA","county":"Terrell","geo_location":{ "type": "Point", "coordinates": [-84.4386, 31.7661] }},
{"zip_code":"39885","country":"US","city":"Sasser","state":"Georgia","state_ab":"GA","county":"Terrell County","geo_location":{ "type": "Point", "coordinates": [-84.3479, 31.7191] }},
{"zip_code":"31795","country":"US","city":"Ty Ty","state":"Georgia","state_ab":"GA","county":"Tift","geo_location":{ "type": "Point", "coordinates": [-83.5921, 31.4752] }},
{"zip_code":"30572","country":"US","city":"Suches","state":"Georgia","state_ab":"GA","county":"Union","geo_location":{ "type": "Point", "coordinates": [-84.0496, 34.7253] }},
{"zip_code":"30725","country":"US","city":"Flintstone","state":"Georgia","state_ab":"GA","county":"Walker","geo_location":{ "type": "Point", "coordinates": [-85.3524, 34.9252] }},
{"zip_code":"30828","country":"US","city":"Warrenton","state":"Georgia","state_ab":"GA","county":"Warren","geo_location":{ "type": "Point", "coordinates": [-82.6357, 33.4091] }},
{"zip_code":"31045","country":"US","city":"Jewell","state":"Georgia","state_ab":"GA","county":"Warren","geo_location":{ "type": "Point", "coordinates": [-82.7556, 33.2966] }},
{"zip_code":"31018","country":"US","city":"Davisboro","state":"Georgia","state_ab":"GA","county":"Washington","geo_location":{ "type": "Point", "coordinates": [-82.6227, 32.9443] }},
{"zip_code":"31832","country":"US","city":"Weston","state":"Georgia","state_ab":"GA","county":"Webster","geo_location":{ "type": "Point", "coordinates": [-84.5756, 31.9637] }},
{"zip_code":"30428","country":"US","city":"Glenwood","state":"Georgia","state_ab":"GA","county":"Wheeler","geo_location":{ "type": "Point", "coordinates": [-82.6759, 32.1572] }},
{"zip_code":"30545","country":"US","city":"Helen","state":"Georgia","state_ab":"GA","county":"White","geo_location":{ "type": "Point", "coordinates": [-83.7399, 34.6866] }},
{"zip_code":"31072","country":"US","city":"Pitts","state":"Georgia","state_ab":"GA","county":"Wilcox","geo_location":{ "type": "Point", "coordinates": [-83.5579, 31.9425] }},
{"zip_code":"96725","country":"US","city":"Holualoa","state":"Hawaii","state_ab":"HI","county":"Hawaii","geo_location":{ "type": "Point", "coordinates": [-155.9176, 19.6103] }},
{"zip_code":"96738","country":"US","city":"Waikoloa","state":"Hawaii","state_ab":"HI","county":"Hawaii","geo_location":{ "type": "Point", "coordinates": [-155.818, 19.9724] }},
{"zip_code":"96778","country":"US","city":"Pahoa","state":"Hawaii","state_ab":"HI","county":"Hawaii","geo_location":{ "type": "Point", "coordinates": [-154.9231, 19.5089] }},
{"zip_code":"96712","country":"US","city":"Haleiwa","state":"Hawaii","state_ab":"HI","county":"Honolulu","geo_location":{ "type": "Point", "coordinates": [-158.0693, 21.6312] }},
{"zip_code":"96792","country":"US","city":"Waianae","state":"Hawaii","state_ab":"HI","county":"Honolulu","geo_location":{ "type": "Point", "coordinates": [-158.1781, 21.4352] }},
{"zip_code":"96802","country":"US","city":"Honolulu","state":"Hawaii","state_ab":"HI","county":"Honolulu","geo_location":{ "type": "Point", "coordinates": [-157.8587, 21.306] }},
{"zip_code":"96815","country":"US","city":"Honolulu","state":"Hawaii","state_ab":"HI","county":"Honolulu","geo_location":{ "type": "Point", "coordinates": [-157.8266, 21.2811] }},
{"zip_code":"96828","country":"US","city":"Honolulu","state":"Hawaii","state_ab":"HI","county":"Honolulu","geo_location":{ "type": "Point", "coordinates": [-157.8226, 21.294] }},
{"zip_code":"96842","country":"US","city":"Honolulu","state":"Hawaii","state_ab":"HI","county":"Honolulu","geo_location":{ "type": "Point", "coordinates": [-157.8294, 21.3278] }},
{"zip_code":"96752","country":"US","city":"Kekaha","state":"Hawaii","state_ab":"HI","county":"Kauai","geo_location":{ "type": "Point", "coordinates": [-159.7199, 21.9735] }},
{"zip_code":"96765","country":"US","city":"Lawai","state":"Hawaii","state_ab":"HI","county":"Kauai","geo_location":{ "type": "Point", "coordinates": [-159.4993, 21.9309] }},
{"zip_code":"52172","country":"US","city":"Waukon","state":"Iowa","state_ab":"IA","county":"Allamakee","geo_location":{ "type": "Point", "coordinates": [-91.48, 43.264] }},
{"zip_code":"52572","country":"US","city":"Moulton","state":"Iowa","state_ab":"IA","county":"Appanoose","geo_location":{ "type": "Point", "coordinates": [-92.6833, 40.6866] }},
{"zip_code":"52208","country":"US","city":"Belle Plaine","state":"Iowa","state_ab":"IA","county":"Benton","geo_location":{ "type": "Point", "coordinates": [-92.2574, 41.8992] }},
{"zip_code":"50152","country":"US","city":"Luther","state":"Iowa","state_ab":"IA","county":"Boone","geo_location":{ "type": "Point", "coordinates": [-93.8371, 41.9387] }},
{"zip_code":"50668","country":"US","city":"Readlyn","state":"Iowa","state_ab":"IA","county":"Bremer","geo_location":{ "type": "Point", "coordinates": [-92.2154, 42.6929] }},
{"zip_code":"50682","country":"US","city":"Winthrop","state":"Iowa","state_ab":"IA","county":"Buchanan","geo_location":{ "type": "Point", "coordinates": [-91.7315, 42.4912] }},
{"zip_code":"50565","country":"US","city":"Marathon","state":"Iowa","state_ab":"IA","county":"Buena Vista","geo_location":{ "type": "Point", "coordinates": [-94.9836, 42.8612] }},
{"zip_code":"50592","country":"US","city":"Truesdale","state":"Iowa","state_ab":"IA","county":"Buena Vista","geo_location":{ "type": "Point", "coordinates": [-95.1853, 42.7262] }},
{"zip_code":"50602","country":"US","city":"Allison","state":"Iowa","state_ab":"IA","county":"Butler","geo_location":{ "type": "Point", "coordinates": [-92.783, 42.7615] }},
{"zip_code":"50538","country":"US","city":"Farnhamville","state":"Iowa","state_ab":"IA","county":"Calhoun","geo_location":{ "type": "Point", "coordinates": [-94.4226, 42.2692] }},
{"zip_code":"50552","country":"US","city":"Knierim","state":"Iowa","state_ab":"IA","county":"Calhoun","geo_location":{ "type": "Point", "coordinates": [-94.4586, 42.4236] }},
{"zip_code":"51452","country":"US","city":"Lidderdale","state":"Iowa","state_ab":"IA","county":"Carroll","geo_location":{ "type": "Point", "coordinates": [-94.7754, 42.1254] }},
{"zip_code":"50022","country":"US","city":"Atlantic","state":"Iowa","state_ab":"IA","county":"Cass","geo_location":{ "type": "Point", "coordinates": [-95.0101, 41.4003] }},
{"zip_code":"51012","country":"US","city":"Cherokee","state":"Iowa","state_ab":"IA","county":"Cherokee","geo_location":{ "type": "Point", "coordinates": [-95.5568, 42.7482] }},
{"zip_code":"52042","country":"US","city":"Edgewood","state":"Iowa","state_ab":"IA","county":"Clayton","geo_location":{ "type": "Point", "coordinates": [-91.395, 42.6541] }},
{"zip_code":"52055","country":"US","city":"Littleport","state":"Iowa","state_ab":"IA","county":"Clayton","geo_location":{ "type": "Point", "coordinates": [-91.2525, 42.8627] }},
{"zip_code":"52158","country":"US","city":"Marquette","state":"Iowa","state_ab":"IA","county":"Clayton","geo_location":{ "type": "Point", "coordinates": [-91.1931, 43.036] }},
{"zip_code":"51465","country":"US","city":"Vail","state":"Iowa","state_ab":"IA","county":"Crawford","geo_location":{ "type": "Point", "coordinates": [-95.1778, 42.0338] }},
{"zip_code":"51528","country":"US","city":"Dow City","state":"Iowa","state_ab":"IA","county":"Crawford","geo_location":{ "type": "Point", "coordinates": [-95.4862, 41.9134] }},
{"zip_code":"52002","country":"US","city":"Dubuque","state":"Iowa","state_ab":"IA","county":"Dubuque","geo_location":{ "type": "Point", "coordinates": [-90.7384, 42.5122] }},
{"zip_code":"52068","country":"US","city":"Peosta","state":"Iowa","state_ab":"IA","county":"Dubuque","geo_location":{ "type": "Point", "coordinates": [-90.8094, 42.4435] }},
{"zip_code":"50578","country":"US","city":"Ringsted","state":"Iowa","state_ab":"IA","county":"Emmet","geo_location":{ "type": "Point", "coordinates": [-94.5291, 43.2977] }},
{"zip_code":"50655","country":"US","city":"Maynard","state":"Iowa","state_ab":"IA","county":"Fayette","geo_location":{ "type": "Point", "coordinates": [-91.8908, 42.7752] }},
{"zip_code":"50435","country":"US","city":"Floyd","state":"Iowa","state_ab":"IA","county":"Floyd","geo_location":{ "type": "Point", "coordinates": [-92.724, 43.143] }},
{"zip_code":"50475","country":"US","city":"Sheffield","state":"Iowa","state_ab":"IA","county":"Franklin","geo_location":{ "type": "Point", "coordinates": [-93.2156, 42.8779] }},
{"zip_code":"51645","country":"US","city":"Imogene","state":"Iowa","state_ab":"IA","county":"Fremont","geo_location":{ "type": "Point", "coordinates": [-95.4358, 40.8631] }},
{"zip_code":"50642","country":"US","city":"Holland","state":"Iowa","state_ab":"IA","county":"Grundy","geo_location":{ "type": "Point", "coordinates": [-92.7999, 42.4011] }},
{"zip_code":"50048","country":"US","city":"Casey","state":"Iowa","state_ab":"IA","county":"Guthrie","geo_location":{ "type": "Point", "coordinates": [-94.5212, 41.5763] }},
{"zip_code":"50075","country":"US","city":"Ellsworth","state":"Iowa","state_ab":"IA","county":"Hamilton","geo_location":{ "type": "Point", "coordinates": [-93.549, 42.3009] }},
{"zip_code":"51555","country":"US","city":"Missouri Valley","state":"Iowa","state_ab":"IA","county":"Harrison","geo_location":{ "type": "Point", "coordinates": [-95.8913, 41.5644] }},
{"zip_code":"50628","country":"US","city":"Elma","state":"Iowa","state_ab":"IA","county":"Howard","geo_location":{ "type": "Point", "coordinates": [-92.3981, 43.2786] }},
{"zip_code":"51025","country":"US","city":"Holstein","state":"Iowa","state_ab":"IA","county":"Ida","geo_location":{ "type": "Point", "coordinates": [-95.565, 42.4948] }},
{"zip_code":"52325","country":"US","city":"Parnell","state":"Iowa","state_ab":"IA","county":"Iowa","geo_location":{ "type": "Point", "coordinates": [-92.0052, 41.5702] }},
{"zip_code":"50228","country":"US","city":"Prairie City","state":"Iowa","state_ab":"IA","county":"Jasper","geo_location":{ "type": "Point", "coordinates": [-93.241, 41.5854] }},
{"zip_code":"52635","country":"US","city":"Lockridge","state":"Iowa","state_ab":"IA","county":"Jefferson","geo_location":{ "type": "Point", "coordinates": [-91.7645, 41.0119] }},
{"zip_code":"52235","country":"US","city":"Hills","state":"Iowa","state_ab":"IA","county":"Johnson","geo_location":{ "type": "Point", "coordinates": [-91.5308, 41.5557] }},
{"zip_code":"52338","country":"US","city":"Swisher","state":"Iowa","state_ab":"IA","county":"Johnson","geo_location":{ "type": "Point", "coordinates": [-91.6739, 41.8268] }},
{"zip_code":"52312","country":"US","city":"Morley","state":"Iowa","state_ab":"IA","county":"Jones","geo_location":{ "type": "Point", "coordinates": [-91.2459, 42.006] }},
{"zip_code":"50255","country":"US","city":"Thornburg","state":"Iowa","state_ab":"IA","county":"Keokuk","geo_location":{ "type": "Point", "coordinates": [-92.1784, 41.3363] }},
{"zip_code":"50268","country":"US","city":"What Cheer","state":"Iowa","state_ab":"IA","county":"Keokuk","geo_location":{ "type": "Point", "coordinates": [-92.3548, 41.3953] }},
{"zip_code":"52248","country":"US","city":"Keota","state":"Iowa","state_ab":"IA","county":"Keokuk","geo_location":{ "type": "Point", "coordinates": [-91.9641, 41.3504] }},
{"zip_code":"52585","country":"US","city":"Richland","state":"Iowa","state_ab":"IA","county":"Keokuk","geo_location":{ "type": "Point", "coordinates": [-91.9739, 41.1939] }},
{"zip_code":"52648","country":"US","city":"Pilot Grove","state":"Iowa","state_ab":"IA","county":"Lee","geo_location":{ "type": "Point", "coordinates": [-91.4156, 40.5947] }},
{"zip_code":"52352","country":"US","city":"Walker","state":"Iowa","state_ab":"IA","county":"Linn","geo_location":{ "type": "Point", "coordinates": [-91.7302, 42.272] }},
{"zip_code":"52402","country":"US","city":"Cedar Rapids","state":"Iowa","state_ab":"IA","county":"Linn","geo_location":{ "type": "Point", "coordinates": [-91.6612, 42.0188] }},
{"zip_code":"52738","country":"US","city":"Columbus Junction","state":"Iowa","state_ab":"IA","county":"Louisa","geo_location":{ "type": "Point", "coordinates": [-91.3006, 41.2926] }},
{"zip_code":"52752","country":"US","city":"Grandview","state":"Iowa","state_ab":"IA","county":"Louisa","geo_location":{ "type": "Point", "coordinates": [-91.1967, 41.2567] }},
{"zip_code":"50062","country":"US","city":"Dallas","state":"Iowa","state_ab":"IA","county":"Marion","geo_location":{ "type": "Point", "coordinates": [-93.2535, 41.2213] }},
{"zip_code":"50138","country":"US","city":"Knoxville","state":"Iowa","state_ab":"IA","county":"Marion","geo_location":{ "type": "Point", "coordinates": [-93.0954, 41.3164] }},
{"zip_code":"52778","country":"US","city":"Wilton","state":"Iowa","state_ab":"IA","county":"Muscatine","geo_location":{ "type": "Point", "coordinates": [-91.01, 41.5858] }},
{"zip_code":"51245","country":"US","city":"Primghar","state":"Iowa","state_ab":"IA","county":"O'Brien","geo_location":{ "type": "Point", "coordinates": [-95.6533, 43.0759] }},
{"zip_code":"51232","country":"US","city":"Ashton","state":"Iowa","state_ab":"IA","county":"Osceola","geo_location":{ "type": "Point", "coordinates": [-95.7655, 43.3053] }},
{"zip_code":"51632","country":"US","city":"Clarinda","state":"Iowa","state_ab":"IA","county":"Page","geo_location":{ "type": "Point", "coordinates": [-95.038, 40.7491] }},
{"zip_code":"51038","country":"US","city":"Merrill","state":"Iowa","state_ab":"IA","county":"Plymouth","geo_location":{ "type": "Point", "coordinates": [-96.2283, 42.7047] }},
{"zip_code":"50035","country":"US","city":"Bondurant","state":"Iowa","state_ab":"IA","county":"Polk","geo_location":{ "type": "Point", "coordinates": [-93.4527, 41.7017] }},
{"zip_code":"50305","country":"US","city":"Des Moines","state":"Iowa","state_ab":"IA","county":"Polk","geo_location":{ "type": "Point", "coordinates": [-93.5722, 41.6727] }},
{"zip_code":"50318","country":"US","city":"Des Moines","state":"Iowa","state_ab":"IA","county":"Polk","geo_location":{ "type": "Point", "coordinates": [-93.5722, 41.6727] }},
{"zip_code":"50332","country":"US","city":"Des Moines","state":"Iowa","state_ab":"IA","county":"Polk","geo_location":{ "type": "Point", "coordinates": [-93.5722, 41.6727] }},
{"zip_code":"50398","country":"US","city":"West Des Moines","state":"Iowa","state_ab":"IA","county":"Polk","geo_location":{ "type": "Point", "coordinates": [-93.7855, 41.5945] }},
{"zip_code":"51502","country":"US","city":"Council Bluffs","state":"Iowa","state_ab":"IA","county":"Pottawattamie","geo_location":{ "type": "Point", "coordinates": [-95.5872, 41.3329] }},
{"zip_code":"51542","country":"US","city":"Honey Creek","state":"Iowa","state_ab":"IA","county":"Pottawattamie","geo_location":{ "type": "Point", "coordinates": [-95.8802, 41.463] }},
{"zip_code":"50112","country":"US","city":"Grinnell","state":"Iowa","state_ab":"IA","county":"Poweshiek","geo_location":{ "type": "Point", "coordinates": [-92.7344, 41.7421] }},
{"zip_code":"50242","country":"US","city":"Searsboro","state":"Iowa","state_ab":"IA","county":"Poweshiek","geo_location":{ "type": "Point", "coordinates": [-92.6987, 41.5656] }},
{"zip_code":"52222","country":"US","city":"Deep River","state":"Iowa","state_ab":"IA","county":"Poweshiek","geo_location":{ "type": "Point", "coordinates": [-92.3645, 41.5717] }},
{"zip_code":"50835","country":"US","city":"Benton","state":"Iowa","state_ab":"IA","county":"Ringgold","geo_location":{ "type": "Point", "coordinates": [-94.3689, 40.7082] }},
{"zip_code":"52725","country":"US","city":"Big Rock","state":"Iowa","state_ab":"IA","county":"Scott County","geo_location":{ "type": "Point", "coordinates": [-90.8261, 41.7703] }},
{"zip_code":"52765","country":"US","city":"New Liberty","state":"Iowa","state_ab":"IA","county":"Scott","geo_location":{ "type": "Point", "coordinates": [-90.8599, 41.7132] }},
{"zip_code":"52802","country":"US","city":"Davenport","state":"Iowa","state_ab":"IA","county":"Scott","geo_location":{ "type": "Point", "coordinates": [-90.6141, 41.5164] }},
{"zip_code":"50848","country":"US","city":"Gravity","state":"Iowa","state_ab":"IA","county":"Taylor","geo_location":{ "type": "Point", "coordinates": [-94.7506, 40.7909] }},
{"zip_code":"50862","country":"US","city":"Sharpsburg","state":"Iowa","state_ab":"IA","county":"Taylor","geo_location":{ "type": "Point", "coordinates": [-94.6416, 40.795] }},
{"zip_code":"50125","country":"US","city":"Indianola","state":"Iowa","state_ab":"IA","county":"Warren","geo_location":{ "type": "Point", "coordinates": [-93.588, 41.3143] }},
{"zip_code":"50008","country":"US","city":"Allerton","state":"Iowa","state_ab":"IA","county":"Wayne","geo_location":{ "type": "Point", "coordinates": [-93.3724, 40.7023] }},
{"zip_code":"50165","country":"US","city":"Millerton","state":"Iowa","state_ab":"IA","county":"Wayne","geo_location":{ "type": "Point", "coordinates": [-93.3622, 40.8437] }},
{"zip_code":"52132","country":"US","city":"Calmar","state":"Iowa","state_ab":"IA","county":"Winneshiek","geo_location":{ "type": "Point", "coordinates": [-91.9126, 43.1974] }},
{"zip_code":"51052","country":"US","city":"Salix","state":"Iowa","state_ab":"IA","county":"Woodbury","geo_location":{ "type": "Point", "coordinates": [-96.2879, 42.3306] }},
{"zip_code":"51102","country":"US","city":"Sioux City","state":"Iowa","state_ab":"IA","county":"Woodbury","geo_location":{ "type": "Point", "coordinates": [-96.318, 42.3684] }},
{"zip_code":"50448","country":"US","city":"Kensett","state":"Iowa","state_ab":"IA","county":"Worth","geo_location":{ "type": "Point", "coordinates": [-93.1728, 43.3739] }},
{"zip_code":"50525","country":"US","city":"Clarion","state":"Iowa","state_ab":"IA","county":"Wright","geo_location":{ "type": "Point", "coordinates": [-93.7277, 42.7271] }},
{"zip_code":"83712","country":"US","city":"Boise","state":"Idaho","state_ab":"ID","county":"Ada","geo_location":{ "type": "Point", "coordinates": [-116.1649, 43.6023] }},
{"zip_code":"83725","country":"US","city":"Boise","state":"Idaho","state_ab":"ID","county":"Ada","geo_location":{ "type": "Point", "coordinates": [-116.244, 43.4599] }},
{"zip_code":"83262","country":"US","city":"Pingree","state":"Idaho","state_ab":"ID","county":"Bingham","geo_location":{ "type": "Point", "coordinates": [-112.6295, 43.1336] }},
{"zip_code":"83622","country":"US","city":"Garden Valley","state":"Idaho","state_ab":"ID","county":"Boise","geo_location":{ "type": "Point", "coordinates": [-115.8243, 44.0909] }},
{"zip_code":"83402","country":"US","city":"Idaho Falls","state":"Idaho","state_ab":"ID","county":"Bonneville","geo_location":{ "type": "Point", "coordinates": [-112.0578, 43.4934] }},
{"zip_code":"83415","country":"US","city":"Idaho Falls","state":"Idaho","state_ab":"ID","county":"Bonneville","geo_location":{ "type": "Point", "coordinates": [-111.7822, 43.3233] }},
{"zip_code":"83428","country":"US","city":"Irwin","state":"Idaho","state_ab":"ID","county":"Bonneville","geo_location":{ "type": "Point", "coordinates": [-111.2527, 43.3861] }},
{"zip_code":"83312","country":"US","city":"Almo","state":"Idaho","state_ab":"ID","county":"Cassia","geo_location":{ "type": "Point", "coordinates": [-113.6283, 42.0846] }},
{"zip_code":"83235","country":"US","city":"Ellis","state":"Idaho","state_ab":"ID","county":"Custer","geo_location":{ "type": "Point", "coordinates": [-114.3127, 44.224] }},
{"zip_code":"83648","country":"US","city":"Mountain Home A F B","state":"Idaho","state_ab":"ID","county":"Elmore","geo_location":{ "type": "Point", "coordinates": [-115.8656, 43.0496] }},
{"zip_code":"83442","country":"US","city":"Rigby","state":"Idaho","state_ab":"ID","county":"Jefferson","geo_location":{ "type": "Point", "coordinates": [-111.9005, 43.6715] }},
{"zip_code":"83325","country":"US","city":"Eden","state":"Idaho","state_ab":"ID","county":"Jerome","geo_location":{ "type": "Point", "coordinates": [-114.2467, 42.5868] }},
{"zip_code":"83338","country":"US","city":"Jerome","state":"Idaho","state_ab":"ID","county":"Jerome","geo_location":{ "type": "Point", "coordinates": [-114.5012, 42.7178] }},
{"zip_code":"83815","country":"US","city":"Coeur D Alene","state":"Idaho","state_ab":"ID","county":"Kootenai","geo_location":{ "type": "Point", "coordinates": [-116.789, 47.7248] }},
{"zip_code":"83842","country":"US","city":"Medimont","state":"Idaho","state_ab":"ID","county":"Kootenai","geo_location":{ "type": "Point", "coordinates": [-116.5683, 47.4625] }},
{"zip_code":"83855","country":"US","city":"Potlatch","state":"Idaho","state_ab":"ID","county":"Latah","geo_location":{ "type": "Point", "coordinates": [-116.9141, 46.9448] }},
{"zip_code":"83468","country":"US","city":"Tendoy","state":"Idaho","state_ab":"ID","county":"Lemhi","geo_location":{ "type": "Point", "coordinates": [-113.8167, 44.9681] }},
{"zip_code":"83352","country":"US","city":"Shoshone","state":"Idaho","state_ab":"ID","county":"Lincoln","geo_location":{ "type": "Point", "coordinates": [-114.3822, 42.9474] }},
{"zip_code":"83545","country":"US","city":"Peck","state":"Idaho","state_ab":"ID","county":"Nez Perce","geo_location":{ "type": "Point", "coordinates": [-116.4114, 46.4807] }},
{"zip_code":"83802","country":"US","city":"Avery","state":"Idaho","state_ab":"ID","county":"Shoshone","geo_location":{ "type": "Point", "coordinates": [-115.866, 47.2714] }},
{"zip_code":"95412","country":"US","city":"Annapolis","state":"California","state_ab":"CA","county":"Sonoma","geo_location":{ "type": "Point", "coordinates": [-123.3539, 38.7026] }},
{"zip_code":"95425","country":"US","city":"Cloverdale","state":"California","state_ab":"CA","county":"Sonoma","geo_location":{ "type": "Point", "coordinates": [-123.0074, 38.7931] }},
{"zip_code":"95452","country":"US","city":"Kenwood","state":"California","state_ab":"CA","county":"Sonoma","geo_location":{ "type": "Point", "coordinates": [-122.5547, 38.4168] }},
{"zip_code":"95465","country":"US","city":"Occidental","state":"California","state_ab":"CA","county":"Sonoma","geo_location":{ "type": "Point", "coordinates": [-122.9954, 38.4087] }},
{"zip_code":"95492","country":"US","city":"Windsor","state":"California","state_ab":"CA","county":"Sonoma","geo_location":{ "type": "Point", "coordinates": [-122.8073, 38.5443] }},
{"zip_code":"95982","country":"US","city":"Sutter","state":"California","state_ab":"CA","county":"Sutter","geo_location":{ "type": "Point", "coordinates": [-121.7758, 39.1779] }},
{"zip_code":"96055","country":"US","city":"Los Molinos","state":"California","state_ab":"CA","county":"Tehama","geo_location":{ "type": "Point", "coordinates": [-122.0992, 40.0497] }},
{"zip_code":"95595","country":"US","city":"Zenia","state":"California","state_ab":"CA","county":"Trinity","geo_location":{ "type": "Point", "coordinates": [-123.3911, 40.2147] }},
{"zip_code":"93265","country":"US","city":"Springville","state":"California","state_ab":"CA","county":"Tulare","geo_location":{ "type": "Point", "coordinates": [-118.7961, 36.1363] }},
{"zip_code":"93278","country":"US","city":"Visalia","state":"California","state_ab":"CA","county":"Tulare","geo_location":{ "type": "Point", "coordinates": [-118.8194, 36.1266] }},
{"zip_code":"93292","country":"US","city":"Visalia","state":"California","state_ab":"CA","county":"Tulare","geo_location":{ "type": "Point", "coordinates": [-119.2283, 36.1946] }},
{"zip_code":"95335","country":"US","city":"Long Barn","state":"California","state_ab":"CA","county":"Tuolumne","geo_location":{ "type": "Point", "coordinates": [-120.0526, 38.2262] }},
{"zip_code":"95375","country":"US","city":"Strawberry","state":"California","state_ab":"CA","county":"Tuolumne","geo_location":{ "type": "Point", "coordinates": [-120.0101, 38.2042] }},
{"zip_code":"91362","country":"US","city":"Thousand Oaks","state":"California","state_ab":"CA","county":"Ventura","geo_location":{ "type": "Point", "coordinates": [-118.8232, 34.1948] }},
{"zip_code":"93005","country":"US","city":"Ventura","state":"California","state_ab":"CA","county":"Ventura","geo_location":{ "type": "Point", "coordinates": [-119.1343, 34.0324] }},
{"zip_code":"93032","country":"US","city":"Oxnard","state":"California","state_ab":"CA","county":"Ventura","geo_location":{ "type": "Point", "coordinates": [-119.1343, 34.0324] }},
{"zip_code":"95605","country":"US","city":"West Sacramento","state":"California","state_ab":"CA","county":"Yolo","geo_location":{ "type": "Point", "coordinates": [-121.5325, 38.5927] }},
{"zip_code":"95618","country":"US","city":"El Macero","state":"California","state_ab":"CA","county":"Yolo","geo_location":{ "type": "Point", "coordinates": [-121.6676, 38.5462] }},
{"zip_code":"95645","country":"US","city":"Knights Landing","state":"California","state_ab":"CA","county":"Yolo","geo_location":{ "type": "Point", "coordinates": [-121.7334, 38.8517] }},
{"zip_code":"95698","country":"US","city":"Zamora","state":"California","state_ab":"CA","county":"Yolo","geo_location":{ "type": "Point", "coordinates": [-121.9191, 38.8204] }},
{"zip_code":"80045","country":"US","city":"Aurora","state":"Colorado","state_ab":"CO","county":"Adams","geo_location":{ "type": "Point", "coordinates": [-104.8384, 39.7467] }},
{"zip_code":"80018","country":"US","city":"Aurora","state":"Colorado","state_ab":"CO","county":"Arapahoe","geo_location":{ "type": "Point", "coordinates": [-104.7071, 39.7102] }},
{"zip_code":"80122","country":"US","city":"Littleton","state":"Colorado","state_ab":"CO","county":"Arapahoe","geo_location":{ "type": "Point", "coordinates": [-104.9557, 39.5814] }},
{"zip_code":"80302","country":"US","city":"Boulder","state":"Colorado","state_ab":"CO","county":"Boulder","geo_location":{ "type": "Point", "coordinates": [-105.2851, 40.0172] }},
{"zip_code":"80328","country":"US","city":"Boulder","state":"Colorado","state_ab":"CO","county":"Boulder","geo_location":{ "type": "Point", "coordinates": [-105.3735, 40.0878] }},
{"zip_code":"81228","country":"US","city":"Granite","state":"Colorado","state_ab":"CO","county":"Chaffee","geo_location":{ "type": "Point", "coordinates": [-106.2566, 39.0307] }},
{"zip_code":"81242","country":"US","city":"Poncha Springs","state":"Colorado","state_ab":"CO","county":"Chaffee","geo_location":{ "type": "Point", "coordinates": [-106.0973, 38.4719] }},
{"zip_code":"81138","country":"US","city":"Jaroso","state":"Colorado","state_ab":"CO","county":"Costilla","geo_location":{ "type": "Point", "coordinates": [-105.4294, 37.1977] }},
{"zip_code":"81152","country":"US","city":"San Luis","state":"Colorado","state_ab":"CO","county":"Costilla","geo_location":{ "type": "Point", "coordinates": [-105.4781, 37.1066] }},
{"zip_code":"81062","country":"US","city":"Olney Springs","state":"Colorado","state_ab":"CO","county":"Crowley","geo_location":{ "type": "Point", "coordinates": [-103.941, 38.2019] }},
{"zip_code":"80212","country":"US","city":"Denver","state":"Colorado","state_ab":"CO","county":"Denver","geo_location":{ "type": "Point", "coordinates": [-105.0493, 39.7683] }},
{"zip_code":"80238","country":"US","city":"Denver","state":"Colorado","state_ab":"CO","county":"Denver","geo_location":{ "type": "Point", "coordinates": [-104.4083, 39.7388] }},
{"zip_code":"80252","country":"US","city":"Denver","state":"Colorado","state_ab":"CO","county":"Denver","geo_location":{ "type": "Point", "coordinates": [-104.4083, 39.7388] }},
{"zip_code":"80265","country":"US","city":"Denver","state":"Colorado","state_ab":"CO","county":"Denver","geo_location":{ "type": "Point", "coordinates": [-104.4083, 39.7388] }},
{"zip_code":"80292","country":"US","city":"Denver","state":"Colorado","state_ab":"CO","county":"Denver","geo_location":{ "type": "Point", "coordinates": [-104.9928, 39.7474] }},
{"zip_code":"81332","country":"US","city":"Rico","state":"Colorado","state_ab":"CO","county":"Dolores","geo_location":{ "type": "Point", "coordinates": [-108.0324, 37.6905] }},
{"zip_code":"80108","country":"US","city":"Castle Rock","state":"Colorado","state_ab":"CO","county":"Douglas County","geo_location":{ "type": "Point", "coordinates": [-104.853, 39.4455] }},
{"zip_code":"80135","country":"US","city":"Sedalia","state":"Colorado","state_ab":"CO","county":"Douglas","geo_location":{ "type": "Point", "coordinates": [-105.0676, 39.3113] }},
{"zip_code":"81628","country":"US","city":"El Jebel","state":"Colorado","state_ab":"CO","county":"Eagle","geo_location":{ "type": "Point", "coordinates": [-107.0892, 39.3979] }},
{"zip_code":"81655","country":"US","city":"Wolcott","state":"Colorado","state_ab":"CO","county":"Eagle","geo_location":{ "type": "Point", "coordinates": [-106.6964, 39.7907] }},
{"zip_code":"80832","country":"US","city":"Ramah","state":"Colorado","state_ab":"CO","county":"El Paso","geo_location":{ "type": "Point", "coordinates": [-104.1247, 39.0736] }},
{"zip_code":"80908","country":"US","city":"Colorado Springs","state":"Colorado","state_ab":"CO","county":"El Paso","geo_location":{ "type": "Point", "coordinates": [-104.6933, 39.0237] }},
{"zip_code":"80922","country":"US","city":"Colorado Springs","state":"Colorado","state_ab":"CO","county":"El Paso","geo_location":{ "type": "Point", "coordinates": [-104.6982, 38.905] }},
{"zip_code":"80935","country":"US","city":"Colorado Springs","state":"Colorado","state_ab":"CO","county":"El Paso","geo_location":{ "type": "Point", "coordinates": [-104.562, 38.8247] }},
{"zip_code":"80962","country":"US","city":"Colorado Springs","state":"Colorado","state_ab":"CO","county":"El Paso","geo_location":{ "type": "Point", "coordinates": [-104.562, 38.8247] }},
{"zip_code":"81215","country":"US","city":"Canon City","state":"Colorado","state_ab":"CO","county":"Fremont","geo_location":{ "type": "Point", "coordinates": [-105.4766, 38.4776] }},
{"zip_code":"81602","country":"US","city":"Glenwood Springs","state":"Colorado","state_ab":"CO","county":"Garfield","geo_location":{ "type": "Point", "coordinates": [-107.3253, 39.5117] }},
{"zip_code":"80005","country":"US","city":"Arvada","state":"Colorado","state_ab":"CO","county":"Jefferson","geo_location":{ "type": "Point", "coordinates": [-105.1097, 39.8422] }},
{"zip_code":"80162","country":"US","city":"Littleton","state":"Colorado","state_ab":"CO","county":"Jefferson","geo_location":{ "type": "Point", "coordinates": [-105.2239, 39.522] }},
{"zip_code":"80225","country":"US","city":"Denver","state":"Colorado","state_ab":"CO","county":"Jefferson","geo_location":{ "type": "Point", "coordinates": [-105.1204, 39.6971] }},
{"zip_code":"80805","country":"US","city":"Bethune","state":"Colorado","state_ab":"CO","county":"Kit Carson","geo_location":{ "type": "Point", "coordinates": [-102.4281, 39.3448] }},
{"zip_code":"80522","country":"US","city":"Fort Collins","state":"Colorado","state_ab":"CO","county":"Larimer","geo_location":{ "type": "Point", "coordinates": [-105.057, 40.6429] }},
{"zip_code":"80535","country":"US","city":"Laporte","state":"Colorado","state_ab":"CO","county":"Larimer","geo_location":{ "type": "Point", "coordinates": [-105.1488, 40.6347] }},
{"zip_code":"80548","country":"US","city":"Laporte","state":"Colorado","state_ab":"CO","county":"Larimer County","geo_location":{ "type": "Point", "coordinates": [-105.1552, 40.6632] }},
{"zip_code":"81075","country":"US","city":"Stonington","state":"Colorado","state_ab":"CO","county":"Las Animas County","geo_location":{ "type": "Point", "coordinates": [-102.1869, 37.2936] }},
{"zip_code":"80818","country":"US","city":"Genoa","state":"Colorado","state_ab":"CO","county":"Lincoln","geo_location":{ "type": "Point", "coordinates": [-103.4607, 39.3383] }},
{"zip_code":"80728","country":"US","city":"Fleming","state":"Colorado","state_ab":"CO","county":"Logan","geo_location":{ "type": "Point", "coordinates": [-102.8688, 40.637] }},
{"zip_code":"81525","country":"US","city":"Mack","state":"Colorado","state_ab":"CO","county":"Mesa","geo_location":{ "type": "Point", "coordinates": [-108.9296, 39.2554] }},
{"zip_code":"81422","country":"US","city":"Naturita","state":"Colorado","state_ab":"CO","county":"Montrose","geo_location":{ "type": "Point", "coordinates": [-108.5728, 38.2226] }},
{"zip_code":"80432","country":"US","city":"Como","state":"Colorado","state_ab":"CO","county":"Park","geo_location":{ "type": "Point", "coordinates": [-105.817, 39.1587] }},
{"zip_code":"81615","country":"US","city":"Snowmass Village","state":"Colorado","state_ab":"CO","county":"Pitkin","geo_location":{ "type": "Point", "coordinates": [-106.932, 39.2212] }},
{"zip_code":"81642","country":"US","city":"Meredith","state":"Colorado","state_ab":"CO","county":"Pitkin","geo_location":{ "type": "Point", "coordinates": [-106.6596, 39.3199] }},
{"zip_code":"81008","country":"US","city":"Pueblo","state":"Colorado","state_ab":"CO","county":"Pueblo","geo_location":{ "type": "Point", "coordinates": [-104.6284, 38.3133] }},
{"zip_code":"81022","country":"US","city":"Avondale","state":"Colorado","state_ab":"CO","county":"Pueblo","geo_location":{ "type": "Point", "coordinates": [-104.5298, 38.1025] }},
{"zip_code":"81125","country":"US","city":"Center","state":"Colorado","state_ab":"CO","county":"Saguache","geo_location":{ "type": "Point", "coordinates": [-106.0906, 37.7343] }},
{"zip_code":"81435","country":"US","city":"Telluride","state":"Colorado","state_ab":"CO","county":"San Miguel","geo_location":{ "type": "Point", "coordinates": [-107.8214, 37.94] }},
{"zip_code":"80498","country":"US","city":"Silverthorne","state":"Colorado","state_ab":"CO","county":"Summit","geo_location":{ "type": "Point", "coordinates": [-106.2211, 39.7647] }},
{"zip_code":"80612","country":"US","city":"Carr","state":"Colorado","state_ab":"CO","county":"Weld","geo_location":{ "type": "Point", "coordinates": [-104.8859, 40.8666] }},
{"zip_code":"80638","country":"US","city":"Greeley","state":"Colorado","state_ab":"CO","county":"Weld","geo_location":{ "type": "Point", "coordinates": [-104.315, 40.5009] }},
{"zip_code":"80652","country":"US","city":"Roggen","state":"Colorado","state_ab":"CO","county":"Weld","geo_location":{ "type": "Point", "coordinates": [-104.282, 40.0878] }},
{"zip_code":"80742","country":"US","city":"New Raymer","state":"Colorado","state_ab":"CO","county":"Weld","geo_location":{ "type": "Point", "coordinates": [-103.839, 40.6851] }},
{"zip_code":"80755","country":"US","city":"Vernon","state":"Colorado","state_ab":"CO","county":"Yuma","geo_location":{ "type": "Point", "coordinates": [-102.3193, 39.9331] }},
{"zip_code":"6605","country":"US","city":"Bridgeport","state":"Connecticut","state_ab":"CT","county":"Fairfield","geo_location":{ "type": "Point", "coordinates": [-73.2163, 41.1668] }},
{"zip_code":"6812","country":"US","city":"New Fairfield","state":"Connecticut","state_ab":"CT","county":"Fairfield","geo_location":{ "type": "Point", "coordinates": [-73.4978, 41.473] }},
{"zip_code":"6825","country":"US","city":"Fairfield","state":"Connecticut","state_ab":"CT","county":"Fairfield County","geo_location":{ "type": "Point", "coordinates": [-73.2402, 41.1928] }},
{"zip_code":"6838","country":"US","city":"Greens Farms","state":"Connecticut","state_ab":"CT","county":"Fairfield County","geo_location":{ "type": "Point", "coordinates": [-73.3195, 41.1238] }},
{"zip_code":"6852","country":"US","city":"Norwalk","state":"Connecticut","state_ab":"CT","county":"Fairfield","geo_location":{ "type": "Point", "coordinates": [-73.3637, 41.3089] }},
{"zip_code":"6878","country":"US","city":"Riverside","state":"Connecticut","state_ab":"CT","county":"Fairfield","geo_location":{ "type": "Point", "coordinates": [-73.5811, 41.038] }},
{"zip_code":"6902","country":"US","city":"Stamford","state":"Connecticut","state_ab":"CT","county":"Fairfield","geo_location":{ "type": "Point", "coordinates": [-73.5445, 41.0602] }},
{"zip_code":"6928","country":"US","city":"Stamford","state":"Connecticut","state_ab":"CT","county":"Fairfield","geo_location":{ "type": "Point", "coordinates": [-73.3637, 41.3089] }},
{"zip_code":"6025","country":"US","city":"East Glastonbury","state":"Connecticut","state_ab":"CT","county":"Hartford","geo_location":{ "type": "Point", "coordinates": [-72.5345, 41.6889] }},
{"zip_code":"6052","country":"US","city":"New Britain","state":"Connecticut","state_ab":"CT","county":"Hartford","geo_location":{ "type": "Point", "coordinates": [-72.7989, 41.6588] }},
{"zip_code":"6078","country":"US","city":"Suffield","state":"Connecticut","state_ab":"CT","county":"Hartford","geo_location":{ "type": "Point", "coordinates": [-72.642, 41.99] }},
{"zip_code":"6092","country":"US","city":"West Simsbury","state":"Connecticut","state_ab":"CT","county":"Hartford","geo_location":{ "type": "Point", "coordinates": [-72.8577, 41.8718] }},
{"zip_code":"6102","country":"US","city":"Hartford","state":"Connecticut","state_ab":"CT","county":"Hartford","geo_location":{ "type": "Point", "coordinates": [-72.7188, 41.7918] }},
{"zip_code":"6115","country":"US","city":"Hartford","state":"Connecticut","state_ab":"CT","county":"Hartford","geo_location":{ "type": "Point", "coordinates": [-72.6794, 41.7588] }},
{"zip_code":"6128","country":"US","city":"East Hartford","state":"Connecticut","state_ab":"CT","county":"Hartford","geo_location":{ "type": "Point", "coordinates": [-72.7188, 41.7918] }},
{"zip_code":"6142","country":"US","city":"Hartford","state":"Connecticut","state_ab":"CT","county":"Hartford","geo_location":{ "type": "Point", "coordinates": [-72.7188, 41.7918] }},
{"zip_code":"6155","country":"US","city":"Hartford","state":"Connecticut","state_ab":"CT","county":"Hartford","geo_location":{ "type": "Point", "coordinates": [-72.6865, 41.7693] }},
{"zip_code":"6065","country":"US","city":"Riverton","state":"Connecticut","state_ab":"CT","county":"Litchfield","geo_location":{ "type": "Point", "coordinates": [-73.0145, 41.9686] }},
{"zip_code":"6412","country":"US","city":"Chester","state":"Connecticut","state_ab":"CT","county":"Middlesex","geo_location":{ "type": "Point", "coordinates": [-72.4643, 41.4049] }},
{"zip_code":"6438","country":"US","city":"Haddam","state":"Connecticut","state_ab":"CT","county":"Middlesex","geo_location":{ "type": "Point", "coordinates": [-72.505, 41.4627] }},
{"zip_code":"6478","country":"US","city":"Oxford","state":"Connecticut","state_ab":"CT","county":"New Haven","geo_location":{ "type": "Point", "coordinates": [-73.1296, 41.4202] }},
{"zip_code":"6492","country":"US","city":"Wallingford","state":"Connecticut","state_ab":"CT","county":"New Haven","geo_location":{ "type": "Point", "coordinates": [-72.8222, 41.46] }},
{"zip_code":"6502","country":"US","city":"New Haven","state":"Connecticut","state_ab":"CT","county":"New Haven","geo_location":{ "type": "Point", "coordinates": [-72.9275, 41.3657] }},
{"zip_code":"6515","country":"US","city":"New Haven","state":"Connecticut","state_ab":"CT","county":"New Haven","geo_location":{ "type": "Point", "coordinates": [-72.9664, 41.3293] }},
{"zip_code":"6708","country":"US","city":"Waterbury","state":"Connecticut","state_ab":"CT","county":"New Haven","geo_location":{ "type": "Point", "coordinates": [-73.0645, 41.5511] }},
{"zip_code":"6722","country":"US","city":"Waterbury","state":"Connecticut","state_ab":"CT","county":"New Haven","geo_location":{ "type": "Point", "coordinates": [-72.9275, 41.3657] }},
{"zip_code":"6762","country":"US","city":"Middlebury","state":"Connecticut","state_ab":"CT","county":"New Haven","geo_location":{ "type": "Point", "coordinates": [-73.1131, 41.5343] }},
{"zip_code":"6335","country":"US","city":"Gales Ferry","state":"Connecticut","state_ab":"CT","county":"New London","geo_location":{ "type": "Point", "coordinates": [-72.0672, 41.4285] }},
{"zip_code":"6375","country":"US","city":"Quaker Hill","state":"Connecticut","state_ab":"CT","county":"New London","geo_location":{ "type": "Point", "coordinates": [-72.1172, 41.4032] }},
{"zip_code":"6388","country":"US","city":"West Mystic","state":"Connecticut","state_ab":"CT","county":"New London","geo_location":{ "type": "Point", "coordinates": [-71.9765, 41.3441] }},
{"zip_code":"6232","country":"US","city":"Andover","state":"Connecticut","state_ab":"CT","county":"Tolland","geo_location":{ "type": "Point", "coordinates": [-72.3767, 41.7332] }},
{"zip_code":"6245","country":"US","city":"Fabyan","state":"Connecticut","state_ab":"CT","county":"Windham","geo_location":{ "type": "Point", "coordinates": [-71.9417, 42.0198] }},
{"zip_code":"6258","country":"US","city":"Pomfret","state":"Connecticut","state_ab":"CT","county":"Windham","geo_location":{ "type": "Point", "coordinates": [-71.9682, 41.889] }},
{"zip_code":"20012","country":"US","city":"Washington","state":"District of Columbia","state_ab":"DC","county":"District of Columbia","geo_location":{ "type": "Point", "coordinates": [-77.0282, 38.9757] }},
{"zip_code":"20038","country":"US","city":"Washington","state":"District of Columbia","state_ab":"DC","county":"District of Columbia","geo_location":{ "type": "Point", "coordinates": [-77.0146, 38.8933] }},
{"zip_code":"20052","country":"US","city":"Washington","state":"District of Columbia","state_ab":"DC","county":"District of Columbia","geo_location":{ "type": "Point", "coordinates": [-77.0479, 38.9001] }},
{"zip_code":"20065","country":"US","city":"Washington","state":"District of Columbia","state_ab":"DC","county":"District of Columbia","geo_location":{ "type": "Point", "coordinates": [-77.0282, 38.8834] }},
{"zip_code":"20078","country":"US","city":"Washington","state":"District of Columbia","state_ab":"DC","county":"District of Columbia","geo_location":{ "type": "Point", "coordinates": [-77.0146, 38.8933] }},
{"zip_code":"20205","country":"US","city":"Washington","state":"District of Columbia","state_ab":"DC","county":"District of Columbia","geo_location":{ "type": "Point", "coordinates": [-77.0162, 38.9051] }},
{"zip_code":"20218","country":"US","city":"Washington","state":"District of Columbia","state_ab":"DC","county":"District of Columbia","geo_location":{ "type": "Point", "coordinates": [-77.0146, 38.8933] }},
{"zip_code":"20232","country":"US","city":"Washington","state":"District of Columbia","state_ab":"DC","county":"District of Columbia","geo_location":{ "type": "Point", "coordinates": [-77.0391, 38.9006] }},
{"zip_code":"20245","country":"US","city":"Washington","state":"District of Columbia","state_ab":"DC","county":"District of Columbia","geo_location":{ "type": "Point", "coordinates": [-77.0146, 38.8933] }},
{"zip_code":"20335","country":"US","city":"Andrews A F B","state":"District of Columbia","state_ab":"DC","county":"District of Columbia","geo_location":{ "type": "Point", "coordinates": [-76.8857, 38.8022] }},
{"zip_code":"20375","country":"US","city":"Washington","state":"District of Columbia","state_ab":"DC","county":"District of Columbia","geo_location":{ "type": "Point", "coordinates": [-77.0174, 38.8262] }},
{"zip_code":"20388","country":"US","city":"Washington","state":"District of Columbia","state_ab":"DC","county":"District of Columbia","geo_location":{ "type": "Point", "coordinates": [-76.9966, 38.8726] }},
{"zip_code":"20412","country":"US","city":"Washington","state":"District of Columbia","state_ab":"DC","county":"District of Columbia","geo_location":{ "type": "Point", "coordinates": [-77.0221, 38.8953] }},
{"zip_code":"20425","country":"US","city":"Washington","state":"District of Columbia","state_ab":"DC","county":"District of Columbia","geo_location":{ "type": "Point", "coordinates": [-77.0146, 38.8933] }},
{"zip_code":"20502","country":"US","city":"Washington","state":"District of Columbia","state_ab":"DC","county":"District of Columbia","geo_location":{ "type": "Point", "coordinates": [-77.0362, 38.8987] }},
{"zip_code":"20515","country":"US","city":"Washington","state":"District of Columbia","state_ab":"DC","county":"District of Columbia","geo_location":{ "type": "Point", "coordinates": [-77.0146, 38.8933] }},
{"zip_code":"20528","country":"US","city":"Washington","state":"District of Columbia","state_ab":"DC","county":"District of Columbia","geo_location":{ "type": "Point", "coordinates": [-77.0369, 38.8951] }},
{"zip_code":"20542","country":"US","city":"Washington","state":"District of Columbia","state_ab":"DC","county":"District of Columbia","geo_location":{ "type": "Point", "coordinates": [-77.0283, 38.9408] }},
{"zip_code":"20555","country":"US","city":"Washington","state":"District of Columbia","state_ab":"DC","county":"District of Columbia","geo_location":{ "type": "Point", "coordinates": [-77.0401, 38.9] }},
{"zip_code":"20595","country":"US","city":"Washington","state":"District of Columbia","state_ab":"DC","county":"District of Columbia","geo_location":{ "type": "Point", "coordinates": [-77.0162, 38.9051] }},
{"zip_code":"56972","country":"US","city":"Washington","state":"District of Columbia","state_ab":"DC","county":"District of Columbia","geo_location":{ "type": "Point", "coordinates": [-76.9948, 38.9164] }},
{"zip_code":"19902","country":"US","city":"Dover Afb","state":"Delaware","state_ab":"DE","county":"Kent","geo_location":{ "type": "Point", "coordinates": [-75.4818, 39.1253] }},
{"zip_code":"19942","country":"US","city":"Farmington","state":"Delaware","state_ab":"DE","county":"Kent","geo_location":{ "type": "Point", "coordinates": [-75.5773, 38.8689] }},
{"zip_code":"19955","country":"US","city":"Kenton","state":"Delaware","state_ab":"DE","county":"Kent","geo_location":{ "type": "Point", "coordinates": [-75.6642, 39.2256] }},
{"zip_code":"19708","country":"US","city":"Kirkwood","state":"Delaware","state_ab":"DE","county":"New Castle","geo_location":{ "type": "Point", "coordinates": [-75.6901, 39.5776] }},
{"zip_code":"19735","country":"US","city":"Winterthur","state":"Delaware","state_ab":"DE","county":"New Castle","geo_location":{ "type": "Point", "coordinates": [-75.5976, 39.7944] }},
{"zip_code":"19892","country":"US","city":"Wilmington","state":"Delaware","state_ab":"DE","county":"New Castle","geo_location":{ "type": "Point", "coordinates": [-75.597, 39.5645] }},
{"zip_code":"19968","country":"US","city":"Milton","state":"Delaware","state_ab":"DE","county":"Sussex","geo_location":{ "type": "Point", "coordinates": [-75.2953, 38.7687] }},
{"zip_code":"32602","country":"US","city":"Gainesville","state":"Florida","state_ab":"FL","county":"Alachua","geo_location":{ "type": "Point", "coordinates": [-82.3966, 29.6299] }},
{"zip_code":"32615","country":"US","city":"Alachua","state":"Florida","state_ab":"FL","county":"Alachua","geo_location":{ "type": "Point", "coordinates": [-82.472, 29.8135] }},
{"zip_code":"32655","country":"US","city":"High Springs","state":"Florida","state_ab":"FL","county":"Alachua","geo_location":{ "type": "Point", "coordinates": [-82.6006, 29.8175] }},
{"zip_code":"32408","country":"US","city":"Panama City","state":"Florida","state_ab":"FL","county":"Bay","geo_location":{ "type": "Point", "coordinates": [-85.7116, 30.1655] }},
{"zip_code":"32912","country":"US","city":"Melbourne","state":"Florida","state_ab":"FL","county":"Brevard","geo_location":{ "type": "Point", "coordinates": [-80.6862, 28.3067] }},
{"zip_code":"32925","country":"US","city":"Patrick Afb","state":"Florida","state_ab":"FL","county":"Brevard","geo_location":{ "type": "Point", "coordinates": [-80.584, 28.1743] }},
{"zip_code":"32952","country":"US","city":"Merritt Island","state":"Florida","state_ab":"FL","county":"Brevard","geo_location":{ "type": "Point", "coordinates": [-80.6568, 28.2764] }},
{"zip_code":"33025","country":"US","city":"Hollywood","state":"Florida","state_ab":"FL","county":"Broward","geo_location":{ "type": "Point", "coordinates": [-80.2712, 25.9921] }},
{"zip_code":"33065","country":"US","city":"Pompano Beach","state":"Florida","state_ab":"FL","county":"Broward","geo_location":{ "type": "Point", "coordinates": [-80.2603, 26.2729] }},
{"zip_code":"33308","country":"US","city":"Fort Lauderdale","state":"Florida","state_ab":"FL","county":"Broward","geo_location":{ "type": "Point", "coordinates": [-80.1822, 26.0984] }},
{"zip_code":"33322","country":"US","city":"Fort Lauderdale","state":"Florida","state_ab":"FL","county":"Broward","geo_location":{ "type": "Point", "coordinates": [-80.2745, 26.1502] }},
{"zip_code":"33335","country":"US","city":"Fort Lauderdale","state":"Florida","state_ab":"FL","county":"Broward","geo_location":{ "type": "Point", "coordinates": [-80.336, 26.0892] }},
{"zip_code":"33348","country":"US","city":"Fort Lauderdale","state":"Florida","state_ab":"FL","county":"Broward","geo_location":{ "type": "Point", "coordinates": [-80.4483, 26.1457] }},
{"zip_code":"33388","country":"US","city":"Fort Lauderdale","state":"Florida","state_ab":"FL","county":"Broward","geo_location":{ "type": "Point", "coordinates": [-80.2533, 26.1209] }},
{"zip_code":"33955","country":"US","city":"Punta Gorda","state":"Florida","state_ab":"FL","county":"Charlotte","geo_location":{ "type": "Point", "coordinates": [-81.9547, 26.824] }},
{"zip_code":"33982","country":"US","city":"Punta Gorda","state":"Florida","state_ab":"FL","county":"Charlotte","geo_location":{ "type": "Point", "coordinates": [-81.9545, 26.9668] }},
{"zip_code":"83868","country":"US","city":"Smelterville","state":"Idaho","state_ab":"ID","county":"Shoshone","geo_location":{ "type": "Point", "coordinates": [-116.2062, 47.5362] }},
{"zip_code":"83455","country":"US","city":"Victor","state":"Idaho","state_ab":"ID","county":"Teton","geo_location":{ "type": "Point", "coordinates": [-111.1259, 43.6148] }},
{"zip_code":"83635","country":"US","city":"Lake Fork","state":"Idaho","state_ab":"ID","county":"Valley","geo_location":{ "type": "Point", "coordinates": [-115.4536, 44.6837] }},
{"zip_code":"62328","country":"US","city":"Columbus","state":"Illinois","state_ab":"IL","county":"Adams County","geo_location":{ "type": "Point", "coordinates": [-91.3022, 39.9326] }},
{"zip_code":"62962","country":"US","city":"Miller City","state":"Illinois","state_ab":"IL","county":"Alexander","geo_location":{ "type": "Point", "coordinates": [-89.3494, 37.1034] }},
{"zip_code":"62988","country":"US","city":"Tamms","state":"Illinois","state_ab":"IL","county":"Alexander","geo_location":{ "type": "Point", "coordinates": [-89.2763, 37.2345] }},
{"zip_code":"61312","country":"US","city":"Arlington","state":"Illinois","state_ab":"IL","county":"Bureau","geo_location":{ "type": "Point", "coordinates": [-89.2219, 41.4437] }},
{"zip_code":"61338","country":"US","city":"Manlius","state":"Illinois","state_ab":"IL","county":"Bureau","geo_location":{ "type": "Point", "coordinates": [-89.6697, 41.4555] }},
{"zip_code":"62045","country":"US","city":"Hamburg","state":"Illinois","state_ab":"IL","county":"Calhoun","geo_location":{ "type": "Point", "coordinates": [-90.6995, 39.2235] }},
{"zip_code":"62612","country":"US","city":"Ashland","state":"Illinois","state_ab":"IL","county":"Cass","geo_location":{ "type": "Point", "coordinates": [-90.0792, 39.9386] }},
{"zip_code":"61802","country":"US","city":"Urbana","state":"Illinois","state_ab":"IL","county":"Champaign","geo_location":{ "type": "Point", "coordinates": [-88.1691, 40.0746] }},
{"zip_code":"61815","country":"US","city":"Bondville","state":"Illinois","state_ab":"IL","county":"Champaign","geo_location":{ "type": "Point", "coordinates": [-88.3782, 40.1084] }},
{"zip_code":"61868","country":"US","city":"Rantoul","state":"Illinois","state_ab":"IL","county":"Champaign County","geo_location":{ "type": "Point", "coordinates": [-88.1499, 40.2959] }},
{"zip_code":"62858","country":"US","city":"Louisville","state":"Illinois","state_ab":"IL","county":"Clay","geo_location":{ "type": "Point", "coordinates": [-88.5065, 38.7718] }},
{"zip_code":"62252","country":"US","city":"Huey","state":"Illinois","state_ab":"IL","county":"Clinton","geo_location":{ "type": "Point", "coordinates": [-89.2915, 38.6018] }},
{"zip_code":"62265","country":"US","city":"New Baden","state":"Illinois","state_ab":"IL","county":"Clinton","geo_location":{ "type": "Point", "coordinates": [-89.6922, 38.5315] }},
{"zip_code":"60025","country":"US","city":"Glenview","state":"Illinois","state_ab":"IL","county":"Cook","geo_location":{ "type": "Point", "coordinates": [-87.8223, 42.0758] }},
{"zip_code":"60038","country":"US","city":"Palatine","state":"Illinois","state_ab":"IL","county":"Cook","geo_location":{ "type": "Point", "coordinates": [-88.0141, 42.098] }},
{"zip_code":"60065","country":"US","city":"Northbrook","state":"Illinois","state_ab":"IL","county":"Cook","geo_location":{ "type": "Point", "coordinates": [-87.6873, 41.8119] }},
{"zip_code":"60078","country":"US","city":"Palatine","state":"Illinois","state_ab":"IL","county":"Cook","geo_location":{ "type": "Point", "coordinates": [-87.6873, 41.8119] }},
{"zip_code":"60155","country":"US","city":"Broadview","state":"Illinois","state_ab":"IL","county":"Cook","geo_location":{ "type": "Point", "coordinates": [-87.8562, 41.8577] }},
{"zip_code":"60168","country":"US","city":"Schaumburg","state":"Illinois","state_ab":"IL","county":"Cook","geo_location":{ "type": "Point", "coordinates": [-87.6873, 41.8119] }},
{"zip_code":"60195","country":"US","city":"Schaumburg","state":"Illinois","state_ab":"IL","county":"Cook","geo_location":{ "type": "Point", "coordinates": [-88.1093, 42.0764] }},
{"zip_code":"60412","country":"US","city":"Chicago Heights","state":"Illinois","state_ab":"IL","county":"Cook","geo_location":{ "type": "Point", "coordinates": [-87.6873, 41.8119] }},
{"zip_code":"60425","country":"US","city":"Glenwood","state":"Illinois","state_ab":"IL","county":"Cook","geo_location":{ "type": "Point", "coordinates": [-87.6126, 41.5467] }},
{"zip_code":"60438","country":"US","city":"Lansing","state":"Illinois","state_ab":"IL","county":"Cook","geo_location":{ "type": "Point", "coordinates": [-87.5446, 41.566] }},
{"zip_code":"60452","country":"US","city":"Oak Forest","state":"Illinois","state_ab":"IL","county":"Cook","geo_location":{ "type": "Point", "coordinates": [-87.7542, 41.6077] }},
{"zip_code":"60465","country":"US","city":"Palos Hills","state":"Illinois","state_ab":"IL","county":"Cook","geo_location":{ "type": "Point", "coordinates": [-87.8263, 41.7004] }},
{"zip_code":"60478","country":"US","city":"Country Club Hills","state":"Illinois","state_ab":"IL","county":"Cook","geo_location":{ "type": "Point", "coordinates": [-87.7247, 41.5637] }},
{"zip_code":"60605","country":"US","city":"Chicago","state":"Illinois","state_ab":"IL","county":"Cook","geo_location":{ "type": "Point", "coordinates": [-87.6277, 41.8713] }},
{"zip_code":"60618","country":"US","city":"Chicago","state":"Illinois","state_ab":"IL","county":"Cook","geo_location":{ "type": "Point", "coordinates": [-87.7042, 41.9464] }},
{"zip_code":"60632","country":"US","city":"Chicago","state":"Illinois","state_ab":"IL","county":"Cook","geo_location":{ "type": "Point", "coordinates": [-87.7052, 41.8093] }},
{"zip_code":"60645","country":"US","city":"Chicago","state":"Illinois","state_ab":"IL","county":"Cook","geo_location":{ "type": "Point", "coordinates": [-87.6947, 42.0086] }},
{"zip_code":"60658","country":"US","city":"Chicago","state":"Illinois","state_ab":"IL","county":"Cook County","geo_location":{ "type": "Point", "coordinates": [-87.73, 41.6706] }},
{"zip_code":"60672","country":"US","city":"Chicago","state":"Illinois","state_ab":"IL","county":"Cook","geo_location":{ "type": "Point", "coordinates": [-87.6873, 41.8119] }},
{"zip_code":"60685","country":"US","city":"Chicago","state":"Illinois","state_ab":"IL","county":"Cook","geo_location":{ "type": "Point", "coordinates": [-87.6873, 41.8119] }},
{"zip_code":"60115","country":"US","city":"Dekalb","state":"Illinois","state_ab":"IL","county":"DeKalb","geo_location":{ "type": "Point", "coordinates": [-88.7548, 41.9008] }},
{"zip_code":"61778","country":"US","city":"Waynesville","state":"Illinois","state_ab":"IL","county":"De Witt","geo_location":{ "type": "Point", "coordinates": [-89.1143, 40.2437] }},
{"zip_code":"61842","country":"US","city":"Farmer City","state":"Illinois","state_ab":"IL","county":"De Witt","geo_location":{ "type": "Point", "coordinates": [-88.6634, 40.2447] }},
{"zip_code":"61882","country":"US","city":"Weldon","state":"Illinois","state_ab":"IL","county":"De Witt","geo_location":{ "type": "Point", "coordinates": [-88.7531, 40.1177] }},
{"zip_code":"60128","country":"US","city":"Carol Stream","state":"Illinois","state_ab":"IL","county":"DuPage","geo_location":{ "type": "Point", "coordinates": [-88.0887, 41.8397] }},
{"zip_code":"60515","country":"US","city":"Downers Grove","state":"Illinois","state_ab":"IL","county":"DuPage","geo_location":{ "type": "Point", "coordinates": [-88.0138, 41.8034] }},
{"zip_code":"60555","country":"US","city":"Warrenville","state":"Illinois","state_ab":"IL","county":"DuPage","geo_location":{ "type": "Point", "coordinates": [-88.1921, 41.828] }},
{"zip_code":"61932","country":"US","city":"Hume","state":"Illinois","state_ab":"IL","county":"Edgar","geo_location":{ "type": "Point", "coordinates": [-87.8747, 39.8009] }},
{"zip_code":"62818","country":"US","city":"Browns","state":"Illinois","state_ab":"IL","county":"Edwards","geo_location":{ "type": "Point", "coordinates": [-87.9928, 38.3764] }},
{"zip_code":"62445","country":"US","city":"Montrose","state":"Illinois","state_ab":"IL","county":"Effingham","geo_location":{ "type": "Point", "coordinates": [-88.335, 39.1573] }},
{"zip_code":"62418","country":"US","city":"Brownstown","state":"Illinois","state_ab":"IL","county":"Fayette","geo_location":{ "type": "Point", "coordinates": [-88.9494, 38.9891] }},
{"zip_code":"62458","country":"US","city":"Saint Elmo","state":"Illinois","state_ab":"IL","county":"Fayette","geo_location":{ "type": "Point", "coordinates": [-88.8552, 39.0315] }},
{"zip_code":"62885","country":"US","city":"Shobonier","state":"Illinois","state_ab":"IL","county":"Fayette","geo_location":{ "type": "Point", "coordinates": [-89.079, 38.8446] }},
{"zip_code":"62805","country":"US","city":"Akin","state":"Illinois","state_ab":"IL","county":"Franklin","geo_location":{ "type": "Point", "coordinates": [-88.9417, 37.9943] }},
{"zip_code":"61415","country":"US","city":"Avon","state":"Illinois","state_ab":"IL","county":"Fulton","geo_location":{ "type": "Point", "coordinates": [-90.4461, 40.6549] }},
{"zip_code":"61482","country":"US","city":"Table Grove","state":"Illinois","state_ab":"IL","county":"Fulton","geo_location":{ "type": "Point", "coordinates": [-90.4239, 40.3784] }},
{"zip_code":"62098","country":"US","city":"Wrights","state":"Illinois","state_ab":"IL","county":"Greene","geo_location":{ "type": "Point", "coordinates": [-90.2933, 39.3762] }},
{"zip_code":"61235","country":"US","city":"Atkinson","state":"Illinois","state_ab":"IL","county":"Henry","geo_location":{ "type": "Point", "coordinates": [-90.0225, 41.4162] }},
{"zip_code":"61262","country":"US","city":"Lynn Center","state":"Illinois","state_ab":"IL","county":"Henry","geo_location":{ "type": "Point", "coordinates": [-90.3304, 41.2888] }},
{"zip_code":"61468","country":"US","city":"Opheim","state":"Illinois","state_ab":"IL","county":"Henry","geo_location":{ "type": "Point", "coordinates": [-90.3878, 41.2577] }},
{"zip_code":"60928","country":"US","city":"Crescent City","state":"Illinois","state_ab":"IL","county":"Iroquois","geo_location":{ "type": "Point", "coordinates": [-87.849, 40.7417] }},
{"zip_code":"60955","country":"US","city":"Onarga","state":"Illinois","state_ab":"IL","county":"Iroquois","geo_location":{ "type": "Point", "coordinates": [-87.9958, 40.712] }},
{"zip_code":"60968","country":"US","city":"Thawville","state":"Illinois","state_ab":"IL","county":"Iroquois","geo_location":{ "type": "Point", "coordinates": [-88.0999, 40.684] }},
{"zip_code":"62975","country":"US","city":"Pomona","state":"Illinois","state_ab":"IL","county":"Jackson","geo_location":{ "type": "Point", "coordinates": [-89.3693, 37.6501] }},
{"zip_code":"62432","country":"US","city":"Hidalgo","state":"Illinois","state_ab":"IL","county":"Jasper","geo_location":{ "type": "Point", "coordinates": [-88.1397, 39.1228] }},
{"zip_code":"62872","country":"US","city":"Opdyke","state":"Illinois","state_ab":"IL","county":"Jefferson","geo_location":{ "type": "Point", "coordinates": [-88.775, 38.275] }},
{"zip_code":"62898","country":"US","city":"Woodlawn","state":"Illinois","state_ab":"IL","county":"Jefferson","geo_location":{ "type": "Point", "coordinates": [-89.0745, 38.3844] }},
{"zip_code":"61028","country":"US","city":"Elizabeth","state":"Illinois","state_ab":"IL","county":"Jo Daviess","geo_location":{ "type": "Point", "coordinates": [-90.1986, 42.3089] }},
{"zip_code":"62908","country":"US","city":"Belknap","state":"Illinois","state_ab":"IL","county":"Johnson","geo_location":{ "type": "Point", "coordinates": [-88.9507, 37.3266] }},
{"zip_code":"60182","country":"US","city":"Virgil","state":"Illinois","state_ab":"IL","county":"Kane","geo_location":{ "type": "Point", "coordinates": [-88.5991, 41.9087] }},
{"zip_code":"60502","country":"US","city":"Aurora","state":"Illinois","state_ab":"IL","county":"Kane County","geo_location":{ "type": "Point", "coordinates": [-88.2616, 41.7845] }},
{"zip_code":"60542","country":"US","city":"North Aurora","state":"Illinois","state_ab":"IL","county":"Kane","geo_location":{ "type": "Point", "coordinates": [-88.3274, 41.8089] }},
{"zip_code":"60568","country":"US","city":"Aurora","state":"Illinois","state_ab":"IL","county":"Kane","geo_location":{ "type": "Point", "coordinates": [-88.4324, 41.9356] }},
{"zip_code":"60902","country":"US","city":"Kankakee","state":"Illinois","state_ab":"IL","county":"Kankakee","geo_location":{ "type": "Point", "coordinates": [-87.889, 41.1465] }},
{"zip_code":"60915","country":"US","city":"Bradley","state":"Illinois","state_ab":"IL","county":"Kankakee","geo_location":{ "type": "Point", "coordinates": [-87.8601, 41.1454] }},
{"zip_code":"61402","country":"US","city":"Galesburg","state":"Illinois","state_ab":"IL","county":"Knox","geo_location":{ "type": "Point", "coordinates": [-90.2144, 40.9322] }},
{"zip_code":"61428","country":"US","city":"Dahinda","state":"Illinois","state_ab":"IL","county":"Knox","geo_location":{ "type": "Point", "coordinates": [-90.1398, 40.9551] }},
{"zip_code":"61572","country":"US","city":"Yates City","state":"Illinois","state_ab":"IL","county":"Knox","geo_location":{ "type": "Point", "coordinates": [-90.0265, 40.7878] }},
{"zip_code":"60092","country":"US","city":"Libertyville","state":"Illinois","state_ab":"IL","county":"Lake","geo_location":{ "type": "Point", "coordinates": [-87.6101, 42.3228] }},
{"zip_code":"61325","country":"US","city":"Grand Ridge","state":"Illinois","state_ab":"IL","county":"La Salle","geo_location":{ "type": "Point", "coordinates": [-88.8168, 41.2386] }},
{"zip_code":"61042","country":"US","city":"Harmon","state":"Illinois","state_ab":"IL","county":"Lee","geo_location":{ "type": "Point", "coordinates": [-89.5695, 41.6973] }},
{"zip_code":"61378","country":"US","city":"West Brooklyn","state":"Illinois","state_ab":"IL","county":"Lee","geo_location":{ "type": "Point", "coordinates": [-89.1909, 41.7292] }},
{"zip_code":"62548","country":"US","city":"Mount Pulaski","state":"Illinois","state_ab":"IL","county":"Logan","geo_location":{ "type": "Point", "coordinates": [-89.2935, 40.0045] }},
{"zip_code":"61455","country":"US","city":"Macomb","state":"Illinois","state_ab":"IL","county":"McDonough","geo_location":{ "type": "Point", "coordinates": [-90.6787, 40.4617] }},
{"zip_code":"60012","country":"US","city":"Crystal Lake","state":"Illinois","state_ab":"IL","county":"McHenry","geo_location":{ "type": "Point", "coordinates": [-88.3213, 42.2662] }},
{"zip_code":"60102","country":"US","city":"Algonquin","state":"Illinois","state_ab":"IL","county":"McHenry","geo_location":{ "type": "Point", "coordinates": [-88.3064, 42.1641] }},
{"zip_code":"60142","country":"US","city":"Huntley","state":"Illinois","state_ab":"IL","county":"McHenry","geo_location":{ "type": "Point", "coordinates": [-88.4268, 42.1756] }},
{"zip_code":"61725","country":"US","city":"Carlock","state":"Illinois","state_ab":"IL","county":"McLean","geo_location":{ "type": "Point", "coordinates": [-89.1098, 40.6029] }},
{"zip_code":"61752","country":"US","city":"Le Roy","state":"Illinois","state_ab":"IL","county":"McLean","geo_location":{ "type": "Point", "coordinates": [-88.7598, 40.3468] }},
{"zip_code":"62522","country":"US","city":"Decatur","state":"Illinois","state_ab":"IL","county":"Macon","geo_location":{ "type": "Point", "coordinates": [-88.9861, 39.8432] }},
{"zip_code":"62535","country":"US","city":"Forsyth","state":"Illinois","state_ab":"IL","county":"Macon","geo_location":{ "type": "Point", "coordinates": [-88.9691, 39.9248] }},
{"zip_code":"62085","country":"US","city":"Sawyerville","state":"Illinois","state_ab":"IL","county":"Macoupin","geo_location":{ "type": "Point", "coordinates": [-89.8043, 39.0828] }},
{"zip_code":"62018","country":"US","city":"Cottage Hills","state":"Illinois","state_ab":"IL","county":"Madison","geo_location":{ "type": "Point", "coordinates": [-90.0826, 38.9124] }},
{"zip_code":"62058","country":"US","city":"Livingston","state":"Illinois","state_ab":"IL","county":"Madison","geo_location":{ "type": "Point", "coordinates": [-89.7668, 38.969] }},
{"zip_code":"61532","country":"US","city":"Forest City","state":"Illinois","state_ab":"IL","county":"Mason","geo_location":{ "type": "Point", "coordinates": [-89.8334, 40.3594] }},
{"zip_code":"61442","country":"US","city":"Keithsburg","state":"Illinois","state_ab":"IL","county":"Mercer","geo_location":{ "type": "Point", "coordinates": [-90.9263, 41.1043] }},
{"zip_code":"62032","country":"US","city":"Fillmore","state":"Illinois","state_ab":"IL","county":"Montgomery","geo_location":{ "type": "Point", "coordinates": [-89.2946, 39.1039] }},
{"zip_code":"62638","country":"US","city":"Franklin","state":"Illinois","state_ab":"IL","county":"Morgan","geo_location":{ "type": "Point", "coordinates": [-90.0889, 39.6222] }},
{"zip_code":"62665","country":"US","city":"Meredosia","state":"Illinois","state_ab":"IL","county":"Morgan","geo_location":{ "type": "Point", "coordinates": [-90.5339, 39.8173] }},
{"zip_code":"62692","country":"US","city":"Waverly","state":"Illinois","state_ab":"IL","county":"Morgan","geo_location":{ "type": "Point", "coordinates": [-89.9449, 39.587] }},
{"zip_code":"61015","country":"US","city":"Chana","state":"Illinois","state_ab":"IL","county":"Ogle","geo_location":{ "type": "Point", "coordinates": [-89.2117, 41.9933] }},
{"zip_code":"61068","country":"US","city":"Rochelle","state":"Illinois","state_ab":"IL","county":"Ogle","geo_location":{ "type": "Point", "coordinates": [-89.071, 41.9282] }},
{"zip_code":"61518","country":"US","city":"Brimfield","state":"Illinois","state_ab":"IL","county":"Peoria","geo_location":{ "type": "Point", "coordinates": [-89.7184, 40.7442] }},
{"zip_code":"61635","country":"US","city":"Peoria","state":"Illinois","state_ab":"IL","county":"Peoria","geo_location":{ "type": "Point", "coordinates": [-89.7184, 40.7442] }},
{"zip_code":"62238","country":"US","city":"Cutler","state":"Illinois","state_ab":"IL","county":"Perry","geo_location":{ "type": "Point", "coordinates": [-89.5661, 38.0427] }},
{"zip_code":"62832","country":"US","city":"Du Quoin","state":"Illinois","state_ab":"IL","county":"Perry","geo_location":{ "type": "Point", "coordinates": [-89.2333, 38.0137] }},
{"zip_code":"61855","country":"US","city":"Milmine","state":"Illinois","state_ab":"IL","county":"Piatt","geo_location":{ "type": "Point", "coordinates": [-88.6599, 39.9238] }},
{"zip_code":"62355","country":"US","city":"Nebo","state":"Illinois","state_ab":"IL","county":"Pike","geo_location":{ "type": "Point", "coordinates": [-90.7692, 39.4202] }},
{"zip_code":"62278","country":"US","city":"Red Bud","state":"Illinois","state_ab":"IL","county":"Randolph","geo_location":{ "type": "Point", "coordinates": [-89.9884, 38.1907] }},
{"zip_code":"62292","country":"US","city":"Tilden","state":"Illinois","state_ab":"IL","county":"Randolph","geo_location":{ "type": "Point", "coordinates": [-89.6895, 38.2122] }},
{"zip_code":"61275","country":"US","city":"Port Byron","state":"Illinois","state_ab":"IL","county":"Rock Island","geo_location":{ "type": "Point", "coordinates": [-90.3263, 41.6013] }},
{"zip_code":"62225","country":"US","city":"Scott Air Force Base","state":"Illinois","state_ab":"IL","county":"St. Clair","geo_location":{ "type": "Point", "coordinates": [-89.859, 38.5432] }},
{"zip_code":"62935","country":"US","city":"Galatia","state":"Illinois","state_ab":"IL","county":"Saline","geo_location":{ "type": "Point", "coordinates": [-88.6235, 37.8274] }},
{"zip_code":"62625","country":"US","city":"Cantrall","state":"Illinois","state_ab":"IL","county":"Sangamon","geo_location":{ "type": "Point", "coordinates": [-89.6891, 39.9169] }},
{"zip_code":"62702","country":"US","city":"Springfield","state":"Illinois","state_ab":"IL","county":"Sangamon","geo_location":{ "type": "Point", "coordinates": [-89.6465, 39.8317] }},
{"zip_code":"62715","country":"US","city":"Springfield","state":"Illinois","state_ab":"IL","county":"Sangamon","geo_location":{ "type": "Point", "coordinates": [-89.606, 39.7495] }},
{"zip_code":"61558","country":"US","city":"Pekin","state":"Illinois","state_ab":"IL","county":"Tazewell","geo_location":{ "type": "Point", "coordinates": [-89.61, 40.5545] }},
{"zip_code":"60942","country":"US","city":"Hoopeston","state":"Illinois","state_ab":"IL","county":"Vermilion","geo_location":{ "type": "Point", "coordinates": [-87.6662, 40.4639] }},
{"zip_code":"62845","country":"US","city":"Herald","state":"Illinois","state_ab":"IL","county":"White","geo_location":{ "type": "Point", "coordinates": [-88.1427, 38.0739] }},
{"zip_code":"62922","country":"US","city":"Creal Springs","state":"Illinois","state_ab":"IL","county":"Williamson","geo_location":{ "type": "Point", "coordinates": [-88.8807, 37.6284] }},
{"zip_code":"62948","country":"US","city":"Herrin","state":"Illinois","state_ab":"IL","county":"Williamson","geo_location":{ "type": "Point", "coordinates": [-89.0232, 37.8019] }},
{"zip_code":"61105","country":"US","city":"Rockford","state":"Illinois","state_ab":"IL","county":"Winnebago","geo_location":{ "type": "Point", "coordinates": [-89.1705, 42.3254] }},
{"zip_code":"61132","country":"US","city":"Loves Park","state":"Illinois","state_ab":"IL","county":"Winnebago","geo_location":{ "type": "Point", "coordinates": [-89.1705, 42.3254] }},
{"zip_code":"61545","country":"US","city":"Lowpoint","state":"Illinois","state_ab":"IL","county":"Woodford","geo_location":{ "type": "Point", "coordinates": [-89.3703, 40.8793] }},
{"zip_code":"61738","country":"US","city":"El Paso","state":"Illinois","state_ab":"IL","county":"Woodford","geo_location":{ "type": "Point", "coordinates": [-89.012, 40.7389] }},
{"zip_code":"46748","country":"US","city":"Huntertown","state":"Indiana","state_ab":"IN","county":"Allen","geo_location":{ "type": "Point", "coordinates": [-85.1677, 41.2391] }},
{"zip_code":"46825","country":"US","city":"Fort Wayne","state":"Indiana","state_ab":"IN","county":"Allen","geo_location":{ "type": "Point", "coordinates": [-85.1232, 41.1465] }},
{"zip_code":"46852","country":"US","city":"Fort Wayne","state":"Indiana","state_ab":"IN","county":"Allen","geo_location":{ "type": "Point", "coordinates": [-85.0707, 41.0938] }},
{"zip_code":"46865","country":"US","city":"Fort Wayne","state":"Indiana","state_ab":"IN","county":"Allen","geo_location":{ "type": "Point", "coordinates": [-85.0907, 41.1263] }},
{"zip_code":"46052","country":"US","city":"Lebanon","state":"Indiana","state_ab":"IN","county":"Boone","geo_location":{ "type": "Point", "coordinates": [-86.4641, 40.0449] }},
{"zip_code":"46102","country":"US","city":"Advance","state":"Indiana","state_ab":"IN","county":"Boone","geo_location":{ "type": "Point", "coordinates": [-86.6198, 39.9956] }},
{"zip_code":"46915","country":"US","city":"Burlington","state":"Indiana","state_ab":"IN","county":"Carroll","geo_location":{ "type": "Point", "coordinates": [-86.3866, 40.4777] }},
{"zip_code":"46942","country":"US","city":"Lake Cicott","state":"Indiana","state_ab":"IN","county":"Cass","geo_location":{ "type": "Point", "coordinates": [-86.3734, 40.7361] }},
{"zip_code":"47132","country":"US","city":"Jeffersonville","state":"Indiana","state_ab":"IN","county":"Clark","geo_location":{ "type": "Point", "coordinates": [-85.7321, 38.2868] }},
{"zip_code":"47172","country":"US","city":"Sellersburg","state":"Indiana","state_ab":"IN","county":"Clark","geo_location":{ "type": "Point", "coordinates": [-85.788, 38.4046] }},
{"zip_code":"47868","country":"US","city":"Poland","state":"Indiana","state_ab":"IN","county":"Clay","geo_location":{ "type": "Point", "coordinates": [-86.9631, 39.4462] }},
{"zip_code":"46065","country":"US","city":"Rossville","state":"Indiana","state_ab":"IN","county":"Clinton","geo_location":{ "type": "Point", "coordinates": [-86.608, 40.4109] }},
{"zip_code":"47118","country":"US","city":"English","state":"Indiana","state_ab":"IN","county":"Crawford","geo_location":{ "type": "Point", "coordinates": [-86.4429, 38.3258] }},
{"zip_code":"47145","country":"US","city":"Milltown","state":"Indiana","state_ab":"IN","county":"Crawford","geo_location":{ "type": "Point", "coordinates": [-86.3003, 38.3445] }},
{"zip_code":"47558","country":"US","city":"Montgomery","state":"Indiana","state_ab":"IN","county":"Daviess","geo_location":{ "type": "Point", "coordinates": [-87.0476, 38.6521] }}]}