{"value": [{"zip_code":"22214","country":"US","city":"Arlington","state":"Virginia","state_ab":"VA","county":"Arlington","geo_location":{ "type": "Point", "coordinates": [-77.0739, 38.8688] }},
{"zip_code":"22227","country":"US","city":"Arlington","state":"Virginia","state_ab":"VA","county":"Arlington","geo_location":{ "type": "Point", "coordinates": [-77.1129, 38.8808] }},
{"zip_code":"22241","country":"US","city":"Arlington","state":"Virginia","state_ab":"VA","county":"Arlington","geo_location":{ "type": "Point", "coordinates": [-77.1129, 38.8808] }},
{"zip_code":"24467","country":"US","city":"Mount Sidney","state":"Virginia","state_ab":"VA","county":"Augusta","geo_location":{ "type": "Point", "coordinates": [-78.973, 38.2612] }},
{"zip_code":"24104","country":"US","city":"Huddleston","state":"Virginia","state_ab":"VA","county":"Bedford","geo_location":{ "type": "Point", "coordinates": [-79.491, 37.1442] }},
{"zip_code":"24634","country":"US","city":"Pilgrims Knob","state":"Virginia","state_ab":"VA","county":"Buchanan","geo_location":{ "type": "Point", "coordinates": [-81.9024, 37.2746] }},
{"zip_code":"24647","country":"US","city":"Shortt Gap","state":"Virginia","state_ab":"VA","county":"Buchanan","geo_location":{ "type": "Point", "coordinates": [-82.0274, 37.288] }},
{"zip_code":"24517","country":"US","city":"Altavista","state":"Virginia","state_ab":"VA","county":"Campbell","geo_location":{ "type": "Point", "coordinates": [-79.2911, 37.1222] }},
{"zip_code":"24571","country":"US","city":"Lynch Station","state":"Virginia","state_ab":"VA","county":"Campbell","geo_location":{ "type": "Point", "coordinates": [-79.3297, 37.1528] }},
{"zip_code":"24351","country":"US","city":"Lambsburg","state":"Virginia","state_ab":"VA","county":"Carroll","geo_location":{ "type": "Point", "coordinates": [-80.7601, 36.5775] }},
{"zip_code":"23967","country":"US","city":"Saxe","state":"Virginia","state_ab":"VA","county":"Charlotte","geo_location":{ "type": "Point", "coordinates": [-78.6321, 36.9053] }},
{"zip_code":"23114","country":"US","city":"Midlothian","state":"Virginia","state_ab":"VA","county":"Chesterfield","geo_location":{ "type": "Point", "coordinates": [-77.6419, 37.4815] }},
{"zip_code":"23297","country":"US","city":"Richmond","state":"Virginia","state_ab":"VA","county":"Chesterfield","geo_location":{ "type": "Point", "coordinates": [-77.5613, 37.3897] }},
{"zip_code":"24131","country":"US","city":"Paint Bank","state":"Virginia","state_ab":"VA","county":"Craig","geo_location":{ "type": "Point", "coordinates": [-80.2544, 37.5745] }},
{"zip_code":"23037","country":"US","city":"Cologne","state":"Virginia","state_ab":"VA","county":"Cumberland County","geo_location":{ "type": "Point", "coordinates": [-76.6834, 37.5559] }},
{"zip_code":"24607","country":"US","city":"Breaks","state":"Virginia","state_ab":"VA","county":"Dickenson","geo_location":{ "type": "Point", "coordinates": [-82.3449, 37.1309] }},
{"zip_code":"20171","country":"US","city":"Herndon","state":"Virginia","state_ab":"VA","county":"Fairfax","geo_location":{ "type": "Point", "coordinates": [-77.3928, 38.9252] }},
{"zip_code":"22021","country":"US","city":"Chantilly","state":"Virginia","state_ab":"VA","county":"Fairfax County","geo_location":{ "type": "Point", "coordinates": [-77.4311, 38.8858] }},
{"zip_code":"22034","country":"US","city":"Fairfax","state":"Virginia","state_ab":"VA","county":"Fairfax","geo_location":{ "type": "Point", "coordinates": [-77.2888, 38.8318] }},
{"zip_code":"22047","country":"US","city":"Falls Church","state":"Virginia","state_ab":"VA","county":"Fairfax","geo_location":{ "type": "Point", "coordinates": [-77.2888, 38.8318] }},
{"zip_code":"22124","country":"US","city":"Oakton","state":"Virginia","state_ab":"VA","county":"Fairfax","geo_location":{ "type": "Point", "coordinates": [-77.3233, 38.8852] }},
{"zip_code":"22151","country":"US","city":"Springfield","state":"Virginia","state_ab":"VA","county":"Fairfax","geo_location":{ "type": "Point", "coordinates": [-77.2116, 38.8029] }},
{"zip_code":"20144","country":"US","city":"Delaplane","state":"Virginia","state_ab":"VA","county":"Fauquier","geo_location":{ "type": "Point", "coordinates": [-77.9674, 38.9113] }},
{"zip_code":"20184","country":"US","city":"Upperville","state":"Virginia","state_ab":"VA","county":"Fauquier","geo_location":{ "type": "Point", "coordinates": [-77.8847, 38.9627] }},
{"zip_code":"24067","country":"US","city":"Callaway","state":"Virginia","state_ab":"VA","county":"Franklin","geo_location":{ "type": "Point", "coordinates": [-80.0496, 37.0285] }},
{"zip_code":"24184","country":"US","city":"Wirtz","state":"Virginia","state_ab":"VA","county":"Franklin","geo_location":{ "type": "Point", "coordinates": [-79.7573, 37.0818] }},
{"zip_code":"22654","country":"US","city":"Star Tannery","state":"Virginia","state_ab":"VA","county":"Frederick","geo_location":{ "type": "Point", "coordinates": [-78.4343, 39.0908] }},
{"zip_code":"24094","country":"US","city":"Goldbond","state":"Virginia","state_ab":"VA","county":"Giles","geo_location":{ "type": "Point", "coordinates": [-80.5906, 37.3853] }},
{"zip_code":"23154","country":"US","city":"Schley","state":"Virginia","state_ab":"VA","county":"Gloucester","geo_location":{ "type": "Point", "coordinates": [-76.5084, 37.4182] }},
{"zip_code":"24597","country":"US","city":"Vernon Hill","state":"Virginia","state_ab":"VA","county":"Halifax","geo_location":{ "type": "Point", "coordinates": [-79.1095, 36.7853] }},
{"zip_code":"23231","country":"US","city":"Richmond","state":"Virginia","state_ab":"VA","county":"Henrico","geo_location":{ "type": "Point", "coordinates": [-77.368, 37.4915] }},
{"zip_code":"24054","country":"US","city":"Axton","state":"Virginia","state_ab":"VA","county":"Henry","geo_location":{ "type": "Point", "coordinates": [-79.7396, 36.6548] }},
{"zip_code":"23424","country":"US","city":"Rescue","state":"Virginia","state_ab":"VA","county":"Isle of Wight","geo_location":{ "type": "Point", "coordinates": [-76.5645, 36.9969] }},
{"zip_code":"23127","country":"US","city":"Norge","state":"Virginia","state_ab":"VA","county":"James City","geo_location":{ "type": "Point", "coordinates": [-76.7468, 37.3105] }},
{"zip_code":"23091","country":"US","city":"Little Plymouth","state":"Virginia","state_ab":"VA","county":"King and Queen","geo_location":{ "type": "Point", "coordinates": [-76.8255, 37.6642] }},
{"zip_code":"23181","country":"US","city":"West Point","state":"Virginia","state_ab":"VA","county":"King William","geo_location":{ "type": "Point", "coordinates": [-76.8237, 37.5556] }},
{"zip_code":"24221","country":"US","city":"Blackwater","state":"Virginia","state_ab":"VA","county":"Lee","geo_location":{ "type": "Point", "coordinates": [-82.9866, 36.639] }},
{"zip_code":"20104","country":"US","city":"Dulles","state":"Virginia","state_ab":"VA","county":"Loudoun","geo_location":{ "type": "Point", "coordinates": [-77.6452, 39.0853] }},
{"zip_code":"20117","country":"US","city":"Middleburg","state":"Virginia","state_ab":"VA","county":"Loudoun","geo_location":{ "type": "Point", "coordinates": [-77.6938, 39.0296] }},
{"zip_code":"20131","country":"US","city":"Philomont","state":"Virginia","state_ab":"VA","county":"Loudoun","geo_location":{ "type": "Point", "coordinates": [-77.7434, 39.058] }},
{"zip_code":"20197","country":"US","city":"Waterford","state":"Virginia","state_ab":"VA","county":"Loudoun","geo_location":{ "type": "Point", "coordinates": [-77.63, 39.1882] }},
{"zip_code":"23024","country":"US","city":"Bumpass","state":"Virginia","state_ab":"VA","county":"Louisa","geo_location":{ "type": "Point", "coordinates": [-77.7966, 37.8984] }},
{"zip_code":"23941","country":"US","city":"Fort Mitchell","state":"Virginia","state_ab":"VA","county":"Lunenburg","geo_location":{ "type": "Point", "coordinates": [-78.2483, 36.9481] }},
{"zip_code":"22731","country":"US","city":"Pratts","state":"Virginia","state_ab":"VA","county":"Madison","geo_location":{ "type": "Point", "coordinates": [-78.2573, 38.3366] }},
{"zip_code":"23064","country":"US","city":"Grimstead","state":"Virginia","state_ab":"VA","county":"Mathews","geo_location":{ "type": "Point", "coordinates": [-76.3, 37.4961] }},
{"zip_code":"23927","country":"US","city":"Clarksville","state":"Virginia","state_ab":"VA","county":"Mecklenburg","geo_location":{ "type": "Point", "coordinates": [-78.5121, 36.6107] }},
{"zip_code":"22951","country":"US","city":"Lowesville","state":"Virginia","state_ab":"VA","county":"Nelson County","geo_location":{ "type": "Point", "coordinates": [-79.088, 37.7526] }},
{"zip_code":"22964","country":"US","city":"Piney River","state":"Virginia","state_ab":"VA","county":"Nelson","geo_location":{ "type": "Point", "coordinates": [-78.9591, 37.8036] }},
{"zip_code":"23011","country":"US","city":"Barhamsville","state":"Virginia","state_ab":"VA","county":"New Kent","geo_location":{ "type": "Point", "coordinates": [-76.8321, 37.4617] }},
{"zip_code":"23141","country":"US","city":"Quinton","state":"Virginia","state_ab":"VA","county":"New Kent","geo_location":{ "type": "Point", "coordinates": [-77.1486, 37.5185] }},
{"zip_code":"23307","country":"US","city":"Birdsnest","state":"Virginia","state_ab":"VA","county":"Northampton","geo_location":{ "type": "Point", "coordinates": [-75.9043, 37.4321] }},
{"zip_code":"23347","country":"US","city":"Eastville","state":"Virginia","state_ab":"VA","county":"Northampton","geo_location":{ "type": "Point", "coordinates": [-75.9649, 37.3561] }},
{"zip_code":"22511","country":"US","city":"Lottsburg","state":"Virginia","state_ab":"VA","county":"Northumberland","geo_location":{ "type": "Point", "coordinates": [-76.5018, 37.9792] }},
{"zip_code":"23824","country":"US","city":"Blackstone","state":"Virginia","state_ab":"VA","county":"Nottoway","geo_location":{ "type": "Point", "coordinates": [-77.9851, 37.0916] }},
{"zip_code":"24171","country":"US","city":"Stuart","state":"Virginia","state_ab":"VA","county":"Patrick","geo_location":{ "type": "Point", "coordinates": [-80.2392, 36.6517] }},
{"zip_code":"24531","country":"US","city":"Chatham","state":"Virginia","state_ab":"VA","county":"Pittsylvania","geo_location":{ "type": "Point", "coordinates": [-79.4297, 36.831] }},
{"zip_code":"24557","country":"US","city":"Gretna","state":"Virginia","state_ab":"VA","county":"Pittsylvania","geo_location":{ "type": "Point", "coordinates": [-79.3389, 36.9695] }},
{"zip_code":"23101","country":"US","city":"Macon","state":"Virginia","state_ab":"VA","county":"Powhatan","geo_location":{ "type": "Point", "coordinates": [-77.893, 37.5533] }},
{"zip_code":"23901","country":"US","city":"Farmville","state":"Virginia","state_ab":"VA","county":"Prince Edward","geo_location":{ "type": "Point", "coordinates": [-78.4076, 37.3027] }},
{"zip_code":"23954","country":"US","city":"Meherrin","state":"Virginia","state_ab":"VA","county":"Prince Edward","geo_location":{ "type": "Point", "coordinates": [-78.3874, 37.1013] }},
{"zip_code":"22191","country":"US","city":"Woodbridge","state":"Virginia","state_ab":"VA","county":"Prince William","geo_location":{ "type": "Point", "coordinates": [-77.2683, 38.6356] }},
{"zip_code":"24324","country":"US","city":"Draper","state":"Virginia","state_ab":"VA","county":"Pulaski","geo_location":{ "type": "Point", "coordinates": [-80.8188, 36.9697] }},
{"zip_code":"22627","country":"US","city":"Flint Hill","state":"Virginia","state_ab":"VA","county":"Rappahannock","geo_location":{ "type": "Point", "coordinates": [-78.0756, 38.7337] }},
{"zip_code":"22461","country":"US","city":"Foneswood","state":"Virginia","state_ab":"VA","county":"Richmond County","geo_location":{ "type": "Point", "coordinates": [-76.9011, 38.1046] }},
{"zip_code":"22821","country":"US","city":"Dayton","state":"Virginia","state_ab":"VA","county":"Rockingham","geo_location":{ "type": "Point", "coordinates": [-79.085, 38.4707] }},
{"zip_code":"22834","country":"US","city":"Linville","state":"Virginia","state_ab":"VA","county":"Rockingham","geo_location":{ "type": "Point", "coordinates": [-78.8961, 38.5557] }},
{"zip_code":"24441","country":"US","city":"Grottoes","state":"Virginia","state_ab":"VA","county":"Rockingham","geo_location":{ "type": "Point", "coordinates": [-78.8255, 38.2484] }},
{"zip_code":"22641","country":"US","city":"Strasburg","state":"Virginia","state_ab":"VA","county":"Shenandoah","geo_location":{ "type": "Point", "coordinates": [-78.3913, 39.0808] }},
{"zip_code":"22847","country":"US","city":"Quicksburg","state":"Virginia","state_ab":"VA","county":"Shenandoah","geo_location":{ "type": "Point", "coordinates": [-78.7213, 38.7201] }},
{"zip_code":"24311","country":"US","city":"Atkins","state":"Virginia","state_ab":"VA","county":"Smyth","geo_location":{ "type": "Point", "coordinates": [-81.4048, 36.8665] }},
{"zip_code":"23837","country":"US","city":"Courtland","state":"Virginia","state_ab":"VA","county":"Southampton","geo_location":{ "type": "Point", "coordinates": [-77.0783, 36.7225] }},
{"zip_code":"22407","country":"US","city":"Fredericksburg","state":"Virginia","state_ab":"VA","county":"Spotsylvania","geo_location":{ "type": "Point", "coordinates": [-77.5476, 38.2688] }},
{"zip_code":"22551","country":"US","city":"Spotsylvania","state":"Virginia","state_ab":"VA","county":"Spotsylvania County","geo_location":{ "type": "Point", "coordinates": [-77.6854, 38.162] }},
{"zip_code":"23891","country":"US","city":"Waverly","state":"Virginia","state_ab":"VA","county":"Sussex","geo_location":{ "type": "Point", "coordinates": [-77.2124, 37.0508] }},
{"zip_code":"24377","country":"US","city":"Tannersville","state":"Virginia","state_ab":"VA","county":"Tazewell","geo_location":{ "type": "Point", "coordinates": [-81.628, 36.9763] }},
{"zip_code":"22524","country":"US","city":"Mount Holly","state":"Virginia","state_ab":"VA","county":"Westmoreland","geo_location":{ "type": "Point", "coordinates": [-76.6805, 38.1182] }},
{"zip_code":"22577","country":"US","city":"Sandy Point","state":"Virginia","state_ab":"VA","county":"Westmoreland","geo_location":{ "type": "Point", "coordinates": [-76.5503, 38.0673] }},
{"zip_code":"22421","country":"US","city":"Kilmarnock","state":"Virginia","state_ab":"VA","county":"Wise County","geo_location":{ "type": "Point", "coordinates": [-76.5081, 37.8085] }},
{"zip_code":"22304","country":"US","city":"Alexandria","state":"Virginia","state_ab":"VA","county":"Alexandria (city)","geo_location":{ "type": "Point", "coordinates": [-77.121, 38.8149] }},
{"zip_code":"22331","country":"US","city":"Alexandria","state":"Virginia","state_ab":"VA","county":"Alexandria (city)","geo_location":{ "type": "Point", "coordinates": [-77.0707, 38.8013] }},
{"zip_code":"23321","country":"US","city":"Chesapeake","state":"Virginia","state_ab":"VA","county":"Chesapeake (city)","geo_location":{ "type": "Point", "coordinates": [-76.423, 36.8012] }},
{"zip_code":"24544","country":"US","city":"Danville","state":"Virginia","state_ab":"VA","county":"Danville (city)","geo_location":{ "type": "Point", "coordinates": [-79.411, 36.5927] }},
{"zip_code":"23851","country":"US","city":"Franklin","state":"Virginia","state_ab":"VA","county":"Franklin (city)","geo_location":{ "type": "Point", "coordinates": [-76.9391, 36.6786] }},
{"zip_code":"23631","country":"US","city":"Hampton","state":"Virginia","state_ab":"VA","county":"Hampton (city)","geo_location":{ "type": "Point", "coordinates": [-76.3899, 37.0727] }},
{"zip_code":"22807","country":"US","city":"Harrisonburg","state":"Virginia","state_ab":"VA","county":"Harrisonburg (city)","geo_location":{ "type": "Point", "coordinates": [-78.8742, 38.4409] }},
{"zip_code":"24504","country":"US","city":"Lynchburg","state":"Virginia","state_ab":"VA","county":"Lynchburg (city)","geo_location":{ "type": "Point", "coordinates": [-79.0544, 37.361] }},
{"zip_code":"22111","country":"US","city":"Manassas","state":"Virginia","state_ab":"VA","county":"City of Manassas","geo_location":{ "type": "Point", "coordinates": [-77.4391, 38.7202] }},
{"zip_code":"23604","country":"US","city":"Fort Eustis","state":"Virginia","state_ab":"VA","county":"Newport News (city)","geo_location":{ "type": "Point", "coordinates": [-76.5845, 37.1574] }},
{"zip_code":"23501","country":"US","city":"Norfolk","state":"Virginia","state_ab":"VA","county":"Norfolk (city)","geo_location":{ "type": "Point", "coordinates": [-76.2085, 36.8959] }},
{"zip_code":"23514","country":"US","city":"Norfolk","state":"Virginia","state_ab":"VA","county":"Norfolk (city)","geo_location":{ "type": "Point", "coordinates": [-76.2397, 36.9312] }},
{"zip_code":"23541","country":"US","city":"Norfolk","state":"Virginia","state_ab":"VA","county":"Norfolk (city)","geo_location":{ "type": "Point", "coordinates": [-76.2397, 36.9312] }},
{"zip_code":"23707","country":"US","city":"Portsmouth","state":"Virginia","state_ab":"VA","county":"Portsmouth (city)","geo_location":{ "type": "Point", "coordinates": [-76.344, 36.8362] }},
{"zip_code":"23204","country":"US","city":"Richmond","state":"Virginia","state_ab":"VA","county":"City of Richmond","geo_location":{ "type": "Point", "coordinates": [-77.4471, 37.5593] }},
{"zip_code":"23217","country":"US","city":"Richmond","state":"Virginia","state_ab":"VA","county":"City of Richmond","geo_location":{ "type": "Point", "coordinates": [-77.4471, 37.5593] }},
{"zip_code":"23284","country":"US","city":"Richmond","state":"Virginia","state_ab":"VA","county":"Richmond (city)","geo_location":{ "type": "Point", "coordinates": [-77.4512, 37.5494] }},
{"zip_code":"24001","country":"US","city":"Roanoke","state":"Virginia","state_ab":"VA","county":"Roanoke (city)","geo_location":{ "type": "Point", "coordinates": [-79.9579, 37.2742] }},
{"zip_code":"24014","country":"US","city":"Roanoke","state":"Virginia","state_ab":"VA","county":"Roanoke (city)","geo_location":{ "type": "Point", "coordinates": [-79.9463, 37.2327] }},
{"zip_code":"24027","country":"US","city":"Roanoke","state":"Virginia","state_ab":"VA","county":"Roanoke (city)","geo_location":{ "type": "Point", "coordinates": [-79.9579, 37.2742] }},
{"zip_code":"24157","country":"US","city":"Salem","state":"Virginia","state_ab":"VA","county":"Salem (city)","geo_location":{ "type": "Point", "coordinates": [-80.0671, 37.2884] }},
{"zip_code":"24401","country":"US","city":"Staunton","state":"Virginia","state_ab":"VA","county":"Staunton (city)","geo_location":{ "type": "Point", "coordinates": [-79.0651, 38.1574] }},
{"zip_code":"23437","country":"US","city":"Suffolk","state":"Virginia","state_ab":"VA","county":"Suffolk (city)","geo_location":{ "type": "Point", "coordinates": [-76.792, 36.6526] }},
{"zip_code":"23451","country":"US","city":"Virginia Beach","state":"Virginia","state_ab":"VA","county":"Virginia Beach (city)","geo_location":{ "type": "Point", "coordinates": [-76.0019, 36.8585] }},
{"zip_code":"23464","country":"US","city":"Virginia Beach","state":"Virginia","state_ab":"VA","county":"Virginia Beach (city)","geo_location":{ "type": "Point", "coordinates": [-76.1759, 36.7978] }},
{"zip_code":"22601","country":"US","city":"Winchester","state":"Virginia","state_ab":"VA","county":"Winchester (city)","geo_location":{ "type": "Point", "coordinates": [-78.1827, 39.1858] }},
{"zip_code":"5491","country":"US","city":"Vergennes","state":"Vermont","state_ab":"VT","county":"Addison","geo_location":{ "type": "Point", "coordinates": [-73.2793, 44.1326] }},
{"zip_code":"5734","country":"US","city":"Bridport","state":"Vermont","state_ab":"VT","county":"Addison","geo_location":{ "type": "Point", "coordinates": [-73.3476, 43.9538] }},
{"zip_code":"5747","country":"US","city":"Granville","state":"Vermont","state_ab":"VT","county":"Addison","geo_location":{ "type": "Point", "coordinates": [-72.8245, 43.9849] }},
{"zip_code":"5257","country":"US","city":"North Bennington","state":"Vermont","state_ab":"VT","county":"Bennington","geo_location":{ "type": "Point", "coordinates": [-73.2505, 42.9665] }},
{"zip_code":"5851","country":"US","city":"Lyndonville","state":"Vermont","state_ab":"VT","county":"Caledonia","geo_location":{ "type": "Point", "coordinates": [-72.0715, 44.5555] }},
{"zip_code":"5451","country":"US","city":"Essex","state":"Vermont","state_ab":"VT","county":"Chittenden","geo_location":{ "type": "Point", "coordinates": [-73.0503, 44.5084] }},
{"zip_code":"5477","country":"US","city":"Richmond","state":"Vermont","state_ab":"VT","county":"Chittenden","geo_location":{ "type": "Point", "coordinates": [-72.9533, 44.3873] }},
{"zip_code":"5824","country":"US","city":"Concord","state":"Vermont","state_ab":"VT","county":"Essex","geo_location":{ "type": "Point", "coordinates": [-71.8676, 44.4461] }},
{"zip_code":"5837","country":"US","city":"East Haven","state":"Vermont","state_ab":"VT","county":"Essex","geo_location":{ "type": "Point", "coordinates": [-71.8675, 44.6517] }},
{"zip_code":"5901","country":"US","city":"Averill","state":"Vermont","state_ab":"VT","county":"Essex","geo_location":{ "type": "Point", "coordinates": [-71.7194, 44.6808] }},
{"zip_code":"5464","country":"US","city":"Jeffersonville","state":"Vermont","state_ab":"VT","county":"Lamoille","geo_location":{ "type": "Point", "coordinates": [-72.822, 44.6388] }},
{"zip_code":"5657","country":"US","city":"Lake Elmore","state":"Vermont","state_ab":"VT","county":"Lamoille","geo_location":{ "type": "Point", "coordinates": [-72.6475, 44.5999] }},
{"zip_code":"5051","country":"US","city":"Newbury","state":"Vermont","state_ab":"VT","county":"Orange","geo_location":{ "type": "Point", "coordinates": [-72.1187, 44.0683] }},
{"zip_code":"5077","country":"US","city":"Tunbridge","state":"Vermont","state_ab":"VT","county":"Orange","geo_location":{ "type": "Point", "coordinates": [-72.4786, 43.9169] }},
{"zip_code":"5761","country":"US","city":"Pawlet","state":"Vermont","state_ab":"VT","county":"Rutland","geo_location":{ "type": "Point", "coordinates": [-73.1444, 43.3587] }},
{"zip_code":"5774","country":"US","city":"Wells","state":"Vermont","state_ab":"VT","county":"Rutland","geo_location":{ "type": "Point", "coordinates": [-73.2027, 43.4305] }},
{"zip_code":"5604","country":"US","city":"Montpelier","state":"Vermont","state_ab":"VT","county":"Washington","geo_location":{ "type": "Point", "coordinates": [-72.585, 44.2595] }},
{"zip_code":"5671","country":"US","city":"Waterbury","state":"Vermont","state_ab":"VT","county":"Washington","geo_location":{ "type": "Point", "coordinates": [-72.585, 44.2595] }},
{"zip_code":"5101","country":"US","city":"Bellows Falls","state":"Vermont","state_ab":"VT","county":"Windham","geo_location":{ "type": "Point", "coordinates": [-72.4664, 43.1482] }},
{"zip_code":"5141","country":"US","city":"Cambridgeport","state":"Vermont","state_ab":"VT","county":"Windham","geo_location":{ "type": "Point", "coordinates": [-72.7204, 42.9947] }},
{"zip_code":"5154","country":"US","city":"Saxtons River","state":"Vermont","state_ab":"VT","county":"Windham","geo_location":{ "type": "Point", "coordinates": [-72.5319, 43.1647] }},
{"zip_code":"5361","country":"US","city":"Whitingham","state":"Vermont","state_ab":"VT","county":"Windham","geo_location":{ "type": "Point", "coordinates": [-72.856, 42.7901] }},
{"zip_code":"5037","country":"US","city":"Brownsville","state":"Vermont","state_ab":"VT","county":"Windsor","geo_location":{ "type": "Point", "coordinates": [-72.4944, 43.4646] }},
{"zip_code":"5091","country":"US","city":"Woodstock","state":"Vermont","state_ab":"VT","county":"Windsor","geo_location":{ "type": "Point", "coordinates": [-72.5385, 43.6248] }},
{"zip_code":"99401","country":"US","city":"Anatone","state":"Washington","state_ab":"WA","county":"Asotin","geo_location":{ "type": "Point", "coordinates": [-117.0883, 46.1285] }},
{"zip_code":"99337","country":"US","city":"Kennewick","state":"Washington","state_ab":"WA","county":"Benton","geo_location":{ "type": "Point", "coordinates": [-119.1383, 46.1814] }},
{"zip_code":"98811","country":"US","city":"Ardenvoir","state":"Washington","state_ab":"WA","county":"Chelan","geo_location":{ "type": "Point", "coordinates": [-120.3291, 47.7085] }},
{"zip_code":"98334","country":"US","city":"Sequim","state":"Washington","state_ab":"WA","county":"Clallam County","geo_location":{ "type": "Point", "coordinates": [-122.9145, 48.05] }},
{"zip_code":"98604","country":"US","city":"Battle Ground","state":"Washington","state_ab":"WA","county":"Clark","geo_location":{ "type": "Point", "coordinates": [-122.5318, 45.7907] }},
{"zip_code":"98671","country":"US","city":"Washougal","state":"Washington","state_ab":"WA","county":"Clark","geo_location":{ "type": "Point", "coordinates": [-122.3104, 45.5959] }},
{"zip_code":"98684","country":"US","city":"Vancouver","state":"Washington","state_ab":"WA","county":"Clark","geo_location":{ "type": "Point", "coordinates": [-122.5155, 45.6359] }},
{"zip_code":"98581","country":"US","city":"Ryderwood","state":"Washington","state_ab":"WA","county":"Cowlitz","geo_location":{ "type": "Point", "coordinates": [-123.0431, 46.3752] }},
{"zip_code":"98824","country":"US","city":"George","state":"Washington","state_ab":"WA","county":"Grant","geo_location":{ "type": "Point", "coordinates": [-119.8601, 47.0792] }},
{"zip_code":"98837","country":"US","city":"Moses Lake","state":"Washington","state_ab":"WA","county":"Grant","geo_location":{ "type": "Point", "coordinates": [-119.2891, 47.1374] }},
{"zip_code":"98851","country":"US","city":"Soap Lake","state":"Washington","state_ab":"WA","county":"Grant","geo_location":{ "type": "Point", "coordinates": [-119.486, 47.383] }},
{"zip_code":"98541","country":"US","city":"Elma","state":"Washington","state_ab":"WA","county":"Grays Harbor","geo_location":{ "type": "Point", "coordinates": [-123.3997, 47.0058] }},
{"zip_code":"98011","country":"US","city":"Bothell","state":"Washington","state_ab":"WA","county":"King","geo_location":{ "type": "Point", "coordinates": [-122.2159, 47.7497] }},
{"zip_code":"98024","country":"US","city":"Fall City","state":"Washington","state_ab":"WA","county":"King","geo_location":{ "type": "Point", "coordinates": [-121.8896, 47.5682] }},
{"zip_code":"98051","country":"US","city":"Ravensdale","state":"Washington","state_ab":"WA","county":"King","geo_location":{ "type": "Point", "coordinates": [-121.8874, 47.3407] }},
{"zip_code":"98064","country":"US","city":"Kent","state":"Washington","state_ab":"WA","county":"King","geo_location":{ "type": "Point", "coordinates": [-121.8034, 47.4323] }},
{"zip_code":"98101","country":"US","city":"Seattle","state":"Washington","state_ab":"WA","county":"King","geo_location":{ "type": "Point", "coordinates": [-122.3305, 47.6114] }},
{"zip_code":"98114","country":"US","city":"Seattle","state":"Washington","state_ab":"WA","county":"King","geo_location":{ "type": "Point", "coordinates": [-121.8034, 47.4323] }},
{"zip_code":"98127","country":"US","city":"Seattle","state":"Washington","state_ab":"WA","county":"King County","geo_location":{ "type": "Point", "coordinates": [-122.3308, 47.6063] }},
{"zip_code":"98141","country":"US","city":"Seattle","state":"Washington","state_ab":"WA","county":"King County","geo_location":{ "type": "Point", "coordinates": [-122.3445, 47.6157] }},
{"zip_code":"98154","country":"US","city":"Seattle","state":"Washington","state_ab":"WA","county":"King","geo_location":{ "type": "Point", "coordinates": [-121.8034, 47.4323] }},
{"zip_code":"98181","country":"US","city":"Seattle","state":"Washington","state_ab":"WA","county":"King","geo_location":{ "type": "Point", "coordinates": [-121.8034, 47.4323] }},
{"zip_code":"98194","country":"US","city":"Seattle","state":"Washington","state_ab":"WA","county":"King County","geo_location":{ "type": "Point", "coordinates": [-122.326, 47.6024] }},
{"zip_code":"98941","country":"US","city":"Roslyn","state":"Washington","state_ab":"WA","county":"Kittitas","geo_location":{ "type": "Point", "coordinates": [-121.0025, 47.2233] }},
{"zip_code":"98617","country":"US","city":"Dallesport","state":"Washington","state_ab":"WA","county":"Klickitat","geo_location":{ "type": "Point", "coordinates": [-121.1717, 45.6327] }},
{"zip_code":"98361","country":"US","city":"Packwood","state":"Washington","state_ab":"WA","county":"Lewis","geo_location":{ "type": "Point", "coordinates": [-121.6553, 46.65] }},
{"zip_code":"99117","country":"US","city":"Creston","state":"Washington","state_ab":"WA","county":"Lincoln","geo_location":{ "type": "Point", "coordinates": [-118.5307, 47.7977] }},
{"zip_code":"99144","country":"US","city":"Lamona","state":"Washington","state_ab":"WA","county":"Lincoln","geo_location":{ "type": "Point", "coordinates": [-118.5043, 47.3778] }},
{"zip_code":"98527","country":"US","city":"Bay Center","state":"Washington","state_ab":"WA","county":"Pacific","geo_location":{ "type": "Point", "coordinates": [-123.885, 46.6371] }},
{"zip_code":"98554","country":"US","city":"Lebam","state":"Washington","state_ab":"WA","county":"Pacific","geo_location":{ "type": "Point", "coordinates": [-123.5479, 46.5614] }},
{"zip_code":"98631","country":"US","city":"Long Beach","state":"Washington","state_ab":"WA","county":"Pacific","geo_location":{ "type": "Point", "coordinates": [-124.047, 46.3774] }},
{"zip_code":"98644","country":"US","city":"Seaview","state":"Washington","state_ab":"WA","county":"Pacific","geo_location":{ "type": "Point", "coordinates": [-124.0455, 46.3308] }},
{"zip_code":"98321","country":"US","city":"Buckley","state":"Washington","state_ab":"WA","county":"Pierce","geo_location":{ "type": "Point", "coordinates": [-122.0621, 47.1524] }},
{"zip_code":"98374","country":"US","city":"Puyallup","state":"Washington","state_ab":"WA","county":"Pierce","geo_location":{ "type": "Point", "coordinates": [-122.2652, 47.1424] }},
{"zip_code":"98387","country":"US","city":"Spanaway","state":"Washington","state_ab":"WA","county":"Pierce","geo_location":{ "type": "Point", "coordinates": [-122.3943, 47.0732] }},
{"zip_code":"98411","country":"US","city":"Tacoma","state":"Washington","state_ab":"WA","county":"Pierce","geo_location":{ "type": "Point", "coordinates": [-122.1132, 47.0662] }},
{"zip_code":"98424","country":"US","city":"Tacoma","state":"Washington","state_ab":"WA","county":"Pierce","geo_location":{ "type": "Point", "coordinates": [-122.3594, 47.2325] }},
{"zip_code":"98464","country":"US","city":"Tacoma","state":"Washington","state_ab":"WA","county":"Pierce","geo_location":{ "type": "Point", "coordinates": [-122.1132, 47.0662] }},
{"zip_code":"98477","country":"US","city":"Tacoma","state":"Washington","state_ab":"WA","county":"Pierce","geo_location":{ "type": "Point", "coordinates": [-122.1132, 47.0662] }},
{"zip_code":"98297","country":"US","city":"Waldron","state":"Washington","state_ab":"WA","county":"San Juan","geo_location":{ "type": "Point", "coordinates": [-122.9837, 48.5578] }},
{"zip_code":"98257","country":"US","city":"La Conner","state":"Washington","state_ab":"WA","county":"Skagit","geo_location":{ "type": "Point", "coordinates": [-122.5313, 48.4093] }},
{"zip_code":"98284","country":"US","city":"Sedro Woolley","state":"Washington","state_ab":"WA","county":"Skagit","geo_location":{ "type": "Point", "coordinates": [-122.2329, 48.5274] }},
{"zip_code":"98037","country":"US","city":"Lynnwood","state":"Washington","state_ab":"WA","county":"Snohomish","geo_location":{ "type": "Point", "coordinates": [-122.2855, 47.8392] }},
{"zip_code":"98077","country":"US","city":"Woodinville","state":"Washington","state_ab":"WA","county":"Snohomish County","geo_location":{ "type": "Point", "coordinates": [-122.0582, 47.7529] }},
{"zip_code":"98204","country":"US","city":"Everett","state":"Washington","state_ab":"WA","county":"Snohomish","geo_location":{ "type": "Point", "coordinates": [-122.2472, 47.9017] }},
{"zip_code":"98271","country":"US","city":"Marysville","state":"Washington","state_ab":"WA","county":"Snohomish","geo_location":{ "type": "Point", "coordinates": [-122.198, 48.0966] }},
{"zip_code":"99001","country":"US","city":"Airway Heights","state":"Washington","state_ab":"WA","county":"Spokane","geo_location":{ "type": "Point", "coordinates": [-117.5921, 47.6438] }},
{"zip_code":"99014","country":"US","city":"Four Lakes","state":"Washington","state_ab":"WA","county":"Spokane","geo_location":{ "type": "Point", "coordinates": [-117.5958, 47.5599] }},
{"zip_code":"99027","country":"US","city":"Otis Orchards","state":"Washington","state_ab":"WA","county":"Spokane","geo_location":{ "type": "Point", "coordinates": [-117.1121, 47.7027] }},
{"zip_code":"99207","country":"US","city":"Spokane","state":"Washington","state_ab":"WA","county":"Spokane","geo_location":{ "type": "Point", "coordinates": [-117.3746, 47.6977] }},
{"zip_code":"99131","country":"US","city":"Gifford","state":"Washington","state_ab":"WA","county":"Stevens","geo_location":{ "type": "Point", "coordinates": [-118.1136, 48.2685] }},
{"zip_code":"99157","country":"US","city":"Northport","state":"Washington","state_ab":"WA","county":"Stevens","geo_location":{ "type": "Point", "coordinates": [-117.7931, 48.9247] }},
{"zip_code":"98501","country":"US","city":"Olympia","state":"Washington","state_ab":"WA","county":"Thurston","geo_location":{ "type": "Point", "coordinates": [-122.8763, 47.0129] }},
{"zip_code":"99324","country":"US","city":"College Place","state":"Washington","state_ab":"WA","county":"Walla Walla","geo_location":{ "type": "Point", "coordinates": [-118.4093, 46.0471] }},
{"zip_code":"98231","country":"US","city":"Blaine","state":"Washington","state_ab":"WA","county":"Whatcom","geo_location":{ "type": "Point", "coordinates": [-121.9885, 48.8148] }},
{"zip_code":"98244","country":"US","city":"Deming","state":"Washington","state_ab":"WA","county":"Whatcom","geo_location":{ "type": "Point", "coordinates": [-122.0918, 48.8018] }},
{"zip_code":"99104","country":"US","city":"Belmont","state":"Washington","state_ab":"WA","county":"Whitman","geo_location":{ "type": "Point", "coordinates": [-117.177, 47.0793] }},
{"zip_code":"99171","country":"US","city":"Saint John","state":"Washington","state_ab":"WA","county":"Whitman","geo_location":{ "type": "Point", "coordinates": [-117.573, 47.0755] }},
{"zip_code":"98901","country":"US","city":"Yakima","state":"Washington","state_ab":"WA","county":"Yakima","geo_location":{ "type": "Point", "coordinates": [-120.4153, 46.6932] }},
{"zip_code":"54514","country":"US","city":"Butternut","state":"Wisconsin","state_ab":"WI","county":"Ashland","geo_location":{ "type": "Point", "coordinates": [-90.4821, 46.0184] }},
{"zip_code":"54527","country":"US","city":"Glidden","state":"Wisconsin","state_ab":"WI","county":"Ashland","geo_location":{ "type": "Point", "coordinates": [-90.5889, 46.1337] }},
{"zip_code":"54891","country":"US","city":"Washburn","state":"Wisconsin","state_ab":"WI","county":"Bayfield","geo_location":{ "type": "Point", "coordinates": [-90.9095, 46.6806] }},
{"zip_code":"54307","country":"US","city":"Green Bay","state":"Wisconsin","state_ab":"WI","county":"Brown","geo_location":{ "type": "Point", "coordinates": [-88.0074, 44.4601] }},
{"zip_code":"53061","country":"US","city":"New Holstein","state":"Wisconsin","state_ab":"WI","county":"Calumet","geo_location":{ "type": "Point", "coordinates": [-88.0911, 43.9446] }},
{"zip_code":"54774","country":"US","city":"Chippewa Falls","state":"Wisconsin","state_ab":"WI","county":"Chippewa","geo_location":{ "type": "Point", "coordinates": [-91.2944, 45.0741] }},
{"zip_code":"54437","country":"US","city":"Greenwood","state":"Wisconsin","state_ab":"WI","county":"Clark","geo_location":{ "type": "Point", "coordinates": [-90.6229, 44.7404] }},
{"zip_code":"53911","country":"US","city":"Arlington","state":"Wisconsin","state_ab":"WI","county":"Columbia","geo_location":{ "type": "Point", "coordinates": [-89.3631, 43.3269] }},
{"zip_code":"53821","country":"US","city":"Prairie Du Chien","state":"Wisconsin","state_ab":"WI","county":"Crawford","geo_location":{ "type": "Point", "coordinates": [-91.1193, 43.0426] }},
{"zip_code":"54631","country":"US","city":"Gays Mills","state":"Wisconsin","state_ab":"WI","county":"Crawford","geo_location":{ "type": "Point", "coordinates": [-90.8676, 43.2936] }},
{"zip_code":"54657","country":"US","city":"Steuben","state":"Wisconsin","state_ab":"WI","county":"Crawford","geo_location":{ "type": "Point", "coordinates": [-90.8609, 43.1955] }},
{"zip_code":"53591","country":"US","city":"Sun Prairie","state":"Wisconsin","state_ab":"WI","county":"Dane","geo_location":{ "type": "Point", "coordinates": [-89.4239, 43.0696] }},
{"zip_code":"53704","country":"US","city":"Madison","state":"Wisconsin","state_ab":"WI","county":"Dane","geo_location":{ "type": "Point", "coordinates": [-89.3523, 43.1205] }},
{"zip_code":"53717","country":"US","city":"Madison","state":"Wisconsin","state_ab":"WI","county":"Dane","geo_location":{ "type": "Point", "coordinates": [-89.508, 43.0736] }},
{"zip_code":"53744","country":"US","city":"Madison","state":"Wisconsin","state_ab":"WI","county":"Dane","geo_location":{ "type": "Point", "coordinates": [-89.4239, 43.0696] }},
{"zip_code":"53784","country":"US","city":"Madison","state":"Wisconsin","state_ab":"WI","county":"Dane","geo_location":{ "type": "Point", "coordinates": [-89.3384, 43.0489] }},
{"zip_code":"53034","country":"US","city":"Hustisford","state":"Wisconsin","state_ab":"WI","county":"Dodge","geo_location":{ "type": "Point", "coordinates": [-88.603, 43.3305] }},
{"zip_code":"53047","country":"US","city":"Lebanon","state":"Wisconsin","state_ab":"WI","county":"Dodge","geo_location":{ "type": "Point", "coordinates": [-88.6281, 43.2568] }},
{"zip_code":"54204","country":"US","city":"Brussels","state":"Wisconsin","state_ab":"WI","county":"Door","geo_location":{ "type": "Point", "coordinates": [-87.6225, 44.7476] }},
{"zip_code":"54864","country":"US","city":"Poplar","state":"Wisconsin","state_ab":"WI","county":"Douglas","geo_location":{ "type": "Point", "coordinates": [-91.8253, 46.5771] }},
{"zip_code":"54734","country":"US","city":"Downing","state":"Wisconsin","state_ab":"WI","county":"Dunn","geo_location":{ "type": "Point", "coordinates": [-92.1134, 45.103] }},
{"zip_code":"54541","country":"US","city":"Laona","state":"Wisconsin","state_ab":"WI","county":"Forest","geo_location":{ "type": "Point", "coordinates": [-88.6715, 45.5534] }},
{"zip_code":"53807","country":"US","city":"Cuba City","state":"Wisconsin","state_ab":"WI","county":"Grant","geo_location":{ "type": "Point", "coordinates": [-90.4749, 42.5991] }},
{"zip_code":"54941","country":"US","city":"Green Lake","state":"Wisconsin","state_ab":"WI","county":"Green Lake","geo_location":{ "type": "Point", "coordinates": [-88.9685, 43.8444] }},
{"zip_code":"53137","country":"US","city":"Helenville","state":"Wisconsin","state_ab":"WI","county":"Jefferson","geo_location":{ "type": "Point", "coordinates": [-88.6726, 43.009] }},
{"zip_code":"53551","country":"US","city":"Lake Mills","state":"Wisconsin","state_ab":"WI","county":"Jefferson","geo_location":{ "type": "Point", "coordinates": [-88.9133, 43.0816] }},
{"zip_code":"54217","country":"US","city":"Luxemburg","state":"Wisconsin","state_ab":"WI","county":"Kewaunee","geo_location":{ "type": "Point", "coordinates": [-87.7156, 44.5506] }},
{"zip_code":"54231","country":"US","city":"Rio Creek","state":"Wisconsin","state_ab":"WI","county":"Kewaunee County","geo_location":{ "type": "Point", "coordinates": [-87.4486, 44.6] }},
{"zip_code":"54644","country":"US","city":"Mindoro","state":"Wisconsin","state_ab":"WI","county":"La Crosse","geo_location":{ "type": "Point", "coordinates": [-91.0642, 44.0287] }},
{"zip_code":"54424","country":"US","city":"Deerbrook","state":"Wisconsin","state_ab":"WI","county":"Langlade","geo_location":{ "type": "Point", "coordinates": [-89.1873, 45.2368] }},
{"zip_code":"54464","country":"US","city":"Phlox","state":"Wisconsin","state_ab":"WI","county":"Langlade","geo_location":{ "type": "Point", "coordinates": [-89.0321, 45.2494] }},
{"zip_code":"54491","country":"US","city":"White Lake","state":"Wisconsin","state_ab":"WI","county":"Langlade","geo_location":{ "type": "Point", "coordinates": [-88.7555, 45.1715] }},
{"zip_code":"54411","country":"US","city":"Athens","state":"Wisconsin","state_ab":"WI","county":"Marathon","geo_location":{ "type": "Point", "coordinates": [-90.0078, 44.9823] }},
{"zip_code":"54114","country":"US","city":"Crivitz","state":"Wisconsin","state_ab":"WI","county":"Marinette","geo_location":{ "type": "Point", "coordinates": [-88.078, 45.2617] }},
{"zip_code":"53964","country":"US","city":"Westfield","state":"Wisconsin","state_ab":"WI","county":"Marquette","geo_location":{ "type": "Point", "coordinates": [-89.502, 43.8968] }},
{"zip_code":"53201","country":"US","city":"Milwaukee","state":"Wisconsin","state_ab":"WI","county":"Milwaukee","geo_location":{ "type": "Point", "coordinates": [-87.9584, 43.0113] }},
{"zip_code":"53214","country":"US","city":"Milwaukee","state":"Wisconsin","state_ab":"WI","county":"Milwaukee","geo_location":{ "type": "Point", "coordinates": [-88.0176, 43.0215] }},
{"zip_code":"53227","country":"US","city":"Milwaukee","state":"Wisconsin","state_ab":"WI","county":"Milwaukee","geo_location":{ "type": "Point", "coordinates": [-88.0364, 42.9949] }},
{"zip_code":"53267","country":"US","city":"Milwaukee","state":"Wisconsin","state_ab":"WI","county":"Milwaukee","geo_location":{ "type": "Point", "coordinates": [-87.9098, 43.044] }},
{"zip_code":"53281","country":"US","city":"Milwaukee","state":"Wisconsin","state_ab":"WI","county":"Milwaukee","geo_location":{ "type": "Point", "coordinates": [-87.9578, 43.041] }},
{"zip_code":"54101","country":"US","city":"Abrams","state":"Wisconsin","state_ab":"WI","county":"Oconto","geo_location":{ "type": "Point", "coordinates": [-88.0571, 44.7869] }},
{"zip_code":"54141","country":"US","city":"Little Suamico","state":"Wisconsin","state_ab":"WI","county":"Oconto","geo_location":{ "type": "Point", "coordinates": [-88.0272, 44.6775] }},
{"zip_code":"54154","country":"US","city":"Oconto Falls","state":"Wisconsin","state_ab":"WI","county":"Oconto","geo_location":{ "type": "Point", "coordinates": [-88.1555, 44.8755] }},
{"zip_code":"54501","country":"US","city":"Rhinelander","state":"Wisconsin","state_ab":"WI","county":"Oneida","geo_location":{ "type": "Point", "coordinates": [-89.3866, 45.7045] }},
{"zip_code":"54914","country":"US","city":"Appleton","state":"Wisconsin","state_ab":"WI","county":"Outagamie","geo_location":{ "type": "Point", "coordinates": [-88.4326, 44.271] }},
{"zip_code":"53021","country":"US","city":"Fredonia","state":"Wisconsin","state_ab":"WI","county":"Ozaukee","geo_location":{ "type": "Point", "coordinates": [-87.9612, 43.477] }},
{"zip_code":"53074","country":"US","city":"Port Washington","state":"Wisconsin","state_ab":"WI","county":"Ozaukee","geo_location":{ "type": "Point", "coordinates": [-87.8797, 43.3955] }},
{"zip_code":"54721","country":"US","city":"Arkansaw","state":"Wisconsin","state_ab":"WI","county":"Pepin","geo_location":{ "type": "Point", "coordinates": [-92.0566, 44.6267] }},
{"zip_code":"54011","country":"US","city":"Ellsworth","state":"Wisconsin","state_ab":"WI","county":"Pierce","geo_location":{ "type": "Point", "coordinates": [-92.489, 44.7302] }},
{"zip_code":"54761","country":"US","city":"Plum City","state":"Wisconsin","state_ab":"WI","county":"Pierce","geo_location":{ "type": "Point", "coordinates": [-92.1837, 44.636] }},
{"zip_code":"54024","country":"US","city":"Saint Croix Falls","state":"Wisconsin","state_ab":"WI","county":"Polk","geo_location":{ "type": "Point", "coordinates": [-92.6117, 45.5097] }},
{"zip_code":"54824","country":"US","city":"Centuria","state":"Wisconsin","state_ab":"WI","county":"Polk","geo_location":{ "type": "Point", "coordinates": [-92.5477, 45.4484] }},
{"zip_code":"54837","country":"US","city":"Frederic","state":"Wisconsin","state_ab":"WI","county":"Polk","geo_location":{ "type": "Point", "coordinates": [-92.3545, 45.6729] }},
{"zip_code":"54851","country":"US","city":"Lewis","state":"Wisconsin","state_ab":"WI","county":"Polk","geo_location":{ "type": "Point", "coordinates": [-92.5219, 45.4689] }},
{"zip_code":"53177","country":"US","city":"Sturtevant","state":"Wisconsin","state_ab":"WI","county":"Racine","geo_location":{ "type": "Point", "coordinates": [-87.9031, 42.6967] }},
{"zip_code":"53407","country":"US","city":"Racine","state":"Wisconsin","state_ab":"WI","county":"Racine","geo_location":{ "type": "Point", "coordinates": [-87.7828, 42.7312] }},
{"zip_code":"53924","country":"US","city":"Cazenovia","state":"Wisconsin","state_ab":"WI","county":"Richland","geo_location":{ "type": "Point", "coordinates": [-90.2796, 43.4987] }},
{"zip_code":"54617","country":"US","city":"Bloom City","state":"Wisconsin","state_ab":"WI","county":"Richland County","geo_location":{ "type": "Point", "coordinates": [-90.6665, 43.509] }},
{"zip_code":"53511","country":"US","city":"Beloit","state":"Wisconsin","state_ab":"WI","county":"Rock","geo_location":{ "type": "Point", "coordinates": [-89.086, 42.562] }},
{"zip_code":"53537","country":"US","city":"Footville","state":"Wisconsin","state_ab":"WI","county":"Rock","geo_location":{ "type": "Point", "coordinates": [-89.2112, 42.6726] }},
{"zip_code":"53577","country":"US","city":"Plain","state":"Wisconsin","state_ab":"WI","county":"Sauk","geo_location":{ "type": "Point", "coordinates": [-90.0558, 43.2927] }},
{"zip_code":"53937","country":"US","city":"Hillpoint","state":"Wisconsin","state_ab":"WI","county":"Sauk","geo_location":{ "type": "Point", "coordinates": [-90.1588, 43.3951] }},
{"zip_code":"53951","country":"US","city":"North Freedom","state":"Wisconsin","state_ab":"WI","county":"Sauk","geo_location":{ "type": "Point", "coordinates": [-89.849, 43.4106] }},
{"zip_code":"54127","country":"US","city":"Green Valley","state":"Wisconsin","state_ab":"WI","county":"Shawano","geo_location":{ "type": "Point", "coordinates": [-88.2696, 44.7964] }},
{"zip_code":"54451","country":"US","city":"Medford","state":"Wisconsin","state_ab":"WI","county":"Taylor","geo_location":{ "type": "Point", "coordinates": [-90.3503, 45.1512] }},
{"zip_code":"54747","country":"US","city":"Independence","state":"Wisconsin","state_ab":"WI","county":"Trempealeau","geo_location":{ "type": "Point", "coordinates": [-91.4535, 44.3959] }},
{"zip_code":"54554","country":"US","city":"Phelps","state":"Wisconsin","state_ab":"WI","county":"Vilas","geo_location":{ "type": "Point", "coordinates": [-89.0815, 46.0645] }},
{"zip_code":"53191","country":"US","city":"Williams Bay","state":"Wisconsin","state_ab":"WI","county":"Walworth","geo_location":{ "type": "Point", "coordinates": [-88.5431, 42.5767] }},
{"zip_code":"53007","country":"US","city":"Butler","state":"Wisconsin","state_ab":"WI","county":"Waukesha","geo_location":{ "type": "Point", "coordinates": [-88.071, 43.1054] }},
{"zip_code":"53151","country":"US","city":"New Berlin","state":"Wisconsin","state_ab":"WI","county":"Waukesha","geo_location":{ "type": "Point", "coordinates": [-88.0946, 42.9822] }},
{"zip_code":"54981","country":"US","city":"Waupaca","state":"Wisconsin","state_ab":"WI","county":"Waupaca","geo_location":{ "type": "Point", "coordinates": [-89.1101, 44.3481] }},
{"zip_code":"54967","country":"US","city":"Poy Sippi","state":"Wisconsin","state_ab":"WI","county":"Waushara","geo_location":{ "type": "Point", "coordinates": [-88.9836, 44.131] }},
{"zip_code":"54901","country":"US","city":"Oshkosh","state":"Wisconsin","state_ab":"WI","county":"Winnebago","geo_location":{ "type": "Point", "coordinates": [-88.5436, 44.022] }},
{"zip_code":"54927","country":"US","city":"Butte Des Morts","state":"Wisconsin","state_ab":"WI","county":"Winnebago","geo_location":{ "type": "Point", "coordinates": [-88.6539, 44.1031] }},
{"zip_code":"26214","country":"US","city":"Century","state":"West Virginia","state_ab":"WV","county":"Barbour County","geo_location":{ "type": "Point", "coordinates": [-80.1731, 39.0943] }},
{"zip_code":"25404","country":"US","city":"Martinsburg","state":"West Virginia","state_ab":"WV","county":"Berkeley County","geo_location":{ "type": "Point", "coordinates": [-77.8954, 39.4852] }},
{"zip_code":"26601","country":"US","city":"Sutton","state":"West Virginia","state_ab":"WV","county":"Braxton","geo_location":{ "type": "Point", "coordinates": [-80.676, 38.6541] }},
{"zip_code":"26627","country":"US","city":"Heaters","state":"West Virginia","state_ab":"WV","county":"Braxton","geo_location":{ "type": "Point", "coordinates": [-80.6406, 38.7621] }},
{"zip_code":"26641","country":"US","city":"Wilsie","state":"West Virginia","state_ab":"WV","county":"Braxton","geo_location":{ "type": "Point", "coordinates": [-80.7369, 38.706] }},
{"zip_code":"25701","country":"US","city":"Huntington","state":"West Virginia","state_ab":"WV","county":"Cabell","geo_location":{ "type": "Point", "coordinates": [-82.4423, 38.4097] }},
{"zip_code":"25714","country":"US","city":"Huntington","state":"West Virginia","state_ab":"WV","county":"Cabell","geo_location":{ "type": "Point", "coordinates": [-82.2774, 38.4134] }},
{"zip_code":"25727","country":"US","city":"Huntington","state":"West Virginia","state_ab":"WV","county":"Cabell","geo_location":{ "type": "Point", "coordinates": [-82.2774, 38.4134] }},
{"zip_code":"26137","country":"US","city":"Big Springs","state":"West Virginia","state_ab":"WV","county":"Calhoun","geo_location":{ "type": "Point", "coordinates": [-81.1322, 38.8286] }},
{"zip_code":"26151","country":"US","city":"Mount Zion","state":"West Virginia","state_ab":"WV","county":"Calhoun","geo_location":{ "type": "Point", "coordinates": [-81.1322, 38.8286] }},
{"zip_code":"25211","country":"US","city":"Widen","state":"West Virginia","state_ab":"WV","county":"Clay","geo_location":{ "type": "Point", "coordinates": [-81.0507, 38.4658] }},
{"zip_code":"25031","country":"US","city":"Boomer","state":"West Virginia","state_ab":"WV","county":"Fayette","geo_location":{ "type": "Point", "coordinates": [-81.2656, 38.1519] }},
{"zip_code":"25057","country":"US","city":"Deep Water","state":"West Virginia","state_ab":"WV","county":"Fayette","geo_location":{ "type": "Point", "coordinates": [-81.0648, 38.0413] }},
{"zip_code":"25161","country":"US","city":"Powellton","state":"West Virginia","state_ab":"WV","county":"Fayette","geo_location":{ "type": "Point", "coordinates": [-81.3179, 38.0992] }},
{"zip_code":"25831","country":"US","city":"Danese","state":"West Virginia","state_ab":"WV","county":"Fayette","geo_location":{ "type": "Point", "coordinates": [-80.9379, 37.9567] }},
{"zip_code":"25907","country":"US","city":"Prince","state":"West Virginia","state_ab":"WV","county":"Fayette","geo_location":{ "type": "Point", "coordinates": [-81.0817, 37.8532] }},
{"zip_code":"26384","country":"US","city":"Linn","state":"West Virginia","state_ab":"WV","county":"Gilmer","geo_location":{ "type": "Point", "coordinates": [-80.73, 38.9573] }},
{"zip_code":"26731","country":"US","city":"Lahmansville","state":"West Virginia","state_ab":"WV","county":"Grant","geo_location":{ "type": "Point", "coordinates": [-79.0433, 39.1642] }},
{"zip_code":"26847","country":"US","city":"Petersburg","state":"West Virginia","state_ab":"WV","county":"Grant","geo_location":{ "type": "Point", "coordinates": [-79.1293, 38.9908] }},
{"zip_code":"24917","country":"US","city":"Auto","state":"West Virginia","state_ab":"WV","county":"Greenbrier","geo_location":{ "type": "Point", "coordinates": [-80.4269, 37.9756] }},
{"zip_code":"24931","country":"US","city":"Crawley","state":"West Virginia","state_ab":"WV","county":"Greenbrier","geo_location":{ "type": "Point", "coordinates": [-80.6309, 37.9397] }},
{"zip_code":"24957","country":"US","city":"Maxwelton","state":"West Virginia","state_ab":"WV","county":"Greenbrier","geo_location":{ "type": "Point", "coordinates": [-80.4192, 37.8765] }},
{"zip_code":"25961","country":"US","city":"Crichton","state":"West Virginia","state_ab":"WV","county":"Greenbrier","geo_location":{ "type": "Point", "coordinates": [-80.4269, 37.9756] }},
{"zip_code":"25431","country":"US","city":"Levels","state":"West Virginia","state_ab":"WV","county":"Hampshire","geo_location":{ "type": "Point", "coordinates": [-78.5508, 39.4976] }},
{"zip_code":"25444","country":"US","city":"Slanesville","state":"West Virginia","state_ab":"WV","county":"Hampshire","geo_location":{ "type": "Point", "coordinates": [-78.506, 39.4026] }},
{"zip_code":"26704","country":"US","city":"Augusta","state":"West Virginia","state_ab":"WV","county":"Hampshire","geo_location":{ "type": "Point", "coordinates": [-78.5931, 39.2998] }},
{"zip_code":"26757","country":"US","city":"Romney","state":"West Virginia","state_ab":"WV","county":"Hampshire","geo_location":{ "type": "Point", "coordinates": [-78.7481, 39.3424] }},
{"zip_code":"26034","country":"US","city":"Chester","state":"West Virginia","state_ab":"WV","county":"Hancock","geo_location":{ "type": "Point", "coordinates": [-80.5584, 40.5981] }},
{"zip_code":"26047","country":"US","city":"New Cumberland","state":"West Virginia","state_ab":"WV","county":"Hancock","geo_location":{ "type": "Point", "coordinates": [-80.5901, 40.5228] }},
{"zip_code":"26344","country":"US","city":"Dawmont","state":"West Virginia","state_ab":"WV","county":"Harrison County","geo_location":{ "type": "Point", "coordinates": [-80.3424, 39.3175] }},
{"zip_code":"26461","country":"US","city":"Wilsonburg","state":"West Virginia","state_ab":"WV","county":"Harrison","geo_location":{ "type": "Point", "coordinates": [-80.3853, 39.2852] }},
{"zip_code":"25264","country":"US","city":"Mount Alto","state":"West Virginia","state_ab":"WV","county":"Jackson","geo_location":{ "type": "Point", "coordinates": [-81.8784, 38.8639] }},
{"zip_code":"26164","country":"US","city":"Ravenswood","state":"West Virginia","state_ab":"WV","county":"Jackson","geo_location":{ "type": "Point", "coordinates": [-81.7524, 38.9468] }},
{"zip_code":"25071","country":"US","city":"Elkview","state":"West Virginia","state_ab":"WV","county":"Kanawha","geo_location":{ "type": "Point", "coordinates": [-81.4504, 38.3869] }},
{"zip_code":"25107","country":"US","city":"Hernshaw","state":"West Virginia","state_ab":"WV","county":"Kanawha","geo_location":{ "type": "Point", "coordinates": [-81.613, 38.1942] }},
{"zip_code":"25134","country":"US","city":"Miami","state":"West Virginia","state_ab":"WV","county":"Kanawha","geo_location":{ "type": "Point", "coordinates": [-81.5547, 38.2968] }},
{"zip_code":"25147","country":"US","city":"Ohley","state":"West Virginia","state_ab":"WV","county":"Kanawha","geo_location":{ "type": "Point", "coordinates": [-81.5547, 38.2968] }},
{"zip_code":"25301","country":"US","city":"Charleston","state":"West Virginia","state_ab":"WV","county":"Kanawha","geo_location":{ "type": "Point", "coordinates": [-81.6306, 38.349] }},
{"zip_code":"25314","country":"US","city":"Charleston","state":"West Virginia","state_ab":"WV","county":"Kanawha","geo_location":{ "type": "Point", "coordinates": [-81.669, 38.3274] }},
{"zip_code":"25327","country":"US","city":"Charleston","state":"West Virginia","state_ab":"WV","county":"Kanawha","geo_location":{ "type": "Point", "coordinates": [-81.5547, 38.2968] }},
{"zip_code":"26447","country":"US","city":"Walkersville","state":"West Virginia","state_ab":"WV","county":"Lewis","geo_location":{ "type": "Point", "coordinates": [-80.4802, 38.8507] }},
{"zip_code":"25521","country":"US","city":"Griffithsville","state":"West Virginia","state_ab":"WV","county":"Lincoln","geo_location":{ "type": "Point", "coordinates": [-81.9995, 38.2197] }},
{"zip_code":"25121","country":"US","city":"Lake","state":"West Virginia","state_ab":"WV","county":"Logan","geo_location":{ "type": "Point", "coordinates": [-81.9034, 37.9204] }},
{"zip_code":"25547","country":"US","city":"Pecks Mill","state":"West Virginia","state_ab":"WV","county":"Logan","geo_location":{ "type": "Point", "coordinates": [-81.9654, 37.9298] }},
{"zip_code":"25611","country":"US","city":"Bruno","state":"West Virginia","state_ab":"WV","county":"Logan","geo_location":{ "type": "Point", "coordinates": [-81.9024, 37.8332] }},
{"zip_code":"25624","country":"US","city":"Henlawson","state":"West Virginia","state_ab":"WV","county":"Logan","geo_location":{ "type": "Point", "coordinates": [-81.9024, 37.8332] }},
{"zip_code":"25637","country":"US","city":"Mount Gay","state":"West Virginia","state_ab":"WV","county":"Logan","geo_location":{ "type": "Point", "coordinates": [-82.0485, 37.8464] }},
{"zip_code":"24801","country":"US","city":"Welch","state":"West Virginia","state_ab":"WV","county":"McDowell","geo_location":{ "type": "Point", "coordinates": [-81.5344, 37.4] }},
{"zip_code":"24841","country":"US","city":"Havaco","state":"West Virginia","state_ab":"WV","county":"McDowell","geo_location":{ "type": "Point", "coordinates": [-81.5765, 37.4058] }},
{"zip_code":"24881","country":"US","city":"Roderfield","state":"West Virginia","state_ab":"WV","county":"McDowell","geo_location":{ "type": "Point", "coordinates": [-81.6539, 37.3752] }},
{"zip_code":"24894","country":"US","city":"Warriormine","state":"West Virginia","state_ab":"WV","county":"McDowell","geo_location":{ "type": "Point", "coordinates": [-81.6539, 37.3752] }},
{"zip_code":"26591","country":"US","city":"Worthington","state":"West Virginia","state_ab":"WV","county":"Marion","geo_location":{ "type": "Point", "coordinates": [-80.2905, 39.4522] }},
{"zip_code":"25187","country":"US","city":"Southside","state":"West Virginia","state_ab":"WV","county":"Mason","geo_location":{ "type": "Point", "coordinates": [-81.9966, 38.712] }},
{"zip_code":"25237","country":"US","city":"Clifton","state":"West Virginia","state_ab":"WV","county":"Mason County","geo_location":{ "type": "Point", "coordinates": [-82.0415, 39.0022] }},
{"zip_code":"24724","country":"US","city":"Freeman","state":"West Virginia","state_ab":"WV","county":"Mercer","geo_location":{ "type": "Point", "coordinates": [-81.2998, 37.3309] }},
{"zip_code":"24737","country":"US","city":"Montcalm","state":"West Virginia","state_ab":"WV","county":"Mercer","geo_location":{ "type": "Point", "coordinates": [-81.2518, 37.3539] }},
{"zip_code":"24751","country":"US","city":"Wolfe","state":"West Virginia","state_ab":"WV","county":"Mercer","geo_location":{ "type": "Point", "coordinates": [-81.1058, 37.4164] }},
{"zip_code":"26717","country":"US","city":"Elk Garden","state":"West Virginia","state_ab":"WV","county":"Mineral","geo_location":{ "type": "Point", "coordinates": [-79.1539, 39.3631] }},
{"zip_code":"25651","country":"US","city":"Wharncliffe","state":"West Virginia","state_ab":"WV","county":"Mingo","geo_location":{ "type": "Point", "coordinates": [-82.108, 37.7431] }},
{"zip_code":"25691","country":"US","city":"Rawl","state":"West Virginia","state_ab":"WV","county":"Mingo","geo_location":{ "type": "Point", "coordinates": [-82.108, 37.7431] }},
{"zip_code":"24984","country":"US","city":"Waiteville","state":"West Virginia","state_ab":"WV","county":"Monroe","geo_location":{ "type": "Point", "coordinates": [-80.4634, 37.4645] }},
{"zip_code":"26667","country":"US","city":"Drennen","state":"West Virginia","state_ab":"WV","county":"Nicholas","geo_location":{ "type": "Point", "coordinates": [-80.8342, 38.3184] }},
{"zip_code":"26681","country":"US","city":"Nettie","state":"West Virginia","state_ab":"WV","county":"Nicholas","geo_location":{ "type": "Point", "coordinates": [-80.6953, 38.209] }},
{"zip_code":"26074","country":"US","city":"West Liberty","state":"West Virginia","state_ab":"WV","county":"Ohio","geo_location":{ "type": "Point", "coordinates": [-80.5958, 40.1698] }},
{"zip_code":"26807","country":"US","city":"Franklin","state":"West Virginia","state_ab":"WV","county":"Pendleton","geo_location":{ "type": "Point", "coordinates": [-79.3538, 38.64] }},
{"zip_code":"24944","country":"US","city":"Green Bank","state":"West Virginia","state_ab":"WV","county":"Pocahontas","geo_location":{ "type": "Point", "coordinates": [-79.8015, 38.4097] }},
{"zip_code":"26524","country":"US","city":"Bretz","state":"West Virginia","state_ab":"WV","county":"Preston","geo_location":{ "type": "Point", "coordinates": [-79.6882, 39.4581] }},
{"zip_code":"26537","country":"US","city":"Kingwood","state":"West Virginia","state_ab":"WV","county":"Preston","geo_location":{ "type": "Point", "coordinates": [-79.7063, 39.4819] }},
{"zip_code":"25004","country":"US","city":"Ameagle","state":"West Virginia","state_ab":"WV","county":"Raleigh","geo_location":{ "type": "Point", "coordinates": [-81.1185, 37.7845] }},
{"zip_code":"25044","country":"US","city":"Clear Creek","state":"West Virginia","state_ab":"WV","county":"Raleigh","geo_location":{ "type": "Point", "coordinates": [-81.4088, 37.8804] }},
{"zip_code":"25174","country":"US","city":"Rock Creek","state":"West Virginia","state_ab":"WV","county":"Raleigh","geo_location":{ "type": "Point", "coordinates": [-81.4184, 37.8547] }},
{"zip_code":"25817","country":"US","city":"Bolt","state":"West Virginia","state_ab":"WV","county":"Raleigh","geo_location":{ "type": "Point", "coordinates": [-81.4156, 37.7673] }},
{"zip_code":"25844","country":"US","city":"Glen Daniel","state":"West Virginia","state_ab":"WV","county":"Raleigh","geo_location":{ "type": "Point", "coordinates": [-81.3858, 37.8251] }},
{"zip_code":"25857","country":"US","city":"Josephine","state":"West Virginia","state_ab":"WV","county":"Raleigh","geo_location":{ "type": "Point", "coordinates": [-81.2176, 37.6221] }},
{"zip_code":"25871","country":"US","city":"Mabscott","state":"West Virginia","state_ab":"WV","county":"Raleigh","geo_location":{ "type": "Point", "coordinates": [-81.2103, 37.77] }},
{"zip_code":"25921","country":"US","city":"Sophia","state":"West Virginia","state_ab":"WV","county":"Raleigh","geo_location":{ "type": "Point", "coordinates": [-81.345, 37.7772] }},
{"zip_code":"25934","country":"US","city":"Terry","state":"West Virginia","state_ab":"WV","county":"Raleigh","geo_location":{ "type": "Point", "coordinates": [-81.0937, 37.849] }},
{"zip_code":"26241","country":"US","city":"Elkins","state":"West Virginia","state_ab":"WV","county":"Randolph","geo_location":{ "type": "Point", "coordinates": [-79.8471, 38.9253] }},
{"zip_code":"26254","country":"US","city":"Bowden","state":"West Virginia","state_ab":"WV","county":"Randolph","geo_location":{ "type": "Point", "coordinates": [-79.8147, 38.7534] }},
{"zip_code":"26267","country":"US","city":"Ellamore","state":"West Virginia","state_ab":"WV","county":"Randolph","geo_location":{ "type": "Point", "coordinates": [-79.8147, 38.7534] }},
{"zip_code":"26294","country":"US","city":"Valley Head","state":"West Virginia","state_ab":"WV","county":"Randolph","geo_location":{ "type": "Point", "coordinates": [-80.0343, 38.5315] }},
{"zip_code":"26407","country":"US","city":"Mountain","state":"West Virginia","state_ab":"WV","county":"Ritchie","geo_location":{ "type": "Point", "coordinates": [-81.0689, 39.1985] }},
{"zip_code":"26421","country":"US","city":"Pullman","state":"West Virginia","state_ab":"WV","county":"Ritchie","geo_location":{ "type": "Point", "coordinates": [-80.9347, 39.19] }},
{"zip_code":"25251","country":"US","city":"Left Hand","state":"West Virginia","state_ab":"WV","county":"Roane","geo_location":{ "type": "Point", "coordinates": [-81.2467, 38.6063] }},
{"zip_code":"26434","country":"US","city":"Shirley","state":"West Virginia","state_ab":"WV","county":"Tyler","geo_location":{ "type": "Point", "coordinates": [-80.8701, 39.4506] }},
{"zip_code":"26201","country":"US","city":"Buckhannon","state":"West Virginia","state_ab":"WV","county":"Upshur","geo_location":{ "type": "Point", "coordinates": [-80.2407, 38.9755] }},
{"zip_code":"25507","country":"US","city":"Ceredo","state":"West Virginia","state_ab":"WV","county":"Wayne","geo_location":{ "type": "Point", "coordinates": [-82.5578, 38.3846] }},
{"zip_code":"25534","country":"US","city":"Kiahsville","state":"West Virginia","state_ab":"WV","county":"Wayne","geo_location":{ "type": "Point", "coordinates": [-82.4183, 38.1321] }},
{"zip_code":"24827","country":"US","city":"Cyclone","state":"West Virginia","state_ab":"WV","county":"Wyoming","geo_location":{ "type": "Point", "coordinates": [-81.6505, 37.7447] }},
{"zip_code":"24854","country":"US","city":"Kopperston","state":"West Virginia","state_ab":"WV","county":"Wyoming","geo_location":{ "type": "Point", "coordinates": [-81.575, 37.744] }},
{"zip_code":"24867","country":"US","city":"New Richmond","state":"West Virginia","state_ab":"WV","county":"Wyoming","geo_location":{ "type": "Point", "coordinates": [-81.54, 37.6033] }},
{"zip_code":"82441","country":"US","city":"Shell","state":"Wyoming","state_ab":"WY","county":"Big Horn","geo_location":{ "type": "Point", "coordinates": [-107.7889, 44.6011] }},
{"zip_code":"82324","country":"US","city":"Elk Mountain","state":"Wyoming","state_ab":"WY","county":"Carbon","geo_location":{ "type": "Point", "coordinates": [-106.4146, 41.6874] }},
{"zip_code":"82711","country":"US","city":"Alva","state":"Wyoming","state_ab":"WY","county":"Crook","geo_location":{ "type": "Point", "coordinates": [-104.4414, 44.6873] }},
{"zip_code":"82724","country":"US","city":"Oshoto","state":"Wyoming","state_ab":"WY","county":"Crook County","geo_location":{ "type": "Point", "coordinates": [-104.9832, 44.5887] }},
{"zip_code":"82221","country":"US","city":"Lagrange","state":"Wyoming","state_ab":"WY","county":"Goshen","geo_location":{ "type": "Point", "coordinates": [-104.1974, 41.6423] }},
{"zip_code":"82427","country":"US","city":"Hamilton Dome","state":"Wyoming","state_ab":"WY","county":"Hot Springs","geo_location":{ "type": "Point", "coordinates": [-108.4541, 43.7698] }},
{"zip_code":"82001","country":"US","city":"Cheyenne","state":"Wyoming","state_ab":"WY","county":"Laramie","geo_location":{ "type": "Point", "coordinates": [-104.7962, 41.1437] }},
{"zip_code":"82054","country":"US","city":"Carpenter","state":"Wyoming","state_ab":"WY","county":"Laramie","geo_location":{ "type": "Point", "coordinates": [-104.2765, 41.0428] }},
{"zip_code":"82081","country":"US","city":"Meriden","state":"Wyoming","state_ab":"WY","county":"Laramie","geo_location":{ "type": "Point", "coordinates": [-104.2866, 41.5424] }},
{"zip_code":"83121","country":"US","city":"Frontier","state":"Wyoming","state_ab":"WY","county":"Lincoln","geo_location":{ "type": "Point", "coordinates": [-110.5373, 41.796] }},
{"zip_code":"82414","country":"US","city":"Cody","state":"Wyoming","state_ab":"WY","county":"Park","geo_location":{ "type": "Point", "coordinates": [-109.0756, 44.5231] }},
{"zip_code":"82801","country":"US","city":"Sheridan","state":"Wyoming","state_ab":"WY","county":"Sheridan","geo_location":{ "type": "Point", "coordinates": [-106.9648, 44.7849] }},
{"zip_code":"82931","country":"US","city":"Evanston","state":"Wyoming","state_ab":"WY","county":"Uinta","geo_location":{ "type": "Point", "coordinates": [-110.92, 41.2619] }},
{"zip_code":"82944","country":"US","city":"Robertson","state":"Wyoming","state_ab":"WY","county":"Uinta","geo_location":{ "type": "Point", "coordinates": [-110.5007, 41.0993] }},
{"zip_code":"82401","country":"US","city":"Worland","state":"Wyoming","state_ab":"WY","county":"Washakie","geo_location":{ "type": "Point", "coordinates": [-107.9563, 44.0138] }},
{"zip_code":"83302","country":"US","city":"Rogerson","state":"Idaho","state_ab":"ID","county":"Twin Falls","geo_location":{ "type": "Point", "coordinates": [-114.816, 42.1669] }},
{"zip_code":"83328","country":"US","city":"Filer","state":"Idaho","state_ab":"ID","county":"Twin Falls","geo_location":{ "type": "Point", "coordinates": [-114.614, 42.5653] }},
{"zip_code":"83638","country":"US","city":"McCall","state":"Idaho","state_ab":"ID","county":"Valley","geo_location":{ "type": "Point", "coordinates": [-116.0789, 44.8918] }},
{"zip_code":"62305","country":"US","city":"Quincy","state":"Illinois","state_ab":"IL","county":"Adams","geo_location":{ "type": "Point", "coordinates": [-91.3026, 39.9601] }},
{"zip_code":"61315","country":"US","city":"Bureau","state":"Illinois","state_ab":"IL","county":"Bureau","geo_location":{ "type": "Point", "coordinates": [-89.3686, 41.2894] }},
{"zip_code":"61328","country":"US","city":"Kasbeer","state":"Illinois","state_ab":"IL","county":"Bureau","geo_location":{ "type": "Point", "coordinates": [-89.5131, 41.3669] }},
{"zip_code":"61368","country":"US","city":"Tiskilwa","state":"Illinois","state_ab":"IL","county":"Bureau","geo_location":{ "type": "Point", "coordinates": [-89.508, 41.2891] }},
{"zip_code":"61045","country":"US","city":"Kings","state":"Illinois","state_ab":"IL","county":"Carroll County","geo_location":{ "type": "Point", "coordinates": [-89.0997, 42.014] }},
{"zip_code":"61845","country":"US","city":"Foosland","state":"Illinois","state_ab":"IL","county":"Champaign","geo_location":{ "type": "Point", "coordinates": [-88.4202, 40.3554] }},
{"zip_code":"61872","country":"US","city":"Sadorus","state":"Illinois","state_ab":"IL","county":"Champaign","geo_location":{ "type": "Point", "coordinates": [-88.3447, 39.9613] }},
{"zip_code":"62215","country":"US","city":"Albers","state":"Illinois","state_ab":"IL","county":"Clinton","geo_location":{ "type": "Point", "coordinates": [-89.6202, 38.532] }},
{"zip_code":"60055","country":"US","city":"Palatine","state":"Illinois","state_ab":"IL","county":"Cook","geo_location":{ "type": "Point", "coordinates": [-88.0141, 42.098] }},
{"zip_code":"60068","country":"US","city":"Park Ridge","state":"Illinois","state_ab":"IL","county":"Cook","geo_location":{ "type": "Point", "coordinates": [-87.8417, 42.0122] }},
{"zip_code":"60082","country":"US","city":"Techny","state":"Illinois","state_ab":"IL","county":"Cook","geo_location":{ "type": "Point", "coordinates": [-87.8121, 42.1164] }},
{"zip_code":"60095","country":"US","city":"Palatine","state":"Illinois","state_ab":"IL","county":"Cook","geo_location":{ "type": "Point", "coordinates": [-87.6873, 41.8119] }},
{"zip_code":"60208","country":"US","city":"Evanston","state":"Illinois","state_ab":"IL","county":"Cook","geo_location":{ "type": "Point", "coordinates": [-87.6845, 42.0586] }},
{"zip_code":"60402","country":"US","city":"Berwyn","state":"Illinois","state_ab":"IL","county":"Cook","geo_location":{ "type": "Point", "coordinates": [-87.7914, 41.8347] }},
{"zip_code":"60415","country":"US","city":"Chicago Ridge","state":"Illinois","state_ab":"IL","county":"Cook","geo_location":{ "type": "Point", "coordinates": [-87.7774, 41.7017] }},
{"zip_code":"60455","country":"US","city":"Bridgeview","state":"Illinois","state_ab":"IL","county":"Cook","geo_location":{ "type": "Point", "coordinates": [-87.8066, 41.7431] }},
{"zip_code":"60482","country":"US","city":"Worth","state":"Illinois","state_ab":"IL","county":"Cook","geo_location":{ "type": "Point", "coordinates": [-87.7863, 41.6895] }},
{"zip_code":"60558","country":"US","city":"Western Springs","state":"Illinois","state_ab":"IL","county":"Cook","geo_location":{ "type": "Point", "coordinates": [-87.8995, 41.8049] }},
{"zip_code":"60608","country":"US","city":"Chicago","state":"Illinois","state_ab":"IL","county":"Cook","geo_location":{ "type": "Point", "coordinates": [-87.6694, 41.8515] }},
{"zip_code":"60622","country":"US","city":"Chicago","state":"Illinois","state_ab":"IL","county":"Cook","geo_location":{ "type": "Point", "coordinates": [-87.6779, 41.9019] }},
{"zip_code":"60635","country":"US","city":"Elmwood Park","state":"Illinois","state_ab":"IL","county":"Cook County","geo_location":{ "type": "Point", "coordinates": [-87.808, 41.9222] }},
{"zip_code":"60648","country":"US","city":"Chicago","state":"Illinois","state_ab":"IL","county":"Cook County","geo_location":{ "type": "Point", "coordinates": [-87.8164, 42.0311] }},
{"zip_code":"60675","country":"US","city":"Chicago","state":"Illinois","state_ab":"IL","county":"Cook","geo_location":{ "type": "Point", "coordinates": [-87.6873, 41.8119] }},
{"zip_code":"60688","country":"US","city":"Chicago","state":"Illinois","state_ab":"IL","county":"Cook County","geo_location":{ "type": "Point", "coordinates": [-87.6688, 41.8724] }},
{"zip_code":"60712","country":"US","city":"Lincolnwood","state":"Illinois","state_ab":"IL","county":"Cook","geo_location":{ "type": "Point", "coordinates": [-87.7361, 42.008] }},
{"zip_code":"62435","country":"US","city":"Janesville","state":"Illinois","state_ab":"IL","county":"Cumberland","geo_location":{ "type": "Point", "coordinates": [-88.2445, 39.3743] }},
{"zip_code":"60145","country":"US","city":"Kingston","state":"Illinois","state_ab":"IL","county":"DeKalb","geo_location":{ "type": "Point", "coordinates": [-88.7695, 42.1057] }},
{"zip_code":"60105","country":"US","city":"Bensenville","state":"Illinois","state_ab":"IL","county":"DuPage","geo_location":{ "type": "Point", "coordinates": [-88.0887, 41.8397] }},
{"zip_code":"60132","country":"US","city":"Carol Stream","state":"Illinois","state_ab":"IL","county":"DuPage","geo_location":{ "type": "Point", "coordinates": [-88.0887, 41.8397] }},
{"zip_code":"60158","country":"US","city":"Carol Stream","state":"Illinois","state_ab":"IL","county":"DuPage County","geo_location":{ "type": "Point", "coordinates": [-88.1208, 41.9166] }},
{"zip_code":"60172","country":"US","city":"Roselle","state":"Illinois","state_ab":"IL","county":"DuPage","geo_location":{ "type": "Point", "coordinates": [-88.0857, 41.9798] }},
{"zip_code":"60185","country":"US","city":"West Chicago","state":"Illinois","state_ab":"IL","county":"DuPage","geo_location":{ "type": "Point", "coordinates": [-88.2022, 41.8886] }},
{"zip_code":"60198","country":"US","city":"Carol Stream","state":"Illinois","state_ab":"IL","county":"DuPage","geo_location":{ "type": "Point", "coordinates": [-88.0887, 41.8397] }},
{"zip_code":"60532","country":"US","city":"Lisle","state":"Illinois","state_ab":"IL","county":"DuPage","geo_location":{ "type": "Point", "coordinates": [-88.0879, 41.7862] }},
{"zip_code":"60572","country":"US","city":"Aurora","state":"Illinois","state_ab":"IL","county":"DuPage","geo_location":{ "type": "Point", "coordinates": [-88.0887, 41.8397] }},
{"zip_code":"60598","country":"US","city":"Aurora","state":"Illinois","state_ab":"IL","county":"DuPage","geo_location":{ "type": "Point", "coordinates": [-88.0887, 41.8397] }},
{"zip_code":"62822","country":"US","city":"Christopher","state":"Illinois","state_ab":"IL","county":"Franklin","geo_location":{ "type": "Point", "coordinates": [-89.0574, 37.9849] }},
{"zip_code":"61432","country":"US","city":"Fairview","state":"Illinois","state_ab":"IL","county":"Fulton","geo_location":{ "type": "Point", "coordinates": [-90.1653, 40.6442] }},
{"zip_code":"62318","country":"US","city":"Burnside","state":"Illinois","state_ab":"IL","county":"Hancock","geo_location":{ "type": "Point", "coordinates": [-91.1358, 40.4881] }},
{"zip_code":"62358","country":"US","city":"Niota","state":"Illinois","state_ab":"IL","county":"Hancock","geo_location":{ "type": "Point", "coordinates": [-91.2991, 40.5978] }},
{"zip_code":"61418","country":"US","city":"Biggsville","state":"Illinois","state_ab":"IL","county":"Henderson","geo_location":{ "type": "Point", "coordinates": [-90.8561, 40.8531] }},
{"zip_code":"61238","country":"US","city":"Cambridge","state":"Illinois","state_ab":"IL","county":"Henry","geo_location":{ "type": "Point", "coordinates": [-90.1805, 41.3114] }},
{"zip_code":"60918","country":"US","city":"Buckley","state":"Illinois","state_ab":"IL","county":"Iroquois","geo_location":{ "type": "Point", "coordinates": [-88.0361, 40.6018] }},
{"zip_code":"60945","country":"US","city":"Iroquois","state":"Illinois","state_ab":"IL","county":"Iroquois","geo_location":{ "type": "Point", "coordinates": [-87.5847, 40.8269] }},
{"zip_code":"62448","country":"US","city":"Newton","state":"Illinois","state_ab":"IL","county":"Jasper","geo_location":{ "type": "Point", "coordinates": [-88.1704, 38.9847] }},
{"zip_code":"62475","country":"US","city":"West Liberty","state":"Illinois","state_ab":"IL","county":"Jasper","geo_location":{ "type": "Point", "coordinates": [-88.0979, 38.895] }},
{"zip_code":"62022","country":"US","city":"Dow","state":"Illinois","state_ab":"IL","county":"Jersey","geo_location":{ "type": "Point", "coordinates": [-90.3011, 39.0312] }},
{"zip_code":"61085","country":"US","city":"Stockton","state":"Illinois","state_ab":"IL","county":"Jo Daviess","geo_location":{ "type": "Point", "coordinates": [-90.0202, 42.3492] }},
{"zip_code":"62912","country":"US","city":"Buncombe","state":"Illinois","state_ab":"IL","county":"Johnson","geo_location":{ "type": "Point", "coordinates": [-88.9806, 37.4637] }},
{"zip_code":"60118","country":"US","city":"Dundee","state":"Illinois","state_ab":"IL","county":"Kane","geo_location":{ "type": "Point", "coordinates": [-88.2902, 42.0962] }},
{"zip_code":"60505","country":"US","city":"Aurora","state":"Illinois","state_ab":"IL","county":"Kane","geo_location":{ "type": "Point", "coordinates": [-88.2971, 41.7582] }},
{"zip_code":"60958","country":"US","city":"Pembroke Township","state":"Illinois","state_ab":"IL","county":"Kankakee","geo_location":{ "type": "Point", "coordinates": [-87.5917, 41.0646] }},
{"zip_code":"60545","country":"US","city":"Plano","state":"Illinois","state_ab":"IL","county":"Kendall","geo_location":{ "type": "Point", "coordinates": [-88.5384, 41.667] }},
{"zip_code":"61458","country":"US","city":"Maquon","state":"Illinois","state_ab":"IL","county":"Knox","geo_location":{ "type": "Point", "coordinates": [-90.2008, 40.7849] }},
{"zip_code":"61472","country":"US","city":"Rio","state":"Illinois","state_ab":"IL","county":"Knox","geo_location":{ "type": "Point", "coordinates": [-90.39, 41.1103] }},
{"zip_code":"61485","country":"US","city":"Victoria","state":"Illinois","state_ab":"IL","county":"Knox","geo_location":{ "type": "Point", "coordinates": [-90.0933, 41.0256] }},
{"zip_code":"60002","country":"US","city":"Antioch","state":"Illinois","state_ab":"IL","county":"Lake","geo_location":{ "type": "Point", "coordinates": [-88.1178, 42.4648] }},
{"zip_code":"60015","country":"US","city":"Deerfield","state":"Illinois","state_ab":"IL","county":"Lake","geo_location":{ "type": "Point", "coordinates": [-87.859, 42.1705] }},
{"zip_code":"60042","country":"US","city":"Island Lake","state":"Illinois","state_ab":"IL","county":"Lake","geo_location":{ "type": "Point", "coordinates": [-88.1926, 42.2742] }},
{"zip_code":"60518","country":"US","city":"Earlville","state":"Illinois","state_ab":"IL","county":"La Salle","geo_location":{ "type": "Point", "coordinates": [-88.9103, 41.5859] }},
{"zip_code":"61342","country":"US","city":"Mendota","state":"Illinois","state_ab":"IL","county":"La Salle","geo_location":{ "type": "Point", "coordinates": [-89.1083, 41.5443] }},
{"zip_code":"61058","country":"US","city":"Nelson","state":"Illinois","state_ab":"IL","county":"Lee","geo_location":{ "type": "Point", "coordinates": [-89.5995, 41.7973] }},
{"zip_code":"62512","country":"US","city":"Beason","state":"Illinois","state_ab":"IL","county":"Logan","geo_location":{ "type": "Point", "coordinates": [-89.1948, 40.1437] }},
{"zip_code":"61702","country":"US","city":"Bloomington","state":"Illinois","state_ab":"IL","county":"McLean","geo_location":{ "type": "Point", "coordinates": [-88.8643, 40.5192] }},
{"zip_code":"61728","country":"US","city":"Colfax","state":"Illinois","state_ab":"IL","county":"McLean","geo_location":{ "type": "Point", "coordinates": [-88.62, 40.5704] }},
{"zip_code":"62525","country":"US","city":"Decatur","state":"Illinois","state_ab":"IL","county":"Macon","geo_location":{ "type": "Point", "coordinates": [-88.9815, 39.854] }},
{"zip_code":"62552","country":"US","city":"Oakley","state":"Illinois","state_ab":"IL","county":"Macon","geo_location":{ "type": "Point", "coordinates": [-88.8048, 39.8835] }},
{"zip_code":"62088","country":"US","city":"Staunton","state":"Illinois","state_ab":"IL","county":"Macoupin","geo_location":{ "type": "Point", "coordinates": [-89.7857, 39.0135] }},
{"zip_code":"62035","country":"US","city":"Godfrey","state":"Illinois","state_ab":"IL","county":"Madison","geo_location":{ "type": "Point", "coordinates": [-90.206, 38.946] }},
{"zip_code":"62048","country":"US","city":"Hartford","state":"Illinois","state_ab":"IL","county":"Madison","geo_location":{ "type": "Point", "coordinates": [-90.0926, 38.8278] }},
{"zip_code":"62062","country":"US","city":"Maryville","state":"Illinois","state_ab":"IL","county":"Madison","geo_location":{ "type": "Point", "coordinates": [-89.9658, 38.7138] }},
{"zip_code":"62875","country":"US","city":"Patoka","state":"Illinois","state_ab":"IL","county":"Marion","geo_location":{ "type": "Point", "coordinates": [-89.0942, 38.7549] }},
{"zip_code":"62655","country":"US","city":"Kilbourne","state":"Illinois","state_ab":"IL","county":"Mason","geo_location":{ "type": "Point", "coordinates": [-90.0043, 40.1587] }},
{"zip_code":"62682","country":"US","city":"San Jose","state":"Illinois","state_ab":"IL","county":"Mason","geo_location":{ "type": "Point", "coordinates": [-89.6872, 40.3011] }},
{"zip_code":"62642","country":"US","city":"Greenview","state":"Illinois","state_ab":"IL","county":"Menard","geo_location":{ "type": "Point", "coordinates": [-89.7469, 40.1017] }},
{"zip_code":"62295","country":"US","city":"Valmeyer","state":"Illinois","state_ab":"IL","county":"Monroe","geo_location":{ "type": "Point", "coordinates": [-90.3122, 38.2805] }},
{"zip_code":"62075","country":"US","city":"Nokomis","state":"Illinois","state_ab":"IL","county":"Montgomery","geo_location":{ "type": "Point", "coordinates": [-89.2853, 39.3036] }},
{"zip_code":"62538","country":"US","city":"Harvel","state":"Illinois","state_ab":"IL","county":"Montgomery","geo_location":{ "type": "Point", "coordinates": [-89.538, 39.3719] }},
{"zip_code":"62628","country":"US","city":"Chapin","state":"Illinois","state_ab":"IL","county":"Morgan","geo_location":{ "type": "Point", "coordinates": [-90.4113, 39.7716] }},
{"zip_code":"62668","country":"US","city":"Murrayville","state":"Illinois","state_ab":"IL","county":"Morgan","geo_location":{ "type": "Point", "coordinates": [-90.2379, 39.5723] }},
{"zip_code":"62695","country":"US","city":"Woodson","state":"Illinois","state_ab":"IL","county":"Morgan","geo_location":{ "type": "Point", "coordinates": [-90.2257, 39.6189] }},
{"zip_code":"61562","country":"US","city":"Rome","state":"Illinois","state_ab":"IL","county":"Peoria","geo_location":{ "type": "Point", "coordinates": [-89.5067, 40.8743] }},
{"zip_code":"61612","country":"US","city":"Peoria","state":"Illinois","state_ab":"IL","county":"Peoria","geo_location":{ "type": "Point", "coordinates": [-89.7184, 40.7442] }},
{"zip_code":"61625","country":"US","city":"Peoria","state":"Illinois","state_ab":"IL","county":"Peoria","geo_location":{ "type": "Point", "coordinates": [-89.6166, 40.6963] }},
{"zip_code":"61638","country":"US","city":"Peoria","state":"Illinois","state_ab":"IL","county":"Peoria","geo_location":{ "type": "Point", "coordinates": [-89.6111, 40.7969] }},
{"zip_code":"61652","country":"US","city":"Peoria","state":"Illinois","state_ab":"IL","county":"Peoria","geo_location":{ "type": "Point", "coordinates": [-89.5091, 40.8767] }},
{"zip_code":"62332","country":"US","city":"Detroit","state":"Illinois","state_ab":"IL","county":"Perry County","geo_location":{ "type": "Point", "coordinates": [-90.6545, 39.6183] }},
{"zip_code":"62888","country":"US","city":"Tamaroa","state":"Illinois","state_ab":"IL","county":"Perry","geo_location":{ "type": "Point", "coordinates": [-89.2231, 38.138] }},
{"zip_code":"61818","country":"US","city":"Cerro Gordo","state":"Illinois","state_ab":"IL","county":"Piatt","geo_location":{ "type": "Point", "coordinates": [-88.7256, 39.8681] }},
{"zip_code":"62345","country":"US","city":"Kinderhook","state":"Illinois","state_ab":"IL","county":"Pike","geo_location":{ "type": "Point", "coordinates": [-91.1637, 39.6953] }},
{"zip_code":"62372","country":"US","city":"Summer Hill","state":"Illinois","state_ab":"IL","county":"Pike County","geo_location":{ "type": "Point", "coordinates": [-91.0187, 39.5351] }},
{"zip_code":"62938","country":"US","city":"Golconda","state":"Illinois","state_ab":"IL","county":"Pope","geo_location":{ "type": "Point", "coordinates": [-88.4886, 37.3602] }},
{"zip_code":"62992","country":"US","city":"Ullin","state":"Illinois","state_ab":"IL","county":"Pulaski","geo_location":{ "type": "Point", "coordinates": [-89.1911, 37.2704] }},
{"zip_code":"62242","country":"US","city":"Evansville","state":"Illinois","state_ab":"IL","county":"Randolph","geo_location":{ "type": "Point", "coordinates": [-89.917, 38.0926] }},
{"zip_code":"61265","country":"US","city":"Moline","state":"Illinois","state_ab":"IL","county":"Rock Island","geo_location":{ "type": "Point", "coordinates": [-90.498, 41.4906] }},
{"zip_code":"61278","country":"US","city":"Rapids City","state":"Illinois","state_ab":"IL","county":"Rock Island","geo_location":{ "type": "Point", "coordinates": [-90.3432, 41.5859] }},
{"zip_code":"62202","country":"US","city":"East Saint Louis","state":"Illinois","state_ab":"IL","county":"St. Clair","geo_location":{ "type": "Point", "coordinates": [-90.1591, 38.6163] }},
{"zip_code":"62255","country":"US","city":"Lenzburg","state":"Illinois","state_ab":"IL","county":"St. Clair","geo_location":{ "type": "Point", "coordinates": [-89.7922, 38.295] }},
{"zip_code":"62282","country":"US","city":"Saint Libory","state":"Illinois","state_ab":"IL","county":"St. Clair","geo_location":{ "type": "Point", "coordinates": [-89.7139, 38.3632] }},
{"zip_code":"62965","country":"US","city":"Muddy","state":"Illinois","state_ab":"IL","county":"Saline","geo_location":{ "type": "Point", "coordinates": [-88.5487, 37.802] }},
{"zip_code":"62615","country":"US","city":"Auburn","state":"Illinois","state_ab":"IL","county":"Sangamon","geo_location":{ "type": "Point", "coordinates": [-89.744, 39.5918] }},
{"zip_code":"62705","country":"US","city":"Springfield","state":"Illinois","state_ab":"IL","county":"Sangamon","geo_location":{ "type": "Point", "coordinates": [-89.606, 39.7495] }},
{"zip_code":"62718","country":"US","city":"Springfield","state":"Illinois","state_ab":"IL","county":"Sangamon","geo_location":{ "type": "Point", "coordinates": [-89.6466, 39.778] }},
{"zip_code":"62422","country":"US","city":"Cowden","state":"Illinois","state_ab":"IL","county":"Shelby","geo_location":{ "type": "Point", "coordinates": [-88.8868, 39.2326] }},
{"zip_code":"62462","country":"US","city":"Sigel","state":"Illinois","state_ab":"IL","county":"Shelby","geo_location":{ "type": "Point", "coordinates": [-88.4803, 39.2176] }},
{"zip_code":"62565","country":"US","city":"Shelbyville","state":"Illinois","state_ab":"IL","county":"Shelby","geo_location":{ "type": "Point", "coordinates": [-88.8058, 39.458] }},
{"zip_code":"61018","country":"US","city":"Dakota","state":"Illinois","state_ab":"IL","county":"Stephenson","geo_location":{ "type": "Point", "coordinates": [-89.5468, 42.4031] }},
{"zip_code":"61032","country":"US","city":"Freeport","state":"Illinois","state_ab":"IL","county":"Stephenson","geo_location":{ "type": "Point", "coordinates": [-89.6345, 42.2991] }},
{"zip_code":"61535","country":"US","city":"Groveland","state":"Illinois","state_ab":"IL","county":"Tazewell","geo_location":{ "type": "Point", "coordinates": [-89.5571, 40.601] }},
{"zip_code":"61755","country":"US","city":"Mackinaw","state":"Illinois","state_ab":"IL","county":"Tazewell","geo_location":{ "type": "Point", "coordinates": [-89.3458, 40.5396] }},
{"zip_code":"62952","country":"US","city":"Jonesboro","state":"Illinois","state_ab":"IL","county":"Union","geo_location":{ "type": "Point", "coordinates": [-89.2915, 37.4461] }},
{"zip_code":"60932","country":"US","city":"East Lynn","state":"Illinois","state_ab":"IL","county":"Vermilion","geo_location":{ "type": "Point", "coordinates": [-87.8056, 40.4633] }},
{"zip_code":"61832","country":"US","city":"Danville","state":"Illinois","state_ab":"IL","county":"Vermilion","geo_location":{ "type": "Point", "coordinates": [-87.6217, 40.137] }},
{"zip_code":"61858","country":"US","city":"Oakwood","state":"Illinois","state_ab":"IL","county":"Vermilion","geo_location":{ "type": "Point", "coordinates": [-87.7825, 40.1167] }},
{"zip_code":"62268","country":"US","city":"Oakdale","state":"Illinois","state_ab":"IL","county":"Washington","geo_location":{ "type": "Point", "coordinates": [-89.596, 38.2573] }},
{"zip_code":"62808","country":"US","city":"Ashley","state":"Illinois","state_ab":"IL","county":"Washington","geo_location":{ "type": "Point", "coordinates": [-89.2311, 38.306] }},
{"zip_code":"62848","country":"US","city":"Irvington","state":"Illinois","state_ab":"IL","county":"Washington","geo_location":{ "type": "Point", "coordinates": [-89.1648, 38.4366] }},
{"zip_code":"62835","country":"US","city":"Enfield","state":"Illinois","state_ab":"IL","county":"White","geo_location":{ "type": "Point", "coordinates": [-88.3325, 38.0927] }},
{"zip_code":"62862","country":"US","city":"Mill Shoals","state":"Illinois","state_ab":"IL","county":"White","geo_location":{ "type": "Point", "coordinates": [-88.3338, 38.2447] }},
{"zip_code":"61252","country":"US","city":"Fulton","state":"Illinois","state_ab":"IL","county":"Whiteside","geo_location":{ "type": "Point", "coordinates": [-90.1507, 41.8522] }},
{"zip_code":"60428","country":"US","city":"Markham","state":"Illinois","state_ab":"IL","county":"Will County","geo_location":{ "type": "Point", "coordinates": [-87.6906, 41.5998] }},
{"zip_code":"60442","country":"US","city":"Manhattan","state":"Illinois","state_ab":"IL","county":"Will","geo_location":{ "type": "Point", "coordinates": [-87.9771, 41.4289] }},
{"zip_code":"60468","country":"US","city":"Peotone","state":"Illinois","state_ab":"IL","county":"Will","geo_location":{ "type": "Point", "coordinates": [-87.7897, 41.3361] }},
{"zip_code":"60585","country":"US","city":"Plainfield","state":"Illinois","state_ab":"IL","county":"Will County","geo_location":{ "type": "Point", "coordinates": [-88.2203, 41.6558] }},
{"zip_code":"61072","country":"US","city":"Rockton","state":"Illinois","state_ab":"IL","county":"Winnebago","geo_location":{ "type": "Point", "coordinates": [-89.0887, 42.4544] }},
{"zip_code":"61108","country":"US","city":"Rockford","state":"Illinois","state_ab":"IL","county":"Winnebago","geo_location":{ "type": "Point", "coordinates": [-89.0235, 42.2514] }},
{"zip_code":"61548","country":"US","city":"Metamora","state":"Illinois","state_ab":"IL","county":"Woodford","geo_location":{ "type": "Point", "coordinates": [-89.4309, 40.7844] }},
{"zip_code":"61742","country":"US","city":"Goodfield","state":"Illinois","state_ab":"IL","county":"Woodford","geo_location":{ "type": "Point", "coordinates": [-89.2727, 40.6329] }},
{"zip_code":"46765","country":"US","city":"Leo","state":"Indiana","state_ab":"IN","county":"Allen","geo_location":{ "type": "Point", "coordinates": [-85.0301, 41.2249] }},
{"zip_code":"46802","country":"US","city":"Fort Wayne","state":"Indiana","state_ab":"IN","county":"Allen","geo_location":{ "type": "Point", "coordinates": [-85.1543, 41.0707] }}]}