{"value": [{"zip_code":"85327","country":"US","city":"Cave Creek","state":"Arizona","state_ab":"AZ","county":"Maricopa","geo_location":{ "type": "Point", "coordinates": [-112.1872, 33.2765] }},
{"zip_code":"85354","country":"US","city":"Tonopah","state":"Arizona","state_ab":"AZ","county":"Maricopa","geo_location":{ "type": "Point", "coordinates": [-112.9528, 33.4228] }},
{"zip_code":"85381","country":"US","city":"Peoria","state":"Arizona","state_ab":"AZ","county":"Maricopa","geo_location":{ "type": "Point", "coordinates": [-112.2237, 33.6048] }},
{"zip_code":"86021","country":"US","city":"Colorado City","state":"Arizona","state_ab":"AZ","county":"Mohave","geo_location":{ "type": "Point", "coordinates": [-112.9524, 36.9763] }},
{"zip_code":"86434","country":"US","city":"Peach Springs","state":"Arizona","state_ab":"AZ","county":"Mohave","geo_location":{ "type": "Point", "coordinates": [-113.4202, 35.5378] }},
{"zip_code":"85934","country":"US","city":"Pinedale","state":"Arizona","state_ab":"AZ","county":"Navajo","geo_location":{ "type": "Point", "coordinates": [-110.2457, 34.3003] }},
{"zip_code":"86034","country":"US","city":"Keams Canyon","state":"Arizona","state_ab":"AZ","county":"Navajo","geo_location":{ "type": "Point", "coordinates": [-110.2845, 35.8082] }},
{"zip_code":"86047","country":"US","city":"Winslow","state":"Arizona","state_ab":"AZ","county":"Navajo","geo_location":{ "type": "Point", "coordinates": [-110.5114, 35.1608] }},
{"zip_code":"85341","country":"US","city":"Lukeville","state":"Arizona","state_ab":"AZ","county":"Pima","geo_location":{ "type": "Point", "coordinates": [-112.7845, 31.8737] }},
{"zip_code":"85701","country":"US","city":"Tucson","state":"Arizona","state_ab":"AZ","county":"Pima","geo_location":{ "type": "Point", "coordinates": [-110.9694, 32.2139] }},
{"zip_code":"85714","country":"US","city":"Tucson","state":"Arizona","state_ab":"AZ","county":"Pima","geo_location":{ "type": "Point", "coordinates": [-110.9719, 32.1707] }},
{"zip_code":"85741","country":"US","city":"Tucson","state":"Arizona","state_ab":"AZ","county":"Pima","geo_location":{ "type": "Point", "coordinates": [-111.0419, 32.3472] }},
{"zip_code":"85754","country":"US","city":"Tucson","state":"Arizona","state_ab":"AZ","county":"Pima","geo_location":{ "type": "Point", "coordinates": [-111.8907, 31.9701] }},
{"zip_code":"85121","country":"US","city":"Bapchule","state":"Arizona","state_ab":"AZ","county":"Pinal","geo_location":{ "type": "Point", "coordinates": [-111.9128, 33.1405] }},
{"zip_code":"85147","country":"US","city":"Sacaton","state":"Arizona","state_ab":"AZ","county":"Pinal","geo_location":{ "type": "Point", "coordinates": [-111.7384, 33.1234] }},
{"zip_code":"85291","country":"US","city":"Valley Farms","state":"Arizona","state_ab":"AZ","county":"Pinal","geo_location":{ "type": "Point", "coordinates": [-111.4298, 33.0135] }},
{"zip_code":"85611","country":"US","city":"Elgin","state":"Arizona","state_ab":"AZ","county":"Santa Cruz","geo_location":{ "type": "Point", "coordinates": [-110.5636, 31.6097] }},
{"zip_code":"85624","country":"US","city":"Patagonia","state":"Arizona","state_ab":"AZ","county":"Santa Cruz","geo_location":{ "type": "Point", "coordinates": [-110.6968, 31.5353] }},
{"zip_code":"85637","country":"US","city":"Sonoita","state":"Arizona","state_ab":"AZ","county":"Santa Cruz","geo_location":{ "type": "Point", "coordinates": [-110.6188, 31.6731] }},
{"zip_code":"86304","country":"US","city":"Prescott","state":"Arizona","state_ab":"AZ","county":"Yavapai","geo_location":{ "type": "Point", "coordinates": [-112.4907, 34.5967] }},
{"zip_code":"86331","country":"US","city":"Jerome","state":"Arizona","state_ab":"AZ","county":"Yavapai","geo_location":{ "type": "Point", "coordinates": [-112.1086, 34.7486] }},
{"zip_code":"85367","country":"US","city":"Yuma","state":"Arizona","state_ab":"AZ","county":"Yuma","geo_location":{ "type": "Point", "coordinates": [-114.4042, 32.6566] }},
{"zip_code":"94587","country":"US","city":"Union City","state":"California","state_ab":"CA","county":"Alameda","geo_location":{ "type": "Point", "coordinates": [-122.0497, 37.5895] }},
{"zip_code":"94611","country":"US","city":"Oakland","state":"California","state_ab":"CA","county":"Alameda","geo_location":{ "type": "Point", "coordinates": [-122.2223, 37.8471] }},
{"zip_code":"94624","country":"US","city":"Oakland","state":"California","state_ab":"CA","county":"Alameda","geo_location":{ "type": "Point", "coordinates": [-121.9215, 37.6802] }},
{"zip_code":"94701","country":"US","city":"Berkeley","state":"California","state_ab":"CA","county":"Alameda","geo_location":{ "type": "Point", "coordinates": [-122.2967, 37.8606] }},
{"zip_code":"95601","country":"US","city":"Amador City","state":"California","state_ab":"CA","county":"Amador","geo_location":{ "type": "Point", "coordinates": [-120.823, 38.4194] }},
{"zip_code":"95654","country":"US","city":"Martell","state":"California","state_ab":"CA","county":"Amador","geo_location":{ "type": "Point", "coordinates": [-120.7752, 38.3515] }},
{"zip_code":"95254","country":"US","city":"Wallace","state":"California","state_ab":"CA","county":"Calaveras","geo_location":{ "type": "Point", "coordinates": [-120.9793, 38.1983] }},
{"zip_code":"94507","country":"US","city":"Alamo","state":"California","state_ab":"CA","county":"Contra Costa","geo_location":{ "type": "Point", "coordinates": [-122.0229, 37.8537] }},
{"zip_code":"94521","country":"US","city":"Concord","state":"California","state_ab":"CA","county":"Contra Costa","geo_location":{ "type": "Point", "coordinates": [-121.975, 37.9575] }},
{"zip_code":"94547","country":"US","city":"Hercules","state":"California","state_ab":"CA","county":"Contra Costa","geo_location":{ "type": "Point", "coordinates": [-122.2637, 38.0066] }},
{"zip_code":"94561","country":"US","city":"Oakley","state":"California","state_ab":"CA","county":"Contra Costa","geo_location":{ "type": "Point", "coordinates": [-121.7036, 37.994] }},
{"zip_code":"94804","country":"US","city":"Richmond","state":"California","state_ab":"CA","county":"Contra Costa","geo_location":{ "type": "Point", "coordinates": [-122.3342, 37.9265] }},
{"zip_code":"95614","country":"US","city":"Cool","state":"California","state_ab":"CA","county":"El Dorado","geo_location":{ "type": "Point", "coordinates": [-120.9802, 38.8923] }},
{"zip_code":"95667","country":"US","city":"Placerville","state":"California","state_ab":"CA","county":"El Dorado","geo_location":{ "type": "Point", "coordinates": [-120.8046, 38.7195] }},
{"zip_code":"96154","country":"US","city":"South Lake Tahoe","state":"California","state_ab":"CA","county":"El Dorado","geo_location":{ "type": "Point", "coordinates": [-120.0188, 38.8753] }},
{"zip_code":"92631","country":"US","city":"Brea","state":"California","state_ab":"CA","county":"Fresno County","geo_location":{ "type": "Point", "coordinates": [-117.8917, 33.8798] }},
{"zip_code":"93234","country":"US","city":"Huron","state":"California","state_ab":"CA","county":"Fresno","geo_location":{ "type": "Point", "coordinates": [-120.102, 36.2371] }},
{"zip_code":"93607","country":"US","city":"Burrel","state":"California","state_ab":"CA","county":"Fresno","geo_location":{ "type": "Point", "coordinates": [-119.8994, 36.5898] }},
{"zip_code":"93621","country":"US","city":"Dunlap","state":"California","state_ab":"CA","county":"Fresno","geo_location":{ "type": "Point", "coordinates": [-119.0899, 36.7446] }},
{"zip_code":"93634","country":"US","city":"Lakeshore","state":"California","state_ab":"CA","county":"Fresno","geo_location":{ "type": "Point", "coordinates": [-119.2436, 37.1673] }},
{"zip_code":"93711","country":"US","city":"Fresno","state":"California","state_ab":"CA","county":"Fresno","geo_location":{ "type": "Point", "coordinates": [-119.8319, 36.8303] }},
{"zip_code":"93724","country":"US","city":"Fresno","state":"California","state_ab":"CA","county":"Fresno","geo_location":{ "type": "Point", "coordinates": [-119.6397, 36.7464] }},
{"zip_code":"93764","country":"US","city":"Fresno","state":"California","state_ab":"CA","county":"Fresno","geo_location":{ "type": "Point", "coordinates": [-119.6397, 36.7464] }},
{"zip_code":"93777","country":"US","city":"Fresno","state":"California","state_ab":"CA","county":"Fresno","geo_location":{ "type": "Point", "coordinates": [-119.6397, 36.7464] }},
{"zip_code":"93791","country":"US","city":"Fresno","state":"California","state_ab":"CA","county":"Fresno","geo_location":{ "type": "Point", "coordinates": [-119.6397, 36.7464] }},
{"zip_code":"95951","country":"US","city":"Hamilton City","state":"California","state_ab":"CA","county":"Glenn","geo_location":{ "type": "Point", "coordinates": [-122.0085, 39.7386] }},
{"zip_code":"95511","country":"US","city":"Alderpoint","state":"California","state_ab":"CA","county":"Humboldt","geo_location":{ "type": "Point", "coordinates": [-123.6192, 40.1676] }},
{"zip_code":"95524","country":"US","city":"Bayside","state":"California","state_ab":"CA","county":"Humboldt","geo_location":{ "type": "Point", "coordinates": [-124.0552, 40.8266] }},
{"zip_code":"95537","country":"US","city":"Fields Landing","state":"California","state_ab":"CA","county":"Humboldt","geo_location":{ "type": "Point", "coordinates": [-124.2174, 40.7268] }},
{"zip_code":"95551","country":"US","city":"Loleta","state":"California","state_ab":"CA","county":"Humboldt","geo_location":{ "type": "Point", "coordinates": [-124.2251, 40.6589] }},
{"zip_code":"95564","country":"US","city":"Samoa","state":"California","state_ab":"CA","county":"Humboldt","geo_location":{ "type": "Point", "coordinates": [-124.1936, 40.8037] }},
{"zip_code":"92231","country":"US","city":"Calexico","state":"California","state_ab":"CA","county":"Imperial","geo_location":{ "type": "Point", "coordinates": [-115.5028, 32.6832] }},
{"zip_code":"92244","country":"US","city":"El Centro","state":"California","state_ab":"CA","county":"Imperial","geo_location":{ "type": "Point", "coordinates": [-115.6927, 32.7948] }},
{"zip_code":"92257","country":"US","city":"Niland","state":"California","state_ab":"CA","county":"Imperial","geo_location":{ "type": "Point", "coordinates": [-115.6965, 33.3784] }},
{"zip_code":"93287","country":"US","city":"Woody","state":"California","state_ab":"CA","county":"Kern","geo_location":{ "type": "Point", "coordinates": [-118.8439, 35.7068] }},
{"zip_code":"93311","country":"US","city":"Bakersfield","state":"California","state_ab":"CA","county":"Kern","geo_location":{ "type": "Point", "coordinates": [-119.1056, 35.3039] }},
{"zip_code":"93504","country":"US","city":"California City","state":"California","state_ab":"CA","county":"Kern","geo_location":{ "type": "Point", "coordinates": [-117.8854, 35.1871] }},
{"zip_code":"93531","country":"US","city":"Keene","state":"California","state_ab":"CA","county":"Kern","geo_location":{ "type": "Point", "coordinates": [-118.6076, 35.2375] }},
{"zip_code":"95461","country":"US","city":"Middletown","state":"California","state_ab":"CA","county":"Lake","geo_location":{ "type": "Point", "coordinates": [-122.6487, 38.7824] }},
{"zip_code":"96114","country":"US","city":"Janesville","state":"California","state_ab":"CA","county":"Lassen","geo_location":{ "type": "Point", "coordinates": [-120.5098, 40.2963] }},
{"zip_code":"96127","country":"US","city":"Susanville","state":"California","state_ab":"CA","county":"Lassen","geo_location":{ "type": "Point", "coordinates": [-120.6641, 40.4461] }},
{"zip_code":"90004","country":"US","city":"Los Angeles","state":"California","state_ab":"CA","county":"Los Angeles","geo_location":{ "type": "Point", "coordinates": [-118.3029, 34.0762] }},
{"zip_code":"90017","country":"US","city":"Los Angeles","state":"California","state_ab":"CA","county":"Los Angeles","geo_location":{ "type": "Point", "coordinates": [-118.2666, 34.0559] }},
{"zip_code":"90031","country":"US","city":"Los Angeles","state":"California","state_ab":"CA","county":"Los Angeles","geo_location":{ "type": "Point", "coordinates": [-118.2113, 34.0783] }},
{"zip_code":"90044","country":"US","city":"Los Angeles","state":"California","state_ab":"CA","county":"Los Angeles","geo_location":{ "type": "Point", "coordinates": [-118.2901, 33.9551] }},
{"zip_code":"90057","country":"US","city":"Los Angeles","state":"California","state_ab":"CA","county":"Los Angeles","geo_location":{ "type": "Point", "coordinates": [-118.2763, 34.0622] }},
{"zip_code":"90071","country":"US","city":"Los Angeles","state":"California","state_ab":"CA","county":"Los Angeles","geo_location":{ "type": "Point", "coordinates": [-118.2549, 34.0529] }},
{"zip_code":"90084","country":"US","city":"Los Angeles","state":"California","state_ab":"CA","county":"Los Angeles","geo_location":{ "type": "Point", "coordinates": [-118.2987, 33.7866] }},
{"zip_code":"90097","country":"US","city":"Los Angeles","state":"California","state_ab":"CA","county":"Los Angeles","geo_location":{ "type": "Point", "coordinates": [-118.2987, 33.7866] }},
{"zip_code":"90174","country":"US","city":"Los Angeles","state":"California","state_ab":"CA","county":"Los Angeles","geo_location":{ "type": "Point", "coordinates": [-118.2987, 33.7866] }},
{"zip_code":"90211","country":"US","city":"Beverly Hills","state":"California","state_ab":"CA","county":"Los Angeles","geo_location":{ "type": "Point", "coordinates": [-118.383, 34.0652] }},
{"zip_code":"90224","country":"US","city":"Compton","state":"California","state_ab":"CA","county":"Los Angeles","geo_location":{ "type": "Point", "coordinates": [-118.2987, 33.7866] }},
{"zip_code":"90251","country":"US","city":"Hawthorne","state":"California","state_ab":"CA","county":"Los Angeles","geo_location":{ "type": "Point", "coordinates": [-118.2987, 33.7866] }},
{"zip_code":"90264","country":"US","city":"Malibu","state":"California","state_ab":"CA","county":"Los Angeles","geo_location":{ "type": "Point", "coordinates": [-118.2987, 33.7866] }},
{"zip_code":"90277","country":"US","city":"Redondo Beach","state":"California","state_ab":"CA","county":"Los Angeles","geo_location":{ "type": "Point", "coordinates": [-118.3832, 33.8307] }},
{"zip_code":"90291","country":"US","city":"Venice","state":"California","state_ab":"CA","county":"Los Angeles","geo_location":{ "type": "Point", "coordinates": [-118.4635, 33.9938] }},
{"zip_code":"90301","country":"US","city":"Inglewood","state":"California","state_ab":"CA","county":"Los Angeles","geo_location":{ "type": "Point", "coordinates": [-118.3556, 33.955] }},
{"zip_code":"90404","country":"US","city":"Santa Monica","state":"California","state_ab":"CA","county":"Los Angeles","geo_location":{ "type": "Point", "coordinates": [-118.4733, 34.0268] }},
{"zip_code":"90507","country":"US","city":"Torrance","state":"California","state_ab":"CA","county":"Los Angeles","geo_location":{ "type": "Point", "coordinates": [-118.2987, 33.7866] }},
{"zip_code":"90637","country":"US","city":"La Mirada","state":"California","state_ab":"CA","county":"Los Angeles","geo_location":{ "type": "Point", "coordinates": [-118.2987, 33.7866] }},
{"zip_code":"90651","country":"US","city":"Norwalk","state":"California","state_ab":"CA","county":"Los Angeles","geo_location":{ "type": "Point", "coordinates": [-118.2987, 33.7866] }},
{"zip_code":"90701","country":"US","city":"Artesia","state":"California","state_ab":"CA","county":"Los Angeles","geo_location":{ "type": "Point", "coordinates": [-118.0731, 33.8654] }},
{"zip_code":"90714","country":"US","city":"Lakewood","state":"California","state_ab":"CA","county":"Los Angeles","geo_location":{ "type": "Point", "coordinates": [-118.1339, 33.8512] }},
{"zip_code":"90804","country":"US","city":"Long Beach","state":"California","state_ab":"CA","county":"Los Angeles","geo_location":{ "type": "Point", "coordinates": [-118.1357, 33.7857] }},
{"zip_code":"90831","country":"US","city":"Long Beach","state":"California","state_ab":"CA","county":"Los Angeles","geo_location":{ "type": "Point", "coordinates": [-118.1994, 33.7678] }},
{"zip_code":"90844","country":"US","city":"Long Beach","state":"California","state_ab":"CA","county":"Los Angeles","geo_location":{ "type": "Point", "coordinates": [-118.2987, 33.7866] }},
{"zip_code":"91007","country":"US","city":"Arcadia","state":"California","state_ab":"CA","county":"Los Angeles","geo_location":{ "type": "Point", "coordinates": [-118.0515, 34.1243] }},
{"zip_code":"91021","country":"US","city":"Montrose","state":"California","state_ab":"CA","county":"Los Angeles","geo_location":{ "type": "Point", "coordinates": [-118.2987, 33.7866] }},
{"zip_code":"91124","country":"US","city":"Pasadena","state":"California","state_ab":"CA","county":"Los Angeles","geo_location":{ "type": "Point", "coordinates": [-118.2987, 33.7866] }},
{"zip_code":"91191","country":"US","city":"Pasadena","state":"California","state_ab":"CA","county":"Los Angeles","geo_location":{ "type": "Point", "coordinates": [-118.2987, 33.7866] }},
{"zip_code":"91201","country":"US","city":"Glendale","state":"California","state_ab":"CA","county":"Los Angeles","geo_location":{ "type": "Point", "coordinates": [-118.2899, 34.1716] }},
{"zip_code":"91214","country":"US","city":"La Crescenta","state":"California","state_ab":"CA","county":"Los Angeles","geo_location":{ "type": "Point", "coordinates": [-118.2457, 34.2316] }},
{"zip_code":"91304","country":"US","city":"Canoga Park","state":"California","state_ab":"CA","county":"Los Angeles","geo_location":{ "type": "Point", "coordinates": [-118.6111, 34.2197] }},
{"zip_code":"91331","country":"US","city":"Pacoima","state":"California","state_ab":"CA","county":"Los Angeles","geo_location":{ "type": "Point", "coordinates": [-118.4208, 34.2556] }},
{"zip_code":"91344","country":"US","city":"Granada Hills","state":"California","state_ab":"CA","county":"Los Angeles","geo_location":{ "type": "Point", "coordinates": [-118.4992, 34.2771] }},
{"zip_code":"91357","country":"US","city":"Tarzana","state":"California","state_ab":"CA","county":"Los Angeles","geo_location":{ "type": "Point", "coordinates": [-118.2987, 33.7866] }},
{"zip_code":"91371","country":"US","city":"Woodland Hills","state":"California","state_ab":"CA","county":"Los Angeles","geo_location":{ "type": "Point", "coordinates": [-118.2987, 33.7866] }},
{"zip_code":"91384","country":"US","city":"Castaic","state":"California","state_ab":"CA","county":"Los Angeles","geo_location":{ "type": "Point", "coordinates": [-118.6254, 34.4827] }},
{"zip_code":"91407","country":"US","city":"Van Nuys","state":"California","state_ab":"CA","county":"Los Angeles","geo_location":{ "type": "Point", "coordinates": [-118.2987, 33.7866] }},
{"zip_code":"91461","country":"US","city":"Los Angeles","state":"California","state_ab":"CA","county":"Los Angeles County","geo_location":{ "type": "Point", "coordinates": [-118.4742, 34.2011] }},
{"zip_code":"91601","country":"US","city":"North Hollywood","state":"California","state_ab":"CA","county":"Los Angeles","geo_location":{ "type": "Point", "coordinates": [-118.3713, 34.1687] }},
{"zip_code":"91614","country":"US","city":"Studio City","state":"California","state_ab":"CA","county":"Los Angeles","geo_location":{ "type": "Point", "coordinates": [-118.2987, 33.7866] }},
{"zip_code":"91731","country":"US","city":"El Monte","state":"California","state_ab":"CA","county":"Los Angeles","geo_location":{ "type": "Point", "coordinates": [-118.0371, 34.0791] }},
{"zip_code":"91744","country":"US","city":"La Puente","state":"California","state_ab":"CA","county":"Los Angeles","geo_location":{ "type": "Point", "coordinates": [-117.9373, 34.0289] }},
{"zip_code":"91771","country":"US","city":"Rosemead","state":"California","state_ab":"CA","county":"Los Angeles","geo_location":{ "type": "Point", "coordinates": [-118.2987, 33.7866] }},
{"zip_code":"91797","country":"US","city":"Pomona","state":"California","state_ab":"CA","county":"Los Angeles","geo_location":{ "type": "Point", "coordinates": [-118.2987, 33.7866] }},
{"zip_code":"93544","country":"US","city":"Llano","state":"California","state_ab":"CA","county":"Los Angeles","geo_location":{ "type": "Point", "coordinates": [-117.7543, 34.493] }},
{"zip_code":"93584","country":"US","city":"Lancaster","state":"California","state_ab":"CA","county":"Los Angeles","geo_location":{ "type": "Point", "coordinates": [-118.2987, 33.7866] }},
{"zip_code":"94947","country":"US","city":"Novato","state":"California","state_ab":"CA","county":"Marin","geo_location":{ "type": "Point", "coordinates": [-122.5837, 38.0973] }},
{"zip_code":"94974","country":"US","city":"San Quentin","state":"California","state_ab":"CA","county":"Marin","geo_location":{ "type": "Point", "coordinates": [-122.741, 38.068] }},
{"zip_code":"95384","country":"US","city":"Valley Home","state":"California","state_ab":"CA","county":"Mariposa County","geo_location":{ "type": "Point", "coordinates": [-120.8576, 37.7689] }},
{"zip_code":"93661","country":"US","city":"Santa Rita Park","state":"California","state_ab":"CA","county":"Merced","geo_location":{ "type": "Point", "coordinates": [-120.6504, 37.1869] }},
{"zip_code":"95317","country":"US","city":"El Nido","state":"California","state_ab":"CA","county":"Merced","geo_location":{ "type": "Point", "coordinates": [-120.5251, 37.1391] }},
{"zip_code":"95344","country":"US","city":"Merced","state":"California","state_ab":"CA","county":"Merced","geo_location":{ "type": "Point", "coordinates": [-120.48, 37.3082] }},
{"zip_code":"96101","country":"US","city":"Alturas","state":"California","state_ab":"CA","county":"Modoc","geo_location":{ "type": "Point", "coordinates": [-120.5456, 41.4767] }},
{"zip_code":"93517","country":"US","city":"Bridgeport","state":"California","state_ab":"CA","county":"Mono","geo_location":{ "type": "Point", "coordinates": [-119.208, 38.2566] }},
{"zip_code":"93944","country":"US","city":"Monterey","state":"California","state_ab":"CA","county":"Monterey","geo_location":{ "type": "Point", "coordinates": [-121.9089, 36.6062] }},
{"zip_code":"94574","country":"US","city":"Saint Helena","state":"California","state_ab":"CA","county":"Napa","geo_location":{ "type": "Point", "coordinates": [-122.4619, 38.5138] }},
{"zip_code":"95924","country":"US","city":"Cedar Ridge","state":"California","state_ab":"CA","county":"Nevada","geo_location":{ "type": "Point", "coordinates": [-121.02, 39.1988] }},
{"zip_code":"90624","country":"US","city":"Buena Park","state":"California","state_ab":"CA","county":"Orange","geo_location":{ "type": "Point", "coordinates": [-118.0033, 33.8584] }},
{"zip_code":"92604","country":"US","city":"Irvine","state":"California","state_ab":"CA","county":"Orange","geo_location":{ "type": "Point", "coordinates": [-117.7868, 33.6899] }},
{"zip_code":"92617","country":"US","city":"Irvine","state":"California","state_ab":"CA","county":"Orange County","geo_location":{ "type": "Point", "coordinates": [-117.8417, 33.6425] }},
{"zip_code":"92644","country":"US","city":"Garden Grove","state":"California","state_ab":"CA","county":"Orange County","geo_location":{ "type": "Point", "coordinates": [-117.9695, 33.7652] }},
{"zip_code":"92657","country":"US","city":"Newport Coast","state":"California","state_ab":"CA","county":"Orange","geo_location":{ "type": "Point", "coordinates": [-117.8334, 33.5943] }},
{"zip_code":"92684","country":"US","city":"Westminster","state":"California","state_ab":"CA","county":"Orange","geo_location":{ "type": "Point", "coordinates": [-118.0072, 33.7627] }},
{"zip_code":"92697","country":"US","city":"Irvine","state":"California","state_ab":"CA","county":"Orange","geo_location":{ "type": "Point", "coordinates": [-117.8387, 33.6485] }},
{"zip_code":"92707","country":"US","city":"Santa Ana","state":"California","state_ab":"CA","county":"Orange","geo_location":{ "type": "Point", "coordinates": [-117.8701, 33.7086] }},
{"zip_code":"92811","country":"US","city":"Atwood","state":"California","state_ab":"CA","county":"Orange","geo_location":{ "type": "Point", "coordinates": [-117.831, 33.8674] }},
{"zip_code":"92837","country":"US","city":"Fullerton","state":"California","state_ab":"CA","county":"Orange","geo_location":{ "type": "Point", "coordinates": [-117.9611, 33.8695] }},
{"zip_code":"92864","country":"US","city":"Orange","state":"California","state_ab":"CA","county":"Orange","geo_location":{ "type": "Point", "coordinates": [-117.8308, 33.8143] }},
{"zip_code":"95681","country":"US","city":"Sheridan","state":"California","state_ab":"CA","county":"Placer","geo_location":{ "type": "Point", "coordinates": [-121.368, 38.9953] }},
{"zip_code":"95717","country":"US","city":"Gold Run","state":"California","state_ab":"CA","county":"Placer","geo_location":{ "type": "Point", "coordinates": [-120.8601, 39.171] }},
{"zip_code":"96141","country":"US","city":"Homewood","state":"California","state_ab":"CA","county":"Placer","geo_location":{ "type": "Point", "coordinates": [-120.1734, 39.0786] }},
{"zip_code":"92501","country":"US","city":"Riverside","state":"California","state_ab":"CA","county":"Riverside","geo_location":{ "type": "Point", "coordinates": [-117.3694, 33.9924] }},
{"zip_code":"92514","country":"US","city":"Riverside","state":"California","state_ab":"CA","county":"Riverside","geo_location":{ "type": "Point", "coordinates": [-116.0556, 33.7529] }},
{"zip_code":"99591","country":"US","city":"Saint George Island","state":"Alaska","state_ab":"AK","county":"Aleutians West (CA)","geo_location":{ "type": "Point", "coordinates": [-169.6186, 56.5944] }},
{"zip_code":"99511","country":"US","city":"Anchorage","state":"Alaska","state_ab":"AK","county":"Anchorage Municipality","geo_location":{ "type": "Point", "coordinates": [-149.8005, 61.0683] }},
{"zip_code":"99524","country":"US","city":"Anchorage","state":"Alaska","state_ab":"AK","county":"Anchorage Municipality","geo_location":{ "type": "Point", "coordinates": [-149.4403, 61.1089] }},
{"zip_code":"99577","country":"US","city":"Eagle River","state":"Alaska","state_ab":"AK","county":"Anchorage Municipality","geo_location":{ "type": "Point", "coordinates": [-149.5085, 61.3114] }},
{"zip_code":"99551","country":"US","city":"Akiachak","state":"Alaska","state_ab":"AK","county":"Bethel (CA)","geo_location":{ "type": "Point", "coordinates": [-163.1189, 60.3147] }},
{"zip_code":"99614","country":"US","city":"Kipnuk","state":"Alaska","state_ab":"AK","county":"Bethel (CA)","geo_location":{ "type": "Point", "coordinates": [-164.101, 59.9232] }},
{"zip_code":"99641","country":"US","city":"Nunapitchuk","state":"Alaska","state_ab":"AK","county":"Bethel (CA)","geo_location":{ "type": "Point", "coordinates": [-163.1189, 60.3147] }},
{"zip_code":"99681","country":"US","city":"Tununak","state":"Alaska","state_ab":"AK","county":"Bethel (CA)","geo_location":{ "type": "Point", "coordinates": [-163.1189, 60.3147] }},
{"zip_code":"99704","country":"US","city":"Clear","state":"Alaska","state_ab":"AK","county":"Denali","geo_location":{ "type": "Point", "coordinates": [-149.1608, 64.2966] }},
{"zip_code":"99744","country":"US","city":"Anderson","state":"Alaska","state_ab":"AK","county":"Denali","geo_location":{ "type": "Point", "coordinates": [-149.9867, 63.5436] }},
{"zip_code":"99821","country":"US","city":"Auke Bay","state":"Alaska","state_ab":"AK","county":"Juneau City and Boroug","geo_location":{ "type": "Point", "coordinates": [-134.7003, 58.4494] }},
{"zip_code":"99564","country":"US","city":"Chignik","state":"Alaska","state_ab":"AK","county":"Lake and Peninsula","geo_location":{ "type": "Point", "coordinates": [-158.4157, 56.3016] }},
{"zip_code":"99654","country":"US","city":"Wasilla","state":"Alaska","state_ab":"AK","county":"Matanuska-Susitna","geo_location":{ "type": "Point", "coordinates": [-149.3959, 61.5923] }},
{"zip_code":"99667","country":"US","city":"Skwentna","state":"Alaska","state_ab":"AK","county":"Matanuska-Susitna","geo_location":{ "type": "Point", "coordinates": [-149.7152, 62.2804] }},
{"zip_code":"99694","country":"US","city":"Houston","state":"Alaska","state_ab":"AK","county":"Matanuska-Susitna","geo_location":{ "type": "Point", "coordinates": [-149.7152, 62.2804] }},
{"zip_code":"99771","country":"US","city":"Shaktoolik","state":"Alaska","state_ab":"AK","county":"Nome (CA)","geo_location":{ "type": "Point", "coordinates": [-161.1746, 64.3755] }},
{"zip_code":"99784","country":"US","city":"White Mountain","state":"Alaska","state_ab":"AK","county":"Nome (CA)","geo_location":{ "type": "Point", "coordinates": [-163.4219, 64.7028] }},
{"zip_code":"99731","country":"US","city":"Fort Greely","state":"Alaska","state_ab":"AK","county":"Southeast Fairbanks Census Area","geo_location":{ "type": "Point", "coordinates": [-146.451, 63.952] }},
{"zip_code":"99627","country":"US","city":"Mc Grath","state":"Alaska","state_ab":"AK","county":"Yukon-Koyukuk (CA)","geo_location":{ "type": "Point", "coordinates": [-155.5712, 62.9457] }},
{"zip_code":"99757","country":"US","city":"Lake Minchumina","state":"Alaska","state_ab":"AK","county":"Yukon-Koyukuk (CA)","geo_location":{ "type": "Point", "coordinates": [-151.0251, 65.2264] }},
{"zip_code":"36507","country":"US","city":"Bay Minette","state":"Alabama","state_ab":"AL","county":"Baldwin","geo_location":{ "type": "Point", "coordinates": [-87.7644, 30.8635] }},
{"zip_code":"36547","country":"US","city":"Gulf Shores","state":"Alabama","state_ab":"AL","county":"Baldwin","geo_location":{ "type": "Point", "coordinates": [-87.6299, 30.2653] }},
{"zip_code":"36561","country":"US","city":"Orange Beach","state":"Alabama","state_ab":"AL","county":"Baldwin","geo_location":{ "type": "Point", "coordinates": [-87.5815, 30.281] }},
{"zip_code":"36574","country":"US","city":"Seminole","state":"Alabama","state_ab":"AL","county":"Baldwin","geo_location":{ "type": "Point", "coordinates": [-87.4659, 30.5048] }},
{"zip_code":"36004","country":"US","city":"Baker Hill","state":"Alabama","state_ab":"AL","county":"Barbour County","geo_location":{ "type": "Point", "coordinates": [-85.2397, 31.7867] }},
{"zip_code":"36017","country":"US","city":"Clio","state":"Alabama","state_ab":"AL","county":"Barbour","geo_location":{ "type": "Point", "coordinates": [-85.5904, 31.6852] }},
{"zip_code":"35184","country":"US","city":"West Blocton","state":"Alabama","state_ab":"AL","county":"Bibb","geo_location":{ "type": "Point", "coordinates": [-87.1369, 33.1424] }},
{"zip_code":"36277","country":"US","city":"Weaver","state":"Alabama","state_ab":"AL","county":"Calhoun","geo_location":{ "type": "Point", "coordinates": [-85.8107, 33.7563] }},
{"zip_code":"35171","country":"US","city":"Thorsby","state":"Alabama","state_ab":"AL","county":"Chilton","geo_location":{ "type": "Point", "coordinates": [-86.7564, 32.8932] }},
{"zip_code":"36921","country":"US","city":"Toxey","state":"Alabama","state_ab":"AL","county":"Choctaw","geo_location":{ "type": "Point", "coordinates": [-88.151, 31.9155] }},
{"zip_code":"36727","country":"US","city":"Campbell","state":"Alabama","state_ab":"AL","county":"Clarke","geo_location":{ "type": "Point", "coordinates": [-88.008, 31.9213] }},
{"zip_code":"36251","country":"US","city":"Ashland","state":"Alabama","state_ab":"AL","county":"Clay","geo_location":{ "type": "Point", "coordinates": [-85.829, 33.2474] }},
{"zip_code":"36264","country":"US","city":"Heflin","state":"Alabama","state_ab":"AL","county":"Cleburne","geo_location":{ "type": "Point", "coordinates": [-85.5885, 33.6115] }},
{"zip_code":"35661","country":"US","city":"Muscle Shoals","state":"Alabama","state_ab":"AL","county":"Colbert","geo_location":{ "type": "Point", "coordinates": [-87.6304, 34.7561] }},
{"zip_code":"35674","country":"US","city":"Tuscumbia","state":"Alabama","state_ab":"AL","county":"Colbert","geo_location":{ "type": "Point", "coordinates": [-87.6833, 34.6874] }},
{"zip_code":"36071","country":"US","city":"Rutledge","state":"Alabama","state_ab":"AL","county":"Crenshaw","geo_location":{ "type": "Point", "coordinates": [-86.3715, 31.7062] }},
{"zip_code":"36701","country":"US","city":"Selma","state":"Alabama","state_ab":"AL","county":"Dallas","geo_location":{ "type": "Point", "coordinates": [-87.0245, 32.4197] }},
{"zip_code":"36767","country":"US","city":"Orrville","state":"Alabama","state_ab":"AL","county":"Dallas","geo_location":{ "type": "Point", "coordinates": [-87.2214, 32.2949] }},
{"zip_code":"35971","country":"US","city":"Fyffe","state":"Alabama","state_ab":"AL","county":"DeKalb","geo_location":{ "type": "Point", "coordinates": [-85.9288, 34.4373] }},
{"zip_code":"35984","country":"US","city":"Mentone","state":"Alabama","state_ab":"AL","county":"DeKalb","geo_location":{ "type": "Point", "coordinates": [-85.5777, 34.5872] }},
{"zip_code":"35904","country":"US","city":"Gadsden","state":"Alabama","state_ab":"AL","county":"Etowah","geo_location":{ "type": "Point", "coordinates": [-86.0495, 34.0217] }},
{"zip_code":"35571","country":"US","city":"Hodges","state":"Alabama","state_ab":"AL","county":"Franklin","geo_location":{ "type": "Point", "coordinates": [-87.959, 34.3417] }},
{"zip_code":"36314","country":"US","city":"Black","state":"Alabama","state_ab":"AL","county":"Geneva","geo_location":{ "type": "Point", "coordinates": [-85.7456, 31.0132] }},
{"zip_code":"35441","country":"US","city":"Akron","state":"Alabama","state_ab":"AL","county":"Hale","geo_location":{ "type": "Point", "coordinates": [-87.7219, 32.8553] }},
{"zip_code":"36301","country":"US","city":"Dothan","state":"Alabama","state_ab":"AL","county":"Houston","geo_location":{ "type": "Point", "coordinates": [-85.3718, 31.1481] }},
{"zip_code":"35751","country":"US","city":"Hollytree","state":"Alabama","state_ab":"AL","county":"Jackson","geo_location":{ "type": "Point", "coordinates": [-86.2743, 34.7955] }},
{"zip_code":"35764","country":"US","city":"Paint Rock","state":"Alabama","state_ab":"AL","county":"Jackson","geo_location":{ "type": "Point", "coordinates": [-86.3068, 34.7031] }},
{"zip_code":"35041","country":"US","city":"Cardiff","state":"Alabama","state_ab":"AL","county":"Jefferson","geo_location":{ "type": "Point", "coordinates": [-86.9318, 33.6467] }},
{"zip_code":"35094","country":"US","city":"Leeds","state":"Alabama","state_ab":"AL","county":"Jefferson","geo_location":{ "type": "Point", "coordinates": [-86.5748, 33.5283] }},
{"zip_code":"35117","country":"US","city":"Mount Olive","state":"Alabama","state_ab":"AL","county":"Jefferson","geo_location":{ "type": "Point", "coordinates": [-86.8717, 33.6768] }},
{"zip_code":"35207","country":"US","city":"Birmingham","state":"Alabama","state_ab":"AL","county":"Jefferson","geo_location":{ "type": "Point", "coordinates": [-86.8153, 33.5594] }},
{"zip_code":"35221","country":"US","city":"Birmingham","state":"Alabama","state_ab":"AL","county":"Jefferson","geo_location":{ "type": "Point", "coordinates": [-86.8935, 33.4523] }},
{"zip_code":"35234","country":"US","city":"Birmingham","state":"Alabama","state_ab":"AL","county":"Jefferson","geo_location":{ "type": "Point", "coordinates": [-86.8068, 33.5378] }},
{"zip_code":"35261","country":"US","city":"Birmingham","state":"Alabama","state_ab":"AL","county":"Jefferson","geo_location":{ "type": "Point", "coordinates": [-86.9292, 33.5446] }},
{"zip_code":"35287","country":"US","city":"Birmingham","state":"Alabama","state_ab":"AL","county":"Jefferson","geo_location":{ "type": "Point", "coordinates": [-86.9292, 33.5446] }},
{"zip_code":"35544","country":"US","city":"Beaverton","state":"Alabama","state_ab":"AL","county":"Lamar","geo_location":{ "type": "Point", "coordinates": [-88.0157, 33.9429] }},
{"zip_code":"35634","country":"US","city":"Florence","state":"Alabama","state_ab":"AL","county":"Lauderdale","geo_location":{ "type": "Point", "coordinates": [-87.6136, 34.9186] }},
{"zip_code":"36804","country":"US","city":"Opelika","state":"Alabama","state_ab":"AL","county":"Lee","geo_location":{ "type": "Point", "coordinates": [-85.312, 32.5768] }},
{"zip_code":"36831","country":"US","city":"Auburn","state":"Alabama","state_ab":"AL","county":"Lee","geo_location":{ "type": "Point", "coordinates": [-85.349, 32.5782] }},
{"zip_code":"35647","country":"US","city":"Lester","state":"Alabama","state_ab":"AL","county":"Limestone","geo_location":{ "type": "Point", "coordinates": [-87.1006, 34.9596] }},
{"zip_code":"36031","country":"US","city":"Fort Davis","state":"Alabama","state_ab":"AL","county":"Macon","geo_location":{ "type": "Point", "coordinates": [-85.7524, 32.2507] }},
{"zip_code":"35801","country":"US","city":"Huntsville","state":"Alabama","state_ab":"AL","county":"Madison","geo_location":{ "type": "Point", "coordinates": [-86.5673, 34.7269] }},
{"zip_code":"35814","country":"US","city":"Huntsville","state":"Alabama","state_ab":"AL","county":"Madison","geo_location":{ "type": "Point", "coordinates": [-86.5229, 34.734] }},
{"zip_code":"35894","country":"US","city":"Huntsville","state":"Alabama","state_ab":"AL","county":"Madison","geo_location":{ "type": "Point", "coordinates": [-86.5229, 34.734] }},
{"zip_code":"36754","country":"US","city":"Magnolia","state":"Alabama","state_ab":"AL","county":"Marengo","geo_location":{ "type": "Point", "coordinates": [-87.6998, 32.1419] }},
{"zip_code":"35957","country":"US","city":"Boaz","state":"Alabama","state_ab":"AL","county":"Marshall","geo_location":{ "type": "Point", "coordinates": [-86.1941, 34.1921] }},
{"zip_code":"36521","country":"US","city":"Chunchula","state":"Alabama","state_ab":"AL","county":"Mobile","geo_location":{ "type": "Point", "coordinates": [-88.1311, 30.9912] }},
{"zip_code":"36587","country":"US","city":"Wilmer","state":"Alabama","state_ab":"AL","county":"Mobile","geo_location":{ "type": "Point", "coordinates": [-88.3332, 30.8137] }},
{"zip_code":"36611","country":"US","city":"Mobile","state":"Alabama","state_ab":"AL","county":"Mobile","geo_location":{ "type": "Point", "coordinates": [-88.0781, 30.7705] }},
{"zip_code":"36624","country":"US","city":"Mobile","state":"Alabama","state_ab":"AL","county":"Mobile County","geo_location":{ "type": "Point", "coordinates": [-88.0433, 30.6958] }},
{"zip_code":"36691","country":"US","city":"Mobile","state":"Alabama","state_ab":"AL","county":"Mobile","geo_location":{ "type": "Point", "coordinates": [-88.178, 30.6589] }},
{"zip_code":"36431","country":"US","city":"Burnt Corn","state":"Alabama","state_ab":"AL","county":"Monroe","geo_location":{ "type": "Point", "coordinates": [-87.3453, 31.5295] }},
{"zip_code":"36444","country":"US","city":"Franklin","state":"Alabama","state_ab":"AL","county":"Monroe","geo_location":{ "type": "Point", "coordinates": [-87.4412, 31.7238] }},
{"zip_code":"36457","country":"US","city":"Megargel","state":"Alabama","state_ab":"AL","county":"Monroe","geo_location":{ "type": "Point", "coordinates": [-87.4353, 31.3612] }},
{"zip_code":"36471","country":"US","city":"Peterman","state":"Alabama","state_ab":"AL","county":"Monroe","geo_location":{ "type": "Point", "coordinates": [-87.26, 31.59] }},
{"zip_code":"36057","country":"US","city":"Mount Meigs","state":"Alabama","state_ab":"AL","county":"Montgomery","geo_location":{ "type": "Point", "coordinates": [-86.2085, 32.2334] }},
{"zip_code":"36107","country":"US","city":"Montgomery","state":"Alabama","state_ab":"AL","county":"Montgomery","geo_location":{ "type": "Point", "coordinates": [-86.2799, 32.3804] }},
{"zip_code":"36121","country":"US","city":"Montgomery","state":"Alabama","state_ab":"AL","county":"Montgomery","geo_location":{ "type": "Point", "coordinates": [-86.2085, 32.2334] }},
{"zip_code":"36134","country":"US","city":"Montgomery","state":"Alabama","state_ab":"AL","county":"Montgomery","geo_location":{ "type": "Point", "coordinates": [-86.2085, 32.2334] }},
{"zip_code":"35621","country":"US","city":"Eva","state":"Alabama","state_ab":"AL","county":"Morgan","geo_location":{ "type": "Point", "coordinates": [-86.7044, 34.3478] }},
{"zip_code":"35481","country":"US","city":"Reform","state":"Alabama","state_ab":"AL","county":"Pickens","geo_location":{ "type": "Point", "coordinates": [-88.0203, 33.3959] }},
{"zip_code":"36871","country":"US","city":"Pittsview","state":"Alabama","state_ab":"AL","county":"Russell","geo_location":{ "type": "Point", "coordinates": [-85.1312, 32.1733] }},
{"zip_code":"35054","country":"US","city":"Cropwell","state":"Alabama","state_ab":"AL","county":"St. Clair","geo_location":{ "type": "Point", "coordinates": [-86.3007, 33.5296] }},
{"zip_code":"35131","country":"US","city":"Ragland","state":"Alabama","state_ab":"AL","county":"St. Clair","geo_location":{ "type": "Point", "coordinates": [-86.1619, 33.7367] }},
{"zip_code":"35144","country":"US","city":"Siluria","state":"Alabama","state_ab":"AL","county":"Shelby","geo_location":{ "type": "Point", "coordinates": [-86.6839, 33.2824] }},
{"zip_code":"36907","country":"US","city":"Cuba","state":"Alabama","state_ab":"AL","county":"Sumter","geo_location":{ "type": "Point", "coordinates": [-88.3611, 32.411] }},
{"zip_code":"35014","country":"US","city":"Alpine","state":"Alabama","state_ab":"AL","county":"Talladega","geo_location":{ "type": "Point", "coordinates": [-86.2339, 33.404] }},
{"zip_code":"35401","country":"US","city":"Tuscaloosa","state":"Alabama","state_ab":"AL","county":"Tuscaloosa","geo_location":{ "type": "Point", "coordinates": [-87.5627, 33.1969] }},
{"zip_code":"35504","country":"US","city":"Jasper","state":"Alabama","state_ab":"AL","county":"Walker","geo_location":{ "type": "Point", "coordinates": [-87.1667, 33.8927] }},
{"zip_code":"35584","country":"US","city":"Sipsey","state":"Alabama","state_ab":"AL","county":"Walker","geo_location":{ "type": "Point", "coordinates": [-87.0779, 33.8201] }},
{"zip_code":"36741","country":"US","city":"Furman","state":"Alabama","state_ab":"AL","county":"Wilcox","geo_location":{ "type": "Point", "coordinates": [-86.9817, 32.0061] }},
{"zip_code":"96644","country":"US","city":"FPO","state":"","state_ab":"AP","county":"Brazoria","geo_location":{ "type": "Point", "coordinates": [-119.5087, 37.2193] }},
{"zip_code":"71661","country":"US","city":"Parkdale","state":"Arkansas","state_ab":"AR","county":"Ashley","geo_location":{ "type": "Point", "coordinates": [-91.5428, 33.1213] }},
{"zip_code":"72651","country":"US","city":"Midway","state":"Arkansas","state_ab":"AR","county":"Baxter","geo_location":{ "type": "Point", "coordinates": [-92.4881, 36.3933] }},
{"zip_code":"72714","country":"US","city":"Bella Vista","state":"Arkansas","state_ab":"AR","county":"Benton","geo_location":{ "type": "Point", "coordinates": [-94.2166, 36.4676] }},
{"zip_code":"72767","country":"US","city":"Springtown","state":"Arkansas","state_ab":"AR","county":"Benton County","geo_location":{ "type": "Point", "coordinates": [-94.4231, 36.2608] }},
{"zip_code":"72611","country":"US","city":"Alpena","state":"Arkansas","state_ab":"AR","county":"Boone","geo_location":{ "type": "Point", "coordinates": [-93.2792, 36.2998] }},
{"zip_code":"71647","country":"US","city":"Hermitage","state":"Arkansas","state_ab":"AR","county":"Bradley","geo_location":{ "type": "Point", "coordinates": [-92.156, 33.39] }},
{"zip_code":"72044","country":"US","city":"Edgemont","state":"Arkansas","state_ab":"AR","county":"Cleburne","geo_location":{ "type": "Point", "coordinates": [-92.157, 35.6321] }},
{"zip_code":"72107","country":"US","city":"Menifee","state":"Arkansas","state_ab":"AR","county":"Conway","geo_location":{ "type": "Point", "coordinates": [-92.5498, 35.1356] }},
{"zip_code":"72404","country":"US","city":"Jonesboro","state":"Arkansas","state_ab":"AR","county":"Craighead","geo_location":{ "type": "Point", "coordinates": [-90.766, 35.7792] }},
{"zip_code":"72417","country":"US","city":"Brookland","state":"Arkansas","state_ab":"AR","county":"Craighead","geo_location":{ "type": "Point", "coordinates": [-90.5762, 35.9165] }},
{"zip_code":"72921","country":"US","city":"Alma","state":"Arkansas","state_ab":"AR","county":"Crawford","geo_location":{ "type": "Point", "coordinates": [-94.2073, 35.5] }},
{"zip_code":"72934","country":"US","city":"Chester","state":"Arkansas","state_ab":"AR","county":"Crawford","geo_location":{ "type": "Point", "coordinates": [-94.202, 35.6898] }},
{"zip_code":"72947","country":"US","city":"Mulberry","state":"Arkansas","state_ab":"AR","county":"Crawford","geo_location":{ "type": "Point", "coordinates": [-93.9885, 35.5172] }},
{"zip_code":"72301","country":"US","city":"West Memphis","state":"Arkansas","state_ab":"AR","county":"Crittenden","geo_location":{ "type": "Point", "coordinates": [-90.1779, 35.1484] }},
{"zip_code":"72327","country":"US","city":"Crawfordsville","state":"Arkansas","state_ab":"AR","county":"Crittenden","geo_location":{ "type": "Point", "coordinates": [-90.3351, 35.2119] }},
{"zip_code":"72314","country":"US","city":"Birdeye","state":"Arkansas","state_ab":"AR","county":"Cross","geo_location":{ "type": "Point", "coordinates": [-90.6773, 35.3572] }},
{"zip_code":"71634","country":"US","city":"Collins","state":"Arkansas","state_ab":"AR","county":"Desha County","geo_location":{ "type": "Point", "coordinates": [-91.5653, 33.5314] }},
{"zip_code":"71674","country":"US","city":"Watson","state":"Arkansas","state_ab":"AR","county":"Desha","geo_location":{ "type": "Point", "coordinates": [-91.2815, 33.8907] }},
{"zip_code":"71931","country":"US","city":"Blakely","state":"Arkansas","state_ab":"AR","county":"Garland County","geo_location":{ "type": "Point", "coordinates": [-93.0493, 34.7078] }},
{"zip_code":"72057","country":"US","city":"Grapevine","state":"Arkansas","state_ab":"AR","county":"Grant","geo_location":{ "type": "Point", "coordinates": [-92.3109, 34.1309] }},
{"zip_code":"72084","country":"US","city":"Leola","state":"Arkansas","state_ab":"AR","county":"Grant","geo_location":{ "type": "Point", "coordinates": [-92.5979, 34.1856] }},
{"zip_code":"71801","country":"US","city":"Hope","state":"Arkansas","state_ab":"AR","county":"Hempstead","geo_location":{ "type": "Point", "coordinates": [-93.6068, 33.6736] }},
{"zip_code":"71971","country":"US","city":"Umpire","state":"Arkansas","state_ab":"AR","county":"Howard","geo_location":{ "type": "Point", "coordinates": [-94.0314, 34.2921] }},
{"zip_code":"72534","country":"US","city":"Floral","state":"Arkansas","state_ab":"AR","county":"Independence","geo_location":{ "type": "Point", "coordinates": [-91.7341, 35.6023] }},
{"zip_code":"72561","country":"US","city":"Mount Pleasant","state":"Arkansas","state_ab":"AR","county":"Izard","geo_location":{ "type": "Point", "coordinates": [-91.785, 35.9759] }},
{"zip_code":"72587","country":"US","city":"Wiseman","state":"Arkansas","state_ab":"AR","county":"Izard","geo_location":{ "type": "Point", "coordinates": [-91.8495, 36.228] }},
{"zip_code":"72431","country":"US","city":"Grubbs","state":"Arkansas","state_ab":"AR","county":"Jackson","geo_location":{ "type": "Point", "coordinates": [-91.0792, 35.6549] }},
{"zip_code":"72471","country":"US","city":"Swifton","state":"Arkansas","state_ab":"AR","county":"Jackson","geo_location":{ "type": "Point", "coordinates": [-91.1264, 35.8274] }},
{"zip_code":"72004","country":"US","city":"Altheimer","state":"Arkansas","state_ab":"AR","county":"Jefferson","geo_location":{ "type": "Point", "coordinates": [-91.8289, 34.3062] }},
{"zip_code":"72844","country":"US","city":"Hunt","state":"Arkansas","state_ab":"AR","county":"Johnson County","geo_location":{ "type": "Point", "coordinates": [-93.6586, 35.5289] }},
{"zip_code":"71827","country":"US","city":"Buckner","state":"Arkansas","state_ab":"AR","county":"Lafayette","geo_location":{ "type": "Point", "coordinates": [-93.447, 33.3753] }},
{"zip_code":"72457","country":"US","city":"Portia","state":"Arkansas","state_ab":"AR","county":"Lawrence","geo_location":{ "type": "Point", "coordinates": [-91.0604, 36.1089] }},
{"zip_code":"72341","country":"US","city":"Haynes","state":"Arkansas","state_ab":"AR","county":"Lee","geo_location":{ "type": "Point", "coordinates": [-90.7666, 34.8838] }},
{"zip_code":"72677","country":"US","city":"Summit","state":"Arkansas","state_ab":"AR","county":"Marion","geo_location":{ "type": "Point", "coordinates": [-92.6859, 36.2672] }},
{"zip_code":"71854","country":"US","city":"Texarkana","state":"Arkansas","state_ab":"AR","county":"Miller","geo_location":{ "type": "Point", "coordinates": [-93.8765, 33.431] }},
{"zip_code":"72381","country":"US","city":"Tomato","state":"Arkansas","state_ab":"AR","county":"Mississippi","geo_location":{ "type": "Point", "coordinates": [-89.9668, 35.6949] }},
{"zip_code":"72134","country":"US","city":"Roe","state":"Arkansas","state_ab":"AR","county":"Monroe","geo_location":{ "type": "Point", "coordinates": [-91.3771, 34.6286] }},
{"zip_code":"71957","country":"US","city":"Mount Ida","state":"Arkansas","state_ab":"AR","county":"Montgomery","geo_location":{ "type": "Point", "coordinates": [-93.5749, 34.5612] }},
{"zip_code":"72624","country":"US","city":"Compton","state":"Arkansas","state_ab":"AR","county":"Newton","geo_location":{ "type": "Point", "coordinates": [-93.3099, 36.0979] }},
{"zip_code":"71711","country":"US","city":"Camden","state":"Arkansas","state_ab":"AR","county":"Ouachita","geo_location":{ "type": "Point", "coordinates": [-92.8426, 33.589] }},
{"zip_code":"71751","country":"US","city":"Louann","state":"Arkansas","state_ab":"AR","county":"Ouachita","geo_location":{ "type": "Point", "coordinates": [-92.777, 33.4169] }},
{"zip_code":"71764","country":"US","city":"Stephens","state":"Arkansas","state_ab":"AR","county":"Ouachita","geo_location":{ "type": "Point", "coordinates": [-93.0214, 33.455] }},
{"zip_code":"72367","country":"US","city":"Mellwood","state":"Arkansas","state_ab":"AR","county":"Phillips","geo_location":{ "type": "Point", "coordinates": [-91.0086, 34.22] }},
{"zip_code":"72354","country":"US","city":"Lepanto","state":"Arkansas","state_ab":"AR","county":"Poinsett","geo_location":{ "type": "Point", "coordinates": [-90.3359, 35.6069] }},
{"zip_code":"71944","country":"US","city":"Grannis","state":"Arkansas","state_ab":"AR","county":"Polk","geo_location":{ "type": "Point", "coordinates": [-94.3255, 34.237] }},
{"zip_code":"72017","country":"US","city":"Biscoe","state":"Arkansas","state_ab":"AR","county":"Prairie","geo_location":{ "type": "Point", "coordinates": [-91.3945, 34.8733] }},
{"zip_code":"72211","country":"US","city":"Little Rock","state":"Arkansas","state_ab":"AR","county":"Pulaski","geo_location":{ "type": "Point", "coordinates": [-92.4222, 34.7413] }},
{"zip_code":"72224","country":"US","city":"Little Rock","state":"Arkansas","state_ab":"AR","county":"Pulaski County","geo_location":{ "type": "Point", "coordinates": [-92.3541, 34.7224] }},
{"zip_code":"72444","country":"US","city":"Maynard","state":"Arkansas","state_ab":"AR","county":"Randolph","geo_location":{ "type": "Point", "coordinates": [-90.8749, 36.4386] }},
{"zip_code":"72394","country":"US","city":"Widener","state":"Arkansas","state_ab":"AR","county":"St. Francis","geo_location":{ "type": "Point", "coordinates": [-90.6293, 35.0592] }},
{"zip_code":"71841","country":"US","city":"Gillham","state":"Arkansas","state_ab":"AR","county":"Sevier","geo_location":{ "type": "Point", "coordinates": [-94.3165, 34.157] }},
{"zip_code":"72521","country":"US","city":"Cave City","state":"Arkansas","state_ab":"AR","county":"Sharp","geo_location":{ "type": "Point", "coordinates": [-91.5444, 35.9517] }},
{"zip_code":"71724","country":"US","city":"Calion","state":"Arkansas","state_ab":"AR","county":"Union","geo_location":{ "type": "Point", "coordinates": [-92.5464, 33.3261] }},
{"zip_code":"72031","country":"US","city":"Clinton","state":"Arkansas","state_ab":"AR","county":"Van Buren","geo_location":{ "type": "Point", "coordinates": [-92.4758, 35.6045] }},
{"zip_code":"72701","country":"US","city":"Fayetteville","state":"Arkansas","state_ab":"AR","county":"Washington","geo_location":{ "type": "Point", "coordinates": [-94.1534, 36.052] }},
{"zip_code":"72727","country":"US","city":"Elkins","state":"Arkansas","state_ab":"AR","county":"Washington","geo_location":{ "type": "Point", "coordinates": [-94.0073, 36.0177] }},
{"zip_code":"72741","country":"US","city":"Johnson","state":"Arkansas","state_ab":"AR","county":"Washington","geo_location":{ "type": "Point", "coordinates": [-94.22, 35.994] }},
{"zip_code":"72121","country":"US","city":"Pangburn","state":"Arkansas","state_ab":"AR","county":"White","geo_location":{ "type": "Point", "coordinates": [-91.796, 35.4216] }},
{"zip_code":"72071","country":"US","city":"Howell","state":"Arkansas","state_ab":"AR","county":"Woodruff","geo_location":{ "type": "Point", "coordinates": [-91.2594, 35.1791] }},
{"zip_code":"72857","country":"US","city":"Plainview","state":"Arkansas","state_ab":"AR","county":"Yell","geo_location":{ "type": "Point", "coordinates": [-93.3099, 34.9668] }},
{"zip_code":"86511","country":"US","city":"Saint Michaels","state":"Arizona","state_ab":"AZ","county":"Apache","geo_location":{ "type": "Point", "coordinates": [-109.3087, 35.904] }},
{"zip_code":"85547","country":"US","city":"Payson","state":"Arizona","state_ab":"AZ","county":"Gila","geo_location":{ "type": "Point", "coordinates": [-111.2878, 34.2575] }},
{"zip_code":"33731","country":"US","city":"Saint Petersburg","state":"Florida","state_ab":"FL","county":"Pinellas","geo_location":{ "type": "Point", "coordinates": [-82.7248, 27.8918] }},
{"zip_code":"33744","country":"US","city":"Bay Pines","state":"Florida","state_ab":"FL","county":"Pinellas","geo_location":{ "type": "Point", "coordinates": [-82.7248, 27.8918] }},
{"zip_code":"33757","country":"US","city":"Clearwater","state":"Florida","state_ab":"FL","county":"Pinellas","geo_location":{ "type": "Point", "coordinates": [-82.7248, 27.8918] }},
{"zip_code":"33771","country":"US","city":"Largo","state":"Florida","state_ab":"FL","county":"Pinellas","geo_location":{ "type": "Point", "coordinates": [-82.7568, 27.9085] }},
{"zip_code":"33784","country":"US","city":"Saint Petersburg","state":"Florida","state_ab":"FL","county":"Pinellas","geo_location":{ "type": "Point", "coordinates": [-82.7248, 27.8918] }},
{"zip_code":"34617","country":"US","city":"Clearwater","state":"Florida","state_ab":"FL","county":"Pinellas County","geo_location":{ "type": "Point", "coordinates": [-82.7979, 27.9658] }},
{"zip_code":"34644","country":"US","city":"Largo","state":"Florida","state_ab":"FL","county":"Pinellas County","geo_location":{ "type": "Point", "coordinates": [-82.8264, 27.8832] }},
{"zip_code":"34684","country":"US","city":"Palm Harbor","state":"Florida","state_ab":"FL","county":"Pinellas","geo_location":{ "type": "Point", "coordinates": [-82.7253, 28.0848] }},
{"zip_code":"34697","country":"US","city":"Dunedin","state":"Florida","state_ab":"FL","county":"Pinellas","geo_location":{ "type": "Point", "coordinates": [-82.7248, 27.8918] }},
{"zip_code":"33807","country":"US","city":"Lakeland","state":"Florida","state_ab":"FL","county":"Polk","geo_location":{ "type": "Point", "coordinates": [-81.6186, 28.0026] }},
{"zip_code":"33847","country":"US","city":"Homeland","state":"Florida","state_ab":"FL","county":"Polk","geo_location":{ "type": "Point", "coordinates": [-81.7167, 27.9841] }},
{"zip_code":"33937","country":"US","city":"Marco Island","state":"Florida","state_ab":"FL","county":"Polk County","geo_location":{ "type": "Point", "coordinates": [-81.7194, 25.9397] }},
{"zip_code":"32147","country":"US","city":"Hollister","state":"Florida","state_ab":"FL","county":"Putnam","geo_location":{ "type": "Point", "coordinates": [-81.7797, 29.6576] }},
{"zip_code":"32187","country":"US","city":"San Mateo","state":"Florida","state_ab":"FL","county":"Putnam","geo_location":{ "type": "Point", "coordinates": [-81.5921, 29.5888] }},
{"zip_code":"32004","country":"US","city":"Ponte Vedra Beach","state":"Florida","state_ab":"FL","county":"St. Johns","geo_location":{ "type": "Point", "coordinates": [-81.4206, 29.9377] }},
{"zip_code":"32084","country":"US","city":"Saint Augustine","state":"Florida","state_ab":"FL","county":"St. Johns","geo_location":{ "type": "Point", "coordinates": [-81.3668, 29.9175] }},
{"zip_code":"34954","country":"US","city":"Fort Pierce","state":"Florida","state_ab":"FL","county":"St. Lucie","geo_location":{ "type": "Point", "coordinates": [-80.409, 27.3822] }},
{"zip_code":"34981","country":"US","city":"Fort Pierce","state":"Florida","state_ab":"FL","county":"St. Lucie","geo_location":{ "type": "Point", "coordinates": [-80.3623, 27.4049] }},
{"zip_code":"32561","country":"US","city":"Gulf Breeze","state":"Florida","state_ab":"FL","county":"Santa Rosa","geo_location":{ "type": "Point", "coordinates": [-87.0439, 30.3847] }},
{"zip_code":"34231","country":"US","city":"Sarasota","state":"Florida","state_ab":"FL","county":"Sarasota","geo_location":{ "type": "Point", "coordinates": [-82.5163, 27.2666] }},
{"zip_code":"34284","country":"US","city":"Venice","state":"Florida","state_ab":"FL","county":"Sarasota","geo_location":{ "type": "Point", "coordinates": [-82.381, 27.1675] }},
{"zip_code":"32701","country":"US","city":"Altamonte Springs","state":"Florida","state_ab":"FL","county":"Seminole","geo_location":{ "type": "Point", "coordinates": [-81.365, 28.6666] }},
{"zip_code":"32714","country":"US","city":"Altamonte Springs","state":"Florida","state_ab":"FL","county":"Seminole","geo_location":{ "type": "Point", "coordinates": [-81.4117, 28.6625] }},
{"zip_code":"32071","country":"US","city":"O Brien","state":"Florida","state_ab":"FL","county":"Suwannee","geo_location":{ "type": "Point", "coordinates": [-82.93, 30.0381] }},
{"zip_code":"32121","country":"US","city":"Daytona Beach","state":"Florida","state_ab":"FL","county":"Volusia","geo_location":{ "type": "Point", "coordinates": [-81.1722, 29.0227] }},
{"zip_code":"32174","country":"US","city":"Ormond Beach","state":"Florida","state_ab":"FL","county":"Volusia","geo_location":{ "type": "Point", "coordinates": [-81.0882, 29.2833] }},
{"zip_code":"32327","country":"US","city":"Crawfordville","state":"Florida","state_ab":"FL","county":"Wakulla","geo_location":{ "type": "Point", "coordinates": [-84.3205, 30.2108] }},
{"zip_code":"96941","country":"US","city":"Pohnpei","state":"","state_ab":"FM","county":"","geo_location":{ "type": "Point", "coordinates": [151.5031, 7.1383] }},
{"zip_code":"39841","country":"US","city":"Damascus","state":"Georgia","state_ab":"GA","county":"Baker County","geo_location":{ "type": "Point", "coordinates": [-84.7175, 31.2984] }},
{"zip_code":"30011","country":"US","city":"Auburn","state":"Georgia","state_ab":"GA","county":"Barrow","geo_location":{ "type": "Point", "coordinates": [-83.8261, 34.0191] }},
{"zip_code":"31207","country":"US","city":"Macon","state":"Georgia","state_ab":"GA","county":"Bibb","geo_location":{ "type": "Point", "coordinates": [-83.6486, 32.8304] }},
{"zip_code":"31221","country":"US","city":"Macon","state":"Georgia","state_ab":"GA","county":"Bibb","geo_location":{ "type": "Point", "coordinates": [-83.6913, 32.8067] }},
{"zip_code":"31014","country":"US","city":"Cochran","state":"Georgia","state_ab":"GA","county":"Bleckley","geo_location":{ "type": "Point", "coordinates": [-83.3229, 32.3981] }},
{"zip_code":"31324","country":"US","city":"Richmond Hill","state":"Georgia","state_ab":"GA","county":"Bryan","geo_location":{ "type": "Point", "coordinates": [-81.294, 31.8962] }},
{"zip_code":"30811","country":"US","city":"Gough","state":"Georgia","state_ab":"GA","county":"Burke","geo_location":{ "type": "Point", "coordinates": [-81.9292, 33.0505] }},
{"zip_code":"30451","country":"US","city":"Pulaski","state":"Georgia","state_ab":"GA","county":"Candler","geo_location":{ "type": "Point", "coordinates": [-82.0867, 32.4143] }},
{"zip_code":"31401","country":"US","city":"Savannah","state":"Georgia","state_ab":"GA","county":"Chatham","geo_location":{ "type": "Point", "coordinates": [-81.0883, 32.0749] }},
{"zip_code":"31414","country":"US","city":"Savannah","state":"Georgia","state_ab":"GA","county":"Chatham","geo_location":{ "type": "Point", "coordinates": [-81.0716, 31.9714] }},
{"zip_code":"30747","country":"US","city":"Summerville","state":"Georgia","state_ab":"GA","county":"Chattooga","geo_location":{ "type": "Point", "coordinates": [-85.3362, 34.4859] }},
{"zip_code":"30114","country":"US","city":"Canton","state":"Georgia","state_ab":"GA","county":"Cherokee","geo_location":{ "type": "Point", "coordinates": [-84.4909, 34.2505] }},
{"zip_code":"30604","country":"US","city":"Athens","state":"Georgia","state_ab":"GA","county":"Clarke","geo_location":{ "type": "Point", "coordinates": [-83.3891, 33.9443] }},
{"zip_code":"31724","country":"US","city":"Bluffton","state":"Georgia","state_ab":"GA","county":"Clay","geo_location":{ "type": "Point", "coordinates": [-84.8772, 31.5562] }},
{"zip_code":"31751","country":"US","city":"Fort Gaines","state":"Georgia","state_ab":"GA","county":"Clay","geo_location":{ "type": "Point", "coordinates": [-85.0394, 31.6464] }},
{"zip_code":"39854","country":"US","city":"Georgetown","state":"Georgia","state_ab":"GA","county":"Clay County","geo_location":{ "type": "Point", "coordinates": [-85.1059, 31.8854] }},
{"zip_code":"39867","country":"US","city":"Morris","state":"Georgia","state_ab":"GA","county":"Clay County","geo_location":{ "type": "Point", "coordinates": [-84.9255, 31.8343] }},
{"zip_code":"30297","country":"US","city":"Forest Park","state":"Georgia","state_ab":"GA","county":"Clayton","geo_location":{ "type": "Point", "coordinates": [-84.3745, 33.6115] }},
{"zip_code":"31634","country":"US","city":"Homerville","state":"Georgia","state_ab":"GA","county":"Clinch","geo_location":{ "type": "Point", "coordinates": [-82.7613, 31.0509] }},
{"zip_code":"30064","country":"US","city":"Marietta","state":"Georgia","state_ab":"GA","county":"Cobb","geo_location":{ "type": "Point", "coordinates": [-84.6076, 33.9343] }},
{"zip_code":"30101","country":"US","city":"Acworth","state":"Georgia","state_ab":"GA","county":"Cobb","geo_location":{ "type": "Point", "coordinates": [-84.6477, 34.0756] }},
{"zip_code":"30127","country":"US","city":"Powder Springs","state":"Georgia","state_ab":"GA","county":"Cobb","geo_location":{ "type": "Point", "coordinates": [-84.6859, 33.9135] }},
{"zip_code":"31647","country":"US","city":"Sparks","state":"Georgia","state_ab":"GA","county":"Cook","geo_location":{ "type": "Point", "coordinates": [-83.4476, 31.179] }},
{"zip_code":"30271","country":"US","city":"Newnan","state":"Georgia","state_ab":"GA","county":"Coweta","geo_location":{ "type": "Point", "coordinates": [-84.7561, 33.3514] }},
{"zip_code":"30037","country":"US","city":"Decatur","state":"Georgia","state_ab":"GA","county":"DeKalb","geo_location":{ "type": "Point", "coordinates": [-84.0746, 33.8913] }},
{"zip_code":"30154","country":"US","city":"Douglasville","state":"Georgia","state_ab":"GA","county":"Douglas","geo_location":{ "type": "Point", "coordinates": [-84.7446, 33.6897] }},
{"zip_code":"30464","country":"US","city":"Stillmore","state":"Georgia","state_ab":"GA","county":"Emanuel","geo_location":{ "type": "Point", "coordinates": [-82.2587, 32.4459] }},
{"zip_code":"30541","country":"US","city":"Epworth","state":"Georgia","state_ab":"GA","county":"Fannin","geo_location":{ "type": "Point", "coordinates": [-84.5391, 34.9129] }},
{"zip_code":"30077","country":"US","city":"Roswell","state":"Georgia","state_ab":"GA","county":"Fulton","geo_location":{ "type": "Point", "coordinates": [-84.4741, 33.8444] }},
{"zip_code":"30307","country":"US","city":"Atlanta","state":"Georgia","state_ab":"GA","county":"Fulton","geo_location":{ "type": "Point", "coordinates": [-84.336, 33.7691] }},
{"zip_code":"30321","country":"US","city":"Atlanta","state":"Georgia","state_ab":"GA","county":"Fulton","geo_location":{ "type": "Point", "coordinates": [-84.4741, 33.8444] }},
{"zip_code":"30334","country":"US","city":"Atlanta","state":"Georgia","state_ab":"GA","county":"Fulton","geo_location":{ "type": "Point", "coordinates": [-84.3872, 33.7489] }},
{"zip_code":"30347","country":"US","city":"Atlanta","state":"Georgia","state_ab":"GA","county":"Fulton","geo_location":{ "type": "Point", "coordinates": [-84.4741, 33.8444] }},
{"zip_code":"30361","country":"US","city":"Atlanta","state":"Georgia","state_ab":"GA","county":"Fulton","geo_location":{ "type": "Point", "coordinates": [-84.4741, 33.8444] }},
{"zip_code":"30374","country":"US","city":"Atlanta","state":"Georgia","state_ab":"GA","county":"Fulton","geo_location":{ "type": "Point", "coordinates": [-84.4741, 33.8444] }},
{"zip_code":"30387","country":"US","city":"Atlanta","state":"Georgia","state_ab":"GA","county":"Fulton","geo_location":{ "type": "Point", "coordinates": [-84.4741, 33.8444] }},
{"zip_code":"31131","country":"US","city":"Atlanta","state":"Georgia","state_ab":"GA","county":"Fulton","geo_location":{ "type": "Point", "coordinates": [-84.4741, 33.8444] }},
{"zip_code":"31197","country":"US","city":"Atlanta","state":"Georgia","state_ab":"GA","county":"Fulton","geo_location":{ "type": "Point", "coordinates": [-84.4741, 33.8444] }},
{"zip_code":"30734","country":"US","city":"Ranger","state":"Georgia","state_ab":"GA","county":"Gordon","geo_location":{ "type": "Point", "coordinates": [-84.727, 34.5404] }},
{"zip_code":"39827","country":"US","city":"Cairo","state":"Georgia","state_ab":"GA","county":"Grady County","geo_location":{ "type": "Point", "coordinates": [-84.2069, 30.9528] }},
{"zip_code":"30024","country":"US","city":"Suwanee","state":"Georgia","state_ab":"GA","county":"Gwinnett","geo_location":{ "type": "Point", "coordinates": [-84.0262, 34.0425] }},
{"zip_code":"30091","country":"US","city":"Norcross","state":"Georgia","state_ab":"GA","county":"Gwinnett","geo_location":{ "type": "Point", "coordinates": [-84.0379, 33.9604] }},
{"zip_code":"30244","country":"US","city":"Lawrenceville","state":"Georgia","state_ab":"GA","county":"Gwinnett County","geo_location":{ "type": "Point", "coordinates": [-84.0704, 33.9216] }},
{"zip_code":"30501","country":"US","city":"Gainesville","state":"Georgia","state_ab":"GA","county":"Hall","geo_location":{ "type": "Point", "coordinates": [-83.8256, 34.3073] }},
{"zip_code":"30527","country":"US","city":"Clermont","state":"Georgia","state_ab":"GA","county":"Hall","geo_location":{ "type": "Point", "coordinates": [-83.7853, 34.4761] }},
{"zip_code":"30554","country":"US","city":"Lula","state":"Georgia","state_ab":"GA","county":"Hall","geo_location":{ "type": "Point", "coordinates": [-83.6945, 34.3985] }},
{"zip_code":"6911","country":"US","city":"Stamford","state":"Connecticut","state_ab":"CT","county":"Fairfield","geo_location":{ "type": "Point", "coordinates": [-73.3637, 41.3089] }},
{"zip_code":"6034","country":"US","city":"Farmington","state":"Connecticut","state_ab":"CT","county":"Hartford","geo_location":{ "type": "Point", "coordinates": [-72.7188, 41.7918] }},
{"zip_code":"6074","country":"US","city":"South Windsor","state":"Connecticut","state_ab":"CT","county":"Hartford","geo_location":{ "type": "Point", "coordinates": [-72.5576, 41.8341] }},
{"zip_code":"6087","country":"US","city":"Unionville","state":"Connecticut","state_ab":"CT","county":"Hartford","geo_location":{ "type": "Point", "coordinates": [-72.885, 41.7576] }},
{"zip_code":"6111","country":"US","city":"Newington","state":"Connecticut","state_ab":"CT","county":"Hartford","geo_location":{ "type": "Point", "coordinates": [-72.7296, 41.686] }},
{"zip_code":"6137","country":"US","city":"West Hartford","state":"Connecticut","state_ab":"CT","county":"Hartford","geo_location":{ "type": "Point", "coordinates": [-72.7188, 41.7918] }},
{"zip_code":"6151","country":"US","city":"Hartford","state":"Connecticut","state_ab":"CT","county":"Hartford","geo_location":{ "type": "Point", "coordinates": [-72.7188, 41.7918] }},
{"zip_code":"6447","country":"US","city":"Marlborough","state":"Connecticut","state_ab":"CT","county":"Hartford","geo_location":{ "type": "Point", "coordinates": [-72.4609, 41.6412] }},
{"zip_code":"6021","country":"US","city":"Colebrook","state":"Connecticut","state_ab":"CT","county":"Litchfield","geo_location":{ "type": "Point", "coordinates": [-73.1041, 42.0282] }},
{"zip_code":"6061","country":"US","city":"Pine Meadow","state":"Connecticut","state_ab":"CT","county":"Litchfield","geo_location":{ "type": "Point", "coordinates": [-72.968, 41.8744] }},
{"zip_code":"6757","country":"US","city":"Kent","state":"Connecticut","state_ab":"CT","county":"Litchfield","geo_location":{ "type": "Point", "coordinates": [-73.4583, 41.7316] }},
{"zip_code":"6461","country":"US","city":"Milford","state":"Connecticut","state_ab":"CT","county":"New Haven County","geo_location":{ "type": "Point", "coordinates": [-73.0747, 41.2338] }},
{"zip_code":"6487","country":"US","city":"South Britain","state":"Connecticut","state_ab":"CT","county":"New Haven","geo_location":{ "type": "Point", "coordinates": [-72.9275, 41.3657] }},
{"zip_code":"6511","country":"US","city":"New Haven","state":"Connecticut","state_ab":"CT","county":"New Haven","geo_location":{ "type": "Point", "coordinates": [-72.9318, 41.3184] }},
{"zip_code":"6524","country":"US","city":"Bethany","state":"Connecticut","state_ab":"CT","county":"New Haven","geo_location":{ "type": "Point", "coordinates": [-73.0007, 41.4262] }},
{"zip_code":"6537","country":"US","city":"New Haven","state":"Connecticut","state_ab":"CT","county":"New Haven","geo_location":{ "type": "Point", "coordinates": [-72.9275, 41.3657] }},
{"zip_code":"6704","country":"US","city":"Waterbury","state":"Connecticut","state_ab":"CT","county":"New Haven","geo_location":{ "type": "Point", "coordinates": [-73.0318, 41.5754] }},
{"zip_code":"6254","country":"US","city":"North Franklin","state":"Connecticut","state_ab":"CT","county":"New London","geo_location":{ "type": "Point", "coordinates": [-72.1425, 41.6161] }},
{"zip_code":"6357","country":"US","city":"Niantic","state":"Connecticut","state_ab":"CT","county":"New London","geo_location":{ "type": "Point", "coordinates": [-72.2108, 41.3253] }},
{"zip_code":"6371","country":"US","city":"Old Lyme","state":"Connecticut","state_ab":"CT","county":"New London","geo_location":{ "type": "Point", "coordinates": [-72.3086, 41.3347] }},
{"zip_code":"6384","country":"US","city":"Voluntown","state":"Connecticut","state_ab":"CT","county":"New London","geo_location":{ "type": "Point", "coordinates": [-71.855, 41.5831] }},
{"zip_code":"6474","country":"US","city":"North Westchester","state":"Connecticut","state_ab":"CT","county":"New London","geo_location":{ "type": "Point", "coordinates": [-72.1273, 41.4648] }},
{"zip_code":"6241","country":"US","city":"Dayville","state":"Connecticut","state_ab":"CT","county":"Windham","geo_location":{ "type": "Point", "coordinates": [-71.8683, 41.854] }},
{"zip_code":"6267","country":"US","city":"South Woodstock","state":"Connecticut","state_ab":"CT","county":"Windham","geo_location":{ "type": "Point", "coordinates": [-71.9453, 41.9439] }},
{"zip_code":"6281","country":"US","city":"Woodstock","state":"Connecticut","state_ab":"CT","county":"Windham","geo_location":{ "type": "Point", "coordinates": [-72.004, 41.9602] }},
{"zip_code":"6331","country":"US","city":"Canterbury","state":"Connecticut","state_ab":"CT","county":"Windham","geo_location":{ "type": "Point", "coordinates": [-72.001, 41.6844] }},
{"zip_code":"20007","country":"US","city":"Washington","state":"District of Columbia","state_ab":"DC","county":"District of Columbia","geo_location":{ "type": "Point", "coordinates": [-77.074, 38.9144] }},
{"zip_code":"20047","country":"US","city":"Washington","state":"District of Columbia","state_ab":"DC","county":"District of Columbia","geo_location":{ "type": "Point", "coordinates": [-77.0146, 38.8933] }},
{"zip_code":"20061","country":"US","city":"Washington","state":"District of Columbia","state_ab":"DC","county":"District of Columbia","geo_location":{ "type": "Point", "coordinates": [-77.0146, 38.8933] }},
{"zip_code":"20074","country":"US","city":"Washington","state":"District of Columbia","state_ab":"DC","county":"District of Columbia","geo_location":{ "type": "Point", "coordinates": [-77.0146, 38.8933] }},
{"zip_code":"20201","country":"US","city":"Washington","state":"District of Columbia","state_ab":"DC","county":"District of Columbia","geo_location":{ "type": "Point", "coordinates": [-77.0146, 38.8933] }},
{"zip_code":"20214","country":"US","city":"Washington","state":"District of Columbia","state_ab":"DC","county":"District of Columbia","geo_location":{ "type": "Point", "coordinates": [-77.0146, 38.8933] }},
{"zip_code":"20227","country":"US","city":"Washington","state":"District of Columbia","state_ab":"DC","county":"District of Columbia","geo_location":{ "type": "Point", "coordinates": [-77.0146, 38.8933] }},
{"zip_code":"20241","country":"US","city":"Washington","state":"District of Columbia","state_ab":"DC","county":"District of Columbia","geo_location":{ "type": "Point", "coordinates": [-77.0146, 38.8933] }},
{"zip_code":"20254","country":"US","city":"Washington","state":"District of Columbia","state_ab":"DC","county":"District of Columbia","geo_location":{ "type": "Point", "coordinates": [-77.0146, 38.8933] }},
{"zip_code":"20317","country":"US","city":"Washington","state":"District of Columbia","state_ab":"DC","county":"District of Columbia","geo_location":{ "type": "Point", "coordinates": [-77.0123, 38.9363] }},
{"zip_code":"20331","country":"US","city":"Washington","state":"District of Columbia","state_ab":"DC","county":"District of Columbia","geo_location":{ "type": "Point", "coordinates": [-76.9764, 38.9027] }},
{"zip_code":"20397","country":"US","city":"Washington","state":"District of Columbia","state_ab":"DC","county":"District of Columbia","geo_location":{ "type": "Point", "coordinates": [-76.9948, 38.9164] }},
{"zip_code":"20407","country":"US","city":"Washington","state":"District of Columbia","state_ab":"DC","county":"District of Columbia","geo_location":{ "type": "Point", "coordinates": [-77.0146, 38.8933] }},
{"zip_code":"20421","country":"US","city":"Washington","state":"District of Columbia","state_ab":"DC","county":"District of Columbia","geo_location":{ "type": "Point", "coordinates": [-77.0146, 38.8933] }},
{"zip_code":"20434","country":"US","city":"Washington","state":"District of Columbia","state_ab":"DC","county":"District of Columbia","geo_location":{ "type": "Point", "coordinates": [-77.0146, 38.8933] }},
{"zip_code":"20447","country":"US","city":"Washington","state":"District of Columbia","state_ab":"DC","county":"District of Columbia","geo_location":{ "type": "Point", "coordinates": [-77.0252, 38.8847] }},
{"zip_code":"20511","country":"US","city":"Washington","state":"District of Columbia","state_ab":"DC","county":"District of Columbia","geo_location":{ "type": "Point", "coordinates": [-77.0167, 38.8407] }},
{"zip_code":"20524","country":"US","city":"Washington","state":"District of Columbia","state_ab":"DC","county":"District of Columbia","geo_location":{ "type": "Point", "coordinates": [-77.0326, 38.9024] }},
{"zip_code":"20537","country":"US","city":"Washington","state":"District of Columbia","state_ab":"DC","county":"District of Columbia","geo_location":{ "type": "Point", "coordinates": [-77.0251, 38.8941] }},
{"zip_code":"20551","country":"US","city":"Washington","state":"District of Columbia","state_ab":"DC","county":"District of Columbia","geo_location":{ "type": "Point", "coordinates": [-77.0452, 38.892] }},
{"zip_code":"20577","country":"US","city":"Washington","state":"District of Columbia","state_ab":"DC","county":"District of Columbia","geo_location":{ "type": "Point", "coordinates": [-77.0345, 38.9008] }},
{"zip_code":"20591","country":"US","city":"Washington","state":"District of Columbia","state_ab":"DC","county":"District of Columbia","geo_location":{ "type": "Point", "coordinates": [-77.0146, 38.8933] }},
{"zip_code":"56901","country":"US","city":"Washington","state":"District of Columbia","state_ab":"DC","county":"District of Columbia","geo_location":{ "type": "Point", "coordinates": [-77.0365, 38.8952] }},
{"zip_code":"19964","country":"US","city":"Marydel","state":"Delaware","state_ab":"DE","county":"Kent","geo_location":{ "type": "Point", "coordinates": [-75.7287, 39.0998] }},
{"zip_code":"19977","country":"US","city":"Smyrna","state":"Delaware","state_ab":"DE","county":"Kent","geo_location":{ "type": "Point", "coordinates": [-75.6008, 39.2934] }},
{"zip_code":"19717","country":"US","city":"Newark","state":"Delaware","state_ab":"DE","county":"New Castle","geo_location":{ "type": "Point", "coordinates": [-75.597, 39.5645] }},
{"zip_code":"19731","country":"US","city":"Port Penn","state":"Delaware","state_ab":"DE","county":"New Castle","geo_location":{ "type": "Point", "coordinates": [-75.5852, 39.5129] }},
{"zip_code":"19807","country":"US","city":"Wilmington","state":"Delaware","state_ab":"DE","county":"New Castle","geo_location":{ "type": "Point", "coordinates": [-75.6161, 39.7949] }},
{"zip_code":"19887","country":"US","city":"Wilmington","state":"Delaware","state_ab":"DE","county":"New Castle","geo_location":{ "type": "Point", "coordinates": [-75.597, 39.5645] }},
{"zip_code":"19951","country":"US","city":"Harbeson","state":"Delaware","state_ab":"DE","county":"Sussex","geo_location":{ "type": "Point", "coordinates": [-75.2236, 38.6723] }},
{"zip_code":"32611","country":"US","city":"Gainesville","state":"Florida","state_ab":"FL","county":"Alachua","geo_location":{ "type": "Point", "coordinates": [-82.3539, 29.6813] }},
{"zip_code":"32404","country":"US","city":"Panama City","state":"Florida","state_ab":"FL","county":"Bay","geo_location":{ "type": "Point", "coordinates": [-85.5763, 30.1653] }},
{"zip_code":"32417","country":"US","city":"Panama City","state":"Florida","state_ab":"FL","county":"Bay","geo_location":{ "type": "Point", "coordinates": [-85.917, 30.2438] }},
{"zip_code":"32444","country":"US","city":"Lynn Haven","state":"Florida","state_ab":"FL","county":"Bay","geo_location":{ "type": "Point", "coordinates": [-85.6467, 30.2362] }},
{"zip_code":"32044","country":"US","city":"Hampton","state":"Florida","state_ab":"FL","county":"Bradford","geo_location":{ "type": "Point", "coordinates": [-82.1483, 29.8575] }},
{"zip_code":"32754","country":"US","city":"Mims","state":"Florida","state_ab":"FL","county":"Brevard","geo_location":{ "type": "Point", "coordinates": [-80.8663, 28.6974] }},
{"zip_code":"32781","country":"US","city":"Titusville","state":"Florida","state_ab":"FL","county":"Brevard","geo_location":{ "type": "Point", "coordinates": [-80.6862, 28.3067] }},
{"zip_code":"32907","country":"US","city":"Palm Bay","state":"Florida","state_ab":"FL","county":"Brevard","geo_location":{ "type": "Point", "coordinates": [-80.6739, 28.0168] }},
{"zip_code":"32934","country":"US","city":"Melbourne","state":"Florida","state_ab":"FL","county":"Brevard","geo_location":{ "type": "Point", "coordinates": [-80.7112, 28.1331] }},
{"zip_code":"33021","country":"US","city":"Hollywood","state":"Florida","state_ab":"FL","county":"Broward","geo_location":{ "type": "Point", "coordinates": [-80.1891, 26.0218] }},
{"zip_code":"33061","country":"US","city":"Pompano Beach","state":"Florida","state_ab":"FL","county":"Broward","geo_location":{ "type": "Point", "coordinates": [-80.1342, 26.2539] }},
{"zip_code":"33074","country":"US","city":"Pompano Beach","state":"Florida","state_ab":"FL","county":"Broward","geo_location":{ "type": "Point", "coordinates": [-80.4483, 26.1457] }},
{"zip_code":"33304","country":"US","city":"Fort Lauderdale","state":"Florida","state_ab":"FL","county":"Broward","geo_location":{ "type": "Point", "coordinates": [-80.1218, 26.1387] }},
{"zip_code":"33317","country":"US","city":"Fort Lauderdale","state":"Florida","state_ab":"FL","county":"Broward","geo_location":{ "type": "Point", "coordinates": [-80.2264, 26.1122] }},
{"zip_code":"33331","country":"US","city":"Fort Lauderdale","state":"Florida","state_ab":"FL","county":"Broward","geo_location":{ "type": "Point", "coordinates": [-80.3749, 26.048] }},
{"zip_code":"33951","country":"US","city":"Punta Gorda","state":"Florida","state_ab":"FL","county":"Charlotte","geo_location":{ "type": "Point", "coordinates": [-81.9845, 26.9708] }},
{"zip_code":"34451","country":"US","city":"Inverness","state":"Florida","state_ab":"FL","county":"Citrus","geo_location":{ "type": "Point", "coordinates": [-82.3217, 28.8032] }},
{"zip_code":"34464","country":"US","city":"Beverly Hills","state":"Florida","state_ab":"FL","county":"Citrus","geo_location":{ "type": "Point", "coordinates": [-82.5087, 28.8593] }},
{"zip_code":"33964","country":"US","city":"Naples","state":"Florida","state_ab":"FL","county":"Collier County","geo_location":{ "type": "Point", "coordinates": [-81.6055, 26.244] }},
{"zip_code":"34101","country":"US","city":"Naples","state":"Florida","state_ab":"FL","county":"Collier","geo_location":{ "type": "Point", "coordinates": [-81.3872, 25.8555] }},
{"zip_code":"34114","country":"US","city":"Naples","state":"Florida","state_ab":"FL","county":"Collier","geo_location":{ "type": "Point", "coordinates": [-81.5856, 26.0143] }},
{"zip_code":"34141","country":"US","city":"Ochopee","state":"Florida","state_ab":"FL","county":"Collier","geo_location":{ "type": "Point", "coordinates": [-81.1599, 25.8734] }},
{"zip_code":"33821","country":"US","city":"Arcadia","state":"Florida","state_ab":"FL","county":"DeSoto County","geo_location":{ "type": "Point", "coordinates": [-81.8716, 27.1964] }},
{"zip_code":"32211","country":"US","city":"Jacksonville","state":"Florida","state_ab":"FL","county":"Duval","geo_location":{ "type": "Point", "coordinates": [-81.5882, 30.348] }},
{"zip_code":"32224","country":"US","city":"Jacksonville","state":"Florida","state_ab":"FL","county":"Duval","geo_location":{ "type": "Point", "coordinates": [-81.4404, 30.3031] }},
{"zip_code":"32237","country":"US","city":"Jacksonville","state":"Florida","state_ab":"FL","county":"Duval","geo_location":{ "type": "Point", "coordinates": [-81.6831, 30.3449] }},
{"zip_code":"32277","country":"US","city":"Jacksonville","state":"Florida","state_ab":"FL","county":"Duval","geo_location":{ "type": "Point", "coordinates": [-81.5864, 30.3704] }},
{"zip_code":"32507","country":"US","city":"Pensacola","state":"Florida","state_ab":"FL","county":"Escambia","geo_location":{ "type": "Point", "coordinates": [-87.3126, 30.3737] }},
{"zip_code":"32521","country":"US","city":"Pensacola","state":"Florida","state_ab":"FL","county":"Escambia","geo_location":{ "type": "Point", "coordinates": [-87.2758, 30.6143] }},
{"zip_code":"32534","country":"US","city":"Pensacola","state":"Florida","state_ab":"FL","county":"Escambia","geo_location":{ "type": "Point", "coordinates": [-87.2793, 30.5301] }},
{"zip_code":"32574","country":"US","city":"Pensacola","state":"Florida","state_ab":"FL","county":"Escambia","geo_location":{ "type": "Point", "coordinates": [-87.2758, 30.6143] }},
{"zip_code":"32457","country":"US","city":"Port Saint Joe","state":"Florida","state_ab":"FL","county":"Gulf","geo_location":{ "type": "Point", "coordinates": [-85.2422, 29.9025] }},
{"zip_code":"33834","country":"US","city":"Bowling Green","state":"Florida","state_ab":"FL","county":"Hardee","geo_location":{ "type": "Point", "coordinates": [-81.8507, 27.6019] }},
{"zip_code":"34604","country":"US","city":"Brooksville","state":"Florida","state_ab":"FL","county":"Hernando","geo_location":{ "type": "Point", "coordinates": [-82.4612, 28.4409] }},
{"zip_code":"33511","country":"US","city":"Brandon","state":"Florida","state_ab":"FL","county":"Hillsborough","geo_location":{ "type": "Point", "coordinates": [-82.2881, 27.9056] }},
{"zip_code":"33564","country":"US","city":"Plant City","state":"Florida","state_ab":"FL","county":"Hillsborough","geo_location":{ "type": "Point", "coordinates": [-82.1347, 28.0296] }},
{"zip_code":"33601","country":"US","city":"Tampa","state":"Florida","state_ab":"FL","county":"Hillsborough","geo_location":{ "type": "Point", "coordinates": [-82.582, 27.9961] }},
{"zip_code":"33614","country":"US","city":"Tampa","state":"Florida","state_ab":"FL","county":"Hillsborough","geo_location":{ "type": "Point", "coordinates": [-82.5034, 28.0091] }},
{"zip_code":"33681","country":"US","city":"Tampa","state":"Florida","state_ab":"FL","county":"Hillsborough","geo_location":{ "type": "Point", "coordinates": [-82.4388, 27.872] }},
{"zip_code":"33694","country":"US","city":"Tampa","state":"Florida","state_ab":"FL","county":"Hillsborough","geo_location":{ "type": "Point", "coordinates": [-82.4388, 27.872] }},
{"zip_code":"32961","country":"US","city":"Vero Beach","state":"Florida","state_ab":"FL","county":"Indian River","geo_location":{ "type": "Point", "coordinates": [-80.4231, 27.6175] }},
{"zip_code":"32431","country":"US","city":"Cottondale","state":"Florida","state_ab":"FL","county":"Jackson","geo_location":{ "type": "Point", "coordinates": [-85.3847, 30.8004] }},
{"zip_code":"32727","country":"US","city":"Eustis","state":"Florida","state_ab":"FL","county":"Lake","geo_location":{ "type": "Point", "coordinates": [-81.6741, 28.8555] }},
{"zip_code":"32767","country":"US","city":"Paisley","state":"Florida","state_ab":"FL","county":"Lake","geo_location":{ "type": "Point", "coordinates": [-81.503, 28.9993] }},
{"zip_code":"33911","country":"US","city":"Fort Myers","state":"Florida","state_ab":"FL","county":"Lee","geo_location":{ "type": "Point", "coordinates": [-81.8824, 26.5963] }},
{"zip_code":"33924","country":"US","city":"Captiva","state":"Florida","state_ab":"FL","county":"Lee","geo_location":{ "type": "Point", "coordinates": [-82.1802, 26.5215] }},
{"zip_code":"33991","country":"US","city":"Cape Coral","state":"Florida","state_ab":"FL","county":"Lee","geo_location":{ "type": "Point", "coordinates": [-82.0182, 26.6281] }},
{"zip_code":"32301","country":"US","city":"Tallahassee","state":"Florida","state_ab":"FL","county":"Leon","geo_location":{ "type": "Point", "coordinates": [-84.2593, 30.4286] }},
{"zip_code":"32314","country":"US","city":"Tallahassee","state":"Florida","state_ab":"FL","county":"Leon","geo_location":{ "type": "Point", "coordinates": [-84.3462, 30.4793] }},
{"zip_code":"32341","country":"US","city":"Madison","state":"Florida","state_ab":"FL","county":"Madison","geo_location":{ "type": "Point", "coordinates": [-83.3914, 30.4776] }},
{"zip_code":"34204","country":"US","city":"Bradenton","state":"Florida","state_ab":"FL","county":"Manatee","geo_location":{ "type": "Point", "coordinates": [-82.4387, 27.4272] }},
{"zip_code":"34217","country":"US","city":"Bradenton Beach","state":"Florida","state_ab":"FL","county":"Manatee","geo_location":{ "type": "Point", "coordinates": [-82.7102, 27.4859] }},
{"zip_code":"32134","country":"US","city":"Fort Mc Coy","state":"Florida","state_ab":"FL","county":"Marion","geo_location":{ "type": "Point", "coordinates": [-81.8551, 29.391] }},
{"zip_code":"32664","country":"US","city":"Mc Intosh","state":"Florida","state_ab":"FL","county":"Marion","geo_location":{ "type": "Point", "coordinates": [-82.2295, 29.438] }},
{"zip_code":"34477","country":"US","city":"Ocala","state":"Florida","state_ab":"FL","county":"Marion","geo_location":{ "type": "Point", "coordinates": [-82.0875, 29.2407] }},
{"zip_code":"34491","country":"US","city":"Summerfield","state":"Florida","state_ab":"FL","county":"Marion","geo_location":{ "type": "Point", "coordinates": [-82.0325, 29.0112] }},
{"zip_code":"34994","country":"US","city":"Stuart","state":"Florida","state_ab":"FL","county":"Martin","geo_location":{ "type": "Point", "coordinates": [-80.2538, 27.1968] }},
{"zip_code":"33034","country":"US","city":"Homestead","state":"Florida","state_ab":"FL","county":"Miami-Dade","geo_location":{ "type": "Point", "coordinates": [-80.6246, 25.2846] }},
{"zip_code":"33111","country":"US","city":"Miami","state":"Florida","state_ab":"FL","county":"Miami-Dade","geo_location":{ "type": "Point", "coordinates": [-80.4582, 25.5584] }},
{"zip_code":"33124","country":"US","city":"Miami","state":"Florida","state_ab":"FL","county":"Miami-Dade","geo_location":{ "type": "Point", "coordinates": [-80.4582, 25.5584] }},
{"zip_code":"33137","country":"US","city":"Miami","state":"Florida","state_ab":"FL","county":"Miami-Dade","geo_location":{ "type": "Point", "coordinates": [-80.1897, 25.8156] }},
{"zip_code":"33151","country":"US","city":"Miami","state":"Florida","state_ab":"FL","county":"Miami-Dade","geo_location":{ "type": "Point", "coordinates": [-80.2094, 25.8321] }},
{"zip_code":"33164","country":"US","city":"Miami","state":"Florida","state_ab":"FL","county":"Miami-Dade","geo_location":{ "type": "Point", "coordinates": [-80.4582, 25.5584] }},
{"zip_code":"33177","country":"US","city":"Miami","state":"Florida","state_ab":"FL","county":"Miami-Dade","geo_location":{ "type": "Point", "coordinates": [-80.4046, 25.5968] }},
{"zip_code":"32097","country":"US","city":"Yulee","state":"Florida","state_ab":"FL","county":"Nassau","geo_location":{ "type": "Point", "coordinates": [-81.5906, 30.6222] }},
{"zip_code":"32547","country":"US","city":"Fort Walton Beach","state":"Florida","state_ab":"FL","county":"Okaloosa","geo_location":{ "type": "Point", "coordinates": [-86.6255, 30.4487] }},
{"zip_code":"32794","country":"US","city":"Maitland","state":"Florida","state_ab":"FL","county":"Orange","geo_location":{ "type": "Point", "coordinates": [-81.2608, 28.5663] }},
{"zip_code":"32804","country":"US","city":"Orlando","state":"Florida","state_ab":"FL","county":"Orange","geo_location":{ "type": "Point", "coordinates": [-81.3955, 28.5754] }},
{"zip_code":"32817","country":"US","city":"Orlando","state":"Florida","state_ab":"FL","county":"Orange","geo_location":{ "type": "Point", "coordinates": [-81.2277, 28.5891] }},
{"zip_code":"32831","country":"US","city":"Orlando","state":"Florida","state_ab":"FL","county":"Orange","geo_location":{ "type": "Point", "coordinates": [-81.151, 28.4656] }},
{"zip_code":"32857","country":"US","city":"Orlando","state":"Florida","state_ab":"FL","county":"Orange","geo_location":{ "type": "Point", "coordinates": [-81.2608, 28.5663] }},
{"zip_code":"32897","country":"US","city":"Orlando","state":"Florida","state_ab":"FL","county":"Orange","geo_location":{ "type": "Point", "coordinates": [-81.2608, 28.5663] }},
{"zip_code":"34734","country":"US","city":"Gotha","state":"Florida","state_ab":"FL","county":"Orange","geo_location":{ "type": "Point", "coordinates": [-81.5208, 28.5384] }},
{"zip_code":"34761","country":"US","city":"Ocoee","state":"Florida","state_ab":"FL","county":"Orange","geo_location":{ "type": "Point", "coordinates": [-81.5326, 28.5837] }},
{"zip_code":"34787","country":"US","city":"Winter Garden","state":"Florida","state_ab":"FL","county":"Orange","geo_location":{ "type": "Point", "coordinates": [-81.5911, 28.5423] }},
{"zip_code":"34747","country":"US","city":"Kissimmee","state":"Florida","state_ab":"FL","county":"Osceola","geo_location":{ "type": "Point", "coordinates": [-81.5898, 28.3037] }},
{"zip_code":"33407","country":"US","city":"West Palm Beach","state":"Florida","state_ab":"FL","county":"Palm Beach","geo_location":{ "type": "Point", "coordinates": [-80.0725, 26.7492] }},
{"zip_code":"33421","country":"US","city":"West Palm Beach","state":"Florida","state_ab":"FL","county":"Palm Beach","geo_location":{ "type": "Point", "coordinates": [-80.4303, 26.6459] }},
{"zip_code":"33434","country":"US","city":"Boca Raton","state":"Florida","state_ab":"FL","county":"Palm Beach","geo_location":{ "type": "Point", "coordinates": [-80.1749, 26.3839] }}]}