{"value": [{"zip_code":"48201","country":"US","city":"Detroit","state":"Michigan","state_ab":"MI","county":"Wayne","geo_location":{ "type": "Point", "coordinates": [-83.0604, 42.3474] }},
{"zip_code":"48214","country":"US","city":"Detroit","state":"Michigan","state_ab":"MI","county":"Wayne","geo_location":{ "type": "Point", "coordinates": [-82.9938, 42.3669] }},
{"zip_code":"48227","country":"US","city":"Detroit","state":"Michigan","state_ab":"MI","county":"Wayne","geo_location":{ "type": "Point", "coordinates": [-83.1937, 42.3883] }},
{"zip_code":"48254","country":"US","city":"Detroit","state":"Michigan","state_ab":"MI","county":"Wayne","geo_location":{ "type": "Point", "coordinates": [-83.1508, 42.2399] }},
{"zip_code":"48267","country":"US","city":"Detroit","state":"Michigan","state_ab":"MI","county":"Wayne","geo_location":{ "type": "Point", "coordinates": [-83.1508, 42.2399] }},
{"zip_code":"56431","country":"US","city":"Aitkin","state":"Minnesota","state_ab":"MN","county":"Aitkin","geo_location":{ "type": "Point", "coordinates": [-93.6454, 46.4799] }},
{"zip_code":"55014","country":"US","city":"Circle Pines","state":"Minnesota","state_ab":"MN","county":"Anoka","geo_location":{ "type": "Point", "coordinates": [-93.144, 45.1528] }},
{"zip_code":"56521","country":"US","city":"Callaway","state":"Minnesota","state_ab":"MN","county":"Becker","geo_location":{ "type": "Point", "coordinates": [-95.944, 47.0076] }},
{"zip_code":"56367","country":"US","city":"Rice","state":"Minnesota","state_ab":"MN","county":"Benton","geo_location":{ "type": "Point", "coordinates": [-94.1658, 45.7364] }},
{"zip_code":"56211","country":"US","city":"Beardsley","state":"Minnesota","state_ab":"MN","county":"Big Stone","geo_location":{ "type": "Point", "coordinates": [-96.706, 45.5539] }},
{"zip_code":"56084","country":"US","city":"Searles","state":"Minnesota","state_ab":"MN","county":"Brown","geo_location":{ "type": "Point", "coordinates": [-94.7388, 44.3029] }},
{"zip_code":"55557","country":"US","city":"Young America","state":"Minnesota","state_ab":"MN","county":"Carver","geo_location":{ "type": "Point", "coordinates": [-93.7665, 44.8055] }},
{"zip_code":"56484","country":"US","city":"Walker","state":"Minnesota","state_ab":"MN","county":"Cass","geo_location":{ "type": "Point", "coordinates": [-94.5847, 47.0877] }},
{"zip_code":"56547","country":"US","city":"Glyndon","state":"Minnesota","state_ab":"MN","county":"Clay","geo_location":{ "type": "Point", "coordinates": [-96.5583, 46.882] }},
{"zip_code":"56561","country":"US","city":"Moorhead","state":"Minnesota","state_ab":"MN","county":"Clay","geo_location":{ "type": "Point", "coordinates": [-96.5062, 46.89] }},
{"zip_code":"56174","country":"US","city":"Storden","state":"Minnesota","state_ab":"MN","county":"Cottonwood","geo_location":{ "type": "Point", "coordinates": [-95.3019, 44.0524] }},
{"zip_code":"56444","country":"US","city":"Deerwood","state":"Minnesota","state_ab":"MN","county":"Crow Wing","geo_location":{ "type": "Point", "coordinates": [-93.8849, 46.4446] }},
{"zip_code":"55337","country":"US","city":"Burnsville","state":"Minnesota","state_ab":"MN","county":"Dakota","geo_location":{ "type": "Point", "coordinates": [-93.2753, 44.7609] }},
{"zip_code":"55944","country":"US","city":"Kasson","state":"Minnesota","state_ab":"MN","county":"Dodge","geo_location":{ "type": "Point", "coordinates": [-92.7464, 44.024] }},
{"zip_code":"56341","country":"US","city":"Holmes City","state":"Minnesota","state_ab":"MN","county":"Douglas","geo_location":{ "type": "Point", "coordinates": [-95.5416, 45.831] }},
{"zip_code":"56354","country":"US","city":"Miltona","state":"Minnesota","state_ab":"MN","county":"Douglas","geo_location":{ "type": "Point", "coordinates": [-95.3258, 46.0545] }},
{"zip_code":"56097","country":"US","city":"Wells","state":"Minnesota","state_ab":"MN","county":"Faribault","geo_location":{ "type": "Point", "coordinates": [-93.7321, 43.7434] }},
{"zip_code":"55971","country":"US","city":"Rushford","state":"Minnesota","state_ab":"MN","county":"Fillmore","geo_location":{ "type": "Point", "coordinates": [-91.7536, 43.8216] }},
{"zip_code":"55027","country":"US","city":"Goodhue","state":"Minnesota","state_ab":"MN","county":"Goodhue","geo_location":{ "type": "Point", "coordinates": [-92.5717, 44.4022] }},
{"zip_code":"55311","country":"US","city":"Osseo","state":"Minnesota","state_ab":"MN","county":"Hennepin","geo_location":{ "type": "Point", "coordinates": [-93.4996, 45.1243] }},
{"zip_code":"55364","country":"US","city":"Mound","state":"Minnesota","state_ab":"MN","county":"Hennepin","geo_location":{ "type": "Point", "coordinates": [-93.6561, 44.9382] }},
{"zip_code":"55391","country":"US","city":"Wayzata","state":"Minnesota","state_ab":"MN","county":"Hennepin","geo_location":{ "type": "Point", "coordinates": [-93.5422, 44.9847] }},
{"zip_code":"55401","country":"US","city":"Minneapolis","state":"Minnesota","state_ab":"MN","county":"Hennepin","geo_location":{ "type": "Point", "coordinates": [-93.2683, 44.9835] }},
{"zip_code":"55414","country":"US","city":"Minneapolis","state":"Minnesota","state_ab":"MN","county":"Hennepin","geo_location":{ "type": "Point", "coordinates": [-93.2199, 44.9779] }},
{"zip_code":"55427","country":"US","city":"Minneapolis","state":"Minnesota","state_ab":"MN","county":"Hennepin","geo_location":{ "type": "Point", "coordinates": [-93.391, 45.0] }},
{"zip_code":"55441","country":"US","city":"Minneapolis","state":"Minnesota","state_ab":"MN","county":"Hennepin","geo_location":{ "type": "Point", "coordinates": [-93.4193, 45.0058] }},
{"zip_code":"55454","country":"US","city":"Minneapolis","state":"Minnesota","state_ab":"MN","county":"Hennepin","geo_location":{ "type": "Point", "coordinates": [-93.2429, 44.9682] }},
{"zip_code":"55467","country":"US","city":"Minneapolis","state":"Minnesota","state_ab":"MN","county":"Hennepin County","geo_location":{ "type": "Point", "coordinates": [-93.2708, 44.9861] }},
{"zip_code":"55571","country":"US","city":"Maple Plain","state":"Minnesota","state_ab":"MN","county":"Hennepin","geo_location":{ "type": "Point", "coordinates": [-93.4719, 45.0159] }},
{"zip_code":"55597","country":"US","city":"Loretto","state":"Minnesota","state_ab":"MN","county":"Hennepin","geo_location":{ "type": "Point", "coordinates": [-93.4719, 45.0159] }},
{"zip_code":"55931","country":"US","city":"Eitzen","state":"Minnesota","state_ab":"MN","county":"Houston","geo_location":{ "type": "Point", "coordinates": [-91.4632, 43.5084] }},
{"zip_code":"55764","country":"US","city":"Marble","state":"Minnesota","state_ab":"MN","county":"Itasca","geo_location":{ "type": "Point", "coordinates": [-93.2939, 47.3219] }},
{"zip_code":"56637","country":"US","city":"Talmoon","state":"Minnesota","state_ab":"MN","county":"Itasca","geo_location":{ "type": "Point", "coordinates": [-93.7749, 47.5888] }},
{"zip_code":"56161","country":"US","city":"Okabena","state":"Minnesota","state_ab":"MN","county":"Jackson","geo_location":{ "type": "Point", "coordinates": [-95.3381, 43.723] }},
{"zip_code":"56251","country":"US","city":"Kandiyohi","state":"Minnesota","state_ab":"MN","county":"Kandiyohi","geo_location":{ "type": "Point", "coordinates": [-94.9183, 45.1426] }},
{"zip_code":"55607","country":"US","city":"Isabella","state":"Minnesota","state_ab":"MN","county":"Lake","geo_location":{ "type": "Point", "coordinates": [-91.4989, 47.6604] }},
{"zip_code":"56741","country":"US","city":"Oak Island","state":"Minnesota","state_ab":"MN","county":"Lake of the Woods","geo_location":{ "type": "Point", "coordinates": [-94.8492, 49.3135] }},
{"zip_code":"56017","country":"US","city":"Cleveland","state":"Minnesota","state_ab":"MN","county":"Le Sueur","geo_location":{ "type": "Point", "coordinates": [-93.8286, 44.3201] }},
{"zip_code":"56057","country":"US","city":"Le Center","state":"Minnesota","state_ab":"MN","county":"Le Sueur","geo_location":{ "type": "Point", "coordinates": [-93.7214, 44.3853] }},
{"zip_code":"56071","country":"US","city":"New Prague","state":"Minnesota","state_ab":"MN","county":"Le Sueur","geo_location":{ "type": "Point", "coordinates": [-93.5805, 44.5402] }},
{"zip_code":"56264","country":"US","city":"Minneota","state":"Minnesota","state_ab":"MN","county":"Lyon","geo_location":{ "type": "Point", "coordinates": [-95.9767, 44.5587] }},
{"zip_code":"56291","country":"US","city":"Taunton","state":"Minnesota","state_ab":"MN","county":"Lyon","geo_location":{ "type": "Point", "coordinates": [-96.0526, 44.5951] }},
{"zip_code":"56727","country":"US","city":"Grygla","state":"Minnesota","state_ab":"MN","county":"Marshall","geo_location":{ "type": "Point", "coordinates": [-95.6398, 48.3071] }},
{"zip_code":"56031","country":"US","city":"Fairmont","state":"Minnesota","state_ab":"MN","county":"Martin","geo_location":{ "type": "Point", "coordinates": [-94.451, 43.6376] }},
{"zip_code":"56121","country":"US","city":"Ceylon","state":"Minnesota","state_ab":"MN","county":"Martin","geo_location":{ "type": "Point", "coordinates": [-94.6149, 43.5382] }},
{"zip_code":"55324","country":"US","city":"Darwin","state":"Minnesota","state_ab":"MN","county":"Meeker","geo_location":{ "type": "Point", "coordinates": [-94.4249, 45.1029] }},
{"zip_code":"56314","country":"US","city":"Bowlus","state":"Minnesota","state_ab":"MN","county":"Morrison","geo_location":{ "type": "Point", "coordinates": [-94.4175, 45.8121] }},
{"zip_code":"56187","country":"US","city":"Worthington","state":"Minnesota","state_ab":"MN","county":"Nobles","geo_location":{ "type": "Point", "coordinates": [-95.6059, 43.6286] }},
{"zip_code":"56574","country":"US","city":"Perley","state":"Minnesota","state_ab":"MN","county":"Norman","geo_location":{ "type": "Point", "coordinates": [-96.7777, 47.1831] }},
{"zip_code":"55904","country":"US","city":"Rochester","state":"Minnesota","state_ab":"MN","county":"Olmsted","geo_location":{ "type": "Point", "coordinates": [-92.3973, 44.0105] }},
{"zip_code":"56534","country":"US","city":"Erhard","state":"Minnesota","state_ab":"MN","county":"Otter Tail","geo_location":{ "type": "Point", "coordinates": [-96.0593, 46.4948] }},
{"zip_code":"56587","country":"US","city":"Vergas","state":"Minnesota","state_ab":"MN","county":"Otter Tail","geo_location":{ "type": "Point", "coordinates": [-95.7948, 46.6706] }},
{"zip_code":"56701","country":"US","city":"Thief River Falls","state":"Minnesota","state_ab":"MN","county":"Pennington","geo_location":{ "type": "Point", "coordinates": [-96.149, 48.0763] }},
{"zip_code":"56754","country":"US","city":"Saint Hilaire","state":"Minnesota","state_ab":"MN","county":"Pennington","geo_location":{ "type": "Point", "coordinates": [-96.2249, 48.0109] }},
{"zip_code":"55067","country":"US","city":"Rock Creek","state":"Minnesota","state_ab":"MN","county":"Pine","geo_location":{ "type": "Point", "coordinates": [-92.718, 46.0747] }},
{"zip_code":"56651","country":"US","city":"Lengby","state":"Minnesota","state_ab":"MN","county":"Polk","geo_location":{ "type": "Point", "coordinates": [-96.3504, 47.8364] }},
{"zip_code":"56327","country":"US","city":"Farwell","state":"Minnesota","state_ab":"MN","county":"Pope","geo_location":{ "type": "Point", "coordinates": [-95.6656, 45.7244] }},
{"zip_code":"56381","country":"US","city":"Starbuck","state":"Minnesota","state_ab":"MN","county":"Pope","geo_location":{ "type": "Point", "coordinates": [-95.5421, 45.5926] }},
{"zip_code":"55104","country":"US","city":"Saint Paul","state":"Minnesota","state_ab":"MN","county":"Ramsey","geo_location":{ "type": "Point", "coordinates": [-93.158, 44.9532] }},
{"zip_code":"55117","country":"US","city":"Saint Paul","state":"Minnesota","state_ab":"MN","county":"Ramsey","geo_location":{ "type": "Point", "coordinates": [-93.0969, 44.9995] }},
{"zip_code":"55144","country":"US","city":"Saint Paul","state":"Minnesota","state_ab":"MN","county":"Ramsey","geo_location":{ "type": "Point", "coordinates": [-93.1059, 45.0059] }},
{"zip_code":"55171","country":"US","city":"Saint Paul","state":"Minnesota","state_ab":"MN","county":"Ramsey","geo_location":{ "type": "Point", "coordinates": [-93.1059, 45.0059] }},
{"zip_code":"56224","country":"US","city":"Clements","state":"Minnesota","state_ab":"MN","county":"Redwood","geo_location":{ "type": "Point", "coordinates": [-95.0474, 44.3943] }},
{"zip_code":"56277","country":"US","city":"Olivia","state":"Minnesota","state_ab":"MN","county":"Renville","geo_location":{ "type": "Point", "coordinates": [-94.9727, 44.7706] }},
{"zip_code":"56134","country":"US","city":"Hardwick","state":"Minnesota","state_ab":"MN","county":"Rock","geo_location":{ "type": "Point", "coordinates": [-96.2161, 43.7911] }},
{"zip_code":"56147","country":"US","city":"Kenneth","state":"Minnesota","state_ab":"MN","county":"Rock","geo_location":{ "type": "Point", "coordinates": [-96.1089, 43.7637] }},
{"zip_code":"56714","country":"US","city":"Badger","state":"Minnesota","state_ab":"MN","county":"Roseau","geo_location":{ "type": "Point", "coordinates": [-96.0965, 48.7913] }},
{"zip_code":"55711","country":"US","city":"Brookston","state":"Minnesota","state_ab":"MN","county":"St. Louis","geo_location":{ "type": "Point", "coordinates": [-92.643, 46.8384] }},
{"zip_code":"55724","country":"US","city":"Cotton","state":"Minnesota","state_ab":"MN","county":"St. Louis","geo_location":{ "type": "Point", "coordinates": [-92.4352, 47.1521] }},
{"zip_code":"55751","country":"US","city":"Iron","state":"Minnesota","state_ab":"MN","county":"St. Louis","geo_location":{ "type": "Point", "coordinates": [-92.6195, 47.4115] }},
{"zip_code":"55777","country":"US","city":"Virginia","state":"Minnesota","state_ab":"MN","county":"St. Louis","geo_location":{ "type": "Point", "coordinates": [-92.4428, 47.6404] }},
{"zip_code":"55791","country":"US","city":"Twig","state":"Minnesota","state_ab":"MN","county":"St. Louis","geo_location":{ "type": "Point", "coordinates": [-92.4428, 47.6404] }},
{"zip_code":"55801","country":"US","city":"Duluth","state":"Minnesota","state_ab":"MN","county":"St. Louis","geo_location":{ "type": "Point", "coordinates": [-92.0019, 47.0056] }},
{"zip_code":"55814","country":"US","city":"Duluth","state":"Minnesota","state_ab":"MN","county":"St. Louis","geo_location":{ "type": "Point", "coordinates": [-92.4428, 47.6404] }},
{"zip_code":"55054","country":"US","city":"New Market","state":"Minnesota","state_ab":"MN","county":"Scott","geo_location":{ "type": "Point", "coordinates": [-93.3543, 44.5711] }},
{"zip_code":"55377","country":"US","city":"Santiago","state":"Minnesota","state_ab":"MN","county":"Sherburne","geo_location":{ "type": "Point", "coordinates": [-93.8154, 45.5402] }},
{"zip_code":"56044","country":"US","city":"Henderson","state":"Minnesota","state_ab":"MN","county":"Sibley","geo_location":{ "type": "Point", "coordinates": [-93.9345, 44.5344] }},
{"zip_code":"56301","country":"US","city":"Saint Cloud","state":"Minnesota","state_ab":"MN","county":"Stearns","geo_location":{ "type": "Point", "coordinates": [-94.1819, 45.541] }},
{"zip_code":"55917","country":"US","city":"Blooming Prairie","state":"Minnesota","state_ab":"MN","county":"Steele","geo_location":{ "type": "Point", "coordinates": [-93.0608, 43.8977] }},
{"zip_code":"55041","country":"US","city":"Lake City","state":"Minnesota","state_ab":"MN","county":"Wabasha","geo_location":{ "type": "Point", "coordinates": [-92.2838, 44.4305] }},
{"zip_code":"55957","country":"US","city":"Millville","state":"Minnesota","state_ab":"MN","county":"Wabasha","geo_location":{ "type": "Point", "coordinates": [-92.2672, 44.2359] }},
{"zip_code":"55001","country":"US","city":"Afton","state":"Minnesota","state_ab":"MN","county":"Washington","geo_location":{ "type": "Point", "coordinates": [-92.8234, 44.8697] }},
{"zip_code":"55584","country":"US","city":"Monticello","state":"Minnesota","state_ab":"MN","county":"Wright","geo_location":{ "type": "Point", "coordinates": [-93.8881, 45.2009] }},
{"zip_code":"56237","country":"US","city":"Echo","state":"Minnesota","state_ab":"MN","county":"Yellow Medicine","geo_location":{ "type": "Point", "coordinates": [-95.4182, 44.631] }},
{"zip_code":"63501","country":"US","city":"Kirksville","state":"Missouri","state_ab":"MO","county":"Adair","geo_location":{ "type": "Point", "coordinates": [-92.5856, 40.1908] }},
{"zip_code":"64427","country":"US","city":"Bolckow","state":"Missouri","state_ab":"MO","county":"Andrew","geo_location":{ "type": "Point", "coordinates": [-94.8847, 40.1007] }},
{"zip_code":"65264","country":"US","city":"Martinsburg","state":"Missouri","state_ab":"MO","county":"Audrain","geo_location":{ "type": "Point", "coordinates": [-91.6646, 39.0968] }},
{"zip_code":"64777","country":"US","city":"Passaic","state":"Missouri","state_ab":"MO","county":"Bates","geo_location":{ "type": "Point", "coordinates": [-94.332, 38.2519] }},
{"zip_code":"63787","country":"US","city":"Zalma","state":"Missouri","state_ab":"MO","county":"Bollinger","geo_location":{ "type": "Point", "coordinates": [-90.0757, 37.1365] }},
{"zip_code":"65211","country":"US","city":"Columbia","state":"Missouri","state_ab":"MO","county":"Boone","geo_location":{ "type": "Point", "coordinates": [-92.1022, 38.9033] }},
{"zip_code":"64401","country":"US","city":"Agency","state":"Missouri","state_ab":"MO","county":"Buchanan","geo_location":{ "type": "Point", "coordinates": [-94.717, 39.6662] }},
{"zip_code":"64504","country":"US","city":"Saint Joseph","state":"Missouri","state_ab":"MO","county":"Buchanan","geo_location":{ "type": "Point", "coordinates": [-94.8677, 39.7076] }},
{"zip_code":"63901","country":"US","city":"Poplar Bluff","state":"Missouri","state_ab":"MO","county":"Butler","geo_location":{ "type": "Point", "coordinates": [-90.4166, 36.7662] }},
{"zip_code":"63954","country":"US","city":"Neelyville","state":"Missouri","state_ab":"MO","county":"Butler","geo_location":{ "type": "Point", "coordinates": [-90.4995, 36.571] }},
{"zip_code":"65251","country":"US","city":"Fulton","state":"Missouri","state_ab":"MO","county":"Callaway","geo_location":{ "type": "Point", "coordinates": [-91.9605, 38.8518] }},
{"zip_code":"63747","country":"US","city":"Friedheim","state":"Missouri","state_ab":"MO","county":"Cape Girardeau","geo_location":{ "type": "Point", "coordinates": [-89.8376, 37.5669] }},
{"zip_code":"64621","country":"US","city":"Avalon","state":"Missouri","state_ab":"MO","county":"Carroll County","geo_location":{ "type": "Point", "coordinates": [-93.4755, 39.6665] }},
{"zip_code":"64687","country":"US","city":"Wakenda","state":"Missouri","state_ab":"MO","county":"Carroll","geo_location":{ "type": "Point", "coordinates": [-93.3775, 39.3155] }},
{"zip_code":"63941","country":"US","city":"Fremont","state":"Missouri","state_ab":"MO","county":"Carter","geo_location":{ "type": "Point", "coordinates": [-91.144, 36.9172] }},
{"zip_code":"65714","country":"US","city":"Nixa","state":"Missouri","state_ab":"MO","county":"Christian","geo_location":{ "type": "Point", "coordinates": [-93.2972, 37.0512] }},
{"zip_code":"65754","country":"US","city":"Spokane","state":"Missouri","state_ab":"MO","county":"Christian","geo_location":{ "type": "Point", "coordinates": [-93.2754, 36.8636] }},
{"zip_code":"64117","country":"US","city":"Kansas City","state":"Missouri","state_ab":"MO","county":"Clay","geo_location":{ "type": "Point", "coordinates": [-94.5256, 39.1651] }},
{"zip_code":"64144","country":"US","city":"Kansas City","state":"Missouri","state_ab":"MO","county":"Clay","geo_location":{ "type": "Point", "coordinates": [-94.409, 39.2829] }},
{"zip_code":"64157","country":"US","city":"Kansas City","state":"Missouri","state_ab":"MO","county":"Clay","geo_location":{ "type": "Point", "coordinates": [-94.4595, 39.2767] }},
{"zip_code":"64454","country":"US","city":"Gower","state":"Missouri","state_ab":"MO","county":"Clinton","geo_location":{ "type": "Point", "coordinates": [-94.5965, 39.602] }},
{"zip_code":"65107","country":"US","city":"Jefferson City","state":"Missouri","state_ab":"MO","county":"Cole","geo_location":{ "type": "Point", "coordinates": [-92.2493, 38.5309] }},
{"zip_code":"65237","country":"US","city":"Bunceton","state":"Missouri","state_ab":"MO","county":"Cooper","geo_location":{ "type": "Point", "coordinates": [-92.7927, 38.7468] }},
{"zip_code":"65767","country":"US","city":"Urbana","state":"Missouri","state_ab":"MO","county":"Dallas","geo_location":{ "type": "Point", "coordinates": [-93.151, 37.8523] }},
{"zip_code":"64647","country":"US","city":"Jameson","state":"Missouri","state_ab":"MO","county":"Daviess","geo_location":{ "type": "Point", "coordinates": [-93.9597, 40.0046] }},
{"zip_code":"64494","country":"US","city":"Union Star","state":"Missouri","state_ab":"MO","county":"DeKalb","geo_location":{ "type": "Point", "coordinates": [-94.5787, 39.9846] }},
{"zip_code":"63837","country":"US","city":"Clarkton","state":"Missouri","state_ab":"MO","county":"Dunklin","geo_location":{ "type": "Point", "coordinates": [-89.9729, 36.4478] }},
{"zip_code":"63037","country":"US","city":"Gerald","state":"Missouri","state_ab":"MO","county":"Franklin","geo_location":{ "type": "Point", "coordinates": [-91.2931, 38.3507] }},
{"zip_code":"63077","country":"US","city":"Saint Clair","state":"Missouri","state_ab":"MO","county":"Franklin","geo_location":{ "type": "Point", "coordinates": [-90.9713, 38.3299] }},
{"zip_code":"63091","country":"US","city":"Rosebud","state":"Missouri","state_ab":"MO","county":"Gasconade","geo_location":{ "type": "Point", "coordinates": [-91.3974, 38.3853] }},
{"zip_code":"65781","country":"US","city":"Willard","state":"Missouri","state_ab":"MO","county":"Greene","geo_location":{ "type": "Point", "coordinates": [-93.4259, 37.2962] }},
{"zip_code":"65804","country":"US","city":"Springfield","state":"Missouri","state_ab":"MO","county":"Greene","geo_location":{ "type": "Point", "coordinates": [-93.2522, 37.1654] }},
{"zip_code":"65817","country":"US","city":"Springfield","state":"Missouri","state_ab":"MO","county":"Greene","geo_location":{ "type": "Point", "coordinates": [-93.3437, 37.2581] }},
{"zip_code":"65897","country":"US","city":"Springfield","state":"Missouri","state_ab":"MO","county":"Greene County","geo_location":{ "type": "Point", "coordinates": [-93.2784, 37.1987] }},
{"zip_code":"13461","country":"US","city":"Sherrill","state":"New York","state_ab":"NY","county":"Oneida","geo_location":{ "type": "Point", "coordinates": [-75.599, 43.0704] }},
{"zip_code":"13137","country":"US","city":"Plainville","state":"New York","state_ab":"NY","county":"Onondaga","geo_location":{ "type": "Point", "coordinates": [-76.447, 43.1577] }},
{"zip_code":"13164","country":"US","city":"Warners","state":"New York","state_ab":"NY","county":"Onondaga","geo_location":{ "type": "Point", "coordinates": [-76.2904, 43.0932] }},
{"zip_code":"13201","country":"US","city":"Syracuse","state":"New York","state_ab":"NY","county":"Onondaga","geo_location":{ "type": "Point", "coordinates": [-76.1977, 43.0214] }},
{"zip_code":"13214","country":"US","city":"Syracuse","state":"New York","state_ab":"NY","county":"Onondaga","geo_location":{ "type": "Point", "coordinates": [-76.0722, 43.0397] }},
{"zip_code":"14424","country":"US","city":"Canandaigua","state":"New York","state_ab":"NY","county":"Ontario","geo_location":{ "type": "Point", "coordinates": [-77.2846, 42.8689] }},
{"zip_code":"10914","country":"US","city":"Blooming Grove","state":"New York","state_ab":"NY","county":"Orange","geo_location":{ "type": "Point", "coordinates": [-74.2556, 41.4649] }},
{"zip_code":"10941","country":"US","city":"Middletown","state":"New York","state_ab":"NY","county":"Orange","geo_location":{ "type": "Point", "coordinates": [-74.345, 41.4886] }},
{"zip_code":"10981","country":"US","city":"Sugar Loaf","state":"New York","state_ab":"NY","county":"Orange","geo_location":{ "type": "Point", "coordinates": [-74.2886, 41.3232] }},
{"zip_code":"14411","country":"US","city":"Albion","state":"New York","state_ab":"NY","county":"Orleans","geo_location":{ "type": "Point", "coordinates": [-78.2068, 43.2398] }},
{"zip_code":"14477","country":"US","city":"Kent","state":"New York","state_ab":"NY","county":"Orleans","geo_location":{ "type": "Point", "coordinates": [-78.1355, 43.3341] }},
{"zip_code":"13074","country":"US","city":"Hannibal","state":"New York","state_ab":"NY","county":"Oswego","geo_location":{ "type": "Point", "coordinates": [-76.546, 43.3111] }},
{"zip_code":"13807","country":"US","city":"Milford","state":"New York","state_ab":"NY","county":"Otsego","geo_location":{ "type": "Point", "coordinates": [-74.9685, 42.6148] }},
{"zip_code":"13834","country":"US","city":"Portlandville","state":"New York","state_ab":"NY","county":"Otsego","geo_location":{ "type": "Point", "coordinates": [-74.967, 42.5394] }},
{"zip_code":"13861","country":"US","city":"West Oneonta","state":"New York","state_ab":"NY","county":"Otsego","geo_location":{ "type": "Point", "coordinates": [-75.1409, 42.5011] }},
{"zip_code":"10541","country":"US","city":"Mahopac","state":"New York","state_ab":"NY","county":"Putnam","geo_location":{ "type": "Point", "coordinates": [-73.7508, 41.3717] }},
{"zip_code":"11104","country":"US","city":"Sunnyside","state":"New York","state_ab":"NY","county":"Queens","geo_location":{ "type": "Point", "coordinates": [-73.9216, 40.7436] }},
{"zip_code":"11351","country":"US","city":"Flushing","state":"New York","state_ab":"NY","county":"Queens","geo_location":{ "type": "Point", "coordinates": [-73.8317, 40.7817] }},
{"zip_code":"11364","country":"US","city":"Oakland Gardens","state":"New York","state_ab":"NY","county":"Queens","geo_location":{ "type": "Point", "coordinates": [-73.7588, 40.7428] }},
{"zip_code":"11377","country":"US","city":"Woodside","state":"New York","state_ab":"NY","county":"Queens","geo_location":{ "type": "Point", "coordinates": [-73.9069, 40.745] }},
{"zip_code":"11414","country":"US","city":"Howard Beach","state":"New York","state_ab":"NY","county":"Queens","geo_location":{ "type": "Point", "coordinates": [-73.8438, 40.6588] }},
{"zip_code":"11427","country":"US","city":"Queens Village","state":"New York","state_ab":"NY","county":"Queens","geo_location":{ "type": "Point", "coordinates": [-73.7489, 40.7277] }},
{"zip_code":"11441","country":"US","city":"Jamaica","state":"New York","state_ab":"NY","county":"Queens County","geo_location":{ "type": "Point", "coordinates": [-73.8061, 40.6914] }},
{"zip_code":"12121","country":"US","city":"Melrose","state":"New York","state_ab":"NY","county":"Rensselaer","geo_location":{ "type": "Point", "coordinates": [-73.6077, 42.8412] }},
{"zip_code":"10307","country":"US","city":"Staten Island","state":"New York","state_ab":"NY","county":"Richmond","geo_location":{ "type": "Point", "coordinates": [-74.2445, 40.5085] }},
{"zip_code":"10901","country":"US","city":"Suffern","state":"New York","state_ab":"NY","county":"Rockland","geo_location":{ "type": "Point", "coordinates": [-74.1241, 41.1177] }},
{"zip_code":"10927","country":"US","city":"Haverstraw","state":"New York","state_ab":"NY","county":"Rockland","geo_location":{ "type": "Point", "coordinates": [-73.969, 41.1971] }},
{"zip_code":"10954","country":"US","city":"Nanuet","state":"New York","state_ab":"NY","county":"Rockland","geo_location":{ "type": "Point", "coordinates": [-74.0109, 41.0977] }},
{"zip_code":"10994","country":"US","city":"West Nyack","state":"New York","state_ab":"NY","county":"Rockland","geo_location":{ "type": "Point", "coordinates": [-73.9768, 41.0973] }},
{"zip_code":"13614","country":"US","city":"Brier Hill","state":"New York","state_ab":"NY","county":"St. Lawrence","geo_location":{ "type": "Point", "coordinates": [-75.6722, 44.5525] }},
{"zip_code":"13654","country":"US","city":"Heuvelton","state":"New York","state_ab":"NY","county":"St. Lawrence","geo_location":{ "type": "Point", "coordinates": [-75.4203, 44.593] }},
{"zip_code":"13667","country":"US","city":"Norfolk","state":"New York","state_ab":"NY","county":"St. Lawrence","geo_location":{ "type": "Point", "coordinates": [-74.9577, 44.8424] }},
{"zip_code":"13681","country":"US","city":"Richville","state":"New York","state_ab":"NY","county":"St. Lawrence","geo_location":{ "type": "Point", "coordinates": [-75.3777, 44.44] }},
{"zip_code":"13694","country":"US","city":"Waddington","state":"New York","state_ab":"NY","county":"St. Lawrence","geo_location":{ "type": "Point", "coordinates": [-75.2049, 44.8564] }},
{"zip_code":"12831","country":"US","city":"Gansevoort","state":"New York","state_ab":"NY","county":"Saratoga","geo_location":{ "type": "Point", "coordinates": [-73.7053, 43.1803] }},
{"zip_code":"12871","country":"US","city":"Schuylerville","state":"New York","state_ab":"NY","county":"Saratoga","geo_location":{ "type": "Point", "coordinates": [-73.6007, 43.0878] }},
{"zip_code":"12884","country":"US","city":"Victory Mills","state":"New York","state_ab":"NY","county":"Saratoga","geo_location":{ "type": "Point", "coordinates": [-73.5917, 43.0884] }},
{"zip_code":"12301","country":"US","city":"Schenectady","state":"New York","state_ab":"NY","county":"Schenectady","geo_location":{ "type": "Point", "coordinates": [-74.058, 42.8333] }},
{"zip_code":"12031","country":"US","city":"Carlisle","state":"New York","state_ab":"NY","county":"Schoharie","geo_location":{ "type": "Point", "coordinates": [-74.4569, 42.7648] }},
{"zip_code":"12071","country":"US","city":"Fultonham","state":"New York","state_ab":"NY","county":"Schoharie","geo_location":{ "type": "Point", "coordinates": [-74.4381, 42.5923] }},
{"zip_code":"12187","country":"US","city":"Warnerville","state":"New York","state_ab":"NY","county":"Schoharie","geo_location":{ "type": "Point", "coordinates": [-74.4381, 42.5923] }},
{"zip_code":"14824","country":"US","city":"Cayuta","state":"New York","state_ab":"NY","county":"Schuyler","geo_location":{ "type": "Point", "coordinates": [-76.6974, 42.2774] }},
{"zip_code":"14891","country":"US","city":"Watkins Glen","state":"New York","state_ab":"NY","county":"Schuyler","geo_location":{ "type": "Point", "coordinates": [-76.9022, 42.3771] }},
{"zip_code":"14541","country":"US","city":"Romulus","state":"New York","state_ab":"NY","county":"Seneca","geo_location":{ "type": "Point", "coordinates": [-76.8449, 42.7497] }},
{"zip_code":"14877","country":"US","city":"Rexville","state":"New York","state_ab":"NY","county":"Steuben","geo_location":{ "type": "Point", "coordinates": [-77.6767, 42.0726] }},
{"zip_code":"11724","country":"US","city":"Cold Spring Harbor","state":"New York","state_ab":"NY","county":"Suffolk","geo_location":{ "type": "Point", "coordinates": [-73.4423, 40.8601] }},
{"zip_code":"11751","country":"US","city":"Islip","state":"New York","state_ab":"NY","county":"Suffolk","geo_location":{ "type": "Point", "coordinates": [-73.2221, 40.7348] }},
{"zip_code":"11764","country":"US","city":"Miller Place","state":"New York","state_ab":"NY","county":"Suffolk","geo_location":{ "type": "Point", "coordinates": [-72.9913, 40.9436] }},
{"zip_code":"11777","country":"US","city":"Port Jefferson","state":"New York","state_ab":"NY","county":"Suffolk","geo_location":{ "type": "Point", "coordinates": [-73.0611, 40.9457] }},
{"zip_code":"11931","country":"US","city":"Aquebogue","state":"New York","state_ab":"NY","county":"Suffolk","geo_location":{ "type": "Point", "coordinates": [-72.6371, 40.9223] }},
{"zip_code":"11944","country":"US","city":"Greenport","state":"New York","state_ab":"NY","county":"Suffolk","geo_location":{ "type": "Point", "coordinates": [-72.3674, 41.1039] }},
{"zip_code":"11957","country":"US","city":"Orient","state":"New York","state_ab":"NY","county":"Suffolk","geo_location":{ "type": "Point", "coordinates": [-72.2879, 41.1437] }},
{"zip_code":"11971","country":"US","city":"Southold","state":"New York","state_ab":"NY","county":"Suffolk","geo_location":{ "type": "Point", "coordinates": [-72.429, 41.0555] }},
{"zip_code":"12701","country":"US","city":"Monticello","state":"New York","state_ab":"NY","county":"Sullivan","geo_location":{ "type": "Point", "coordinates": [-74.7007, 41.6516] }},
{"zip_code":"12727","country":"US","city":"Cochecton Center","state":"New York","state_ab":"NY","county":"Sullivan","geo_location":{ "type": "Point", "coordinates": [-74.7554, 41.719] }},
{"zip_code":"12741","country":"US","city":"Hankins","state":"New York","state_ab":"NY","county":"Sullivan","geo_location":{ "type": "Point", "coordinates": [-75.0534, 41.8391] }},
{"zip_code":"12754","country":"US","city":"Liberty","state":"New York","state_ab":"NY","county":"Sullivan","geo_location":{ "type": "Point", "coordinates": [-74.7484, 41.7962] }},
{"zip_code":"12767","country":"US","city":"Obernburg","state":"New York","state_ab":"NY","county":"Sullivan","geo_location":{ "type": "Point", "coordinates": [-74.7554, 41.719] }},
{"zip_code":"12781","country":"US","city":"Summitville","state":"New York","state_ab":"NY","county":"Sullivan","geo_location":{ "type": "Point", "coordinates": [-74.7554, 41.719] }},
{"zip_code":"14851","country":"US","city":"Ithaca","state":"New York","state_ab":"NY","county":"Tompkins","geo_location":{ "type": "Point", "coordinates": [-76.5054, 42.4607] }},
{"zip_code":"12404","country":"US","city":"Accord","state":"New York","state_ab":"NY","county":"Ulster","geo_location":{ "type": "Point", "coordinates": [-74.2353, 41.8083] }},
{"zip_code":"12417","country":"US","city":"Connelly","state":"New York","state_ab":"NY","county":"Ulster","geo_location":{ "type": "Point", "coordinates": [-73.9893, 41.9076] }},
{"zip_code":"12457","country":"US","city":"Mount Tremper","state":"New York","state_ab":"NY","county":"Ulster","geo_location":{ "type": "Point", "coordinates": [-74.2485, 42.0435] }},
{"zip_code":"12471","country":"US","city":"Rifton","state":"New York","state_ab":"NY","county":"Ulster","geo_location":{ "type": "Point", "coordinates": [-74.0306, 41.8403] }},
{"zip_code":"12484","country":"US","city":"Stone Ridge","state":"New York","state_ab":"NY","county":"Ulster","geo_location":{ "type": "Point", "coordinates": [-74.1697, 41.8616] }},
{"zip_code":"12547","country":"US","city":"Milton","state":"New York","state_ab":"NY","county":"Ulster","geo_location":{ "type": "Point", "coordinates": [-73.9772, 41.6535] }},
{"zip_code":"12561","country":"US","city":"New Paltz","state":"New York","state_ab":"NY","county":"Ulster","geo_location":{ "type": "Point", "coordinates": [-74.1092, 41.7464] }},
{"zip_code":"12804","country":"US","city":"Queensbury","state":"New York","state_ab":"NY","county":"Warren","geo_location":{ "type": "Point", "coordinates": [-73.6818, 43.329] }},
{"zip_code":"12817","country":"US","city":"Chestertown","state":"New York","state_ab":"NY","county":"Warren","geo_location":{ "type": "Point", "coordinates": [-73.8066, 43.6451] }},
{"zip_code":"12844","country":"US","city":"Kattskill Bay","state":"New York","state_ab":"NY","county":"Warren","geo_location":{ "type": "Point", "coordinates": [-73.6272, 43.4754] }},
{"zip_code":"12057","country":"US","city":"Eagle Bridge","state":"New York","state_ab":"NY","county":"Washington","geo_location":{ "type": "Point", "coordinates": [-73.3522, 42.9808] }},
{"zip_code":"14554","country":"US","city":"Sodus Center","state":"New York","state_ab":"NY","county":"Wayne County","geo_location":{ "type": "Point", "coordinates": [-77.0631, 43.236] }},
{"zip_code":"10501","country":"US","city":"Amawalk","state":"New York","state_ab":"NY","county":"Westchester","geo_location":{ "type": "Point", "coordinates": [-73.7611, 41.2946] }},
{"zip_code":"10514","country":"US","city":"Chappaqua","state":"New York","state_ab":"NY","county":"Westchester","geo_location":{ "type": "Point", "coordinates": [-73.7715, 41.1705] }},
{"zip_code":"10527","country":"US","city":"Granite Springs","state":"New York","state_ab":"NY","county":"Westchester","geo_location":{ "type": "Point", "coordinates": [-73.753, 41.3098] }},
{"zip_code":"10567","country":"US","city":"Cortlandt Manor","state":"New York","state_ab":"NY","county":"Westchester","geo_location":{ "type": "Point", "coordinates": [-73.8931, 41.284] }},
{"zip_code":"10581","country":"US","city":"Rye","state":"New York","state_ab":"NY","county":"Westchester","geo_location":{ "type": "Point", "coordinates": [-73.733, 41.119] }},
{"zip_code":"10594","country":"US","city":"Thornwood","state":"New York","state_ab":"NY","county":"Westchester","geo_location":{ "type": "Point", "coordinates": [-73.7733, 41.1182] }},
{"zip_code":"10604","country":"US","city":"West Harrison","state":"New York","state_ab":"NY","county":"Westchester","geo_location":{ "type": "Point", "coordinates": [-73.7395, 41.0592] }},
{"zip_code":"10707","country":"US","city":"Tuckahoe","state":"New York","state_ab":"NY","county":"Westchester","geo_location":{ "type": "Point", "coordinates": [-73.8198, 40.9569] }},
{"zip_code":"14011","country":"US","city":"Attica","state":"New York","state_ab":"NY","county":"Wyoming","geo_location":{ "type": "Point", "coordinates": [-78.2798, 42.8499] }},
{"zip_code":"14024","country":"US","city":"Bliss","state":"New York","state_ab":"NY","county":"Wyoming","geo_location":{ "type": "Point", "coordinates": [-78.2581, 42.5799] }},
{"zip_code":"14037","country":"US","city":"Cowlesville","state":"New York","state_ab":"NY","county":"Wyoming","geo_location":{ "type": "Point", "coordinates": [-78.4481, 42.8112] }},
{"zip_code":"14167","country":"US","city":"Varysburg","state":"New York","state_ab":"NY","county":"Wyoming","geo_location":{ "type": "Point", "coordinates": [-78.3167, 42.7459] }},
{"zip_code":"14527","country":"US","city":"Penn Yan","state":"New York","state_ab":"NY","county":"Yates","geo_location":{ "type": "Point", "coordinates": [-77.0569, 42.6645] }},
{"zip_code":"14837","country":"US","city":"Dundee","state":"New York","state_ab":"NY","county":"Yates","geo_location":{ "type": "Point", "coordinates": [-77.0028, 42.5053] }},
{"zip_code":"45697","country":"US","city":"Winchester","state":"Ohio","state_ab":"OH","county":"Adams","geo_location":{ "type": "Point", "coordinates": [-83.6661, 38.9353] }},
{"zip_code":"44874","country":"US","city":"Savannah","state":"Ohio","state_ab":"OH","county":"Ashland","geo_location":{ "type": "Point", "coordinates": [-82.3885, 40.9645] }},
{"zip_code":"44047","country":"US","city":"Jefferson","state":"Ohio","state_ab":"OH","county":"Ashtabula","geo_location":{ "type": "Point", "coordinates": [-80.7562, 41.7335] }},
{"zip_code":"45761","country":"US","city":"Millfield","state":"Ohio","state_ab":"OH","county":"Athens","geo_location":{ "type": "Point", "coordinates": [-82.1113, 39.4077] }},
{"zip_code":"43934","country":"US","city":"Lansing","state":"Ohio","state_ab":"OH","county":"Belmont","geo_location":{ "type": "Point", "coordinates": [-80.8003, 40.08] }},
{"zip_code":"43947","country":"US","city":"Shadyside","state":"Ohio","state_ab":"OH","county":"Belmont","geo_location":{ "type": "Point", "coordinates": [-80.7643, 39.9675] }},
{"zip_code":"45101","country":"US","city":"Aberdeen","state":"Ohio","state_ab":"OH","county":"Brown","geo_location":{ "type": "Point", "coordinates": [-83.7637, 38.6709] }},
{"zip_code":"45154","country":"US","city":"Mount Orab","state":"Ohio","state_ab":"OH","county":"Brown","geo_location":{ "type": "Point", "coordinates": [-83.948, 39.0454] }},
{"zip_code":"45167","country":"US","city":"Ripley","state":"Ohio","state_ab":"OH","county":"Brown","geo_location":{ "type": "Point", "coordinates": [-83.8227, 38.7551] }},
{"zip_code":"45011","country":"US","city":"Hamilton","state":"Ohio","state_ab":"OH","county":"Butler","geo_location":{ "type": "Point", "coordinates": [-84.5221, 39.4059] }},
{"zip_code":"45064","country":"US","city":"Somerville","state":"Ohio","state_ab":"OH","county":"Butler","geo_location":{ "type": "Point", "coordinates": [-84.6219, 39.5554] }},
{"zip_code":"43044","country":"US","city":"Mechanicsburg","state":"Ohio","state_ab":"OH","county":"Champaign","geo_location":{ "type": "Point", "coordinates": [-83.5724, 40.0647] }},
{"zip_code":"43084","country":"US","city":"Woodstock","state":"Ohio","state_ab":"OH","county":"Champaign","geo_location":{ "type": "Point", "coordinates": [-83.5461, 40.1816] }},
{"zip_code":"45501","country":"US","city":"Springfield","state":"Ohio","state_ab":"OH","county":"Clark","geo_location":{ "type": "Point", "coordinates": [-83.8132, 39.9271] }},
{"zip_code":"45114","country":"US","city":"Cuba","state":"Ohio","state_ab":"OH","county":"Clinton","geo_location":{ "type": "Point", "coordinates": [-83.8572, 39.3568] }},
{"zip_code":"43844","country":"US","city":"Warsaw","state":"Ohio","state_ab":"OH","county":"Coshocton","geo_location":{ "type": "Point", "coordinates": [-82.056, 40.3172] }},
{"zip_code":"44887","country":"US","city":"Tiro","state":"Ohio","state_ab":"OH","county":"Crawford","geo_location":{ "type": "Point", "coordinates": [-82.797, 40.881] }},
{"zip_code":"44111","country":"US","city":"Cleveland","state":"Ohio","state_ab":"OH","county":"Cuyahoga","geo_location":{ "type": "Point", "coordinates": [-81.7844, 41.4571] }},
{"zip_code":"44124","country":"US","city":"Cleveland","state":"Ohio","state_ab":"OH","county":"Cuyahoga","geo_location":{ "type": "Point", "coordinates": [-81.4694, 41.501] }},
{"zip_code":"44137","country":"US","city":"Maple Heights","state":"Ohio","state_ab":"OH","county":"Cuyahoga","geo_location":{ "type": "Point", "coordinates": [-81.5603, 41.4105] }},
{"zip_code":"44177","country":"US","city":"Cleveland","state":"Ohio","state_ab":"OH","county":"Cuyahoga","geo_location":{ "type": "Point", "coordinates": [-81.6728, 41.6857] }},
{"zip_code":"44191","country":"US","city":"Cleveland","state":"Ohio","state_ab":"OH","county":"Cuyahoga","geo_location":{ "type": "Point", "coordinates": [-81.6728, 41.6857] }},
{"zip_code":"43107","country":"US","city":"Bremen","state":"Ohio","state_ab":"OH","county":"Fairfield","geo_location":{ "type": "Point", "coordinates": [-82.4096, 39.6909] }},
{"zip_code":"43147","country":"US","city":"Pickerington","state":"Ohio","state_ab":"OH","county":"Fairfield","geo_location":{ "type": "Point", "coordinates": [-82.7563, 39.9061] }},
{"zip_code":"43004","country":"US","city":"Blacklick","state":"Ohio","state_ab":"OH","county":"Franklin","geo_location":{ "type": "Point", "coordinates": [-82.8079, 40.021] }},
{"zip_code":"43017","country":"US","city":"Dublin","state":"Ohio","state_ab":"OH","county":"Franklin","geo_location":{ "type": "Point", "coordinates": [-83.1146, 40.1093] }},
{"zip_code":"43211","country":"US","city":"Columbus","state":"Ohio","state_ab":"OH","county":"Franklin","geo_location":{ "type": "Point", "coordinates": [-82.9732, 40.0118] }},
{"zip_code":"43224","country":"US","city":"Columbus","state":"Ohio","state_ab":"OH","county":"Franklin","geo_location":{ "type": "Point", "coordinates": [-82.9689, 40.0425] }},
{"zip_code":"43251","country":"US","city":"Columbus","state":"Ohio","state_ab":"OH","county":"Franklin","geo_location":{ "type": "Point", "coordinates": [-83.0114, 39.969] }},
{"zip_code":"43291","country":"US","city":"Columbus","state":"Ohio","state_ab":"OH","county":"Franklin","geo_location":{ "type": "Point", "coordinates": [-83.0114, 39.969] }},
{"zip_code":"43521","country":"US","city":"Fayette","state":"Ohio","state_ab":"OH","county":"Fulton","geo_location":{ "type": "Point", "coordinates": [-84.325, 41.6717] }},
{"zip_code":"45631","country":"US","city":"Gallipolis","state":"Ohio","state_ab":"OH","county":"Gallia","geo_location":{ "type": "Point", "coordinates": [-82.229, 38.8148] }},
{"zip_code":"44021","country":"US","city":"Burton","state":"Ohio","state_ab":"OH","county":"Geauga","geo_location":{ "type": "Point", "coordinates": [-81.1526, 41.4527] }},
{"zip_code":"45307","country":"US","city":"Bowersville","state":"Ohio","state_ab":"OH","county":"Greene","geo_location":{ "type": "Point", "coordinates": [-83.7153, 39.5756] }},
{"zip_code":"45387","country":"US","city":"Yellow Springs","state":"Ohio","state_ab":"OH","county":"Greene","geo_location":{ "type": "Point", "coordinates": [-83.8891, 39.7996] }},
{"zip_code":"45051","country":"US","city":"Mount Saint Joseph","state":"Ohio","state_ab":"OH","county":"Hamilton","geo_location":{ "type": "Point", "coordinates": [-84.6431, 39.0965] }},
{"zip_code":"45204","country":"US","city":"Cincinnati","state":"Ohio","state_ab":"OH","county":"Hamilton","geo_location":{ "type": "Point", "coordinates": [-84.5719, 39.0963] }},
{"zip_code":"45217","country":"US","city":"Cincinnati","state":"Ohio","state_ab":"OH","county":"Hamilton","geo_location":{ "type": "Point", "coordinates": [-84.4959, 39.1661] }},
{"zip_code":"45231","country":"US","city":"Cincinnati","state":"Ohio","state_ab":"OH","county":"Hamilton","geo_location":{ "type": "Point", "coordinates": [-84.5437, 39.2418] }},
{"zip_code":"45244","country":"US","city":"Cincinnati","state":"Ohio","state_ab":"OH","county":"Hamilton","geo_location":{ "type": "Point", "coordinates": [-84.351, 39.1191] }},
{"zip_code":"45271","country":"US","city":"Cincinnati","state":"Ohio","state_ab":"OH","county":"Hamilton","geo_location":{ "type": "Point", "coordinates": [-84.5382, 39.1668] }},
{"zip_code":"43907","country":"US","city":"Cadiz","state":"Ohio","state_ab":"OH","county":"Harrison","geo_location":{ "type": "Point", "coordinates": [-81.0307, 40.2632] }},
{"zip_code":"43974","country":"US","city":"Harrisville","state":"Ohio","state_ab":"OH","county":"Harrison","geo_location":{ "type": "Point", "coordinates": [-80.8882, 40.1815] }},
{"zip_code":"43534","country":"US","city":"Mc Clure","state":"Ohio","state_ab":"OH","county":"Henry","geo_location":{ "type": "Point", "coordinates": [-83.9425, 41.3773] }},
{"zip_code":"44654","country":"US","city":"Millersburg","state":"Ohio","state_ab":"OH","county":"Holmes","geo_location":{ "type": "Point", "coordinates": [-81.8324, 40.5567] }},
{"zip_code":"44847","country":"US","city":"Monroeville","state":"Ohio","state_ab":"OH","county":"Huron","geo_location":{ "type": "Point", "coordinates": [-82.7023, 41.2181] }},
{"zip_code":"43961","country":"US","city":"Stratton","state":"Ohio","state_ab":"OH","county":"Jefferson","geo_location":{ "type": "Point", "coordinates": [-80.6285, 40.5185] }},
{"zip_code":"44061","country":"US","city":"Mentor","state":"Ohio","state_ab":"OH","county":"Lake","geo_location":{ "type": "Point", "coordinates": [-81.249, 41.9107] }},
{"zip_code":"43031","country":"US","city":"Johnstown","state":"Ohio","state_ab":"OH","county":"Licking","geo_location":{ "type": "Point", "coordinates": [-82.6973, 40.1445] }},
{"zip_code":"43057","country":"US","city":"Newark","state":"Ohio","state_ab":"OH","county":"Licking County","geo_location":{ "type": "Point", "coordinates": [-82.4009, 40.0596] }},
{"zip_code":"43071","country":"US","city":"Saint Louisville","state":"Ohio","state_ab":"OH","county":"Licking","geo_location":{ "type": "Point", "coordinates": [-82.356, 40.1818] }},
{"zip_code":"44074","country":"US","city":"Oberlin","state":"Ohio","state_ab":"OH","county":"Lorain","geo_location":{ "type": "Point", "coordinates": [-82.2229, 41.2899] }},
{"zip_code":"43547","country":"US","city":"Neapolis","state":"Ohio","state_ab":"OH","county":"Lucas","geo_location":{ "type": "Point", "coordinates": [-83.8706, 41.492] }},
{"zip_code":"43611","country":"US","city":"Toledo","state":"Ohio","state_ab":"OH","county":"Lucas","geo_location":{ "type": "Point", "coordinates": [-83.4892, 41.7045] }},
{"zip_code":"43624","country":"US","city":"Toledo","state":"Ohio","state_ab":"OH","county":"Lucas","geo_location":{ "type": "Point", "coordinates": [-83.545, 41.6563] }},
{"zip_code":"44511","country":"US","city":"Youngstown","state":"Ohio","state_ab":"OH","county":"Mahoning","geo_location":{ "type": "Point", "coordinates": [-80.6931, 41.0704] }},
{"zip_code":"43301","country":"US","city":"Marion","state":"Ohio","state_ab":"OH","county":"Marion","geo_location":{ "type": "Point", "coordinates": [-83.0693, 40.6166] }},
{"zip_code":"43314","country":"US","city":"Caledonia","state":"Ohio","state_ab":"OH","county":"Marion","geo_location":{ "type": "Point", "coordinates": [-82.9925, 40.6272] }},
{"zip_code":"43341","country":"US","city":"New Bloomington","state":"Ohio","state_ab":"OH","county":"Marion","geo_location":{ "type": "Point", "coordinates": [-83.3224, 40.6073] }},
{"zip_code":"44254","country":"US","city":"Lodi","state":"Ohio","state_ab":"OH","county":"Medina","geo_location":{ "type": "Point", "coordinates": [-82.0147, 41.0327] }},
{"zip_code":"44281","country":"US","city":"Wadsworth","state":"Ohio","state_ab":"OH","county":"Medina","geo_location":{ "type": "Point", "coordinates": [-81.7374, 41.0384] }},
{"zip_code":"45361","country":"US","city":"Potsdam","state":"Ohio","state_ab":"OH","county":"Miami","geo_location":{ "type": "Point", "coordinates": [-84.4145, 39.9635] }},
{"zip_code":"45374","country":"US","city":"Troy","state":"Ohio","state_ab":"OH","county":"Miami","geo_location":{ "type": "Point", "coordinates": [-84.2298, 40.04] }},
{"zip_code":"43754","country":"US","city":"Lewisville","state":"Ohio","state_ab":"OH","county":"Monroe","geo_location":{ "type": "Point", "coordinates": [-81.2316, 39.7684] }},
{"zip_code":"45734","country":"US","city":"Graysville","state":"Ohio","state_ab":"OH","county":"Monroe","geo_location":{ "type": "Point", "coordinates": [-81.1822, 39.663] }},
{"zip_code":"2117","country":"US","city":"Boston","state":"Massachusetts","state_ab":"MA","county":"Suffolk","geo_location":{ "type": "Point", "coordinates": [-71.058, 42.3585] }},
{"zip_code":"2131","country":"US","city":"Roslindale","state":"Massachusetts","state_ab":"MA","county":"Suffolk","geo_location":{ "type": "Point", "coordinates": [-71.1295, 42.2836] }},
{"zip_code":"2207","country":"US","city":"Boston","state":"Massachusetts","state_ab":"MA","county":"Suffolk","geo_location":{ "type": "Point", "coordinates": [-70.9196, 42.3389] }},
{"zip_code":"1037","country":"US","city":"Hardwick","state":"Massachusetts","state_ab":"MA","county":"Worcester","geo_location":{ "type": "Point", "coordinates": [-72.2253, 42.3479] }},
{"zip_code":"1451","country":"US","city":"Harvard","state":"Massachusetts","state_ab":"MA","county":"Worcester","geo_location":{ "type": "Point", "coordinates": [-71.5753, 42.4986] }},
{"zip_code":"1477","country":"US","city":"Winchendon Springs","state":"Massachusetts","state_ab":"MA","county":"Worcester","geo_location":{ "type": "Point", "coordinates": [-71.8969, 42.3648] }},
{"zip_code":"1501","country":"US","city":"Auburn","state":"Massachusetts","state_ab":"MA","county":"Worcester","geo_location":{ "type": "Point", "coordinates": [-71.8391, 42.2055] }},
{"zip_code":"1527","country":"US","city":"Millbury","state":"Massachusetts","state_ab":"MA","county":"Worcester","geo_location":{ "type": "Point", "coordinates": [-71.7644, 42.1968] }},
{"zip_code":"1541","country":"US","city":"Princeton","state":"Massachusetts","state_ab":"MA","county":"Worcester","geo_location":{ "type": "Point", "coordinates": [-71.8762, 42.4508] }},
{"zip_code":"1581","country":"US","city":"Westborough","state":"Massachusetts","state_ab":"MA","county":"Worcester","geo_location":{ "type": "Point", "coordinates": [-71.6176, 42.2679] }},
{"zip_code":"1604","country":"US","city":"Worcester","state":"Massachusetts","state_ab":"MA","county":"Worcester","geo_location":{ "type": "Point", "coordinates": [-71.7746, 42.2541] }},
{"zip_code":"1747","country":"US","city":"Hopedale","state":"Massachusetts","state_ab":"MA","county":"Worcester","geo_location":{ "type": "Point", "coordinates": [-71.5376, 42.1268] }},
{"zip_code":"21521","country":"US","city":"Barton","state":"Maryland","state_ab":"MD","county":"Allegany","geo_location":{ "type": "Point", "coordinates": [-79.0281, 39.5331] }},
{"zip_code":"20711","country":"US","city":"Lothian","state":"Maryland","state_ab":"MD","county":"Anne Arundel","geo_location":{ "type": "Point", "coordinates": [-76.6628, 38.8029] }},
{"zip_code":"20724","country":"US","city":"Laurel","state":"Maryland","state_ab":"MD","county":"Anne Arundel","geo_location":{ "type": "Point", "coordinates": [-76.8155, 39.0958] }},
{"zip_code":"20751","country":"US","city":"Deale","state":"Maryland","state_ab":"MD","county":"Anne Arundel","geo_location":{ "type": "Point", "coordinates": [-76.5515, 38.7829] }},
{"zip_code":"20764","country":"US","city":"Shady Side","state":"Maryland","state_ab":"MD","county":"Anne Arundel","geo_location":{ "type": "Point", "coordinates": [-76.5109, 38.8368] }},
{"zip_code":"21404","country":"US","city":"Annapolis","state":"Maryland","state_ab":"MD","county":"Anne Arundel","geo_location":{ "type": "Point", "coordinates": [-76.5949, 38.9742] }},
{"zip_code":"21031","country":"US","city":"Hunt Valley","state":"Maryland","state_ab":"MD","county":"Baltimore","geo_location":{ "type": "Point", "coordinates": [-76.6553, 39.4805] }},
{"zip_code":"21057","country":"US","city":"Glen Arm","state":"Maryland","state_ab":"MD","county":"Baltimore","geo_location":{ "type": "Point", "coordinates": [-76.5153, 39.4575] }},
{"zip_code":"21071","country":"US","city":"Glyndon","state":"Maryland","state_ab":"MD","county":"Baltimore","geo_location":{ "type": "Point", "coordinates": [-76.7661, 39.5157] }},
{"zip_code":"21237","country":"US","city":"Rosedale","state":"Maryland","state_ab":"MD","county":"Baltimore","geo_location":{ "type": "Point", "coordinates": [-76.5014, 39.3361] }},
{"zip_code":"21251","country":"US","city":"Baltimore","state":"Maryland","state_ab":"MD","county":"Baltimore","geo_location":{ "type": "Point", "coordinates": [-76.5921, 39.439] }},
{"zip_code":"21107","country":"US","city":"Millers","state":"Maryland","state_ab":"MD","county":"Carroll County","geo_location":{ "type": "Point", "coordinates": [-76.8155, 39.6856] }},
{"zip_code":"21921","country":"US","city":"Elkton","state":"Maryland","state_ab":"MD","county":"Cecil","geo_location":{ "type": "Point", "coordinates": [-75.8458, 39.6264] }},
{"zip_code":"20661","country":"US","city":"Mount Victoria","state":"Maryland","state_ab":"MD","county":"Charles","geo_location":{ "type": "Point", "coordinates": [-76.8846, 38.3436] }},
{"zip_code":"21637","country":"US","city":"Golts","state":"Maryland","state_ab":"MD","county":"Dorchester County","geo_location":{ "type": "Point", "coordinates": [-75.8055, 39.3556] }},
{"zip_code":"21664","country":"US","city":"Secretary","state":"Maryland","state_ab":"MD","county":"Dorchester","geo_location":{ "type": "Point", "coordinates": [-75.9474, 38.601] }},
{"zip_code":"21677","country":"US","city":"Woolford","state":"Maryland","state_ab":"MD","county":"Dorchester","geo_location":{ "type": "Point", "coordinates": [-76.2025, 38.4997] }},
{"zip_code":"21701","country":"US","city":"Frederick","state":"Maryland","state_ab":"MD","county":"Frederick","geo_location":{ "type": "Point", "coordinates": [-77.335, 39.4461] }},
{"zip_code":"21714","country":"US","city":"Braddock Heights","state":"Maryland","state_ab":"MD","county":"Frederick","geo_location":{ "type": "Point", "coordinates": [-77.5051, 39.4203] }},
{"zip_code":"21727","country":"US","city":"Emmitsburg","state":"Maryland","state_ab":"MD","county":"Frederick","geo_location":{ "type": "Point", "coordinates": [-77.3357, 39.694] }},
{"zip_code":"21754","country":"US","city":"Ijamsville","state":"Maryland","state_ab":"MD","county":"Frederick","geo_location":{ "type": "Point", "coordinates": [-77.2964, 39.3267] }},
{"zip_code":"21561","country":"US","city":"Swanton","state":"Maryland","state_ab":"MD","county":"Garrett","geo_location":{ "type": "Point", "coordinates": [-79.2402, 39.4764] }},
{"zip_code":"21017","country":"US","city":"Belcamp","state":"Maryland","state_ab":"MD","county":"Harford","geo_location":{ "type": "Point", "coordinates": [-76.242, 39.4756] }},
{"zip_code":"21084","country":"US","city":"Jarrettsville","state":"Maryland","state_ab":"MD","county":"Harford","geo_location":{ "type": "Point", "coordinates": [-76.4684, 39.6162] }},
{"zip_code":"21161","country":"US","city":"White Hall","state":"Maryland","state_ab":"MD","county":"Harford","geo_location":{ "type": "Point", "coordinates": [-76.5666, 39.6618] }},
{"zip_code":"20777","country":"US","city":"Highland","state":"Maryland","state_ab":"MD","county":"Howard","geo_location":{ "type": "Point", "coordinates": [-76.9686, 39.1843] }},
{"zip_code":"21044","country":"US","city":"Columbia","state":"Maryland","state_ab":"MD","county":"Howard","geo_location":{ "type": "Point", "coordinates": [-76.8788, 39.2141] }},
{"zip_code":"21794","country":"US","city":"West Friendship","state":"Maryland","state_ab":"MD","county":"Howard","geo_location":{ "type": "Point", "coordinates": [-76.966, 39.2934] }},
{"zip_code":"21651","country":"US","city":"Millington","state":"Maryland","state_ab":"MD","county":"Kent","geo_location":{ "type": "Point", "coordinates": [-75.8951, 39.2743] }},
{"zip_code":"20814","country":"US","city":"Bethesda","state":"Maryland","state_ab":"MD","county":"Montgomery","geo_location":{ "type": "Point", "coordinates": [-77.1022, 39.0003] }},
{"zip_code":"20827","country":"US","city":"Bethesda","state":"Maryland","state_ab":"MD","county":"Montgomery","geo_location":{ "type": "Point", "coordinates": [-77.2076, 39.144] }},
{"zip_code":"20841","country":"US","city":"Boyds","state":"Maryland","state_ab":"MD","county":"Montgomery","geo_location":{ "type": "Point", "coordinates": [-77.3167, 39.21] }},
{"zip_code":"20854","country":"US","city":"Potomac","state":"Maryland","state_ab":"MD","county":"Montgomery","geo_location":{ "type": "Point", "coordinates": [-77.1922, 39.0388] }},
{"zip_code":"20894","country":"US","city":"Bethesda","state":"Maryland","state_ab":"MD","county":"Montgomery","geo_location":{ "type": "Point", "coordinates": [-77.2076, 39.144] }},
{"zip_code":"20904","country":"US","city":"Silver Spring","state":"Maryland","state_ab":"MD","county":"Montgomery","geo_location":{ "type": "Point", "coordinates": [-76.9969, 39.0668] }},
{"zip_code":"20997","country":"US","city":"Silver Spring","state":"Maryland","state_ab":"MD","county":"Montgomery","geo_location":{ "type": "Point", "coordinates": [-77.2076, 39.144] }},
{"zip_code":"20607","country":"US","city":"Accokeek","state":"Maryland","state_ab":"MD","county":"Prince George's","geo_location":{ "type": "Point", "coordinates": [-77.0162, 38.672] }},
{"zip_code":"20737","country":"US","city":"Riverdale","state":"Maryland","state_ab":"MD","county":"Prince George's","geo_location":{ "type": "Point", "coordinates": [-76.9147, 38.9601] }},
{"zip_code":"20791","country":"US","city":"Capitol Heights","state":"Maryland","state_ab":"MD","county":"Prince George's","geo_location":{ "type": "Point", "coordinates": [-76.8777, 38.8336] }},
{"zip_code":"20621","country":"US","city":"Chaptico","state":"Maryland","state_ab":"MD","county":"St. Mary's","geo_location":{ "type": "Point", "coordinates": [-76.7833, 38.351] }},
{"zip_code":"20634","country":"US","city":"Great Mills","state":"Maryland","state_ab":"MD","county":"St. Mary's","geo_location":{ "type": "Point", "coordinates": [-76.4954, 38.2674] }},
{"zip_code":"20674","country":"US","city":"Piney Point","state":"Maryland","state_ab":"MD","county":"St. Mary's","geo_location":{ "type": "Point", "coordinates": [-76.5047, 38.1397] }},
{"zip_code":"20687","country":"US","city":"Scotland","state":"Maryland","state_ab":"MD","county":"St. Mary's","geo_location":{ "type": "Point", "coordinates": [-76.3477, 38.0828] }},
{"zip_code":"21817","country":"US","city":"Crisfield","state":"Maryland","state_ab":"MD","county":"Somerset","geo_location":{ "type": "Point", "coordinates": [-75.8429, 37.9845] }},
{"zip_code":"21857","country":"US","city":"Rehobeth","state":"Maryland","state_ab":"MD","county":"Somerset","geo_location":{ "type": "Point", "coordinates": [-75.8882, 38.0927] }},
{"zip_code":"21871","country":"US","city":"Westover","state":"Maryland","state_ab":"MD","county":"Somerset","geo_location":{ "type": "Point", "coordinates": [-75.7406, 38.101] }},
{"zip_code":"21624","country":"US","city":"Claiborne","state":"Maryland","state_ab":"MD","county":"Talbot","geo_location":{ "type": "Point", "coordinates": [-76.2714, 38.8368] }},
{"zip_code":"21741","country":"US","city":"Hagerstown","state":"Maryland","state_ab":"MD","county":"Washington","geo_location":{ "type": "Point", "coordinates": [-77.7421, 39.6939] }},
{"zip_code":"21767","country":"US","city":"Maugansville","state":"Maryland","state_ab":"MD","county":"Washington","geo_location":{ "type": "Point", "coordinates": [-77.7499, 39.6996] }},
{"zip_code":"21781","country":"US","city":"Saint James","state":"Maryland","state_ab":"MD","county":"Washington","geo_location":{ "type": "Point", "coordinates": [-77.7607, 39.5699] }},
{"zip_code":"21804","country":"US","city":"Salisbury","state":"Maryland","state_ab":"MD","county":"Wicomico","geo_location":{ "type": "Point", "coordinates": [-75.5338, 38.3508] }},
{"zip_code":"21211","country":"US","city":"Baltimore","state":"Maryland","state_ab":"MD","county":"Baltimore (city)","geo_location":{ "type": "Point", "coordinates": [-76.6336, 39.3316] }},
{"zip_code":"21224","country":"US","city":"Baltimore","state":"Maryland","state_ab":"MD","county":"Baltimore (city)","geo_location":{ "type": "Point", "coordinates": [-76.5568, 39.2876] }},
{"zip_code":"21264","country":"US","city":"Baltimore","state":"Maryland","state_ab":"MD","county":"Baltimore (city)","geo_location":{ "type": "Point", "coordinates": [-76.6205, 39.2847] }},
{"zip_code":"4241","country":"US","city":"Lewiston","state":"Maine","state_ab":"ME","county":"Androscoggin","geo_location":{ "type": "Point", "coordinates": [-70.2395, 44.197] }},
{"zip_code":"4254","country":"US","city":"Livermore Falls","state":"Maine","state_ab":"ME","county":"Androscoggin","geo_location":{ "type": "Point", "coordinates": [-70.1427, 44.4325] }},
{"zip_code":"4744","country":"US","city":"Fort Kent Mills","state":"Maine","state_ab":"ME","county":"Aroostook","geo_location":{ "type": "Point", "coordinates": [-68.8868, 46.5162] }},
{"zip_code":"4757","country":"US","city":"Mapleton","state":"Maine","state_ab":"ME","county":"Aroostook","geo_location":{ "type": "Point", "coordinates": [-68.1536, 46.6746] }},
{"zip_code":"4784","country":"US","city":"Upper Frenchville","state":"Maine","state_ab":"ME","county":"Aroostook County","geo_location":{ "type": "Point", "coordinates": [-68.4248, 47.28] }},
{"zip_code":"4021","country":"US","city":"Cumberland Center","state":"Maine","state_ab":"ME","county":"Cumberland","geo_location":{ "type": "Point", "coordinates": [-70.2649, 43.7974] }},
{"zip_code":"4034","country":"US","city":"Freeport","state":"Maine","state_ab":"ME","county":"Cumberland","geo_location":{ "type": "Point", "coordinates": [-70.1031, 43.857] }},
{"zip_code":"4074","country":"US","city":"Scarborough","state":"Maine","state_ab":"ME","county":"Cumberland","geo_location":{ "type": "Point", "coordinates": [-70.3457, 43.5835] }},
{"zip_code":"4124","country":"US","city":"Portland","state":"Maine","state_ab":"ME","county":"Cumberland","geo_location":{ "type": "Point", "coordinates": [-70.4707, 44.4081] }},
{"zip_code":"4227","country":"US","city":"East Dixfield","state":"Maine","state_ab":"ME","county":"Franklin","geo_location":{ "type": "Point", "coordinates": [-70.3263, 44.5791] }},
{"zip_code":"4294","country":"US","city":"Wilton","state":"Maine","state_ab":"ME","county":"Franklin","geo_location":{ "type": "Point", "coordinates": [-70.2961, 44.5911] }},
{"zip_code":"4964","country":"US","city":"Oquossoc","state":"Maine","state_ab":"ME","county":"Franklin","geo_location":{ "type": "Point", "coordinates": [-70.3816, 45.0634] }},
{"zip_code":"4421","country":"US","city":"Castine","state":"Maine","state_ab":"ME","county":"Hancock","geo_location":{ "type": "Point", "coordinates": [-68.7929, 44.4156] }},
{"zip_code":"4614","country":"US","city":"Blue Hill","state":"Maine","state_ab":"ME","county":"Hancock","geo_location":{ "type": "Point", "coordinates": [-68.5885, 44.4343] }},
{"zip_code":"4627","country":"US","city":"Deer Isle","state":"Maine","state_ab":"ME","county":"Hancock","geo_location":{ "type": "Point", "coordinates": [-68.6448, 44.234] }},
{"zip_code":"4681","country":"US","city":"Stonington","state":"Maine","state_ab":"ME","county":"Hancock","geo_location":{ "type": "Point", "coordinates": [-68.6746, 44.1752] }},
{"zip_code":"4344","country":"US","city":"Farmingdale","state":"Maine","state_ab":"ME","county":"Kennebec","geo_location":{ "type": "Point", "coordinates": [-69.7913, 44.2523] }},
{"zip_code":"4847","country":"US","city":"Hope","state":"Maine","state_ab":"ME","county":"Knox","geo_location":{ "type": "Point", "coordinates": [-69.1467, 44.2589] }},
{"zip_code":"4861","country":"US","city":"Thomaston","state":"Maine","state_ab":"ME","county":"Knox","geo_location":{ "type": "Point", "coordinates": [-69.1888, 44.0846] }},
{"zip_code":"4537","country":"US","city":"Boothbay","state":"Maine","state_ab":"ME","county":"Lincoln","geo_location":{ "type": "Point", "coordinates": [-69.6273, 43.8945] }},
{"zip_code":"4551","country":"US","city":"Bremen","state":"Maine","state_ab":"ME","county":"Lincoln","geo_location":{ "type": "Point", "coordinates": [-69.4402, 44.0104] }},
{"zip_code":"4564","country":"US","city":"Round Pond","state":"Maine","state_ab":"ME","county":"Lincoln","geo_location":{ "type": "Point", "coordinates": [-69.4662, 43.925] }},
{"zip_code":"4267","country":"US","city":"North Waterford","state":"Maine","state_ab":"ME","county":"Oxford","geo_location":{ "type": "Point", "coordinates": [-70.6616, 44.5662] }},
{"zip_code":"4281","country":"US","city":"South Paris","state":"Maine","state_ab":"ME","county":"Oxford","geo_location":{ "type": "Point", "coordinates": [-70.5012, 44.2167] }},
{"zip_code":"4434","country":"US","city":"Etna","state":"Maine","state_ab":"ME","county":"Penobscot","geo_location":{ "type": "Point", "coordinates": [-69.1322, 44.7932] }},
{"zip_code":"4461","country":"US","city":"Milford","state":"Maine","state_ab":"ME","county":"Penobscot","geo_location":{ "type": "Point", "coordinates": [-68.6296, 44.9393] }},
{"zip_code":"4474","country":"US","city":"Orrington","state":"Maine","state_ab":"ME","county":"Penobscot","geo_location":{ "type": "Point", "coordinates": [-68.7876, 44.7263] }},
{"zip_code":"4487","country":"US","city":"Springfield","state":"Maine","state_ab":"ME","county":"Penobscot","geo_location":{ "type": "Point", "coordinates": [-68.1108, 45.4264] }},
{"zip_code":"4357","country":"US","city":"Richmond","state":"Maine","state_ab":"ME","county":"Sagadahoc","geo_location":{ "type": "Point", "coordinates": [-69.8211, 44.1042] }},
{"zip_code":"4911","country":"US","city":"Anson","state":"Maine","state_ab":"ME","county":"Somerset","geo_location":{ "type": "Point", "coordinates": [-69.9309, 44.7831] }},
{"zip_code":"4924","country":"US","city":"Canaan","state":"Maine","state_ab":"ME","county":"Somerset","geo_location":{ "type": "Point", "coordinates": [-69.5498, 44.745] }},
{"zip_code":"4937","country":"US","city":"Fairfield","state":"Maine","state_ab":"ME","county":"Somerset","geo_location":{ "type": "Point", "coordinates": [-69.6802, 44.6463] }},
{"zip_code":"4951","country":"US","city":"Monroe","state":"Maine","state_ab":"ME","county":"Waldo","geo_location":{ "type": "Point", "coordinates": [-69.0317, 44.5927] }},
{"zip_code":"4654","country":"US","city":"Machias","state":"Maine","state_ab":"ME","county":"Washington","geo_location":{ "type": "Point", "coordinates": [-67.482, 44.7215] }},
{"zip_code":"4667","country":"US","city":"Perry","state":"Maine","state_ab":"ME","county":"Washington","geo_location":{ "type": "Point", "coordinates": [-67.0929, 44.9888] }},
{"zip_code":"4694","country":"US","city":"Baileyville","state":"Maine","state_ab":"ME","county":"Washington","geo_location":{ "type": "Point", "coordinates": [-67.4722, 45.1035] }},
{"zip_code":"3907","country":"US","city":"Ogunquit","state":"Maine","state_ab":"ME","county":"York","geo_location":{ "type": "Point", "coordinates": [-70.6094, 43.2541] }},
{"zip_code":"4007","country":"US","city":"Biddeford","state":"Maine","state_ab":"ME","county":"York","geo_location":{ "type": "Point", "coordinates": [-70.5053, 43.4581] }},
{"zip_code":"4047","country":"US","city":"Parsonsfield","state":"Maine","state_ab":"ME","county":"York","geo_location":{ "type": "Point", "coordinates": [-70.9092, 43.745] }},
{"zip_code":"4061","country":"US","city":"North Waterboro","state":"Maine","state_ab":"ME","county":"York","geo_location":{ "type": "Point", "coordinates": [-70.7298, 43.64] }},
{"zip_code":"4087","country":"US","city":"Waterboro","state":"Maine","state_ab":"ME","county":"York","geo_location":{ "type": "Point", "coordinates": [-70.7431, 43.5661] }},
{"zip_code":"49891","country":"US","city":"Trenary","state":"Michigan","state_ab":"MI","county":"Alger","geo_location":{ "type": "Point", "coordinates": [-86.9502, 46.1947] }},
{"zip_code":"49707","country":"US","city":"Alpena","state":"Michigan","state_ab":"MI","county":"Alpena","geo_location":{ "type": "Point", "coordinates": [-83.4602, 45.079] }},
{"zip_code":"49747","country":"US","city":"Hubbard Lake","state":"Michigan","state_ab":"MI","county":"Alpena","geo_location":{ "type": "Point", "coordinates": [-83.6059, 44.8947] }},
{"zip_code":"49617","country":"US","city":"Beulah","state":"Michigan","state_ab":"MI","county":"Benzie","geo_location":{ "type": "Point", "coordinates": [-86.0025, 44.6306] }},
{"zip_code":"49101","country":"US","city":"Baroda","state":"Michigan","state_ab":"MI","county":"Berrien","geo_location":{ "type": "Point", "coordinates": [-86.4913, 41.9488] }},
{"zip_code":"49127","country":"US","city":"Stevensville","state":"Michigan","state_ab":"MI","county":"Berrien","geo_location":{ "type": "Point", "coordinates": [-86.5119, 42.022] }},
{"zip_code":"49011","country":"US","city":"Athens","state":"Michigan","state_ab":"MI","county":"Calhoun","geo_location":{ "type": "Point", "coordinates": [-85.2317, 42.103] }},
{"zip_code":"49037","country":"US","city":"Battle Creek","state":"Michigan","state_ab":"MI","county":"Calhoun County","geo_location":{ "type": "Point", "coordinates": [-85.2178, 42.3453] }},
{"zip_code":"49051","country":"US","city":"East Leroy","state":"Michigan","state_ab":"MI","county":"Calhoun","geo_location":{ "type": "Point", "coordinates": [-85.2311, 42.1961] }},
{"zip_code":"49721","country":"US","city":"Cheboygan","state":"Michigan","state_ab":"MI","county":"Cheboygan","geo_location":{ "type": "Point", "coordinates": [-84.4867, 45.608] }},
{"zip_code":"49761","country":"US","city":"Mullett Lake","state":"Michigan","state_ab":"MI","county":"Cheboygan","geo_location":{ "type": "Point", "coordinates": [-84.5221, 45.5595] }},
{"zip_code":"49774","country":"US","city":"Pickford","state":"Michigan","state_ab":"MI","county":"Chippewa","geo_location":{ "type": "Point", "coordinates": [-84.3663, 46.1559] }},
{"zip_code":"49837","country":"US","city":"Gladstone","state":"Michigan","state_ab":"MI","county":"Delta","geo_location":{ "type": "Point", "coordinates": [-87.1152, 45.8813] }},
{"zip_code":"49864","country":"US","city":"Nahma","state":"Michigan","state_ab":"MI","county":"Delta","geo_location":{ "type": "Point", "coordinates": [-86.6558, 45.8424] }},
{"zip_code":"49877","country":"US","city":"Ralph","state":"Michigan","state_ab":"MI","county":"Dickinson","geo_location":{ "type": "Point", "coordinates": [-87.7367, 46.1297] }},
{"zip_code":"48821","country":"US","city":"Dimondale","state":"Michigan","state_ab":"MI","county":"Eaton","geo_location":{ "type": "Point", "coordinates": [-84.6486, 42.6501] }},
{"zip_code":"48861","country":"US","city":"Mulliken","state":"Michigan","state_ab":"MI","county":"Eaton","geo_location":{ "type": "Point", "coordinates": [-84.8979, 42.7377] }},
{"zip_code":"48551","country":"US","city":"Flint","state":"Michigan","state_ab":"MI","county":"Genesee","geo_location":{ "type": "Point", "coordinates": [-83.7131, 42.979] }},
{"zip_code":"49684","country":"US","city":"Traverse City","state":"Michigan","state_ab":"MI","county":"Grand Traverse","geo_location":{ "type": "Point", "coordinates": [-85.6763, 44.694] }},
{"zip_code":"48807","country":"US","city":"Bannister","state":"Michigan","state_ab":"MI","county":"Gratiot","geo_location":{ "type": "Point", "coordinates": [-84.3597, 43.1615] }},
{"zip_code":"48847","country":"US","city":"Ithaca","state":"Michigan","state_ab":"MI","county":"Gratiot","geo_location":{ "type": "Point", "coordinates": [-84.6088, 43.2828] }},
{"zip_code":"48874","country":"US","city":"Pompeii","state":"Michigan","state_ab":"MI","county":"Gratiot","geo_location":{ "type": "Point", "coordinates": [-84.6017, 43.1863] }},
{"zip_code":"49257","country":"US","city":"Moscow","state":"Michigan","state_ab":"MI","county":"Hillsdale","geo_location":{ "type": "Point", "coordinates": [-84.5039, 42.0548] }},
{"zip_code":"49271","country":"US","city":"Pittsford","state":"Michigan","state_ab":"MI","county":"Hillsdale","geo_location":{ "type": "Point", "coordinates": [-84.444, 41.8963] }},
{"zip_code":"48731","country":"US","city":"Elkton","state":"Michigan","state_ab":"MI","county":"Huron","geo_location":{ "type": "Point", "coordinates": [-83.1786, 43.8344] }},
{"zip_code":"48911","country":"US","city":"Lansing","state":"Michigan","state_ab":"MI","county":"Ingham","geo_location":{ "type": "Point", "coordinates": [-84.5772, 42.6797] }},
{"zip_code":"48924","country":"US","city":"Lansing","state":"Michigan","state_ab":"MI","county":"Ingham","geo_location":{ "type": "Point", "coordinates": [-84.372, 42.5992] }},
{"zip_code":"48937","country":"US","city":"Lansing","state":"Michigan","state_ab":"MI","county":"Ingham","geo_location":{ "type": "Point", "coordinates": [-84.559, 42.7487] }},
{"zip_code":"48951","country":"US","city":"Lansing","state":"Michigan","state_ab":"MI","county":"Ingham County","geo_location":{ "type": "Point", "coordinates": [-84.5365, 42.7035] }},
{"zip_code":"48887","country":"US","city":"Smyrna","state":"Michigan","state_ab":"MI","county":"Ionia","geo_location":{ "type": "Point", "coordinates": [-85.0747, 42.9449] }},
{"zip_code":"49927","country":"US","city":"Gaastra","state":"Michigan","state_ab":"MI","county":"Iron","geo_location":{ "type": "Point", "coordinates": [-88.5917, 46.0526] }},
{"zip_code":"49204","country":"US","city":"Jackson","state":"Michigan","state_ab":"MI","county":"Jackson","geo_location":{ "type": "Point", "coordinates": [-84.2138, 42.2528] }},
{"zip_code":"49284","country":"US","city":"Springport","state":"Michigan","state_ab":"MI","county":"Jackson","geo_location":{ "type": "Point", "coordinates": [-84.7039, 42.3805] }},
{"zip_code":"49024","country":"US","city":"Portage","state":"Michigan","state_ab":"MI","county":"Kalamazoo","geo_location":{ "type": "Point", "coordinates": [-85.6194, 42.1974] }},
{"zip_code":"49077","country":"US","city":"Oshtemo","state":"Michigan","state_ab":"MI","county":"Kalamazoo","geo_location":{ "type": "Point", "coordinates": [-85.5299, 42.2454] }},
{"zip_code":"49321","country":"US","city":"Comstock Park","state":"Michigan","state_ab":"MI","county":"Kent","geo_location":{ "type": "Point", "coordinates": [-85.6845, 43.0578] }},
{"zip_code":"49501","country":"US","city":"Grand Rapids","state":"Michigan","state_ab":"MI","county":"Kent","geo_location":{ "type": "Point", "coordinates": [-85.6291, 42.9842] }},
{"zip_code":"49514","country":"US","city":"Grand Rapids","state":"Michigan","state_ab":"MI","county":"Kent","geo_location":{ "type": "Point", "coordinates": [-85.5503, 43.0314] }},
{"zip_code":"49901","country":"US","city":"Ahmeek","state":"Michigan","state_ab":"MI","county":"Keweenaw","geo_location":{ "type": "Point", "coordinates": [-88.3897, 47.2933] }},
{"zip_code":"49644","country":"US","city":"Irons","state":"Michigan","state_ab":"MI","county":"Lake","geo_location":{ "type": "Point", "coordinates": [-85.939, 44.0966] }},
{"zip_code":"48421","country":"US","city":"Columbiaville","state":"Michigan","state_ab":"MI","county":"Lapeer","geo_location":{ "type": "Point", "coordinates": [-83.3811, 43.1503] }},
{"zip_code":"48461","country":"US","city":"North Branch","state":"Michigan","state_ab":"MI","county":"Lapeer","geo_location":{ "type": "Point", "coordinates": [-83.2267, 43.2069] }},
{"zip_code":"48137","country":"US","city":"Gregory","state":"Michigan","state_ab":"MI","county":"Livingston","geo_location":{ "type": "Point", "coordinates": [-84.0847, 42.496] }},
{"zip_code":"48021","country":"US","city":"Eastpointe","state":"Michigan","state_ab":"MI","county":"Macomb","geo_location":{ "type": "Point", "coordinates": [-82.9459, 42.4658] }},
{"zip_code":"48047","country":"US","city":"New Baltimore","state":"Michigan","state_ab":"MI","county":"Macomb","geo_location":{ "type": "Point", "coordinates": [-82.7753, 42.673] }},
{"zip_code":"48317","country":"US","city":"Utica","state":"Michigan","state_ab":"MI","county":"Macomb","geo_location":{ "type": "Point", "coordinates": [-83.0504, 42.6413] }},
{"zip_code":"48397","country":"US","city":"Warren","state":"Michigan","state_ab":"MI","county":"Macomb","geo_location":{ "type": "Point", "coordinates": [-83.0402, 42.4917] }},
{"zip_code":"45424","country":"US","city":"Dayton","state":"Ohio","state_ab":"OH","county":"Montgomery","geo_location":{ "type": "Point", "coordinates": [-84.1123, 39.8353] }},
{"zip_code":"45437","country":"US","city":"Dayton","state":"Ohio","state_ab":"OH","county":"Montgomery","geo_location":{ "type": "Point", "coordinates": [-84.2686, 39.7505] }},
{"zip_code":"43701","country":"US","city":"Zanesville","state":"Ohio","state_ab":"OH","county":"Muskingum","geo_location":{ "type": "Point", "coordinates": [-82.0041, 39.9274] }},
{"zip_code":"43727","country":"US","city":"Chandlersville","state":"Ohio","state_ab":"OH","county":"Muskingum","geo_location":{ "type": "Point", "coordinates": [-81.8301, 39.8897] }},
{"zip_code":"43767","country":"US","city":"Norwich","state":"Ohio","state_ab":"OH","county":"Muskingum","geo_location":{ "type": "Point", "coordinates": [-81.8024, 39.9934] }},
{"zip_code":"45851","country":"US","city":"Haviland","state":"Ohio","state_ab":"OH","county":"Paulding","geo_location":{ "type": "Point", "coordinates": [-84.6139, 41.0329] }},
{"zip_code":"44201","country":"US","city":"Atwater","state":"Ohio","state_ab":"OH","county":"Portage","geo_location":{ "type": "Point", "coordinates": [-81.1985, 41.0335] }},
{"zip_code":"44241","country":"US","city":"Streetsboro","state":"Ohio","state_ab":"OH","county":"Portage","geo_location":{ "type": "Point", "coordinates": [-81.3383, 41.2491] }},
{"zip_code":"45321","country":"US","city":"Eldorado","state":"Ohio","state_ab":"OH","county":"Preble","geo_location":{ "type": "Point", "coordinates": [-84.6786, 39.8882] }},
{"zip_code":"45347","country":"US","city":"New Paris","state":"Ohio","state_ab":"OH","county":"Preble","geo_location":{ "type": "Point", "coordinates": [-84.7793, 39.8617] }},
{"zip_code":"45837","country":"US","city":"Dupont","state":"Ohio","state_ab":"OH","county":"Putnam","geo_location":{ "type": "Point", "coordinates": [-84.3195, 41.0463] }},
{"zip_code":"45864","country":"US","city":"Miller City","state":"Ohio","state_ab":"OH","county":"Putnam","geo_location":{ "type": "Point", "coordinates": [-84.1315, 41.1038] }},
{"zip_code":"45877","country":"US","city":"Pandora","state":"Ohio","state_ab":"OH","county":"Putnam","geo_location":{ "type": "Point", "coordinates": [-83.9521, 40.9509] }},
{"zip_code":"45617","country":"US","city":"Bourneville","state":"Ohio","state_ab":"OH","county":"Ross","geo_location":{ "type": "Point", "coordinates": [-83.159, 39.2804] }},
{"zip_code":"45644","country":"US","city":"Kingston","state":"Ohio","state_ab":"OH","county":"Ross","geo_location":{ "type": "Point", "coordinates": [-82.8488, 39.4414] }},
{"zip_code":"43431","country":"US","city":"Gibsonburg","state":"Ohio","state_ab":"OH","county":"Sandusky","geo_location":{ "type": "Point", "coordinates": [-83.3358, 41.3805] }},
{"zip_code":"45657","country":"US","city":"Otway","state":"Ohio","state_ab":"OH","county":"Scioto","geo_location":{ "type": "Point", "coordinates": [-83.2222, 38.852] }},
{"zip_code":"45671","country":"US","city":"Rarden","state":"Ohio","state_ab":"OH","county":"Scioto","geo_location":{ "type": "Point", "coordinates": [-83.2365, 38.9577] }},
{"zip_code":"45684","country":"US","city":"Stout","state":"Ohio","state_ab":"OH","county":"Scioto","geo_location":{ "type": "Point", "coordinates": [-83.209, 38.6546] }},
{"zip_code":"44807","country":"US","city":"Attica","state":"Ohio","state_ab":"OH","county":"Seneca","geo_location":{ "type": "Point", "coordinates": [-82.9032, 41.0773] }},
{"zip_code":"44861","country":"US","city":"Old Fort","state":"Ohio","state_ab":"OH","county":"Seneca","geo_location":{ "type": "Point", "coordinates": [-83.1479, 41.2395] }},
{"zip_code":"45334","country":"US","city":"Jackson Center","state":"Ohio","state_ab":"OH","county":"Shelby","geo_location":{ "type": "Point", "coordinates": [-84.0457, 40.4358] }},
{"zip_code":"44601","country":"US","city":"Alliance","state":"Ohio","state_ab":"OH","county":"Stark","geo_location":{ "type": "Point", "coordinates": [-81.1182, 40.9158] }},
{"zip_code":"44614","country":"US","city":"Canal Fulton","state":"Ohio","state_ab":"OH","county":"Stark","geo_location":{ "type": "Point", "coordinates": [-81.5773, 40.8887] }},
{"zip_code":"44641","country":"US","city":"Louisville","state":"Ohio","state_ab":"OH","county":"Stark","geo_location":{ "type": "Point", "coordinates": [-81.2595, 40.8477] }},
{"zip_code":"44704","country":"US","city":"Canton","state":"Ohio","state_ab":"OH","county":"Stark","geo_location":{ "type": "Point", "coordinates": [-81.3537, 40.7991] }},
{"zip_code":"44087","country":"US","city":"Twinsburg","state":"Ohio","state_ab":"OH","county":"Summit","geo_location":{ "type": "Point", "coordinates": [-81.4559, 41.3289] }},
{"zip_code":"44304","country":"US","city":"Akron","state":"Ohio","state_ab":"OH","county":"Summit","geo_location":{ "type": "Point", "coordinates": [-81.5085, 41.0808] }},
{"zip_code":"44317","country":"US","city":"Akron","state":"Ohio","state_ab":"OH","county":"Summit","geo_location":{ "type": "Point", "coordinates": [-81.5291, 41.0525] }},
{"zip_code":"44331","country":"US","city":"Akron","state":"Ohio","state_ab":"OH","county":"Summit County","geo_location":{ "type": "Point", "coordinates": [-81.5203, 41.0655] }},
{"zip_code":"44397","country":"US","city":"Akron","state":"Ohio","state_ab":"OH","county":"Summit","geo_location":{ "type": "Point", "coordinates": [-81.5256, 41.0716] }},
{"zip_code":"44487","country":"US","city":"Warren","state":"Ohio","state_ab":"OH","county":"Trumbull","geo_location":{ "type": "Point", "coordinates": [-80.7613, 41.3174] }},
{"zip_code":"43804","country":"US","city":"Baltic","state":"Ohio","state_ab":"OH","county":"Tuscarawas","geo_location":{ "type": "Point", "coordinates": [-81.6792, 40.4476] }},
{"zip_code":"44681","country":"US","city":"Sugarcreek","state":"Ohio","state_ab":"OH","county":"Tuscarawas","geo_location":{ "type": "Point", "coordinates": [-81.6604, 40.5148] }},
{"zip_code":"45891","country":"US","city":"Van Wert","state":"Ohio","state_ab":"OH","county":"Van Wert","geo_location":{ "type": "Point", "coordinates": [-84.5904, 40.8689] }},
{"zip_code":"45721","country":"US","city":"Coal Run","state":"Ohio","state_ab":"OH","county":"Washington","geo_location":{ "type": "Point", "coordinates": [-81.4451, 39.4307] }},
{"zip_code":"45787","country":"US","city":"Watertown","state":"Ohio","state_ab":"OH","county":"Washington","geo_location":{ "type": "Point", "coordinates": [-81.4451, 39.4307] }},
{"zip_code":"44214","country":"US","city":"Burbank","state":"Ohio","state_ab":"OH","county":"Wayne","geo_location":{ "type": "Point", "coordinates": [-81.9958, 40.9637] }},
{"zip_code":"44627","country":"US","city":"Fredericksburg","state":"Ohio","state_ab":"OH","county":"Wayne","geo_location":{ "type": "Point", "coordinates": [-81.8518, 40.686] }},
{"zip_code":"44667","country":"US","city":"Orrville","state":"Ohio","state_ab":"OH","county":"Wayne","geo_location":{ "type": "Point", "coordinates": [-81.7741, 40.8458] }},
{"zip_code":"43457","country":"US","city":"Risingsun","state":"Ohio","state_ab":"OH","county":"Wood","geo_location":{ "type": "Point", "coordinates": [-83.4326, 41.2706] }},
{"zip_code":"74457","country":"US","city":"Proctor","state":"Oklahoma","state_ab":"OK","county":"Adair","geo_location":{ "type": "Point", "coordinates": [-94.7613, 36.0308] }},
{"zip_code":"73931","country":"US","city":"Balko","state":"Oklahoma","state_ab":"OK","county":"Beaver","geo_location":{ "type": "Point", "coordinates": [-100.7103, 36.5996] }},
{"zip_code":"73724","country":"US","city":"Canton","state":"Oklahoma","state_ab":"OK","county":"Blaine","geo_location":{ "type": "Point", "coordinates": [-98.5778, 36.0372] }},
{"zip_code":"74701","country":"US","city":"Durant","state":"Oklahoma","state_ab":"OK","county":"Bryan","geo_location":{ "type": "Point", "coordinates": [-96.3847, 34.0061] }},
{"zip_code":"74741","country":"US","city":"Hendrix","state":"Oklahoma","state_ab":"OK","county":"Bryan","geo_location":{ "type": "Point", "coordinates": [-96.3581, 33.8016] }},
{"zip_code":"73001","country":"US","city":"Albert","state":"Oklahoma","state_ab":"OK","county":"Caddo","geo_location":{ "type": "Point", "coordinates": [-98.3574, 35.2032] }},
{"zip_code":"73094","country":"US","city":"Washita","state":"Oklahoma","state_ab":"OK","county":"Caddo","geo_location":{ "type": "Point", "coordinates": [-98.3574, 35.2032] }},
{"zip_code":"73014","country":"US","city":"Calumet","state":"Oklahoma","state_ab":"OK","county":"Canadian","geo_location":{ "type": "Point", "coordinates": [-98.1512, 35.5476] }},
{"zip_code":"73081","country":"US","city":"Ratliff City","state":"Oklahoma","state_ab":"OK","county":"Carter County","geo_location":{ "type": "Point", "coordinates": [-97.5151, 34.4213] }},
{"zip_code":"73401","country":"US","city":"Ardmore","state":"Oklahoma","state_ab":"OK","county":"Carter","geo_location":{ "type": "Point", "coordinates": [-97.1792, 34.1566] }},
{"zip_code":"73481","country":"US","city":"Ratliff City","state":"Oklahoma","state_ab":"OK","county":"Carter","geo_location":{ "type": "Point", "coordinates": [-97.4925, 34.4344] }},
{"zip_code":"74444","country":"US","city":"Moodys","state":"Oklahoma","state_ab":"OK","county":"Cherokee","geo_location":{ "type": "Point", "coordinates": [-94.9669, 36.0458] }},
{"zip_code":"74471","country":"US","city":"Welling","state":"Oklahoma","state_ab":"OK","county":"Cherokee","geo_location":{ "type": "Point", "coordinates": [-94.8653, 35.8819] }},
{"zip_code":"74727","country":"US","city":"Boswell","state":"Oklahoma","state_ab":"OK","county":"Choctaw","geo_location":{ "type": "Point", "coordinates": [-95.8403, 34.0245] }},
{"zip_code":"74534","country":"US","city":"Centrahoma","state":"Oklahoma","state_ab":"OK","county":"Coal","geo_location":{ "type": "Point", "coordinates": [-96.3386, 34.6066] }},
{"zip_code":"73557","country":"US","city":"Medicine Park","state":"Oklahoma","state_ab":"OK","county":"Comanche","geo_location":{ "type": "Point", "coordinates": [-98.5309, 34.7461] }},
{"zip_code":"73531","country":"US","city":"Devol","state":"Oklahoma","state_ab":"OK","county":"Cotton","geo_location":{ "type": "Point", "coordinates": [-98.577, 34.1956] }},
{"zip_code":"74301","country":"US","city":"Vinita","state":"Oklahoma","state_ab":"OK","county":"Craig","geo_location":{ "type": "Point", "coordinates": [-95.1382, 36.6334] }},
{"zip_code":"74044","country":"US","city":"Mannford","state":"Oklahoma","state_ab":"OK","county":"Creek","geo_location":{ "type": "Point", "coordinates": [-96.3576, 36.0927] }},
{"zip_code":"74071","country":"US","city":"Slick","state":"Oklahoma","state_ab":"OK","county":"Creek","geo_location":{ "type": "Point", "coordinates": [-96.2806, 35.7861] }},
{"zip_code":"73067","country":"US","city":"Ninnekah","state":"Oklahoma","state_ab":"OK","county":"Grady","geo_location":{ "type": "Point", "coordinates": [-97.9333, 34.9143] }},
{"zip_code":"73544","country":"US","city":"Gould","state":"Oklahoma","state_ab":"OK","county":"Harmon","geo_location":{ "type": "Point", "coordinates": [-99.7843, 34.665] }},
{"zip_code":"73571","country":"US","city":"Vinson","state":"Oklahoma","state_ab":"OK","county":"Harmon","geo_location":{ "type": "Point", "coordinates": [-99.8339, 34.9062] }},
{"zip_code":"73764","country":"US","city":"Omega","state":"Oklahoma","state_ab":"OK","county":"Kingfisher","geo_location":{ "type": "Point", "coordinates": [-98.1863, 35.8507] }},
{"zip_code":"73041","country":"US","city":"Gotebo","state":"Oklahoma","state_ab":"OK","county":"Kiowa","geo_location":{ "type": "Point", "coordinates": [-98.876, 35.0759] }},
{"zip_code":"74947","country":"US","city":"Monroe","state":"Oklahoma","state_ab":"OK","county":"Le Flore","geo_location":{ "type": "Point", "coordinates": [-94.515, 34.9906] }},
{"zip_code":"73027","country":"US","city":"Coyle","state":"Oklahoma","state_ab":"OK","county":"Logan","geo_location":{ "type": "Point", "coordinates": [-97.2607, 35.8985] }},
{"zip_code":"73441","country":"US","city":"Leon","state":"Oklahoma","state_ab":"OK","county":"Love","geo_location":{ "type": "Point", "coordinates": [-97.4471, 33.9243] }},
{"zip_code":"74831","country":"US","city":"Byars","state":"Oklahoma","state_ab":"OK","county":"McClain","geo_location":{ "type": "Point", "coordinates": [-97.0997, 34.8904] }},
{"zip_code":"74754","country":"US","city":"Ringold","state":"Oklahoma","state_ab":"OK","county":"McCurtain","geo_location":{ "type": "Point", "coordinates": [-95.0704, 34.1799] }},
{"zip_code":"73737","country":"US","city":"Fairview","state":"Oklahoma","state_ab":"OK","county":"Major","geo_location":{ "type": "Point", "coordinates": [-98.604, 36.2871] }}]}