{"value": [{"zip_code":"62927","country":"US","city":"Dowell","state":"Illinois","state_ab":"IL","county":"Jackson","geo_location":{ "type": "Point", "coordinates": [-89.2318, 37.9392] }},
{"zip_code":"62994","country":"US","city":"Vergennes","state":"Illinois","state_ab":"IL","county":"Jackson","geo_location":{ "type": "Point", "coordinates": [-89.3269, 37.9051] }},
{"zip_code":"62864","country":"US","city":"Mount Vernon","state":"Illinois","state_ab":"IL","county":"Jefferson","geo_location":{ "type": "Point", "coordinates": [-88.9105, 38.317] }},
{"zip_code":"62037","country":"US","city":"Grafton","state":"Illinois","state_ab":"IL","county":"Jersey","geo_location":{ "type": "Point", "coordinates": [-90.4323, 39.0021] }},
{"zip_code":"61087","country":"US","city":"Warren","state":"Illinois","state_ab":"IL","county":"Jo Daviess","geo_location":{ "type": "Point", "coordinates": [-89.986, 42.489] }},
{"zip_code":"62967","country":"US","city":"New Burnside","state":"Illinois","state_ab":"IL","county":"Johnson","geo_location":{ "type": "Point", "coordinates": [-88.7454, 37.578] }},
{"zip_code":"60121","country":"US","city":"Elgin","state":"Illinois","state_ab":"IL","county":"Kane","geo_location":{ "type": "Point", "coordinates": [-88.3126, 42.0413] }},
{"zip_code":"60134","country":"US","city":"Geneva","state":"Illinois","state_ab":"IL","county":"Kane","geo_location":{ "type": "Point", "coordinates": [-88.311, 41.886] }},
{"zip_code":"60147","country":"US","city":"Lafox","state":"Illinois","state_ab":"IL","county":"Kane","geo_location":{ "type": "Point", "coordinates": [-88.4202, 41.937] }},
{"zip_code":"60174","country":"US","city":"Saint Charles","state":"Illinois","state_ab":"IL","county":"Kane","geo_location":{ "type": "Point", "coordinates": [-88.307, 41.9194] }},
{"zip_code":"60507","country":"US","city":"Aurora","state":"Illinois","state_ab":"IL","county":"Kane","geo_location":{ "type": "Point", "coordinates": [-88.4202, 41.937] }},
{"zip_code":"60961","country":"US","city":"Reddick","state":"Illinois","state_ab":"IL","county":"Kankakee","geo_location":{ "type": "Point", "coordinates": [-88.2089, 41.1005] }},
{"zip_code":"61474","country":"US","city":"Saint Augustine","state":"Illinois","state_ab":"IL","county":"Knox","geo_location":{ "type": "Point", "coordinates": [-90.3798, 40.7289] }},
{"zip_code":"60031","country":"US","city":"Gurnee","state":"Illinois","state_ab":"IL","county":"Lake","geo_location":{ "type": "Point", "coordinates": [-87.9452, 42.3669] }},
{"zip_code":"60044","country":"US","city":"Lake Bluff","state":"Illinois","state_ab":"IL","county":"Lake","geo_location":{ "type": "Point", "coordinates": [-87.856, 42.282] }},
{"zip_code":"60084","country":"US","city":"Wauconda","state":"Illinois","state_ab":"IL","county":"Lake","geo_location":{ "type": "Point", "coordinates": [-88.1333, 42.2636] }},
{"zip_code":"61371","country":"US","city":"Triumph","state":"Illinois","state_ab":"IL","county":"La Salle","geo_location":{ "type": "Point", "coordinates": [-89.0219, 41.4991] }},
{"zip_code":"61021","country":"US","city":"Dixon","state":"Illinois","state_ab":"IL","county":"Lee","geo_location":{ "type": "Point", "coordinates": [-89.4893, 41.8478] }},
{"zip_code":"61331","country":"US","city":"Lee Center","state":"Illinois","state_ab":"IL","county":"Lee","geo_location":{ "type": "Point", "coordinates": [-89.2827, 41.7488] }},
{"zip_code":"60921","country":"US","city":"Chatsworth","state":"Illinois","state_ab":"IL","county":"Livingston","geo_location":{ "type": "Point", "coordinates": [-88.2937, 40.7484] }},
{"zip_code":"60934","country":"US","city":"Emington","state":"Illinois","state_ab":"IL","county":"Livingston","geo_location":{ "type": "Point", "coordinates": [-88.3589, 40.9692] }},
{"zip_code":"62541","country":"US","city":"Lake Fork","state":"Illinois","state_ab":"IL","county":"Logan","geo_location":{ "type": "Point", "coordinates": [-89.3505, 39.9706] }},
{"zip_code":"62671","country":"US","city":"New Holland","state":"Illinois","state_ab":"IL","county":"Logan","geo_location":{ "type": "Point", "coordinates": [-89.5604, 40.1682] }},
{"zip_code":"62374","country":"US","city":"Tennessee","state":"Illinois","state_ab":"IL","county":"McDonough","geo_location":{ "type": "Point", "coordinates": [-90.8556, 40.414] }},
{"zip_code":"60071","country":"US","city":"Richmond","state":"Illinois","state_ab":"IL","county":"McHenry","geo_location":{ "type": "Point", "coordinates": [-88.29, 42.4669] }},
{"zip_code":"60097","country":"US","city":"Wonder Lake","state":"Illinois","state_ab":"IL","county":"McHenry","geo_location":{ "type": "Point", "coordinates": [-88.3534, 42.3849] }},
{"zip_code":"61704","country":"US","city":"Bloomington","state":"Illinois","state_ab":"IL","county":"McLean","geo_location":{ "type": "Point", "coordinates": [-88.9433, 40.4705] }},
{"zip_code":"61731","country":"US","city":"Cropsey","state":"Illinois","state_ab":"IL","county":"McLean","geo_location":{ "type": "Point", "coordinates": [-88.4943, 40.603] }},
{"zip_code":"61744","country":"US","city":"Gridley","state":"Illinois","state_ab":"IL","county":"McLean","geo_location":{ "type": "Point", "coordinates": [-88.884, 40.7439] }},
{"zip_code":"62501","country":"US","city":"Argenta","state":"Illinois","state_ab":"IL","county":"Macon","geo_location":{ "type": "Point", "coordinates": [-88.8052, 39.934] }},
{"zip_code":"62514","country":"US","city":"Boody","state":"Illinois","state_ab":"IL","county":"Macon","geo_location":{ "type": "Point", "coordinates": [-89.0507, 39.7624] }},
{"zip_code":"62527","country":"US","city":"Decatur","state":"Illinois","state_ab":"IL","county":"Macon","geo_location":{ "type": "Point", "coordinates": [-88.9815, 39.854] }},
{"zip_code":"62554","country":"US","city":"Oreana","state":"Illinois","state_ab":"IL","county":"Macon","geo_location":{ "type": "Point", "coordinates": [-88.8547, 39.9351] }},
{"zip_code":"62024","country":"US","city":"East Alton","state":"Illinois","state_ab":"IL","county":"Madison","geo_location":{ "type": "Point", "coordinates": [-90.083, 38.8803] }},
{"zip_code":"61537","country":"US","city":"Henry","state":"Illinois","state_ab":"IL","county":"Marshall","geo_location":{ "type": "Point", "coordinates": [-89.3743, 41.1115] }},
{"zip_code":"62617","country":"US","city":"Bath","state":"Illinois","state_ab":"IL","county":"Mason","geo_location":{ "type": "Point", "coordinates": [-90.1661, 40.1536] }},
{"zip_code":"62644","country":"US","city":"Havana","state":"Illinois","state_ab":"IL","county":"Mason","geo_location":{ "type": "Point", "coordinates": [-89.9383, 40.3084] }},
{"zip_code":"61281","country":"US","city":"Sherrard","state":"Illinois","state_ab":"IL","county":"Mercer","geo_location":{ "type": "Point", "coordinates": [-90.4939, 41.3027] }},
{"zip_code":"62244","country":"US","city":"Fults","state":"Illinois","state_ab":"IL","county":"Monroe","geo_location":{ "type": "Point", "coordinates": [-90.1974, 38.1797] }},
{"zip_code":"62051","country":"US","city":"Irving","state":"Illinois","state_ab":"IL","county":"Montgomery","geo_location":{ "type": "Point", "coordinates": [-89.4104, 39.2089] }},
{"zip_code":"62077","country":"US","city":"Panama","state":"Illinois","state_ab":"IL","county":"Montgomery","geo_location":{ "type": "Point", "coordinates": [-89.5237, 39.0317] }},
{"zip_code":"62091","country":"US","city":"Walshville","state":"Illinois","state_ab":"IL","county":"Montgomery","geo_location":{ "type": "Point", "coordinates": [-89.635, 39.0473] }},
{"zip_code":"62631","country":"US","city":"Concord","state":"Illinois","state_ab":"IL","county":"Morgan","geo_location":{ "type": "Point", "coordinates": [-90.3722, 39.823] }},
{"zip_code":"61937","country":"US","city":"Lovington","state":"Illinois","state_ab":"IL","county":"Moultrie","geo_location":{ "type": "Point", "coordinates": [-88.6417, 39.7192] }},
{"zip_code":"61951","country":"US","city":"Sullivan","state":"Illinois","state_ab":"IL","county":"Moultrie","geo_location":{ "type": "Point", "coordinates": [-88.6038, 39.5934] }},
{"zip_code":"61007","country":"US","city":"Baileyville","state":"Illinois","state_ab":"IL","county":"Ogle","geo_location":{ "type": "Point", "coordinates": [-89.5939, 42.1905] }},
{"zip_code":"61047","country":"US","city":"Leaf River","state":"Illinois","state_ab":"IL","county":"Ogle","geo_location":{ "type": "Point", "coordinates": [-89.3959, 42.1532] }},
{"zip_code":"61061","country":"US","city":"Oregon","state":"Illinois","state_ab":"IL","county":"Ogle","geo_location":{ "type": "Point", "coordinates": [-89.3444, 42.0095] }},
{"zip_code":"61601","country":"US","city":"Peoria","state":"Illinois","state_ab":"IL","county":"Peoria","geo_location":{ "type": "Point", "coordinates": [-89.5898, 40.6931] }},
{"zip_code":"61614","country":"US","city":"Peoria","state":"Illinois","state_ab":"IL","county":"Peoria","geo_location":{ "type": "Point", "coordinates": [-89.6026, 40.7681] }},
{"zip_code":"61641","country":"US","city":"Peoria","state":"Illinois","state_ab":"IL","county":"Peoria","geo_location":{ "type": "Point", "coordinates": [-89.652, 40.64] }},
{"zip_code":"61654","country":"US","city":"Peoria","state":"Illinois","state_ab":"IL","county":"Peoria","geo_location":{ "type": "Point", "coordinates": [-89.7184, 40.7442] }},
{"zip_code":"62361","country":"US","city":"Pearl","state":"Illinois","state_ab":"IL","county":"Pike","geo_location":{ "type": "Point", "coordinates": [-90.638, 39.4441] }},
{"zip_code":"62941","country":"US","city":"Grand Chain","state":"Illinois","state_ab":"IL","county":"Pulaski","geo_location":{ "type": "Point", "coordinates": [-89.0083, 37.251] }},
{"zip_code":"62217","country":"US","city":"Baldwin","state":"Illinois","state_ab":"IL","county":"Randolph","geo_location":{ "type": "Point", "coordinates": [-89.8414, 38.1754] }},
{"zip_code":"62297","country":"US","city":"Walsh","state":"Illinois","state_ab":"IL","county":"Randolph","geo_location":{ "type": "Point", "coordinates": [-89.8297, 38.0203] }},
{"zip_code":"61201","country":"US","city":"Rock Island","state":"Illinois","state_ab":"IL","county":"Rock Island","geo_location":{ "type": "Point", "coordinates": [-90.5648, 41.4913] }},
{"zip_code":"62204","country":"US","city":"East Saint Louis","state":"Illinois","state_ab":"IL","county":"St. Clair","geo_location":{ "type": "Point", "coordinates": [-90.095, 38.6308] }},
{"zip_code":"62257","country":"US","city":"Marissa","state":"Illinois","state_ab":"IL","county":"St. Clair","geo_location":{ "type": "Point", "coordinates": [-89.7501, 38.2455] }},
{"zip_code":"62684","country":"US","city":"Sherman","state":"Illinois","state_ab":"IL","county":"Sangamon","geo_location":{ "type": "Point", "coordinates": [-89.5877, 39.9121] }},
{"zip_code":"62707","country":"US","city":"Springfield","state":"Illinois","state_ab":"IL","county":"Sangamon","geo_location":{ "type": "Point", "coordinates": [-89.6544, 39.8544] }},
{"zip_code":"62721","country":"US","city":"Springfield","state":"Illinois","state_ab":"IL","county":"Sangamon","geo_location":{ "type": "Point", "coordinates": [-89.606, 39.7495] }},
{"zip_code":"62761","country":"US","city":"Springfield","state":"Illinois","state_ab":"IL","county":"Sangamon","geo_location":{ "type": "Point", "coordinates": [-89.541, 39.8524] }},
{"zip_code":"61421","country":"US","city":"Bradford","state":"Illinois","state_ab":"IL","county":"Stark","geo_location":{ "type": "Point", "coordinates": [-89.6521, 41.1532] }},
{"zip_code":"61564","country":"US","city":"South Pekin","state":"Illinois","state_ab":"IL","county":"Tazewell","geo_location":{ "type": "Point", "coordinates": [-89.6546, 40.4948] }},
{"zip_code":"61834","country":"US","city":"Danville","state":"Illinois","state_ab":"IL","county":"Vermilion","geo_location":{ "type": "Point", "coordinates": [-87.6729, 40.1602] }},
{"zip_code":"62811","country":"US","city":"Bellmont","state":"Illinois","state_ab":"IL","county":"Wabash","geo_location":{ "type": "Point", "coordinates": [-87.9081, 38.3845] }},
{"zip_code":"61447","country":"US","city":"Kirkwood","state":"Illinois","state_ab":"IL","county":"Warren","geo_location":{ "type": "Point", "coordinates": [-90.7457, 40.8638] }},
{"zip_code":"62271","country":"US","city":"Okawville","state":"Illinois","state_ab":"IL","county":"Washington","geo_location":{ "type": "Point", "coordinates": [-89.523, 38.4319] }},
{"zip_code":"62877","country":"US","city":"Richview","state":"Illinois","state_ab":"IL","county":"Washington","geo_location":{ "type": "Point", "coordinates": [-89.1756, 38.4082] }},
{"zip_code":"62837","country":"US","city":"Fairfield","state":"Illinois","state_ab":"IL","county":"Wayne","geo_location":{ "type": "Point", "coordinates": [-88.3593, 38.3782] }},
{"zip_code":"62851","country":"US","city":"Keenes","state":"Illinois","state_ab":"IL","county":"Wayne","geo_location":{ "type": "Point", "coordinates": [-88.6481, 38.3691] }},
{"zip_code":"60404","country":"US","city":"Shorewood","state":"Illinois","state_ab":"IL","county":"Will County","geo_location":{ "type": "Point", "coordinates": [-88.2169, 41.5076] }},
{"zip_code":"60417","country":"US","city":"Crete","state":"Illinois","state_ab":"IL","county":"Will","geo_location":{ "type": "Point", "coordinates": [-87.6027, 41.439] }},
{"zip_code":"60431","country":"US","city":"Joliet","state":"Illinois","state_ab":"IL","county":"Will","geo_location":{ "type": "Point", "coordinates": [-87.9391, 41.4712] }},
{"zip_code":"60484","country":"US","city":"University Park","state":"Illinois","state_ab":"IL","county":"Will","geo_location":{ "type": "Point", "coordinates": [-87.7101, 41.4418] }},
{"zip_code":"61111","country":"US","city":"Loves Park","state":"Illinois","state_ab":"IL","county":"Winnebago","geo_location":{ "type": "Point", "coordinates": [-89.0335, 42.3295] }},
{"zip_code":"61771","country":"US","city":"Secor","state":"Illinois","state_ab":"IL","county":"Woodford","geo_location":{ "type": "Point", "coordinates": [-89.1271, 40.7224] }},
{"zip_code":"46741","country":"US","city":"Grabill","state":"Indiana","state_ab":"IN","county":"Allen","geo_location":{ "type": "Point", "coordinates": [-84.9406, 41.2108] }},
{"zip_code":"46804","country":"US","city":"Fort Wayne","state":"Indiana","state_ab":"IN","county":"Allen","geo_location":{ "type": "Point", "coordinates": [-85.256, 41.0508] }},
{"zip_code":"46857","country":"US","city":"Fort Wayne","state":"Indiana","state_ab":"IN","county":"Allen","geo_location":{ "type": "Point", "coordinates": [-85.0707, 41.0938] }},
{"zip_code":"46897","country":"US","city":"Fort Wayne","state":"Indiana","state_ab":"IN","county":"Allen","geo_location":{ "type": "Point", "coordinates": [-85.0707, 41.0938] }},
{"zip_code":"47201","country":"US","city":"Columbus","state":"Indiana","state_ab":"IN","county":"Bartholomew","geo_location":{ "type": "Point", "coordinates": [-85.9317, 39.2055] }},
{"zip_code":"46071","country":"US","city":"Thorntown","state":"Indiana","state_ab":"IN","county":"Boone","geo_location":{ "type": "Point", "coordinates": [-86.5898, 40.1133] }},
{"zip_code":"46147","country":"US","city":"Jamestown","state":"Indiana","state_ab":"IN","county":"Boone","geo_location":{ "type": "Point", "coordinates": [-86.6236, 39.9579] }},
{"zip_code":"46947","country":"US","city":"Logansport","state":"Indiana","state_ab":"IN","county":"Cass","geo_location":{ "type": "Point", "coordinates": [-86.3599, 40.7604] }},
{"zip_code":"46961","country":"US","city":"New Waverly","state":"Indiana","state_ab":"IN","county":"Cass","geo_location":{ "type": "Point", "coordinates": [-86.1936, 40.7621] }},
{"zip_code":"47111","country":"US","city":"Charlestown","state":"Indiana","state_ab":"IN","county":"Clark","geo_location":{ "type": "Point", "coordinates": [-85.6606, 38.4568] }},
{"zip_code":"47177","country":"US","city":"Underwood","state":"Indiana","state_ab":"IN","county":"Clark","geo_location":{ "type": "Point", "coordinates": [-85.7486, 38.5848] }},
{"zip_code":"47834","country":"US","city":"Brazil","state":"Indiana","state_ab":"IN","county":"Clay","geo_location":{ "type": "Point", "coordinates": [-87.1278, 39.521] }},
{"zip_code":"46057","country":"US","city":"Michigantown","state":"Indiana","state_ab":"IN","county":"Clinton","geo_location":{ "type": "Point", "coordinates": [-86.3753, 40.3108] }},
{"zip_code":"47137","country":"US","city":"Leavenworth","state":"Indiana","state_ab":"IN","county":"Crawford","geo_location":{ "type": "Point", "coordinates": [-86.3838, 38.1865] }},
{"zip_code":"47304","country":"US","city":"Muncie","state":"Indiana","state_ab":"IN","county":"Delaware","geo_location":{ "type": "Point", "coordinates": [-85.4291, 40.2111] }},
{"zip_code":"46507","country":"US","city":"Bristol","state":"Indiana","state_ab":"IN","county":"Elkhart","geo_location":{ "type": "Point", "coordinates": [-85.8262, 41.7169] }},
{"zip_code":"47331","country":"US","city":"Connersville","state":"Indiana","state_ab":"IN","county":"Fayette","geo_location":{ "type": "Point", "coordinates": [-85.1464, 39.6435] }},
{"zip_code":"47124","country":"US","city":"Greenville","state":"Indiana","state_ab":"IN","county":"Floyd","geo_location":{ "type": "Point", "coordinates": [-86.0083, 38.3535] }},
{"zip_code":"47151","country":"US","city":"New Albany","state":"Indiana","state_ab":"IN","county":"Floyd","geo_location":{ "type": "Point", "coordinates": [-85.897, 38.2985] }},
{"zip_code":"47654","country":"US","city":"Mackey","state":"Indiana","state_ab":"IN","county":"Gibson","geo_location":{ "type": "Point", "coordinates": [-87.6518, 38.3495] }},
{"zip_code":"46987","country":"US","city":"Sweetser","state":"Indiana","state_ab":"IN","county":"Grant","geo_location":{ "type": "Point", "coordinates": [-85.7656, 40.5647] }},
{"zip_code":"46031","country":"US","city":"Atlanta","state":"Indiana","state_ab":"IN","county":"Hamilton","geo_location":{ "type": "Point", "coordinates": [-86.019, 40.2103] }},
{"zip_code":"46187","country":"US","city":"Wilkinson","state":"Indiana","state_ab":"IN","county":"Hancock County","geo_location":{ "type": "Point", "coordinates": [-85.6088, 39.8857] }},
{"zip_code":"85001","country":"US","city":"Phoenix","state":"Arizona","state_ab":"AZ","county":"Maricopa","geo_location":{ "type": "Point", "coordinates": [-112.3518, 33.704] }},
{"zip_code":"85014","country":"US","city":"Phoenix","state":"Arizona","state_ab":"AZ","county":"Maricopa","geo_location":{ "type": "Point", "coordinates": [-112.0556, 33.5103] }},
{"zip_code":"85027","country":"US","city":"Phoenix","state":"Arizona","state_ab":"AZ","county":"Maricopa","geo_location":{ "type": "Point", "coordinates": [-112.0996, 33.6819] }},
{"zip_code":"85041","country":"US","city":"Phoenix","state":"Arizona","state_ab":"AZ","county":"Maricopa","geo_location":{ "type": "Point", "coordinates": [-112.0954, 33.3889] }},
{"zip_code":"85054","country":"US","city":"Phoenix","state":"Arizona","state_ab":"AZ","county":"Maricopa","geo_location":{ "type": "Point", "coordinates": [-111.9461, 33.6731] }},
{"zip_code":"85067","country":"US","city":"Phoenix","state":"Arizona","state_ab":"AZ","county":"Maricopa","geo_location":{ "type": "Point", "coordinates": [-112.1872, 33.2765] }},
{"zip_code":"85207","country":"US","city":"Mesa","state":"Arizona","state_ab":"AZ","county":"Maricopa","geo_location":{ "type": "Point", "coordinates": [-111.6426, 33.4321] }},
{"zip_code":"85234","country":"US","city":"Gilbert","state":"Arizona","state_ab":"AZ","county":"Maricopa","geo_location":{ "type": "Point", "coordinates": [-111.7809, 33.3527] }},
{"zip_code":"85261","country":"US","city":"Scottsdale","state":"Arizona","state_ab":"AZ","county":"Maricopa","geo_location":{ "type": "Point", "coordinates": [-112.1872, 33.2765] }},
{"zip_code":"85274","country":"US","city":"Mesa","state":"Arizona","state_ab":"AZ","county":"Maricopa","geo_location":{ "type": "Point", "coordinates": [-112.1872, 33.2765] }},
{"zip_code":"85287","country":"US","city":"Tempe","state":"Arizona","state_ab":"AZ","county":"Maricopa","geo_location":{ "type": "Point", "coordinates": [-111.9349, 33.4285] }},
{"zip_code":"85311","country":"US","city":"Glendale","state":"Arizona","state_ab":"AZ","county":"Maricopa","geo_location":{ "type": "Point", "coordinates": [-112.1872, 33.2765] }},
{"zip_code":"85337","country":"US","city":"Gila Bend","state":"Arizona","state_ab":"AZ","county":"Maricopa","geo_location":{ "type": "Point", "coordinates": [-112.7468, 32.9306] }},
{"zip_code":"85351","country":"US","city":"Sun City","state":"Arizona","state_ab":"AZ","county":"Maricopa","geo_location":{ "type": "Point", "coordinates": [-112.2797, 33.6061] }},
{"zip_code":"85377","country":"US","city":"Carefree","state":"Arizona","state_ab":"AZ","county":"Maricopa","geo_location":{ "type": "Point", "coordinates": [-111.913, 33.824] }},
{"zip_code":"86404","country":"US","city":"Lake Havasu City","state":"Arizona","state_ab":"AZ","county":"Mohave","geo_location":{ "type": "Point", "coordinates": [-114.3307, 34.5575] }},
{"zip_code":"86431","country":"US","city":"Chloride","state":"Arizona","state_ab":"AZ","county":"Mohave","geo_location":{ "type": "Point", "coordinates": [-114.2221, 35.3896] }},
{"zip_code":"86444","country":"US","city":"Meadview","state":"Arizona","state_ab":"AZ","county":"Mohave","geo_location":{ "type": "Point", "coordinates": [-114.0775, 35.9822] }},
{"zip_code":"86031","country":"US","city":"Indian Wells","state":"Arizona","state_ab":"AZ","county":"Navajo","geo_location":{ "type": "Point", "coordinates": [-110.2887, 35.2857] }},
{"zip_code":"85634","country":"US","city":"Sells","state":"Arizona","state_ab":"AZ","county":"Pima","geo_location":{ "type": "Point", "coordinates": [-112.0065, 32.0315] }},
{"zip_code":"85711","country":"US","city":"Tucson","state":"Arizona","state_ab":"AZ","county":"Pima","geo_location":{ "type": "Point", "coordinates": [-110.8829, 32.2127] }},
{"zip_code":"85724","country":"US","city":"Tucson","state":"Arizona","state_ab":"AZ","county":"Pima","geo_location":{ "type": "Point", "coordinates": [-110.9443, 32.2406] }},
{"zip_code":"85737","country":"US","city":"Tucson","state":"Arizona","state_ab":"AZ","county":"Pima","geo_location":{ "type": "Point", "coordinates": [-110.9466, 32.4142] }},
{"zip_code":"85751","country":"US","city":"Tucson","state":"Arizona","state_ab":"AZ","county":"Pima","geo_location":{ "type": "Point", "coordinates": [-110.7147, 32.162] }},
{"zip_code":"85777","country":"US","city":"Tucson","state":"Arizona","state_ab":"AZ","county":"Pima","geo_location":{ "type": "Point", "coordinates": [-110.8591, 32.0718] }},
{"zip_code":"85131","country":"US","city":"Eloy","state":"Arizona","state_ab":"AZ","county":"Pinal","geo_location":{ "type": "Point", "coordinates": [-111.5833, 32.7509] }},
{"zip_code":"85221","country":"US","city":"Bapchule","state":"Arizona","state_ab":"AZ","county":"Pinal","geo_location":{ "type": "Point", "coordinates": [-111.476, 33.2257] }},
{"zip_code":"85247","country":"US","city":"Sacaton","state":"Arizona","state_ab":"AZ","county":"Pinal","geo_location":{ "type": "Point", "coordinates": [-111.7752, 33.0977] }},
{"zip_code":"85621","country":"US","city":"Nogales","state":"Arizona","state_ab":"AZ","county":"Santa Cruz","geo_location":{ "type": "Point", "coordinates": [-110.9435, 31.377] }},
{"zip_code":"85324","country":"US","city":"Black Canyon City","state":"Arizona","state_ab":"AZ","county":"Yavapai","geo_location":{ "type": "Point", "coordinates": [-112.134, 34.0755] }},
{"zip_code":"86301","country":"US","city":"Prescott","state":"Arizona","state_ab":"AZ","county":"Yavapai","geo_location":{ "type": "Point", "coordinates": [-112.4265, 34.5917] }},
{"zip_code":"86314","country":"US","city":"Prescott Valley","state":"Arizona","state_ab":"AZ","county":"Yavapai","geo_location":{ "type": "Point", "coordinates": [-112.3264, 34.6019] }},
{"zip_code":"86327","country":"US","city":"Dewey","state":"Arizona","state_ab":"AZ","county":"Yavapai","geo_location":{ "type": "Point", "coordinates": [-112.2567, 34.5368] }},
{"zip_code":"86341","country":"US","city":"Sedona","state":"Arizona","state_ab":"AZ","county":"Yavapai","geo_location":{ "type": "Point", "coordinates": [-111.7679, 34.7766] }},
{"zip_code":"85364","country":"US","city":"Yuma","state":"Arizona","state_ab":"AZ","county":"Yuma","geo_location":{ "type": "Point", "coordinates": [-114.6424, 32.7015] }},
{"zip_code":"94544","country":"US","city":"Hayward","state":"California","state_ab":"CA","county":"Alameda","geo_location":{ "type": "Point", "coordinates": [-122.067, 37.6374] }},
{"zip_code":"94557","country":"US","city":"Hayward","state":"California","state_ab":"CA","county":"Alameda","geo_location":{ "type": "Point", "coordinates": [-121.9215, 37.6802] }},
{"zip_code":"94607","country":"US","city":"Oakland","state":"California","state_ab":"CA","county":"Alameda","geo_location":{ "type": "Point", "coordinates": [-122.2851, 37.8071] }},
{"zip_code":"94621","country":"US","city":"Oakland","state":"California","state_ab":"CA","county":"Alameda","geo_location":{ "type": "Point", "coordinates": [-122.1853, 37.7589] }},
{"zip_code":"94661","country":"US","city":"Oakland","state":"California","state_ab":"CA","county":"Alameda","geo_location":{ "type": "Point", "coordinates": [-121.9215, 37.6802] }},
{"zip_code":"95974","country":"US","city":"Richvale","state":"California","state_ab":"CA","county":"Butte","geo_location":{ "type": "Point", "coordinates": [-121.748, 39.4959] }},
{"zip_code":"95224","country":"US","city":"Avery","state":"California","state_ab":"CA","county":"Calaveras","geo_location":{ "type": "Point", "coordinates": [-120.3688, 38.2044] }},
{"zip_code":"95251","country":"US","city":"Vallecito","state":"California","state_ab":"CA","county":"Calaveras","geo_location":{ "type": "Point", "coordinates": [-120.4676, 38.1013] }},
{"zip_code":"95987","country":"US","city":"Williams","state":"California","state_ab":"CA","county":"Colusa","geo_location":{ "type": "Point", "coordinates": [-122.2162, 39.1337] }},
{"zip_code":"94517","country":"US","city":"Clayton","state":"California","state_ab":"CA","county":"Contra Costa","geo_location":{ "type": "Point", "coordinates": [-121.91, 37.9154] }},
{"zip_code":"94531","country":"US","city":"Antioch","state":"California","state_ab":"CA","county":"Contra Costa","geo_location":{ "type": "Point", "coordinates": [-121.7758, 37.9658] }},
{"zip_code":"94597","country":"US","city":"Walnut Creek","state":"California","state_ab":"CA","county":"Contra Costa","geo_location":{ "type": "Point", "coordinates": [-122.0717, 37.9182] }},
{"zip_code":"94801","country":"US","city":"Richmond","state":"California","state_ab":"CA","county":"Contra Costa","geo_location":{ "type": "Point", "coordinates": [-122.362, 37.94] }},
{"zip_code":"95651","country":"US","city":"Lotus","state":"California","state_ab":"CA","county":"El Dorado","geo_location":{ "type": "Point", "coordinates": [-120.9238, 38.8278] }},
{"zip_code":"95664","country":"US","city":"Pilot Hill","state":"California","state_ab":"CA","county":"El Dorado","geo_location":{ "type": "Point", "coordinates": [-121.0308, 38.8135] }},
{"zip_code":"96151","country":"US","city":"South Lake Tahoe","state":"California","state_ab":"CA","county":"El Dorado","geo_location":{ "type": "Point", "coordinates": [-119.995, 38.9039] }},
{"zip_code":"93631","country":"US","city":"Kingsburg","state":"California","state_ab":"CA","county":"Fresno","geo_location":{ "type": "Point", "coordinates": [-119.5433, 36.508] }},
{"zip_code":"93657","country":"US","city":"Sanger","state":"California","state_ab":"CA","county":"Fresno","geo_location":{ "type": "Point", "coordinates": [-119.5478, 36.7243] }},
{"zip_code":"93707","country":"US","city":"Fresno","state":"California","state_ab":"CA","county":"Fresno","geo_location":{ "type": "Point", "coordinates": [-119.6397, 36.7464] }},
{"zip_code":"93721","country":"US","city":"Fresno","state":"California","state_ab":"CA","county":"Fresno","geo_location":{ "type": "Point", "coordinates": [-119.7843, 36.7377] }},
{"zip_code":"93747","country":"US","city":"Fresno","state":"California","state_ab":"CA","county":"Fresno","geo_location":{ "type": "Point", "coordinates": [-119.6397, 36.7464] }},
{"zip_code":"93761","country":"US","city":"Fresno","state":"California","state_ab":"CA","county":"Fresno","geo_location":{ "type": "Point", "coordinates": [-119.6397, 36.7464] }},
{"zip_code":"93774","country":"US","city":"Fresno","state":"California","state_ab":"CA","county":"Fresno","geo_location":{ "type": "Point", "coordinates": [-119.6397, 36.7464] }},
{"zip_code":"95521","country":"US","city":"Arcata","state":"California","state_ab":"CA","county":"Humboldt","geo_location":{ "type": "Point", "coordinates": [-124.0765, 40.8742] }},
{"zip_code":"95534","country":"US","city":"Cutten","state":"California","state_ab":"CA","county":"Humboldt","geo_location":{ "type": "Point", "coordinates": [-124.1737, 40.7965] }},
{"zip_code":"95547","country":"US","city":"Hydesville","state":"California","state_ab":"CA","county":"Humboldt","geo_location":{ "type": "Point", "coordinates": [-124.0847, 40.5485] }},
{"zip_code":"92227","country":"US","city":"Brawley","state":"California","state_ab":"CA","county":"Imperial","geo_location":{ "type": "Point", "coordinates": [-115.5296, 32.9792] }},
{"zip_code":"92281","country":"US","city":"Westmorland","state":"California","state_ab":"CA","county":"Imperial","geo_location":{ "type": "Point", "coordinates": [-115.5914, 33.038] }},
{"zip_code":"92331","country":"US","city":"Fontana","state":"California","state_ab":"CA","county":"Imperial County","geo_location":{ "type": "Point", "coordinates": [-117.4612, 34.0922] }},
{"zip_code":"92384","country":"US","city":"Shoshone","state":"California","state_ab":"CA","county":"Inyo","geo_location":{ "type": "Point", "coordinates": [-116.2645, 35.8992] }},
{"zip_code":"93514","country":"US","city":"Bishop","state":"California","state_ab":"CA","county":"Inyo","geo_location":{ "type": "Point", "coordinates": [-118.4048, 37.5014] }},
{"zip_code":"93307","country":"US","city":"Bakersfield","state":"California","state_ab":"CA","county":"Kern","geo_location":{ "type": "Point", "coordinates": [-118.9839, 35.3275] }},
{"zip_code":"93387","country":"US","city":"Bakersfield","state":"California","state_ab":"CA","county":"Kern","geo_location":{ "type": "Point", "coordinates": [-118.9052, 35.2944] }},
{"zip_code":"93501","country":"US","city":"Mojave","state":"California","state_ab":"CA","county":"Kern","geo_location":{ "type": "Point", "coordinates": [-118.1735, 35.0478] }},
{"zip_code":"93527","country":"US","city":"Inyokern","state":"California","state_ab":"CA","county":"Kern","geo_location":{ "type": "Point", "coordinates": [-117.857, 35.6397] }},
{"zip_code":"93554","country":"US","city":"Randsburg","state":"California","state_ab":"CA","county":"Kern","geo_location":{ "type": "Point", "coordinates": [-117.7159, 35.3866] }},
{"zip_code":"93581","country":"US","city":"Tehachapi","state":"California","state_ab":"CA","county":"Kern","geo_location":{ "type": "Point", "coordinates": [-118.9052, 35.2944] }},
{"zip_code":"93204","country":"US","city":"Avenal","state":"California","state_ab":"CA","county":"Kings","geo_location":{ "type": "Point", "coordinates": [-120.1227, 35.9877] }},
{"zip_code":"93231","country":"US","city":"Hanford","state":"California","state_ab":"CA","county":"Kings","geo_location":{ "type": "Point", "coordinates": [-119.8947, 36.1389] }},
{"zip_code":"95457","country":"US","city":"Lower Lake","state":"California","state_ab":"CA","county":"Lake","geo_location":{ "type": "Point", "coordinates": [-122.5914, 38.8915] }},
{"zip_code":"96137","country":"US","city":"Westwood","state":"California","state_ab":"CA","county":"Lassen","geo_location":{ "type": "Point", "coordinates": [-121.0226, 40.3038] }},
{"zip_code":"90001","country":"US","city":"Los Angeles","state":"California","state_ab":"CA","county":"Los Angeles","geo_location":{ "type": "Point", "coordinates": [-118.2479, 33.9731] }},
{"zip_code":"90014","country":"US","city":"Los Angeles","state":"California","state_ab":"CA","county":"Los Angeles","geo_location":{ "type": "Point", "coordinates": [-118.2509, 34.0443] }},
{"zip_code":"90027","country":"US","city":"Los Angeles","state":"California","state_ab":"CA","county":"Los Angeles","geo_location":{ "type": "Point", "coordinates": [-118.2925, 34.104] }},
{"zip_code":"90041","country":"US","city":"Los Angeles","state":"California","state_ab":"CA","county":"Los Angeles","geo_location":{ "type": "Point", "coordinates": [-118.2082, 34.1339] }},
{"zip_code":"90054","country":"US","city":"Los Angeles","state":"California","state_ab":"CA","county":"Los Angeles","geo_location":{ "type": "Point", "coordinates": [-118.2987, 33.7866] }},
{"zip_code":"90067","country":"US","city":"Los Angeles","state":"California","state_ab":"CA","county":"Los Angeles","geo_location":{ "type": "Point", "coordinates": [-118.4095, 34.0551] }},
{"zip_code":"90081","country":"US","city":"Los Angeles","state":"California","state_ab":"CA","county":"Los Angeles","geo_location":{ "type": "Point", "coordinates": [-118.2987, 33.7866] }},
{"zip_code":"90094","country":"US","city":"Los Angeles","state":"California","state_ab":"CA","county":"Los Angeles","geo_location":{ "type": "Point", "coordinates": [-118.417, 33.9754] }},
{"zip_code":"90221","country":"US","city":"Compton","state":"California","state_ab":"CA","county":"Los Angeles","geo_location":{ "type": "Point", "coordinates": [-118.2168, 33.8796] }},
{"zip_code":"90247","country":"US","city":"Gardena","state":"California","state_ab":"CA","county":"Los Angeles","geo_location":{ "type": "Point", "coordinates": [-118.2961, 33.8925] }},
{"zip_code":"90261","country":"US","city":"Lawndale","state":"California","state_ab":"CA","county":"Los Angeles","geo_location":{ "type": "Point", "coordinates": [-118.2987, 33.7866] }},
{"zip_code":"90274","country":"US","city":"Palos Verdes Peninsula","state":"California","state_ab":"CA","county":"Los Angeles","geo_location":{ "type": "Point", "coordinates": [-118.2987, 33.7866] }},
{"zip_code":"90311","country":"US","city":"Inglewood","state":"California","state_ab":"CA","county":"Los Angeles","geo_location":{ "type": "Point", "coordinates": [-118.2987, 33.7866] }},
{"zip_code":"90401","country":"US","city":"Santa Monica","state":"California","state_ab":"CA","county":"Los Angeles","geo_location":{ "type": "Point", "coordinates": [-118.4907, 34.0176] }},
{"zip_code":"90504","country":"US","city":"Torrance","state":"California","state_ab":"CA","county":"Los Angeles","geo_location":{ "type": "Point", "coordinates": [-118.3295, 33.8708] }},
{"zip_code":"90607","country":"US","city":"Whittier","state":"California","state_ab":"CA","county":"Los Angeles","geo_location":{ "type": "Point", "coordinates": [-118.2987, 33.7866] }},
{"zip_code":"90661","country":"US","city":"Pico Rivera","state":"California","state_ab":"CA","county":"Los Angeles","geo_location":{ "type": "Point", "coordinates": [-118.2987, 33.7866] }},
{"zip_code":"90711","country":"US","city":"Lakewood","state":"California","state_ab":"CA","county":"Los Angeles","geo_location":{ "type": "Point", "coordinates": [-118.2987, 33.7866] }},
{"zip_code":"90801","country":"US","city":"Long Beach","state":"California","state_ab":"CA","county":"Los Angeles","geo_location":{ "type": "Point", "coordinates": [-118.201, 33.8043] }},
{"zip_code":"90814","country":"US","city":"Long Beach","state":"California","state_ab":"CA","county":"Los Angeles","geo_location":{ "type": "Point", "coordinates": [-118.148, 33.7716] }},
{"zip_code":"91017","country":"US","city":"Monrovia","state":"California","state_ab":"CA","county":"Los Angeles","geo_location":{ "type": "Point", "coordinates": [-118.2987, 33.7866] }},
{"zip_code":"91031","country":"US","city":"South Pasadena","state":"California","state_ab":"CA","county":"Los Angeles","geo_location":{ "type": "Point", "coordinates": [-118.2987, 33.7866] }},
{"zip_code":"91107","country":"US","city":"Pasadena","state":"California","state_ab":"CA","county":"Los Angeles","geo_location":{ "type": "Point", "coordinates": [-118.0889, 34.151] }},
{"zip_code":"91121","country":"US","city":"Pasadena","state":"California","state_ab":"CA","county":"Los Angeles","geo_location":{ "type": "Point", "coordinates": [-118.2987, 33.7866] }},
{"zip_code":"91187","country":"US","city":"Pasadena","state":"California","state_ab":"CA","county":"Los Angeles","geo_location":{ "type": "Point", "coordinates": [-118.2987, 33.7866] }},
{"zip_code":"91224","country":"US","city":"La Crescenta","state":"California","state_ab":"CA","county":"Los Angeles","geo_location":{ "type": "Point", "coordinates": [-118.2987, 33.7866] }},
{"zip_code":"91301","country":"US","city":"Agoura Hills","state":"California","state_ab":"CA","county":"Los Angeles","geo_location":{ "type": "Point", "coordinates": [-118.7573, 34.1227] }},
{"zip_code":"91327","country":"US","city":"Northridge","state":"California","state_ab":"CA","county":"Los Angeles","geo_location":{ "type": "Point", "coordinates": [-118.2987, 33.7866] }},
{"zip_code":"91341","country":"US","city":"San Fernando","state":"California","state_ab":"CA","county":"Los Angeles","geo_location":{ "type": "Point", "coordinates": [-118.2987, 33.7866] }},
{"zip_code":"91354","country":"US","city":"Valencia","state":"California","state_ab":"CA","county":"Los Angeles","geo_location":{ "type": "Point", "coordinates": [-118.5374, 34.4466] }},
{"zip_code":"91367","country":"US","city":"Woodland Hills","state":"California","state_ab":"CA","county":"Los Angeles","geo_location":{ "type": "Point", "coordinates": [-118.6159, 34.1767] }},
{"zip_code":"91381","country":"US","city":"Stevenson Ranch","state":"California","state_ab":"CA","county":"Los Angeles","geo_location":{ "type": "Point", "coordinates": [-118.6131, 34.3775] }},
{"zip_code":"91394","country":"US","city":"Granada Hills","state":"California","state_ab":"CA","county":"Los Angeles","geo_location":{ "type": "Point", "coordinates": [-118.2987, 33.7866] }},
{"zip_code":"91404","country":"US","city":"Van Nuys","state":"California","state_ab":"CA","county":"Los Angeles","geo_location":{ "type": "Point", "coordinates": [-118.2987, 33.7866] }},
{"zip_code":"91497","country":"US","city":"Van Nuys","state":"California","state_ab":"CA","county":"Los Angeles","geo_location":{ "type": "Point", "coordinates": [-118.2987, 33.7866] }},
{"zip_code":"91507","country":"US","city":"Burbank","state":"California","state_ab":"CA","county":"Los Angeles","geo_location":{ "type": "Point", "coordinates": [-118.2987, 33.7866] }},
{"zip_code":"91521","country":"US","city":"Burbank","state":"California","state_ab":"CA","county":"Los Angeles","geo_location":{ "type": "Point", "coordinates": [-118.2987, 33.7866] }},
{"zip_code":"91611","country":"US","city":"North Hollywood","state":"California","state_ab":"CA","county":"Los Angeles","geo_location":{ "type": "Point", "coordinates": [-118.2987, 33.7866] }},
{"zip_code":"91714","country":"US","city":"City Of Industry","state":"California","state_ab":"CA","county":"Los Angeles","geo_location":{ "type": "Point", "coordinates": [-118.2987, 33.7866] }},
{"zip_code":"91741","country":"US","city":"Glendora","state":"California","state_ab":"CA","county":"Los Angeles","geo_location":{ "type": "Point", "coordinates": [-117.8437, 34.1537] }},
{"zip_code":"91754","country":"US","city":"Monterey Park","state":"California","state_ab":"CA","county":"Los Angeles","geo_location":{ "type": "Point", "coordinates": [-118.1271, 34.0534] }},
{"zip_code":"91767","country":"US","city":"Pomona","state":"California","state_ab":"CA","county":"Los Angeles","geo_location":{ "type": "Point", "coordinates": [-117.7362, 34.0812] }},
{"zip_code":"91804","country":"US","city":"Alhambra","state":"California","state_ab":"CA","county":"Los Angeles","geo_location":{ "type": "Point", "coordinates": [-118.2987, 33.7866] }},
{"zip_code":"93604","country":"US","city":"Bass Lake","state":"California","state_ab":"CA","county":"Madera","geo_location":{ "type": "Point", "coordinates": [-119.5568, 37.3244] }},
{"zip_code":"93644","country":"US","city":"Oakhurst","state":"California","state_ab":"CA","county":"Madera","geo_location":{ "type": "Point", "coordinates": [-119.6449, 37.3476] }},
{"zip_code":"94904","country":"US","city":"Greenbrae","state":"California","state_ab":"CA","county":"Marin","geo_location":{ "type": "Point", "coordinates": [-122.5363, 37.9479] }},
{"zip_code":"94957","country":"US","city":"Ross","state":"California","state_ab":"CA","county":"Marin","geo_location":{ "type": "Point", "coordinates": [-122.5617, 38.0223] }},
{"zip_code":"94971","country":"US","city":"Tomales","state":"California","state_ab":"CA","county":"Marin","geo_location":{ "type": "Point", "coordinates": [-122.9145, 38.2427] }},
{"zip_code":"95417","country":"US","city":"Branscomb","state":"California","state_ab":"CA","county":"Mendocino","geo_location":{ "type": "Point", "coordinates": [-123.5527, 39.6949] }},
{"zip_code":"95587","country":"US","city":"Piercy","state":"California","state_ab":"CA","county":"Mendocino","geo_location":{ "type": "Point", "coordinates": [-123.7552, 39.9465] }},
{"zip_code":"95301","country":"US","city":"Atwater","state":"California","state_ab":"CA","county":"Merced","geo_location":{ "type": "Point", "coordinates": [-120.6028, 37.3489] }},
{"zip_code":"95341","country":"US","city":"Merced","state":"California","state_ab":"CA","county":"Merced","geo_location":{ "type": "Point", "coordinates": [-120.5144, 37.2308] }},
{"zip_code":"93541","country":"US","city":"Lee Vining","state":"California","state_ab":"CA","county":"Mono","geo_location":{ "type": "Point", "coordinates": [-119.1234, 37.989] }},
{"zip_code":"93901","country":"US","city":"Salinas","state":"California","state_ab":"CA","county":"Monterey","geo_location":{ "type": "Point", "coordinates": [-121.6596, 36.6677] }},
{"zip_code":"93927","country":"US","city":"Greenfield","state":"California","state_ab":"CA","county":"Monterey","geo_location":{ "type": "Point", "coordinates": [-121.2451, 36.3202] }},
{"zip_code":"93941","country":"US","city":"Monterey","state":"California","state_ab":"CA","county":"Monterey County","geo_location":{ "type": "Point", "coordinates": [-121.805, 36.6446] }},
{"zip_code":"93954","country":"US","city":"San Lucas","state":"California","state_ab":"CA","county":"Monterey","geo_location":{ "type": "Point", "coordinates": [-121.2903, 36.4574] }},
{"zip_code":"95004","country":"US","city":"Aromas","state":"California","state_ab":"CA","county":"Monterey","geo_location":{ "type": "Point", "coordinates": [-121.6324, 36.8769] }},
{"zip_code":"96111","country":"US","city":"Floriston","state":"California","state_ab":"CA","county":"Nevada","geo_location":{ "type": "Point", "coordinates": [-120.0212, 39.3928] }},
{"zip_code":"90621","country":"US","city":"Buena Park","state":"California","state_ab":"CA","county":"Orange","geo_location":{ "type": "Point", "coordinates": [-117.9893, 33.8772] }},
{"zip_code":"92601","country":"US","city":"Atwood","state":"California","state_ab":"CA","county":"Orange County","geo_location":{ "type": "Point", "coordinates": [-117.83, 33.8654] }},
{"zip_code":"92614","country":"US","city":"Irvine","state":"California","state_ab":"CA","county":"Orange","geo_location":{ "type": "Point", "coordinates": [-117.8298, 33.6829] }},
{"zip_code":"92627","country":"US","city":"Costa Mesa","state":"California","state_ab":"CA","county":"Orange","geo_location":{ "type": "Point", "coordinates": [-117.9155, 33.6483] }},
{"zip_code":"92641","country":"US","city":"Garden Grove","state":"California","state_ab":"CA","county":"Orange County","geo_location":{ "type": "Point", "coordinates": [-117.9782, 33.787] }},
{"zip_code":"92654","country":"US","city":"Laguna Hills","state":"California","state_ab":"CA","county":"Orange","geo_location":{ "type": "Point", "coordinates": [-117.7154, 33.6042] }},
{"zip_code":"92667","country":"US","city":"Orange","state":"California","state_ab":"CA","county":"Orange County","geo_location":{ "type": "Point", "coordinates": [-117.829, 33.8107] }},
{"zip_code":"92681","country":"US","city":"Tustin","state":"California","state_ab":"CA","county":"Orange County","geo_location":{ "type": "Point", "coordinates": [-117.8213, 33.7456] }},
{"zip_code":"92694","country":"US","city":"Ladera Ranch","state":"California","state_ab":"CA","county":"Orange","geo_location":{ "type": "Point", "coordinates": [-117.6238, 33.5472] }},
{"zip_code":"92704","country":"US","city":"Santa Ana","state":"California","state_ab":"CA","county":"Orange","geo_location":{ "type": "Point", "coordinates": [-117.909, 33.7249] }},
{"zip_code":"92717","country":"US","city":"Irvine","state":"California","state_ab":"CA","county":"Orange County","geo_location":{ "type": "Point", "coordinates": [-117.8397, 33.6462] }},
{"zip_code":"92807","country":"US","city":"Anaheim","state":"California","state_ab":"CA","county":"Orange","geo_location":{ "type": "Point", "coordinates": [-117.7858, 33.8544] }},
{"zip_code":"92821","country":"US","city":"Brea","state":"California","state_ab":"CA","county":"Orange","geo_location":{ "type": "Point", "coordinates": [-117.8845, 33.9291] }},
{"zip_code":"92834","country":"US","city":"Fullerton","state":"California","state_ab":"CA","county":"Orange","geo_location":{ "type": "Point", "coordinates": [-117.897, 33.8768] }},
{"zip_code":"92861","country":"US","city":"Villa Park","state":"California","state_ab":"CA","county":"Orange","geo_location":{ "type": "Point", "coordinates": [-117.8104, 33.8205] }},
{"zip_code":"92887","country":"US","city":"Yorba Linda","state":"California","state_ab":"CA","county":"Orange","geo_location":{ "type": "Point", "coordinates": [-117.7304, 33.8841] }},
{"zip_code":"95677","country":"US","city":"Rocklin","state":"California","state_ab":"CA","county":"Placer","geo_location":{ "type": "Point", "coordinates": [-121.2366, 38.7877] }},
{"zip_code":"95701","country":"US","city":"Alta","state":"California","state_ab":"CA","county":"Placer","geo_location":{ "type": "Point", "coordinates": [-120.7531, 39.2441] }},
{"zip_code":"95714","country":"US","city":"Dutch Flat","state":"California","state_ab":"CA","county":"Placer","geo_location":{ "type": "Point", "coordinates": [-120.8262, 39.1978] }},
{"zip_code":"95934","country":"US","city":"Crescent Mills","state":"California","state_ab":"CA","county":"Plumas","geo_location":{ "type": "Point", "coordinates": [-120.9248, 40.0673] }},
{"zip_code":"95947","country":"US","city":"Greenville","state":"California","state_ab":"CA","county":"Plumas","geo_location":{ "type": "Point", "coordinates": [-120.9014, 40.1699] }},
{"zip_code":"92201","country":"US","city":"Indio","state":"California","state_ab":"CA","county":"Riverside","geo_location":{ "type": "Point", "coordinates": [-116.0357, 33.7287] }},
{"zip_code":"92241","country":"US","city":"Desert Hot Springs","state":"California","state_ab":"CA","county":"Riverside","geo_location":{ "type": "Point", "coordinates": [-116.354, 33.8763] }},
{"zip_code":"92254","country":"US","city":"Mecca","state":"California","state_ab":"CA","county":"Riverside","geo_location":{ "type": "Point", "coordinates": [-116.0187, 33.545] }},
{"zip_code":"34034","country":"US","city":"APO","state":"","state_ab":"AA","county":"Dillon","geo_location":{ "type": "Point", "coordinates": [-82.2493, 33.0364] }},
{"zip_code":"99547","country":"US","city":"Atka","state":"Alaska","state_ab":"AK","county":"Aleutians West (CA)","geo_location":{ "type": "Point", "coordinates": [-174.4301, 52.1224] }},
{"zip_code":"99507","country":"US","city":"Anchorage","state":"Alaska","state_ab":"AK","county":"Anchorage Municipality","geo_location":{ "type": "Point", "coordinates": [-149.8289, 61.1535] }},
{"zip_code":"99521","country":"US","city":"Anchorage","state":"Alaska","state_ab":"AK","county":"Anchorage Municipality","geo_location":{ "type": "Point", "coordinates": [-149.4403, 61.1089] }},
{"zip_code":"99587","country":"US","city":"Girdwood","state":"Alaska","state_ab":"AK","county":"Anchorage Municipality","geo_location":{ "type": "Point", "coordinates": [-149.1406, 60.9577] }},
{"zip_code":"99561","country":"US","city":"Chefornak","state":"Alaska","state_ab":"AK","county":"Bethel (CA)","geo_location":{ "type": "Point", "coordinates": [-164.2103, 60.1537] }},
{"zip_code":"99637","country":"US","city":"Toksook Bay","state":"Alaska","state_ab":"AK","county":"Bethel (CA)","geo_location":{ "type": "Point", "coordinates": [-163.1189, 60.3147] }},
{"zip_code":"99651","country":"US","city":"Platinum","state":"Alaska","state_ab":"AK","county":"Bethel (CA)","geo_location":{ "type": "Point", "coordinates": [-163.1189, 60.3147] }},
{"zip_code":"99701","country":"US","city":"Fairbanks","state":"Alaska","state_ab":"AK","county":"Fairbanks North Star","geo_location":{ "type": "Point", "coordinates": [-147.5221, 64.644] }},
{"zip_code":"99714","country":"US","city":"Salcha","state":"Alaska","state_ab":"AK","county":"Fairbanks North Star","geo_location":{ "type": "Point", "coordinates": [-146.953, 64.5091] }},
{"zip_code":"99611","country":"US","city":"Kenai","state":"Alaska","state_ab":"AK","county":"Kenai Peninsula","geo_location":{ "type": "Point", "coordinates": [-151.2546, 60.6145] }},
{"zip_code":"99664","country":"US","city":"Seward","state":"Alaska","state_ab":"AK","county":"Kenai Peninsula","geo_location":{ "type": "Point", "coordinates": [-149.3985, 60.1329] }},
{"zip_code":"99624","country":"US","city":"Larsen Bay","state":"Alaska","state_ab":"AK","county":"Kodiak Island","geo_location":{ "type": "Point", "coordinates": [-155.7971, 58.2687] }},
{"zip_code":"99727","country":"US","city":"Buckland","state":"Alaska","state_ab":"AK","county":"Northwest Arctic","geo_location":{ "type": "Point", "coordinates": [-159.8439, 66.8684] }},
{"zip_code":"99921","country":"US","city":"Craig","state":"Alaska","state_ab":"AK","county":"Prince of Wales-Outer","geo_location":{ "type": "Point", "coordinates": [-133.1171, 55.4732] }},
{"zip_code":"99574","country":"US","city":"Cordova","state":"Alaska","state_ab":"AK","county":"Valdez-Cordova (CA)","geo_location":{ "type": "Point", "coordinates": [-145.7534, 60.5362] }},
{"zip_code":"99677","country":"US","city":"Tatitlek","state":"Alaska","state_ab":"AK","county":"Valdez-Cordova (CA)","geo_location":{ "type": "Point", "coordinates": [-146.6703, 60.8906] }},
{"zip_code":"99691","country":"US","city":"Nikolai","state":"Alaska","state_ab":"AK","county":"Yukon-Koyukuk (CA)","geo_location":{ "type": "Point", "coordinates": [-151.0251, 65.2264] }},
{"zip_code":"99741","country":"US","city":"Galena","state":"Alaska","state_ab":"AK","county":"Yukon-Koyukuk (CA)","geo_location":{ "type": "Point", "coordinates": [-154.4373, 65.8263] }},
{"zip_code":"99754","country":"US","city":"Koyukuk","state":"Alaska","state_ab":"AK","county":"Yukon-Koyukuk (CA)","geo_location":{ "type": "Point", "coordinates": [-151.0251, 65.2264] }},
{"zip_code":"99767","country":"US","city":"Rampart","state":"Alaska","state_ab":"AK","county":"Yukon-Koyukuk (CA)","geo_location":{ "type": "Point", "coordinates": [-150.1619, 65.509] }},
{"zip_code":"99781","country":"US","city":"Venetie","state":"Alaska","state_ab":"AK","county":"Yukon-Koyukuk (CA)","geo_location":{ "type": "Point", "coordinates": [-146.4137, 67.0104] }},
{"zip_code":"36067","country":"US","city":"Prattville","state":"Alabama","state_ab":"AL","county":"Autauga","geo_location":{ "type": "Point", "coordinates": [-86.4831, 32.4715] }},
{"zip_code":"36027","country":"US","city":"Eufaula","state":"Alabama","state_ab":"AL","county":"Barbour","geo_location":{ "type": "Point", "coordinates": [-85.1656, 31.9051] }},
{"zip_code":"36207","country":"US","city":"Anniston","state":"Alabama","state_ab":"AL","county":"Calhoun","geo_location":{ "type": "Point", "coordinates": [-85.7137, 33.6803] }},
{"zip_code":"36854","country":"US","city":"Valley","state":"Alabama","state_ab":"AL","county":"Chambers","geo_location":{ "type": "Point", "coordinates": [-85.1749, 32.8113] }},
{"zip_code":"36904","country":"US","city":"Butler","state":"Alabama","state_ab":"AL","county":"Choctaw","geo_location":{ "type": "Point", "coordinates": [-88.2064, 32.0829] }},
{"zip_code":"36261","country":"US","city":"Edwardsville","state":"Alabama","state_ab":"AL","county":"Cleburne","geo_location":{ "type": "Point", "coordinates": [-85.5099, 33.7066] }},
{"zip_code":"36351","country":"US","city":"New Brockton","state":"Alabama","state_ab":"AL","county":"Coffee","geo_location":{ "type": "Point", "coordinates": [-85.9404, 31.369] }},
{"zip_code":"36401","country":"US","city":"Evergreen","state":"Alabama","state_ab":"AL","county":"Conecuh","geo_location":{ "type": "Point", "coordinates": [-86.9258, 31.458] }},
{"zip_code":"36454","country":"US","city":"Lenox","state":"Alabama","state_ab":"AL","county":"Conecuh","geo_location":{ "type": "Point", "coordinates": [-87.0447, 31.4669] }},
{"zip_code":"36467","country":"US","city":"Opp","state":"Alabama","state_ab":"AL","county":"Covington","geo_location":{ "type": "Point", "coordinates": [-86.2571, 31.2799] }},
{"zip_code":"36041","country":"US","city":"Highland Home","state":"Alabama","state_ab":"AL","county":"Crenshaw","geo_location":{ "type": "Point", "coordinates": [-86.2971, 31.9283] }},
{"zip_code":"35077","country":"US","city":"Hanceville","state":"Alabama","state_ab":"AL","county":"Cullman","geo_location":{ "type": "Point", "coordinates": [-86.7848, 34.0516] }},
{"zip_code":"36311","country":"US","city":"Ariton","state":"Alabama","state_ab":"AL","county":"Dale","geo_location":{ "type": "Point", "coordinates": [-85.7077, 31.583] }},
{"zip_code":"35967","country":"US","city":"Fort Payne","state":"Alabama","state_ab":"AL","county":"DeKalb","geo_location":{ "type": "Point", "coordinates": [-85.7124, 34.4368] }},
{"zip_code":"35981","country":"US","city":"Ider","state":"Alabama","state_ab":"AL","county":"DeKalb","geo_location":{ "type": "Point", "coordinates": [-85.6416, 34.7351] }},
{"zip_code":"36054","country":"US","city":"Millbrook","state":"Alabama","state_ab":"AL","county":"Elmore","geo_location":{ "type": "Point", "coordinates": [-86.3641, 32.4995] }},
{"zip_code":"36427","country":"US","city":"Brewton","state":"Alabama","state_ab":"AL","county":"Escambia","geo_location":{ "type": "Point", "coordinates": [-87.264, 31.0918] }},
{"zip_code":"36441","country":"US","city":"Flomaton","state":"Alabama","state_ab":"AL","county":"Escambia","geo_location":{ "type": "Point", "coordinates": [-87.2664, 31.0402] }},
{"zip_code":"36504","country":"US","city":"Atmore","state":"Alabama","state_ab":"AL","county":"Escambia","geo_location":{ "type": "Point", "coordinates": [-87.4972, 31.0158] }},
{"zip_code":"35901","country":"US","city":"Gadsden","state":"Alabama","state_ab":"AL","county":"Etowah","geo_location":{ "type": "Point", "coordinates": [-85.9246, 34.048] }},
{"zip_code":"35954","country":"US","city":"Attalla","state":"Alabama","state_ab":"AL","county":"Etowah","geo_location":{ "type": "Point", "coordinates": [-86.0967, 34.0296] }},
{"zip_code":"35581","country":"US","city":"Phil Campbell","state":"Alabama","state_ab":"AL","county":"Franklin","geo_location":{ "type": "Point", "coordinates": [-87.7154, 34.347] }},
{"zip_code":"35491","country":"US","city":"West Greene","state":"Alabama","state_ab":"AL","county":"Greene","geo_location":{ "type": "Point", "coordinates": [-87.9569, 32.8357] }},
{"zip_code":"35774","country":"US","city":"Trenton","state":"Alabama","state_ab":"AL","county":"Jackson","geo_location":{ "type": "Point", "coordinates": [-86.2295, 34.7632] }},
{"zip_code":"35064","country":"US","city":"Fairfield","state":"Alabama","state_ab":"AL","county":"Jefferson","geo_location":{ "type": "Point", "coordinates": [-86.9183, 33.4735] }},
{"zip_code":"35091","country":"US","city":"Kimberly","state":"Alabama","state_ab":"AL","county":"Jefferson","geo_location":{ "type": "Point", "coordinates": [-86.8084, 33.7684] }},
{"zip_code":"35127","country":"US","city":"Pleasant Grove","state":"Alabama","state_ab":"AL","county":"Jefferson","geo_location":{ "type": "Point", "coordinates": [-86.9766, 33.4883] }},
{"zip_code":"35181","country":"US","city":"Watson","state":"Alabama","state_ab":"AL","county":"Jefferson","geo_location":{ "type": "Point", "coordinates": [-86.9292, 33.5446] }},
{"zip_code":"35204","country":"US","city":"Birmingham","state":"Alabama","state_ab":"AL","county":"Jefferson","geo_location":{ "type": "Point", "coordinates": [-86.8372, 33.5179] }},
{"zip_code":"35217","country":"US","city":"Birmingham","state":"Alabama","state_ab":"AL","county":"Jefferson","geo_location":{ "type": "Point", "coordinates": [-86.765, 33.5887] }},
{"zip_code":"35231","country":"US","city":"Birmingham","state":"Alabama","state_ab":"AL","county":"Jefferson","geo_location":{ "type": "Point", "coordinates": [-86.9292, 33.5446] }},
{"zip_code":"35244","country":"US","city":"Birmingham","state":"Alabama","state_ab":"AL","county":"Jefferson","geo_location":{ "type": "Point", "coordinates": [-86.8254, 33.3538] }},
{"zip_code":"35297","country":"US","city":"Birmingham","state":"Alabama","state_ab":"AL","county":"Jefferson","geo_location":{ "type": "Point", "coordinates": [-86.9292, 33.5446] }},
{"zip_code":"35617","country":"US","city":"Cloverdale","state":"Alabama","state_ab":"AL","county":"Lauderdale","geo_location":{ "type": "Point", "coordinates": [-87.7069, 34.87] }},
{"zip_code":"35631","country":"US","city":"Florence","state":"Alabama","state_ab":"AL","county":"Lauderdale","geo_location":{ "type": "Point", "coordinates": [-87.7069, 34.87] }},
{"zip_code":"36801","country":"US","city":"Opelika","state":"Alabama","state_ab":"AL","county":"Lee","geo_location":{ "type": "Point", "coordinates": [-85.3929, 32.6211] }},
{"zip_code":"35671","country":"US","city":"Tanner","state":"Alabama","state_ab":"AL","county":"Limestone","geo_location":{ "type": "Point", "coordinates": [-86.9625, 34.6796] }},
{"zip_code":"35761","country":"US","city":"New Market","state":"Alabama","state_ab":"AL","county":"Madison","geo_location":{ "type": "Point", "coordinates": [-86.4487, 34.9] }},
{"zip_code":"35811","country":"US","city":"Huntsville","state":"Alabama","state_ab":"AL","county":"Madison","geo_location":{ "type": "Point", "coordinates": [-86.5438, 34.7789] }},
{"zip_code":"35824","country":"US","city":"Huntsville","state":"Alabama","state_ab":"AL","county":"Madison","geo_location":{ "type": "Point", "coordinates": [-86.7295, 34.6583] }},
{"zip_code":"36764","country":"US","city":"Nanafalia","state":"Alabama","state_ab":"AL","county":"Marengo","geo_location":{ "type": "Point", "coordinates": [-87.7953, 32.2683] }},
{"zip_code":"35594","country":"US","city":"Winfield","state":"Alabama","state_ab":"AL","county":"Marion","geo_location":{ "type": "Point", "coordinates": [-87.7972, 33.9303] }},
{"zip_code":"35747","country":"US","city":"Grant","state":"Alabama","state_ab":"AL","county":"Marshall","geo_location":{ "type": "Point", "coordinates": [-86.259, 34.4959] }},
{"zip_code":"36544","country":"US","city":"Irvington","state":"Alabama","state_ab":"AL","county":"Mobile","geo_location":{ "type": "Point", "coordinates": [-88.2396, 30.4802] }},
{"zip_code":"36571","country":"US","city":"Saraland","state":"Alabama","state_ab":"AL","county":"Mobile","geo_location":{ "type": "Point", "coordinates": [-88.0934, 30.8332] }},
{"zip_code":"36607","country":"US","city":"Mobile","state":"Alabama","state_ab":"AL","county":"Mobile","geo_location":{ "type": "Point", "coordinates": [-88.1029, 30.6975] }},
{"zip_code":"36621","country":"US","city":"Mobile","state":"Alabama","state_ab":"AL","county":"Mobile","geo_location":{ "type": "Point", "coordinates": [-88.178, 30.6589] }},
{"zip_code":"36481","country":"US","city":"Vredenburgh","state":"Alabama","state_ab":"AL","county":"Monroe","geo_location":{ "type": "Point", "coordinates": [-87.3164, 31.8085] }},
{"zip_code":"36104","country":"US","city":"Montgomery","state":"Alabama","state_ab":"AL","county":"Montgomery","geo_location":{ "type": "Point", "coordinates": [-86.3081, 32.373] }},
{"zip_code":"36117","country":"US","city":"Montgomery","state":"Alabama","state_ab":"AL","county":"Montgomery","geo_location":{ "type": "Point", "coordinates": [-86.1833, 32.3736] }},
{"zip_code":"36131","country":"US","city":"Montgomery","state":"Alabama","state_ab":"AL","county":"Montgomery","geo_location":{ "type": "Point", "coordinates": [-86.2085, 32.2334] }},
{"zip_code":"36197","country":"US","city":"Montgomery","state":"Alabama","state_ab":"AL","county":"Montgomery County","geo_location":{ "type": "Point", "coordinates": [-86.2827, 32.3656] }},
{"zip_code":"36081","country":"US","city":"Troy","state":"Alabama","state_ab":"AL","county":"Pike","geo_location":{ "type": "Point", "coordinates": [-85.9655, 31.7945] }},
{"zip_code":"36274","country":"US","city":"Roanoke","state":"Alabama","state_ab":"AL","county":"Randolph","geo_location":{ "type": "Point", "coordinates": [-85.4057, 33.2169] }},
{"zip_code":"36867","country":"US","city":"Phenix City","state":"Alabama","state_ab":"AL","county":"Russell","geo_location":{ "type": "Point", "coordinates": [-85.0234, 32.4978] }},
{"zip_code":"35051","country":"US","city":"Columbiana","state":"Alabama","state_ab":"AL","county":"Shelby","geo_location":{ "type": "Point", "coordinates": [-86.6161, 33.177] }},
{"zip_code":"35114","country":"US","city":"Maylene","state":"Alabama","state_ab":"AL","county":"Shelby","geo_location":{ "type": "Point", "coordinates": [-86.8727, 33.2317] }},
{"zip_code":"35464","country":"US","city":"Gainesville","state":"Alabama","state_ab":"AL","county":"Sumter","geo_location":{ "type": "Point", "coordinates": [-88.1457, 32.7783] }},
{"zip_code":"35477","country":"US","city":"Panola","state":"Alabama","state_ab":"AL","county":"Sumter","geo_location":{ "type": "Point", "coordinates": [-88.2374, 32.8726] }},
{"zip_code":"35011","country":"US","city":"Alexander City","state":"Alabama","state_ab":"AL","county":"Tallapoosa","geo_location":{ "type": "Point", "coordinates": [-85.958, 32.9902] }},
{"zip_code":"35501","country":"US","city":"Jasper","state":"Alabama","state_ab":"AL","county":"Walker","geo_location":{ "type": "Point", "coordinates": [-87.3169, 33.7962] }},
{"zip_code":"35554","country":"US","city":"Eldridge","state":"Alabama","state_ab":"AL","county":"Walker","geo_location":{ "type": "Point", "coordinates": [-87.6194, 33.9315] }},
{"zip_code":"36584","country":"US","city":"Vinegar Bend","state":"Alabama","state_ab":"AL","county":"Washington","geo_location":{ "type": "Point", "coordinates": [-88.3865, 31.2584] }},
{"zip_code":"36751","country":"US","city":"Lower Peach Tree","state":"Alabama","state_ab":"AL","county":"Wilcox","geo_location":{ "type": "Point", "coordinates": [-87.5682, 31.8504] }},
{"zip_code":"35541","country":"US","city":"Arley","state":"Alabama","state_ab":"AL","county":"Winston","geo_location":{ "type": "Point", "coordinates": [-87.1828, 34.0632] }},
{"zip_code":"72544","country":"US","city":"Henderson","state":"Arkansas","state_ab":"AR","county":"Baxter","geo_location":{ "type": "Point", "coordinates": [-92.1951, 36.4105] }},
{"zip_code":"72711","country":"US","city":"Avoca","state":"Arkansas","state_ab":"AR","county":"Benton","geo_location":{ "type": "Point", "coordinates": [-94.0713, 36.4047] }},
{"zip_code":"72751","country":"US","city":"Pea Ridge","state":"Arkansas","state_ab":"AR","county":"Benton","geo_location":{ "type": "Point", "coordinates": [-94.118, 36.4539] }},
{"zip_code":"71631","country":"US","city":"Banks","state":"Arkansas","state_ab":"AR","county":"Bradley","geo_location":{ "type": "Point", "coordinates": [-92.2604, 33.5497] }},
{"zip_code":"71671","country":"US","city":"Warren","state":"Arkansas","state_ab":"AR","county":"Bradley","geo_location":{ "type": "Point", "coordinates": [-92.0778, 33.614] }},
{"zip_code":"71721","country":"US","city":"Beirne","state":"Arkansas","state_ab":"AR","county":"Clark","geo_location":{ "type": "Point", "coordinates": [-93.1894, 34.0555] }},
{"zip_code":"72441","country":"US","city":"Mc Dougal","state":"Arkansas","state_ab":"AR","county":"Clay","geo_location":{ "type": "Point", "coordinates": [-90.3837, 36.437] }},
{"zip_code":"72454","country":"US","city":"Piggott","state":"Arkansas","state_ab":"AR","county":"Clay","geo_location":{ "type": "Point", "coordinates": [-90.1926, 36.387] }},
{"zip_code":"72067","country":"US","city":"Higden","state":"Arkansas","state_ab":"AR","county":"Cleburne","geo_location":{ "type": "Point", "coordinates": [-92.1341, 35.5685] }},
{"zip_code":"72131","country":"US","city":"Quitman","state":"Arkansas","state_ab":"AR","county":"Cleburne","geo_location":{ "type": "Point", "coordinates": [-92.1333, 35.405] }},
{"zip_code":"72027","country":"US","city":"Center Ridge","state":"Arkansas","state_ab":"AR","county":"Conway","geo_location":{ "type": "Point", "coordinates": [-92.5582, 35.3981] }},
{"zip_code":"72157","country":"US","city":"Springfield","state":"Arkansas","state_ab":"AR","county":"Conway","geo_location":{ "type": "Point", "coordinates": [-92.5457, 35.2749] }},
{"zip_code":"72401","country":"US","city":"Jonesboro","state":"Arkansas","state_ab":"AR","county":"Craighead","geo_location":{ "type": "Point", "coordinates": [-90.6965, 35.833] }},
{"zip_code":"72414","country":"US","city":"Black Oak","state":"Arkansas","state_ab":"AR","county":"Craighead","geo_location":{ "type": "Point", "coordinates": [-90.4005, 35.8368] }},
{"zip_code":"72427","country":"US","city":"Egypt","state":"Arkansas","state_ab":"AR","county":"Craighead","geo_location":{ "type": "Point", "coordinates": [-90.9428, 35.864] }},
{"zip_code":"72467","country":"US","city":"State University","state":"Arkansas","state_ab":"AR","county":"Craighead","geo_location":{ "type": "Point", "coordinates": [-90.6735, 35.8422] }},
{"zip_code":"72957","country":"US","city":"Van Buren","state":"Arkansas","state_ab":"AR","county":"Crawford","geo_location":{ "type": "Point", "coordinates": [-94.3186, 35.4944] }},
{"zip_code":"72364","country":"US","city":"Marion","state":"Arkansas","state_ab":"AR","county":"Crittenden","geo_location":{ "type": "Point", "coordinates": [-90.1989, 35.2077] }},
{"zip_code":"72324","country":"US","city":"Cherry Valley","state":"Arkansas","state_ab":"AR","county":"Cross","geo_location":{ "type": "Point", "coordinates": [-90.7613, 35.3991] }},
{"zip_code":"71657","country":"US","city":"Monticello","state":"Arkansas","state_ab":"AR","county":"Drew","geo_location":{ "type": "Point", "coordinates": [-91.7328, 33.5906] }},
{"zip_code":"72531","country":"US","city":"Elizabeth","state":"Arkansas","state_ab":"AR","county":"Fulton","geo_location":{ "type": "Point", "coordinates": [-92.0934, 36.3238] }},
{"zip_code":"72557","country":"US","city":"Moko","state":"Arkansas","state_ab":"AR","county":"Fulton","geo_location":{ "type": "Point", "coordinates": [-91.8046, 36.3747] }},
{"zip_code":"71901","country":"US","city":"Hot Springs National Park","state":"Arkansas","state_ab":"AR","county":"Garland","geo_location":{ "type": "Point", "coordinates": [-92.9587, 34.5268] }},
{"zip_code":"71914","country":"US","city":"Hot Springs National Park","state":"Arkansas","state_ab":"AR","county":"Garland","geo_location":{ "type": "Point", "coordinates": [-92.9685, 34.5137] }},
{"zip_code":"71941","country":"US","city":"Donaldson","state":"Arkansas","state_ab":"AR","county":"Hot Spring","geo_location":{ "type": "Point", "coordinates": [-92.9094, 34.2212] }},
{"zip_code":"72104","country":"US","city":"Malvern","state":"Arkansas","state_ab":"AR","county":"Hot Spring","geo_location":{ "type": "Point", "coordinates": [-92.8292, 34.3557] }},
{"zip_code":"71851","country":"US","city":"Mineral Springs","state":"Arkansas","state_ab":"AR","county":"Howard","geo_location":{ "type": "Point", "coordinates": [-93.9188, 33.8639] }},
{"zip_code":"72571","country":"US","city":"Rosie","state":"Arkansas","state_ab":"AR","county":"Independence","geo_location":{ "type": "Point", "coordinates": [-91.534, 35.6638] }},
{"zip_code":"72517","country":"US","city":"Brockwell","state":"Arkansas","state_ab":"AR","county":"Izard","geo_location":{ "type": "Point", "coordinates": [-91.9513, 36.1358] }},
{"zip_code":"72584","country":"US","city":"Violet Hill","state":"Arkansas","state_ab":"AR","county":"Izard","geo_location":{ "type": "Point", "coordinates": [-91.8471, 36.163] }},
{"zip_code":"72014","country":"US","city":"Beedeville","state":"Arkansas","state_ab":"AR","county":"Jackson","geo_location":{ "type": "Point", "coordinates": [-91.1057, 35.4291] }},
{"zip_code":"72854","country":"US","city":"Ozone","state":"Arkansas","state_ab":"AR","county":"Johnson","geo_location":{ "type": "Point", "coordinates": [-93.4311, 35.6575] }},
{"zip_code":"72311","country":"US","city":"Aubrey","state":"Arkansas","state_ab":"AR","county":"Lee","geo_location":{ "type": "Point", "coordinates": [-90.8969, 34.7195] }},
{"zip_code":"71644","country":"US","city":"Grady","state":"Arkansas","state_ab":"AR","county":"Lincoln","geo_location":{ "type": "Point", "coordinates": [-91.7057, 34.1032] }},
{"zip_code":"72634","country":"US","city":"Flippin","state":"Arkansas","state_ab":"AR","county":"Marion","geo_location":{ "type": "Point", "coordinates": [-92.578, 36.2682] }},
{"zip_code":"72661","country":"US","city":"Oakland","state":"Arkansas","state_ab":"AR","county":"Marion","geo_location":{ "type": "Point", "coordinates": [-92.5832, 36.4442] }},
{"zip_code":"72687","country":"US","city":"Yellville","state":"Arkansas","state_ab":"AR","county":"Marion","geo_location":{ "type": "Point", "coordinates": [-92.7245, 36.2253] }},
{"zip_code":"71837","country":"US","city":"Fouke","state":"Arkansas","state_ab":"AR","county":"Miller","geo_location":{ "type": "Point", "coordinates": [-93.901, 33.3025] }},
{"zip_code":"72351","country":"US","city":"Keiser","state":"Arkansas","state_ab":"AR","county":"Mississippi","geo_location":{ "type": "Point", "coordinates": [-90.0963, 35.6737] }},
{"zip_code":"72391","country":"US","city":"West Ridge","state":"Arkansas","state_ab":"AR","county":"Mississippi","geo_location":{ "type": "Point", "coordinates": [-89.9668, 35.6949] }},
{"zip_code":"71864","country":"US","city":"Willisville","state":"Arkansas","state_ab":"AR","county":"Nevada","geo_location":{ "type": "Point", "coordinates": [-93.2941, 33.7008] }},
{"zip_code":"72001","country":"US","city":"Adona","state":"Arkansas","state_ab":"AR","county":"Perry","geo_location":{ "type": "Point", "coordinates": [-92.9033, 35.047] }},
{"zip_code":"72377","country":"US","city":"Rivervale","state":"Arkansas","state_ab":"AR","county":"Poinsett","geo_location":{ "type": "Point", "coordinates": [-90.3469, 35.675] }},
{"zip_code":"72801","country":"US","city":"Russellville","state":"Arkansas","state_ab":"AR","county":"Pope","geo_location":{ "type": "Point", "coordinates": [-93.1315, 35.2842] }},
{"zip_code":"72041","country":"US","city":"De Valls Bluff","state":"Arkansas","state_ab":"AR","county":"Prairie","geo_location":{ "type": "Point", "coordinates": [-91.4982, 34.7447] }},
{"zip_code":"72117","country":"US","city":"North Little Rock","state":"Arkansas","state_ab":"AR","county":"Pulaski","geo_location":{ "type": "Point", "coordinates": [-92.1524, 34.7658] }},
{"zip_code":"72207","country":"US","city":"Little Rock","state":"Arkansas","state_ab":"AR","county":"Pulaski","geo_location":{ "type": "Point", "coordinates": [-92.3565, 34.7721] }},
{"zip_code":"72221","country":"US","city":"Little Rock","state":"Arkansas","state_ab":"AR","county":"Pulaski","geo_location":{ "type": "Point", "coordinates": [-92.3925, 34.7519] }},
{"zip_code":"72841","country":"US","city":"Harvey","state":"Arkansas","state_ab":"AR","county":"Scott","geo_location":{ "type": "Point", "coordinates": [-93.764, 34.8762] }},
{"zip_code":"72944","country":"US","city":"Mansfield","state":"Arkansas","state_ab":"AR","county":"Scott","geo_location":{ "type": "Point", "coordinates": [-94.2204, 35.0432] }},
{"zip_code":"72904","country":"US","city":"Fort Smith","state":"Arkansas","state_ab":"AR","county":"Sebastian","geo_location":{ "type": "Point", "coordinates": [-94.3872, 35.4051] }},
{"zip_code":"72917","country":"US","city":"Fort Smith","state":"Arkansas","state_ab":"AR","county":"Sebastian","geo_location":{ "type": "Point", "coordinates": [-94.2382, 35.191] }},
{"zip_code":"71747","country":"US","city":"Huttig","state":"Arkansas","state_ab":"AR","county":"Union","geo_location":{ "type": "Point", "coordinates": [-92.1942, 33.0459] }},
{"zip_code":"72737","country":"US","city":"Greenland","state":"Arkansas","state_ab":"AR","county":"Washington","geo_location":{ "type": "Point", "coordinates": [-94.1529, 35.9282] }},
{"zip_code":"72764","country":"US","city":"Springdale","state":"Arkansas","state_ab":"AR","county":"Washington","geo_location":{ "type": "Point", "coordinates": [-94.0428, 36.1716] }},
{"zip_code":"72081","country":"US","city":"Judsonia","state":"Arkansas","state_ab":"AR","county":"White","geo_location":{ "type": "Point", "coordinates": [-91.6491, 35.325] }},
{"zip_code":"72827","country":"US","city":"Bluffton","state":"Arkansas","state_ab":"AR","county":"Yell","geo_location":{ "type": "Point", "coordinates": [-93.5919, 34.9016] }},
{"zip_code":"72867","country":"US","city":"Waveland","state":"Arkansas","state_ab":"AR","county":"Yell County","geo_location":{ "type": "Point", "coordinates": [-93.6083, 35.0981] }},
{"zip_code":"86507","country":"US","city":"Lukachukai","state":"Arizona","state_ab":"AZ","county":"Apache","geo_location":{ "type": "Point", "coordinates": [-109.2446, 36.4181] }},
{"zip_code":"86547","country":"US","city":"Round Rock","state":"Arizona","state_ab":"AZ","county":"Apache","geo_location":{ "type": "Point", "coordinates": [-109.5229, 35.2375] }},
{"zip_code":"85607","country":"US","city":"Douglas","state":"Arizona","state_ab":"AZ","county":"Cochise","geo_location":{ "type": "Point", "coordinates": [-109.5447, 31.3511] }},
{"zip_code":"85931","country":"US","city":"Forest Lakes","state":"Arizona","state_ab":"AZ","county":"Coconino","geo_location":{ "type": "Point", "coordinates": [-110.8644, 34.4513] }},
{"zip_code":"86004","country":"US","city":"Flagstaff","state":"Arizona","state_ab":"AZ","county":"Coconino","geo_location":{ "type": "Point", "coordinates": [-111.5741, 35.2257] }},
{"zip_code":"86017","country":"US","city":"Munds Park","state":"Arizona","state_ab":"AZ","county":"Coconino","geo_location":{ "type": "Point", "coordinates": [-111.641, 34.9412] }},
{"zip_code":"86044","country":"US","city":"Tonalea","state":"Arizona","state_ab":"AZ","county":"Coconino","geo_location":{ "type": "Point", "coordinates": [-110.8411, 36.7093] }},
{"zip_code":"85544","country":"US","city":"Pine","state":"Arizona","state_ab":"AZ","county":"Gila","geo_location":{ "type": "Point", "coordinates": [-111.5353, 34.3435] }},
{"zip_code":"85531","country":"US","city":"Central","state":"Arizona","state_ab":"AZ","county":"Graham","geo_location":{ "type": "Point", "coordinates": [-109.7878, 32.8692] }},
{"zip_code":"33741","country":"US","city":"Saint Petersburg","state":"Florida","state_ab":"FL","county":"Pinellas","geo_location":{ "type": "Point", "coordinates": [-82.7248, 27.8918] }},
{"zip_code":"33767","country":"US","city":"Clearwater Beach","state":"Florida","state_ab":"FL","county":"Pinellas","geo_location":{ "type": "Point", "coordinates": [-82.8286, 27.9598] }},
{"zip_code":"33781","country":"US","city":"Pinellas Park","state":"Florida","state_ab":"FL","county":"Pinellas","geo_location":{ "type": "Point", "coordinates": [-82.7151, 27.8387] }},
{"zip_code":"34641","country":"US","city":"Largo","state":"Florida","state_ab":"FL","county":"Pinellas County","geo_location":{ "type": "Point", "coordinates": [-82.7585, 27.9083] }},
{"zip_code":"34681","country":"US","city":"Crystal Beach","state":"Florida","state_ab":"FL","county":"Pinellas","geo_location":{ "type": "Point", "coordinates": [-82.7777, 28.0874] }},
{"zip_code":"33804","country":"US","city":"Lakeland","state":"Florida","state_ab":"FL","county":"Polk","geo_location":{ "type": "Point", "coordinates": [-81.6186, 28.0026] }},
{"zip_code":"33831","country":"US","city":"Bartow","state":"Florida","state_ab":"FL","county":"Polk","geo_location":{ "type": "Point", "coordinates": [-81.9517, 27.9554] }},
{"zip_code":"33844","country":"US","city":"Haines City","state":"Florida","state_ab":"FL","county":"Polk","geo_location":{ "type": "Point", "coordinates": [-81.5929, 28.0758] }},
{"zip_code":"33884","country":"US","city":"Winter Haven","state":"Florida","state_ab":"FL","county":"Polk","geo_location":{ "type": "Point", "coordinates": [-81.6736, 27.981] }},
{"zip_code":"33897","country":"US","city":"Davenport","state":"Florida","state_ab":"FL","county":"Polk","geo_location":{ "type": "Point", "coordinates": [-81.6643, 28.3112] }},
{"zip_code":"32131","country":"US","city":"East Palatka","state":"Florida","state_ab":"FL","county":"Putnam","geo_location":{ "type": "Point", "coordinates": [-81.5879, 29.6609] }},
{"zip_code":"32157","country":"US","city":"Lake Como","state":"Florida","state_ab":"FL","county":"Putnam","geo_location":{ "type": "Point", "coordinates": [-81.5914, 29.4582] }},
{"zip_code":"32081","country":"US","city":"Ponte Vedra","state":"Florida","state_ab":"FL","county":"Saint Johns County","geo_location":{ "type": "Point", "coordinates": [-81.4128, 30.1204] }},
{"zip_code":"34951","country":"US","city":"Fort Pierce","state":"Florida","state_ab":"FL","county":"St. Lucie","geo_location":{ "type": "Point", "coordinates": [-80.4052, 27.5391] }},
{"zip_code":"32571","country":"US","city":"Milton","state":"Florida","state_ab":"FL","county":"Santa Rosa","geo_location":{ "type": "Point", "coordinates": [-87.1794, 30.6698] }},
{"zip_code":"34241","country":"US","city":"Sarasota","state":"Florida","state_ab":"FL","county":"Sarasota","geo_location":{ "type": "Point", "coordinates": [-82.4181, 27.2822] }},
{"zip_code":"32791","country":"US","city":"Longwood","state":"Florida","state_ab":"FL","county":"Seminole","geo_location":{ "type": "Point", "coordinates": [-81.2233, 28.7448] }},
{"zip_code":"33521","country":"US","city":"Coleman","state":"Florida","state_ab":"FL","county":"Sumter","geo_location":{ "type": "Point", "coordinates": [-82.0597, 28.7755] }},
{"zip_code":"32094","country":"US","city":"Wellborn","state":"Florida","state_ab":"FL","county":"Suwannee","geo_location":{ "type": "Point", "coordinates": [-82.8505, 30.1796] }},
{"zip_code":"32054","country":"US","city":"Lake Butler","state":"Florida","state_ab":"FL","county":"Union","geo_location":{ "type": "Point", "coordinates": [-82.3828, 30.0035] }},
{"zip_code":"32117","country":"US","city":"Daytona Beach","state":"Florida","state_ab":"FL","county":"Volusia","geo_location":{ "type": "Point", "coordinates": [-81.0658, 29.2353] }},
{"zip_code":"32724","country":"US","city":"Deland","state":"Florida","state_ab":"FL","county":"Volusia","geo_location":{ "type": "Point", "coordinates": [-81.2863, 29.0422] }},
{"zip_code":"32764","country":"US","city":"Osteen","state":"Florida","state_ab":"FL","county":"Volusia","geo_location":{ "type": "Point", "coordinates": [-81.1562, 28.8426] }},
{"zip_code":"32454","country":"US","city":"Point Washington","state":"Florida","state_ab":"FL","county":"Walton","geo_location":{ "type": "Point", "coordinates": [-86.1211, 30.6038] }},
{"zip_code":"32427","country":"US","city":"Caryville","state":"Florida","state_ab":"FL","county":"Washington","geo_location":{ "type": "Point", "coordinates": [-85.8014, 30.7123] }},
{"zip_code":"31721","country":"US","city":"Albany","state":"Georgia","state_ab":"GA","county":"Baker County","geo_location":{ "type": "Point", "coordinates": [-84.3087, 31.5105] }},
{"zip_code":"39837","country":"US","city":"Colquitt","state":"Georgia","state_ab":"GA","county":"Baker County","geo_location":{ "type": "Point", "coordinates": [-84.731, 31.173] }},
{"zip_code":"30511","country":"US","city":"Baldwin","state":"Georgia","state_ab":"GA","county":"Banks","geo_location":{ "type": "Point", "coordinates": [-83.476, 34.4574] }},
{"zip_code":"30137","country":"US","city":"Emerson","state":"Georgia","state_ab":"GA","county":"Bartow","geo_location":{ "type": "Point", "coordinates": [-84.757, 34.12] }},
{"zip_code":"31204","country":"US","city":"Macon","state":"Georgia","state_ab":"GA","county":"Bibb","geo_location":{ "type": "Point", "coordinates": [-83.6766, 32.8424] }},
{"zip_code":"31217","country":"US","city":"Macon","state":"Georgia","state_ab":"GA","county":"Bibb","geo_location":{ "type": "Point", "coordinates": [-83.565, 32.8118] }},
{"zip_code":"31297","country":"US","city":"Macon","state":"Georgia","state_ab":"GA","county":"Bibb","geo_location":{ "type": "Point", "coordinates": [-83.6572, 32.7004] }},
{"zip_code":"31321","country":"US","city":"Pembroke","state":"Georgia","state_ab":"GA","county":"Bryan","geo_location":{ "type": "Point", "coordinates": [-81.6656, 32.1812] }},
{"zip_code":"30461","country":"US","city":"Statesboro","state":"Georgia","state_ab":"GA","county":"Bulloch","geo_location":{ "type": "Point", "coordinates": [-81.7158, 32.45] }},
{"zip_code":"31411","country":"US","city":"Savannah","state":"Georgia","state_ab":"GA","county":"Chatham","geo_location":{ "type": "Point", "coordinates": [-81.0381, 31.9268] }},
{"zip_code":"30731","country":"US","city":"Menlo","state":"Georgia","state_ab":"GA","county":"Chattooga","geo_location":{ "type": "Point", "coordinates": [-85.4774, 34.5864] }},
{"zip_code":"30151","country":"US","city":"Nelson","state":"Georgia","state_ab":"GA","county":"Cherokee","geo_location":{ "type": "Point", "coordinates": [-84.4583, 34.2429] }},
{"zip_code":"30601","country":"US","city":"Athens","state":"Georgia","state_ab":"GA","county":"Clarke","geo_location":{ "type": "Point", "coordinates": [-83.3632, 33.9761] }},
{"zip_code":"39824","country":"US","city":"Bluffton","state":"Georgia","state_ab":"GA","county":"Clay County","geo_location":{ "type": "Point", "coordinates": [-84.867, 31.52] }},
{"zip_code":"39851","country":"US","city":"Fort Gaines","state":"Georgia","state_ab":"GA","county":"Clay County","geo_location":{ "type": "Point", "coordinates": [-85.0548, 31.6264] }},
{"zip_code":"30294","country":"US","city":"Ellenwood","state":"Georgia","state_ab":"GA","county":"Clayton","geo_location":{ "type": "Point", "coordinates": [-84.2939, 33.6166] }},
{"zip_code":"31631","country":"US","city":"Fargo","state":"Georgia","state_ab":"GA","county":"Clinch","geo_location":{ "type": "Point", "coordinates": [-82.5801, 30.7166] }},
{"zip_code":"30007","country":"US","city":"Marietta","state":"Georgia","state_ab":"GA","county":"Cobb","geo_location":{ "type": "Point", "coordinates": [-84.5572, 33.9125] }},
{"zip_code":"30061","country":"US","city":"Marietta","state":"Georgia","state_ab":"GA","county":"Cobb","geo_location":{ "type": "Point", "coordinates": [-84.556, 33.9328] }},
{"zip_code":"30111","country":"US","city":"Clarkdale","state":"Georgia","state_ab":"GA","county":"Cobb","geo_location":{ "type": "Point", "coordinates": [-84.5572, 33.9125] }},
{"zip_code":"31554","country":"US","city":"Nicholls","state":"Georgia","state_ab":"GA","county":"Coffee","geo_location":{ "type": "Point", "coordinates": [-82.6032, 31.4498] }},
{"zip_code":"31567","country":"US","city":"West Green","state":"Georgia","state_ab":"GA","county":"Coffee","geo_location":{ "type": "Point", "coordinates": [-82.7243, 31.6143] }},
{"zip_code":"31747","country":"US","city":"Ellenton","state":"Georgia","state_ab":"GA","county":"Colquitt","geo_location":{ "type": "Point", "coordinates": [-83.5889, 31.1789] }},
{"zip_code":"30254","country":"US","city":"Newnan","state":"Georgia","state_ab":"GA","county":"Coweta County","geo_location":{ "type": "Point", "coordinates": [-84.8547, 33.3934] }},
{"zip_code":"30757","country":"US","city":"Wildwood","state":"Georgia","state_ab":"GA","county":"Dade","geo_location":{ "type": "Point", "coordinates": [-85.4305, 34.9779] }},
{"zip_code":"31734","country":"US","city":"Climax","state":"Georgia","state_ab":"GA","county":"Decatur","geo_location":{ "type": "Point", "coordinates": [-84.4432, 30.8573] }},
{"zip_code":"30021","country":"US","city":"Clarkston","state":"Georgia","state_ab":"GA","county":"DeKalb","geo_location":{ "type": "Point", "coordinates": [-84.2388, 33.8101] }},
{"zip_code":"30034","country":"US","city":"Decatur","state":"Georgia","state_ab":"GA","county":"DeKalb","geo_location":{ "type": "Point", "coordinates": [-84.2489, 33.6954] }},
{"zip_code":"30074","country":"US","city":"Redan","state":"Georgia","state_ab":"GA","county":"DeKalb","geo_location":{ "type": "Point", "coordinates": [-84.0746, 33.8913] }},
{"zip_code":"30087","country":"US","city":"Stone Mountain","state":"Georgia","state_ab":"GA","county":"DeKalb","geo_location":{ "type": "Point", "coordinates": [-84.1361, 33.8105] }},
{"zip_code":"31141","country":"US","city":"Atlanta","state":"Georgia","state_ab":"GA","county":"DeKalb","geo_location":{ "type": "Point", "coordinates": [-84.0746, 33.8913] }},
{"zip_code":"39901","country":"US","city":"Atlanta","state":"Georgia","state_ab":"GA","county":"DeKalb","geo_location":{ "type": "Point", "coordinates": [-84.0746, 33.8913] }},
{"zip_code":"31011","country":"US","city":"Chauncey","state":"Georgia","state_ab":"GA","county":"Dodge","geo_location":{ "type": "Point", "coordinates": [-83.0555, 32.1504] }},
{"zip_code":"31077","country":"US","city":"Rhine","state":"Georgia","state_ab":"GA","county":"Dodge","geo_location":{ "type": "Point", "coordinates": [-83.1837, 31.938] }},
{"zip_code":"31051","country":"US","city":"Lilly","state":"Georgia","state_ab":"GA","county":"Dooly","geo_location":{ "type": "Point", "coordinates": [-83.8913, 32.1469] }},
{"zip_code":"31091","country":"US","city":"Unadilla","state":"Georgia","state_ab":"GA","county":"Dooly","geo_location":{ "type": "Point", "coordinates": [-83.7447, 32.2558] }},
{"zip_code":"31707","country":"US","city":"Albany","state":"Georgia","state_ab":"GA","county":"Dougherty","geo_location":{ "type": "Point", "coordinates": [-84.2118, 31.5789] }},
{"zip_code":"31761","country":"US","city":"Jakin","state":"Georgia","state_ab":"GA","county":"Early","geo_location":{ "type": "Point", "coordinates": [-84.9861, 31.0894] }},
{"zip_code":"31307","country":"US","city":"Eden","state":"Georgia","state_ab":"GA","county":"Effingham","geo_location":{ "type": "Point", "coordinates": [-81.3992, 32.1736] }},
{"zip_code":"30447","country":"US","city":"Norristown","state":"Georgia","state_ab":"GA","county":"Emanuel","geo_location":{ "type": "Point", "coordinates": [-82.4848, 32.5041] }},
{"zip_code":"30214","country":"US","city":"Fayetteville","state":"Georgia","state_ab":"GA","county":"Fayette","geo_location":{ "type": "Point", "coordinates": [-84.4806, 33.4679] }},
{"zip_code":"30124","country":"US","city":"Cave Spring","state":"Georgia","state_ab":"GA","county":"Floyd","geo_location":{ "type": "Point", "coordinates": [-85.3379, 34.1167] }},
{"zip_code":"30164","country":"US","city":"Rome","state":"Georgia","state_ab":"GA","county":"Floyd","geo_location":{ "type": "Point", "coordinates": [-85.2337, 34.3333] }},
{"zip_code":"30201","country":"US","city":"Alpharetta","state":"Georgia","state_ab":"GA","county":"Fulton County","geo_location":{ "type": "Point", "coordinates": [-84.2978, 34.1094] }},
{"zip_code":"30304","country":"US","city":"Atlanta","state":"Georgia","state_ab":"GA","county":"Fulton","geo_location":{ "type": "Point", "coordinates": [-84.4293, 33.8482] }},
{"zip_code":"30317","country":"US","city":"Atlanta","state":"Georgia","state_ab":"GA","county":"Fulton","geo_location":{ "type": "Point", "coordinates": [-84.3169, 33.7498] }},
{"zip_code":"30331","country":"US","city":"Atlanta","state":"Georgia","state_ab":"GA","county":"Fulton","geo_location":{ "type": "Point", "coordinates": [-84.5205, 33.7224] }},
{"zip_code":"30344","country":"US","city":"Atlanta","state":"Georgia","state_ab":"GA","county":"Fulton","geo_location":{ "type": "Point", "coordinates": [-84.448, 33.6919] }},
{"zip_code":"30357","country":"US","city":"Atlanta","state":"Georgia","state_ab":"GA","county":"Fulton","geo_location":{ "type": "Point", "coordinates": [-84.4741, 33.8444] }},
{"zip_code":"30371","country":"US","city":"Atlanta","state":"Georgia","state_ab":"GA","county":"Fulton","geo_location":{ "type": "Point", "coordinates": [-84.4741, 33.8444] }},
{"zip_code":"30384","country":"US","city":"Atlanta","state":"Georgia","state_ab":"GA","county":"Fulton","geo_location":{ "type": "Point", "coordinates": [-84.4741, 33.8444] }},
{"zip_code":"31527","country":"US","city":"Jekyll Island","state":"Georgia","state_ab":"GA","county":"Glynn","geo_location":{ "type": "Point", "coordinates": [-81.4128, 31.074] }},
{"zip_code":"30047","country":"US","city":"Lilburn","state":"Georgia","state_ab":"GA","county":"Gwinnett","geo_location":{ "type": "Point", "coordinates": [-84.0725, 33.8656] }},
{"zip_code":"30227","country":"US","city":"Lawrenceville","state":"Georgia","state_ab":"GA","county":"Gwinnett County","geo_location":{ "type": "Point", "coordinates": [-83.9922, 33.9495] }},
{"zip_code":"30564","country":"US","city":"Murrayville","state":"Georgia","state_ab":"GA","county":"Hall","geo_location":{ "type": "Point", "coordinates": [-83.8949, 34.4342] }},
{"zip_code":"34434","country":"US","city":"Dunnellon","state":"Florida","state_ab":"FL","county":"Citrus","geo_location":{ "type": "Point", "coordinates": [-82.4241, 28.9938] }},
{"zip_code":"34447","country":"US","city":"Homosassa Springs","state":"Florida","state_ab":"FL","county":"Citrus","geo_location":{ "type": "Point", "coordinates": [-82.5743, 28.8049] }},
{"zip_code":"34461","country":"US","city":"Lecanto","state":"Florida","state_ab":"FL","county":"Citrus","geo_location":{ "type": "Point", "coordinates": [-82.4641, 28.8197] }},
{"zip_code":"34487","country":"US","city":"Homosassa","state":"Florida","state_ab":"FL","county":"Citrus","geo_location":{ "type": "Point", "coordinates": [-82.5087, 28.8593] }},
{"zip_code":"32067","country":"US","city":"Orange Park","state":"Florida","state_ab":"FL","county":"Clay","geo_location":{ "type": "Point", "coordinates": [-81.8151, 29.9561] }},
{"zip_code":"33961","country":"US","city":"Naples","state":"Florida","state_ab":"FL","county":"Collier County","geo_location":{ "type": "Point", "coordinates": [-81.6669, 26.045] }}]}