{"value": [{"zip_code":"41629","country":"US","city":"Galveston","state":"Kentucky","state_ab":"KY","county":"Floyd County","geo_location":{ "type": "Point", "coordinates": [-82.6619, 37.4782] }},
{"zip_code":"41630","country":"US","city":"Garrett","state":"Kentucky","state_ab":"KY","county":"Floyd","geo_location":{ "type": "Point", "coordinates": [-82.8462, 37.4861] }},
{"zip_code":"41643","country":"US","city":"Lackey","state":"Kentucky","state_ab":"KY","county":"Floyd","geo_location":{ "type": "Point", "coordinates": [-82.8294, 37.471] }},
{"zip_code":"41669","country":"US","city":"Wheelwright","state":"Kentucky","state_ab":"KY","county":"Floyd","geo_location":{ "type": "Point", "coordinates": [-82.7156, 37.3314] }},
{"zip_code":"40446","country":"US","city":"Lancaster","state":"Kentucky","state_ab":"KY","county":"Garrard","geo_location":{ "type": "Point", "coordinates": [-84.5467, 37.6514] }},
{"zip_code":"41010","country":"US","city":"Corinth","state":"Kentucky","state_ab":"KY","county":"Grant","geo_location":{ "type": "Point", "coordinates": [-84.5846, 38.5302] }},
{"zip_code":"42039","country":"US","city":"Fancy Farm","state":"Kentucky","state_ab":"KY","county":"Graves","geo_location":{ "type": "Point", "coordinates": [-88.7918, 36.7767] }},
{"zip_code":"42040","country":"US","city":"Farmington","state":"Kentucky","state_ab":"KY","county":"Graves","geo_location":{ "type": "Point", "coordinates": [-88.5186, 36.6] }},
{"zip_code":"42066","country":"US","city":"Mayfield","state":"Kentucky","state_ab":"KY","county":"Graves","geo_location":{ "type": "Point", "coordinates": [-88.6506, 36.7327] }},
{"zip_code":"42079","country":"US","city":"Sedalia","state":"Kentucky","state_ab":"KY","county":"Graves","geo_location":{ "type": "Point", "coordinates": [-88.5815, 36.5748] }},
{"zip_code":"41139","country":"US","city":"Flatwoods","state":"Kentucky","state_ab":"KY","county":"Greenup","geo_location":{ "type": "Point", "coordinates": [-82.7212, 38.5188] }},
{"zip_code":"42776","country":"US","city":"Sonora","state":"Kentucky","state_ab":"KY","county":"Hardin","geo_location":{ "type": "Point", "coordinates": [-85.923, 37.5221] }},
{"zip_code":"40806","country":"US","city":"Baxter","state":"Kentucky","state_ab":"KY","county":"Harlan","geo_location":{ "type": "Point", "coordinates": [-83.3141, 36.8749] }},
{"zip_code":"40819","country":"US","city":"Coldiron","state":"Kentucky","state_ab":"KY","county":"Harlan","geo_location":{ "type": "Point", "coordinates": [-83.4707, 36.8201] }},
{"zip_code":"40820","country":"US","city":"Cranks","state":"Kentucky","state_ab":"KY","county":"Harlan","geo_location":{ "type": "Point", "coordinates": [-83.1838, 36.7558] }},
{"zip_code":"40846","country":"US","city":"Keith","state":"Kentucky","state_ab":"KY","county":"Harlan County","geo_location":{ "type": "Point", "coordinates": [-83.3614, 36.8712] }},
{"zip_code":"40873","country":"US","city":"Wallins Creek","state":"Kentucky","state_ab":"KY","county":"Harlan","geo_location":{ "type": "Point", "coordinates": [-83.419, 36.8165] }},
{"zip_code":"42749","country":"US","city":"Horse Cave","state":"Kentucky","state_ab":"KY","county":"Hart","geo_location":{ "type": "Point", "coordinates": [-85.8785, 37.1849] }},
{"zip_code":"40019","country":"US","city":"Eminence","state":"Kentucky","state_ab":"KY","county":"Henry","geo_location":{ "type": "Point", "coordinates": [-85.1782, 38.3696] }},
{"zip_code":"42413","country":"US","city":"Hanson","state":"Kentucky","state_ab":"KY","county":"Hopkins","geo_location":{ "type": "Point", "coordinates": [-87.4751, 37.4382] }},
{"zip_code":"42440","country":"US","city":"Mortons Gap","state":"Kentucky","state_ab":"KY","county":"Hopkins","geo_location":{ "type": "Point", "coordinates": [-87.4615, 37.249] }},
{"zip_code":"42453","country":"US","city":"Saint Charles","state":"Kentucky","state_ab":"KY","county":"Hopkins","geo_location":{ "type": "Point", "coordinates": [-87.5697, 37.1604] }},
{"zip_code":"40486","country":"US","city":"Tyner","state":"Kentucky","state_ab":"KY","county":"Jackson","geo_location":{ "type": "Point", "coordinates": [-83.8619, 37.3693] }},
{"zip_code":"40936","country":"US","city":"Annville","state":"Kentucky","state_ab":"KY","county":"Jackson County","geo_location":{ "type": "Point", "coordinates": [-83.901, 37.2193] }},
{"zip_code":"40059","country":"US","city":"Prospect","state":"Kentucky","state_ab":"KY","county":"Jefferson","geo_location":{ "type": "Point", "coordinates": [-85.6083, 38.356] }},
{"zip_code":"30249","country":"US","city":"Loganville","state":"Georgia","state_ab":"GA","county":"Henry County","geo_location":{ "type": "Point", "coordinates": [-83.9002, 33.8312] }},
{"zip_code":"31099","country":"US","city":"Warner Robins","state":"Georgia","state_ab":"GA","county":"Houston","geo_location":{ "type": "Point", "coordinates": [-83.6513, 32.6462] }},
{"zip_code":"31769","country":"US","city":"Mystic","state":"Georgia","state_ab":"GA","county":"Irwin","geo_location":{ "type": "Point", "coordinates": [-83.2498, 31.6209] }},
{"zip_code":"30599","country":"US","city":"Commerce","state":"Georgia","state_ab":"GA","county":"Jackson","geo_location":{ "type": "Point", "coordinates": [-83.5874, 34.1306] }},
{"zip_code":"30803","country":"US","city":"Avera","state":"Georgia","state_ab":"GA","county":"Jefferson","geo_location":{ "type": "Point", "coordinates": [-82.515, 33.141] }},
{"zip_code":"31033","country":"US","city":"Haddock","state":"Georgia","state_ab":"GA","county":"Jones","geo_location":{ "type": "Point", "coordinates": [-83.4312, 33.0519] }},
{"zip_code":"31019","country":"US","city":"Dexter","state":"Georgia","state_ab":"GA","county":"Laurens","geo_location":{ "type": "Point", "coordinates": [-83.0528, 32.4356] }},
{"zip_code":"31316","country":"US","city":"Ludowici","state":"Georgia","state_ab":"GA","county":"Long","geo_location":{ "type": "Point", "coordinates": [-81.7453, 31.7705] }},
{"zip_code":"30533","country":"US","city":"Dahlonega","state":"Georgia","state_ab":"GA","county":"Lumpkin","geo_location":{ "type": "Point", "coordinates": [-83.9798, 34.5299] }},
{"zip_code":"31716","country":"US","city":"Baconton","state":"Georgia","state_ab":"GA","county":"Mitchell","geo_location":{ "type": "Point", "coordinates": [-84.1135, 31.3878] }},
{"zip_code":"31730","country":"US","city":"Camilla","state":"Georgia","state_ab":"GA","county":"Mitchell","geo_location":{ "type": "Point", "coordinates": [-84.2297, 31.2199] }},
{"zip_code":"31046","country":"US","city":"Juliette","state":"Georgia","state_ab":"GA","county":"Monroe","geo_location":{ "type": "Point", "coordinates": [-83.8235, 33.1194] }},
{"zip_code":"31086","country":"US","city":"Smarr","state":"Georgia","state_ab":"GA","county":"Monroe","geo_location":{ "type": "Point", "coordinates": [-83.8761, 32.9895] }},
{"zip_code":"30470","country":"US","city":"Tarrytown","state":"Georgia","state_ab":"GA","county":"Montgomery","geo_location":{ "type": "Point", "coordinates": [-82.5221, 32.1888] }},
{"zip_code":"30623","country":"US","city":"Bostwick","state":"Georgia","state_ab":"GA","county":"Morgan","geo_location":{ "type": "Point", "coordinates": [-83.5111, 33.7542] }},
{"zip_code":"30650","country":"US","city":"Madison","state":"Georgia","state_ab":"GA","county":"Morgan","geo_location":{ "type": "Point", "coordinates": [-83.4618, 33.5947] }},
{"zip_code":"30663","country":"US","city":"Rutledge","state":"Georgia","state_ab":"GA","county":"Morgan","geo_location":{ "type": "Point", "coordinates": [-83.6023, 33.6163] }},
{"zip_code":"31820","country":"US","city":"Midland","state":"Georgia","state_ab":"GA","county":"Muscogee","geo_location":{ "type": "Point", "coordinates": [-84.8559, 32.5616] }},
{"zip_code":"31909","country":"US","city":"Columbus","state":"Georgia","state_ab":"GA","county":"Muscogee","geo_location":{ "type": "Point", "coordinates": [-84.9274, 32.5369] }},
{"zip_code":"30016","country":"US","city":"Covington","state":"Georgia","state_ab":"GA","county":"Newton","geo_location":{ "type": "Point", "coordinates": [-83.8626, 33.5146] }},
{"zip_code":"30056","country":"US","city":"Newborn","state":"Georgia","state_ab":"GA","county":"Newton","geo_location":{ "type": "Point", "coordinates": [-83.7072, 33.5149] }},
{"zip_code":"30070","country":"US","city":"Porterdale","state":"Georgia","state_ab":"GA","county":"Newton","geo_location":{ "type": "Point", "coordinates": [-83.8951, 33.5712] }},
{"zip_code":"30209","country":"US","city":"Covington","state":"Georgia","state_ab":"GA","county":"Newton County","geo_location":{ "type": "Point", "coordinates": [-83.8854, 33.5746] }},
{"zip_code":"30210","country":"US","city":"Covington","state":"Georgia","state_ab":"GA","county":"Newton County","geo_location":{ "type": "Point", "coordinates": [-83.8601, 33.5965] }},
{"zip_code":"30573","country":"US","city":"Tallulah Falls","state":"Georgia","state_ab":"GA","county":"Rabun","geo_location":{ "type": "Point", "coordinates": [-83.3977, 34.742] }},
{"zip_code":"30906","country":"US","city":"Augusta","state":"Georgia","state_ab":"GA","county":"Richmond","geo_location":{ "type": "Point", "coordinates": [-82.0099, 33.3589] }},
{"zip_code":"30919","country":"US","city":"Augusta","state":"Georgia","state_ab":"GA","county":"Richmond","geo_location":{ "type": "Point", "coordinates": [-82.091, 33.386] }},
{"zip_code":"30999","country":"US","city":"Augusta","state":"Georgia","state_ab":"GA","county":"Richmond","geo_location":{ "type": "Point", "coordinates": [-82.091, 33.386] }},
{"zip_code":"31806","country":"US","city":"Ellaville","state":"Georgia","state_ab":"GA","county":"Schley","geo_location":{ "type": "Point", "coordinates": [-84.3039, 32.239] }},
{"zip_code":"39859","country":"US","city":"Iron City","state":"Georgia","state_ab":"GA","county":"Seminole County","geo_location":{ "type": "Point", "coordinates": [-84.8138, 31.013] }},
{"zip_code":"30223","country":"US","city":"Griffin","state":"Georgia","state_ab":"GA","county":"Spalding","geo_location":{ "type": "Point", "coordinates": [-84.2728, 33.2549] }},
{"zip_code":"31743","country":"US","city":"De Soto","state":"Georgia","state_ab":"GA","county":"Sumter","geo_location":{ "type": "Point", "coordinates": [-84.0271, 31.9502] }},
{"zip_code":"31006","country":"US","city":"Butler","state":"Georgia","state_ab":"GA","county":"Taylor","geo_location":{ "type": "Point", "coordinates": [-84.2343, 32.5726] }},
{"zip_code":"31060","country":"US","city":"Milan","state":"Georgia","state_ab":"GA","county":"Telfair","geo_location":{ "type": "Point", "coordinates": [-83.0588, 31.9618] }},
{"zip_code":"31549","country":"US","city":"Lumber City","state":"Georgia","state_ab":"GA","county":"Telfair","geo_location":{ "type": "Point", "coordinates": [-82.7073, 31.9251] }},
{"zip_code":"31626","country":"US","city":"Boston","state":"Georgia","state_ab":"GA","county":"Thomas","geo_location":{ "type": "Point", "coordinates": [-83.7971, 30.7855] }},
{"zip_code":"30546","country":"US","city":"Hiawassee","state":"Georgia","state_ab":"GA","county":"Towns","geo_location":{ "type": "Point", "coordinates": [-83.7274, 34.9063] }},
{"zip_code":"31833","country":"US","city":"West Point","state":"Georgia","state_ab":"GA","county":"Troup","geo_location":{ "type": "Point", "coordinates": [-85.1197, 32.8337] }},
{"zip_code":"31783","country":"US","city":"Rebecca","state":"Georgia","state_ab":"GA","county":"Turner","geo_location":{ "type": "Point", "coordinates": [-83.5235, 31.7979] }},
{"zip_code":"31020","country":"US","city":"Dry Branch","state":"Georgia","state_ab":"GA","county":"Twiggs","geo_location":{ "type": "Point", "coordinates": [-83.4558, 32.7151] }},
{"zip_code":"30739","country":"US","city":"Rock Spring","state":"Georgia","state_ab":"GA","county":"Walker","geo_location":{ "type": "Point", "coordinates": [-85.2415, 34.8065] }},
{"zip_code":"31550","country":"US","city":"Manor","state":"Georgia","state_ab":"GA","county":"Ware","geo_location":{ "type": "Point", "coordinates": [-82.5742, 31.1088] }},
{"zip_code":"30740","country":"US","city":"Rocky Face","state":"Georgia","state_ab":"GA","county":"Whitfield","geo_location":{ "type": "Point", "coordinates": [-85.0561, 34.7745] }},
{"zip_code":"31796","country":"US","city":"Warwick","state":"Georgia","state_ab":"GA","county":"Worth","geo_location":{ "type": "Point", "coordinates": [-83.8762, 31.7622] }},
{"zip_code":"96726","country":"US","city":"Honaunau","state":"Hawaii","state_ab":"HI","county":"Hawaii","geo_location":{ "type": "Point", "coordinates": [-155.8453, 19.2783] }},
{"zip_code":"96739","country":"US","city":"Keauhou","state":"Hawaii","state_ab":"HI","county":"Hawaii","geo_location":{ "type": "Point", "coordinates": [-155.438, 19.5935] }},
{"zip_code":"96740","country":"US","city":"Kailua Kona","state":"Hawaii","state_ab":"HI","county":"Hawaii","geo_location":{ "type": "Point", "coordinates": [-155.9798, 19.6531] }},
{"zip_code":"96780","country":"US","city":"Papaaloa","state":"Hawaii","state_ab":"HI","county":"Hawaii","geo_location":{ "type": "Point", "coordinates": [-155.2184, 19.9048] }},
{"zip_code":"96803","country":"US","city":"Honolulu","state":"Hawaii","state_ab":"HI","county":"Honolulu","geo_location":{ "type": "Point", "coordinates": [-157.8585, 21.306] }},
{"zip_code":"96816","country":"US","city":"Honolulu","state":"Hawaii","state_ab":"HI","county":"Honolulu","geo_location":{ "type": "Point", "coordinates": [-157.8006, 21.2887] }},
{"zip_code":"96830","country":"US","city":"Honolulu","state":"Hawaii","state_ab":"HI","county":"Honolulu","geo_location":{ "type": "Point", "coordinates": [-157.834, 21.2841] }},
{"zip_code":"96843","country":"US","city":"Honolulu","state":"Hawaii","state_ab":"HI","county":"Honolulu","geo_location":{ "type": "Point", "coordinates": [-157.853, 21.3055] }},
{"zip_code":"96766","country":"US","city":"Lihue","state":"Hawaii","state_ab":"HI","county":"Kauai","geo_location":{ "type": "Point", "coordinates": [-159.3683, 21.9816] }},
{"zip_code":"96713","country":"US","city":"Hana","state":"Hawaii","state_ab":"HI","county":"Maui","geo_location":{ "type": "Point", "coordinates": [-156.0397, 20.7616] }},
{"zip_code":"96753","country":"US","city":"Kihei","state":"Hawaii","state_ab":"HI","county":"Maui","geo_location":{ "type": "Point", "coordinates": [-156.4475, 20.7441] }},
{"zip_code":"96779","country":"US","city":"Paia","state":"Hawaii","state_ab":"HI","county":"Maui","geo_location":{ "type": "Point", "coordinates": [-156.3802, 20.9154] }},
{"zip_code":"96793","country":"US","city":"Wailuku","state":"Hawaii","state_ab":"HI","county":"Maui","geo_location":{ "type": "Point", "coordinates": [-156.5036, 20.8966] }},
{"zip_code":"50849","country":"US","city":"Greenfield","state":"Iowa","state_ab":"IA","county":"Adair","geo_location":{ "type": "Point", "coordinates": [-94.4408, 41.3133] }},
{"zip_code":"52146","country":"US","city":"Harpers Ferry","state":"Iowa","state_ab":"IA","county":"Allamakee","geo_location":{ "type": "Point", "coordinates": [-91.2188, 43.1698] }},
{"zip_code":"52160","country":"US","city":"New Albin","state":"Iowa","state_ab":"IA","county":"Allamakee","geo_location":{ "type": "Point", "coordinates": [-91.2942, 43.4899] }},
{"zip_code":"50076","country":"US","city":"Exira","state":"Iowa","state_ab":"IA","county":"Audubon","geo_location":{ "type": "Point", "coordinates": [-94.8571, 41.5768] }},
{"zip_code":"51543","country":"US","city":"Kimballton","state":"Iowa","state_ab":"IA","county":"Audubon","geo_location":{ "type": "Point", "coordinates": [-95.0553, 41.6352] }},
{"zip_code":"52209","country":"US","city":"Blairstown","state":"Iowa","state_ab":"IA","county":"Benton","geo_location":{ "type": "Point", "coordinates": [-92.0829, 41.9063] }},
{"zip_code":"52249","country":"US","city":"Keystone","state":"Iowa","state_ab":"IA","county":"Benton","geo_location":{ "type": "Point", "coordinates": [-92.2179, 42.0156] }},
{"zip_code":"52313","country":"US","city":"Mount Auburn","state":"Iowa","state_ab":"IA","county":"Benton","geo_location":{ "type": "Point", "coordinates": [-92.1595, 42.2554] }},
{"zip_code":"50643","country":"US","city":"Hudson","state":"Iowa","state_ab":"IA","county":"Black Hawk","geo_location":{ "type": "Point", "coordinates": [-92.4549, 42.3905] }},
{"zip_code":"50706","country":"US","city":"Waterloo","state":"Iowa","state_ab":"IA","county":"Black Hawk","geo_location":{ "type": "Point", "coordinates": [-92.2703, 42.4156] }},
{"zip_code":"50799","country":"US","city":"Waterloo","state":"Iowa","state_ab":"IA","county":"Black Hawk","geo_location":{ "type": "Point", "coordinates": [-92.3095, 42.4698] }},
{"zip_code":"50036","country":"US","city":"Boone","state":"Iowa","state_ab":"IA","county":"Boone","geo_location":{ "type": "Point", "coordinates": [-93.8781, 42.0694] }},
{"zip_code":"50629","country":"US","city":"Fairbank","state":"Iowa","state_ab":"IA","county":"Buchanan","geo_location":{ "type": "Point", "coordinates": [-92.0326, 42.6162] }},
{"zip_code":"52210","country":"US","city":"Brandon","state":"Iowa","state_ab":"IA","county":"Buchanan","geo_location":{ "type": "Point", "coordinates": [-92.0059, 42.3309] }},
{"zip_code":"52326","country":"US","city":"Quasqueton","state":"Iowa","state_ab":"IA","county":"Buchanan","geo_location":{ "type": "Point", "coordinates": [-91.7679, 42.3956] }},
{"zip_code":"50670","country":"US","city":"Shell Rock","state":"Iowa","state_ab":"IA","county":"Butler","geo_location":{ "type": "Point", "coordinates": [-92.5888, 42.7061] }},
{"zip_code":"50579","country":"US","city":"Rockwell City","state":"Iowa","state_ab":"IA","county":"Calhoun","geo_location":{ "type": "Point", "coordinates": [-94.6292, 42.3961] }},
{"zip_code":"51453","country":"US","city":"Lohrville","state":"Iowa","state_ab":"IA","county":"Calhoun","geo_location":{ "type": "Point", "coordinates": [-94.5566, 42.2619] }},
{"zip_code":"51440","country":"US","city":"Dedham","state":"Iowa","state_ab":"IA","county":"Carroll","geo_location":{ "type": "Point", "coordinates": [-94.8149, 41.9055] }},
{"zip_code":"50603","country":"US","city":"Alta Vista","state":"Iowa","state_ab":"IA","county":"Chickasaw","geo_location":{ "type": "Point", "coordinates": [-92.4237, 43.1482] }},
{"zip_code":"50630","country":"US","city":"Fredericksburg","state":"Iowa","state_ab":"IA","county":"Chickasaw","geo_location":{ "type": "Point", "coordinates": [-92.1983, 42.9593] }},
{"zip_code":"52043","country":"US","city":"Elkader","state":"Iowa","state_ab":"IA","county":"Clayton","geo_location":{ "type": "Point", "coordinates": [-91.4143, 42.8496] }},
{"zip_code":"52159","country":"US","city":"Monona","state":"Iowa","state_ab":"IA","county":"Clayton","geo_location":{ "type": "Point", "coordinates": [-91.3934, 43.034] }},
{"zip_code":"51439","country":"US","city":"Charter Oak","state":"Iowa","state_ab":"IA","county":"Crawford","geo_location":{ "type": "Point", "coordinates": [-95.5992, 42.0707] }},
{"zip_code":"50063","country":"US","city":"Dallas Center","state":"Iowa","state_ab":"IA","county":"Dallas","geo_location":{ "type": "Point", "coordinates": [-93.9707, 41.6862] }},
{"zip_code":"52560","country":"US","city":"Floris","state":"Iowa","state_ab":"IA","county":"Davis","geo_location":{ "type": "Point", "coordinates": [-92.3247, 40.8591] }},
{"zip_code":"50140","country":"US","city":"Lamoni","state":"Iowa","state_ab":"IA","county":"Decatur","geo_location":{ "type": "Point", "coordinates": [-93.9349, 40.6229] }},
{"zip_code":"52223","country":"US","city":"Delhi","state":"Iowa","state_ab":"IA","county":"Delaware","geo_location":{ "type": "Point", "coordinates": [-91.3107, 42.4137] }},
{"zip_code":"52623","country":"US","city":"Danville","state":"Iowa","state_ab":"IA","county":"Des Moines","geo_location":{ "type": "Point", "coordinates": [-91.314, 40.854] }},
{"zip_code":"52650","country":"US","city":"Sperry","state":"Iowa","state_ab":"IA","county":"Des Moines","geo_location":{ "type": "Point", "coordinates": [-91.185, 40.9419] }},
{"zip_code":"51363","country":"US","city":"Superior","state":"Iowa","state_ab":"IA","county":"Dickinson","geo_location":{ "type": "Point", "coordinates": [-94.9469, 43.4318] }},
{"zip_code":"52003","country":"US","city":"Dubuque","state":"Iowa","state_ab":"IA","county":"Dubuque","geo_location":{ "type": "Point", "coordinates": [-90.6829, 42.4649] }},
{"zip_code":"52056","country":"US","city":"Luxemburg","state":"Iowa","state_ab":"IA","county":"Dubuque","geo_location":{ "type": "Point", "coordinates": [-91.0621, 42.5783] }},
{"zip_code":"50616","country":"US","city":"Charles City","state":"Iowa","state_ab":"IA","county":"Floyd","geo_location":{ "type": "Point", "coordinates": [-92.6761, 43.0683] }},
{"zip_code":"50050","country":"US","city":"Churdan","state":"Iowa","state_ab":"IA","county":"Greene","geo_location":{ "type": "Point", "coordinates": [-94.4933, 42.1614] }},
{"zip_code":"50669","country":"US","city":"Reinbeck","state":"Iowa","state_ab":"IA","county":"Grundy","geo_location":{ "type": "Point", "coordinates": [-92.5948, 42.3131] }},
{"zip_code":"50216","country":"US","city":"Panora","state":"Iowa","state_ab":"IA","county":"Guthrie","geo_location":{ "type": "Point", "coordinates": [-94.3606, 41.6967] }},
{"zip_code":"50423","country":"US","city":"Britt","state":"Iowa","state_ab":"IA","county":"Hancock","geo_location":{ "type": "Point", "coordinates": [-93.7752, 43.1006] }},
{"zip_code":"50449","country":"US","city":"Klemme","state":"Iowa","state_ab":"IA","county":"Hancock","geo_location":{ "type": "Point", "coordinates": [-93.5879, 43.0136] }},
{"zip_code":"50126","country":"US","city":"Iowa Falls","state":"Iowa","state_ab":"IA","county":"Hardin","geo_location":{ "type": "Point", "coordinates": [-93.2709, 42.5138] }},
{"zip_code":"50230","country":"US","city":"Radcliffe","state":"Iowa","state_ab":"IA","county":"Hardin","geo_location":{ "type": "Point", "coordinates": [-93.4234, 42.3241] }},
{"zip_code":"50269","country":"US","city":"Whitten","state":"Iowa","state_ab":"IA","county":"Hardin","geo_location":{ "type": "Point", "coordinates": [-93.0214, 42.2718] }},
{"zip_code":"51529","country":"US","city":"Dunlap","state":"Iowa","state_ab":"IA","county":"Harrison","geo_location":{ "type": "Point", "coordinates": [-95.6257, 41.8603] }},
{"zip_code":"51556","country":"US","city":"Modale","state":"Iowa","state_ab":"IA","county":"Harrison","geo_location":{ "type": "Point", "coordinates": [-95.9852, 41.6371] }},
{"zip_code":"52649","country":"US","city":"Salem","state":"Iowa","state_ab":"IA","county":"Henry","geo_location":{ "type": "Point", "coordinates": [-91.6336, 40.8568] }},
{"zip_code":"52236","country":"US","city":"Homestead","state":"Iowa","state_ab":"IA","county":"Iowa","geo_location":{ "type": "Point", "coordinates": [-91.8795, 41.7339] }},
{"zip_code":"52030","country":"US","city":"Andrew","state":"Iowa","state_ab":"IA","county":"Jackson","geo_location":{ "type": "Point", "coordinates": [-90.6107, 42.1641] }},
{"zip_code":"52069","country":"US","city":"Preston","state":"Iowa","state_ab":"IA","county":"Jackson","geo_location":{ "type": "Point", "coordinates": [-90.3954, 42.0539] }},
{"zip_code":"52070","country":"US","city":"Sabula","state":"Iowa","state_ab":"IA","county":"Jackson","geo_location":{ "type": "Point", "coordinates": [-90.1955, 42.0737] }},
{"zip_code":"50153","country":"US","city":"Lynnville","state":"Iowa","state_ab":"IA","county":"Jasper","geo_location":{ "type": "Point", "coordinates": [-92.7877, 41.5698] }},
{"zip_code":"52533","country":"US","city":"Batavia","state":"Iowa","state_ab":"IA","county":"Jefferson","geo_location":{ "type": "Point", "coordinates": [-92.1431, 40.9905] }},
{"zip_code":"52340","country":"US","city":"Tiffin","state":"Iowa","state_ab":"IA","county":"Johnson","geo_location":{ "type": "Point", "coordinates": [-91.6773, 41.7018] }},
{"zip_code":"52250","country":"US","city":"Kinross","state":"Iowa","state_ab":"IA","county":"Keokuk County","geo_location":{ "type": "Point", "coordinates": [-92.0025, 41.4698] }},
{"zip_code":"50539","country":"US","city":"Fenton","state":"Iowa","state_ab":"IA","county":"Kossuth","geo_location":{ "type": "Point", "coordinates": [-94.4044, 43.242] }},
{"zip_code":"52403","country":"US","city":"Cedar Rapids","state":"Iowa","state_ab":"IA","county":"Linn","geo_location":{ "type": "Point", "coordinates": [-91.6259, 41.9843] }},
{"zip_code":"50049","country":"US","city":"Chariton","state":"Iowa","state_ab":"IA","county":"Lucas","geo_location":{ "type": "Point", "coordinates": [-93.3042, 41.0226] }},
{"zip_code":"51246","country":"US","city":"Rock Rapids","state":"Iowa","state_ab":"IA","county":"Lyon","geo_location":{ "type": "Point", "coordinates": [-96.1781, 43.4272] }},
{"zip_code":"52586","country":"US","city":"Rose Hill","state":"Iowa","state_ab":"IA","county":"Mahaska","geo_location":{ "type": "Point", "coordinates": [-92.472, 41.3309] }},
{"zip_code":"50256","country":"US","city":"Tracy","state":"Iowa","state_ab":"IA","county":"Marion","geo_location":{ "type": "Point", "coordinates": [-92.8753, 41.2756] }},
{"zip_code":"50476","country":"US","city":"Stacyville","state":"Iowa","state_ab":"IA","county":"Mitchell","geo_location":{ "type": "Point", "coordinates": [-92.761, 43.4457] }},
{"zip_code":"51040","country":"US","city":"Onawa","state":"Iowa","state_ab":"IA","county":"Monona","geo_location":{ "type": "Point", "coordinates": [-96.1072, 42.037] }},
{"zip_code":"52739","country":"US","city":"Conesville","state":"Iowa","state_ab":"IA","county":"Muscatine","geo_location":{ "type": "Point", "coordinates": [-91.3465, 41.3805] }},
{"zip_code":"52766","country":"US","city":"Nichols","state":"Iowa","state_ab":"IA","county":"Muscatine","geo_location":{ "type": "Point", "coordinates": [-91.2931, 41.4766] }},
{"zip_code":"51349","country":"US","city":"May City","state":"Iowa","state_ab":"IA","county":"Osceola","geo_location":{ "type": "Point", "coordinates": [-95.6248, 43.3779] }},
{"zip_code":"51350","country":"US","city":"Melvin","state":"Iowa","state_ab":"IA","county":"Osceola","geo_location":{ "type": "Point", "coordinates": [-95.593, 43.2845] }},
{"zip_code":"50580","country":"US","city":"Rodman","state":"Iowa","state_ab":"IA","county":"Palo Alto County","geo_location":{ "type": "Point", "coordinates": [-94.5003, 43.0372] }},
{"zip_code":"50540","country":"US","city":"Fonda","state":"Iowa","state_ab":"IA","county":"Pocahontas","geo_location":{ "type": "Point", "coordinates": [-94.8297, 42.6051] }},
{"zip_code":"50553","country":"US","city":"Fonda","state":"Iowa","state_ab":"IA","county":"Pocahontas County","geo_location":{ "type": "Point", "coordinates": [-94.8544, 42.5205] }},
{"zip_code":"50593","country":"US","city":"Varina","state":"Iowa","state_ab":"IA","county":"Pocahontas","geo_location":{ "type": "Point", "coordinates": [-94.8979, 42.6598] }},
{"zip_code":"50009","country":"US","city":"Altoona","state":"Iowa","state_ab":"IA","county":"Polk","geo_location":{ "type": "Point", "coordinates": [-93.4724, 41.6475] }},
{"zip_code":"50023","country":"US","city":"Ankeny","state":"Iowa","state_ab":"IA","county":"Polk County","geo_location":{ "type": "Point", "coordinates": [-93.6266, 41.7194] }},
{"zip_code":"50243","country":"US","city":"Sheldahl","state":"Iowa","state_ab":"IA","county":"Polk","geo_location":{ "type": "Point", "coordinates": [-93.6973, 41.8571] }},
{"zip_code":"50306","country":"US","city":"Des Moines","state":"Iowa","state_ab":"IA","county":"Polk","geo_location":{ "type": "Point", "coordinates": [-93.5722, 41.6727] }},
{"zip_code":"50319","country":"US","city":"Des Moines","state":"Iowa","state_ab":"IA","county":"Polk","geo_location":{ "type": "Point", "coordinates": [-93.604, 41.5921] }},
{"zip_code":"50320","country":"US","city":"Des Moines","state":"Iowa","state_ab":"IA","county":"Polk","geo_location":{ "type": "Point", "coordinates": [-93.5827, 41.5487] }},
{"zip_code":"50333","country":"US","city":"Des Moines","state":"Iowa","state_ab":"IA","county":"Polk","geo_location":{ "type": "Point", "coordinates": [-93.5722, 41.6727] }},
{"zip_code":"50359","country":"US","city":"Des Moines","state":"Iowa","state_ab":"IA","county":"Polk","geo_location":{ "type": "Point", "coordinates": [-93.5722, 41.6727] }},
{"zip_code":"50360","country":"US","city":"Des Moines","state":"Iowa","state_ab":"IA","county":"Polk","geo_location":{ "type": "Point", "coordinates": [-93.5722, 41.6727] }},
{"zip_code":"50940","country":"US","city":"Des Moines","state":"Iowa","state_ab":"IA","county":"Polk","geo_location":{ "type": "Point", "coordinates": [-93.5722, 41.6727] }},
{"zip_code":"50980","country":"US","city":"Des Moines","state":"Iowa","state_ab":"IA","county":"Polk","geo_location":{ "type": "Point", "coordinates": [-93.5722, 41.6727] }},
{"zip_code":"51503","country":"US","city":"Council Bluffs","state":"Iowa","state_ab":"IA","county":"Pottawattamie","geo_location":{ "type": "Point", "coordinates": [-95.8251, 41.2616] }},
{"zip_code":"51570","country":"US","city":"Shelby","state":"Iowa","state_ab":"IA","county":"Pottawattamie","geo_location":{ "type": "Point", "coordinates": [-95.4469, 41.5339] }},
{"zip_code":"50863","country":"US","city":"Tingley","state":"Iowa","state_ab":"IA","county":"Ringgold","geo_location":{ "type": "Point", "coordinates": [-94.1908, 40.8516] }},
{"zip_code":"51053","country":"US","city":"Schaller","state":"Iowa","state_ab":"IA","county":"Sac","geo_location":{ "type": "Point", "coordinates": [-95.2846, 42.5055] }},
{"zip_code":"51466","country":"US","city":"Wall Lake","state":"Iowa","state_ab":"IA","county":"Sac","geo_location":{ "type": "Point", "coordinates": [-95.0852, 42.2653] }},
{"zip_code":"52726","country":"US","city":"Blue Grass","state":"Iowa","state_ab":"IA","county":"Scott","geo_location":{ "type": "Point", "coordinates": [-90.738, 41.5112] }},
{"zip_code":"52753","country":"US","city":"Le Claire","state":"Iowa","state_ab":"IA","county":"Scott","geo_location":{ "type": "Point", "coordinates": [-90.3628, 41.6082] }},
{"zip_code":"52803","country":"US","city":"Davenport","state":"Iowa","state_ab":"IA","county":"Scott","geo_location":{ "type": "Point", "coordinates": [-90.5613, 41.5385] }},
{"zip_code":"51530","country":"US","city":"Earling","state":"Iowa","state_ab":"IA","county":"Shelby","geo_location":{ "type": "Point", "coordinates": [-95.421, 41.7925] }},
{"zip_code":"50010","country":"US","city":"Ames","state":"Iowa","state_ab":"IA","county":"Story","geo_location":{ "type": "Point", "coordinates": [-93.6003, 42.0379] }},
{"zip_code":"52339","country":"US","city":"Tama","state":"Iowa","state_ab":"IA","county":"Tama","geo_location":{ "type": "Point", "coordinates": [-92.58, 41.9616] }},
{"zip_code":"50836","country":"US","city":"Blockton","state":"Iowa","state_ab":"IA","county":"Taylor","geo_location":{ "type": "Point", "coordinates": [-94.5049, 40.6242] }},
{"zip_code":"51646","country":"US","city":"New Market","state":"Iowa","state_ab":"IA","county":"Taylor","geo_location":{ "type": "Point", "coordinates": [-94.8917, 40.7422] }},
{"zip_code":"50850","country":"US","city":"Kent","state":"Iowa","state_ab":"IA","county":"Union County","geo_location":{ "type": "Point", "coordinates": [-94.4215, 40.9474] }},
{"zip_code":"52573","country":"US","city":"Mount Sterling","state":"Iowa","state_ab":"IA","county":"Van Buren","geo_location":{ "type": "Point", "coordinates": [-91.9027, 40.6458] }},
{"zip_code":"50139","country":"US","city":"Lacona","state":"Iowa","state_ab":"IA","county":"Warren","geo_location":{ "type": "Point", "coordinates": [-93.3838, 41.1988] }},
{"zip_code":"50166","country":"US","city":"Milo","state":"Iowa","state_ab":"IA","county":"Warren","geo_location":{ "type": "Point", "coordinates": [-93.4454, 41.2904] }},
{"zip_code":"50229","country":"US","city":"Prole","state":"Iowa","state_ab":"IA","county":"Warren","geo_location":{ "type": "Point", "coordinates": [-93.7344, 41.383] }},
{"zip_code":"52353","country":"US","city":"Washington","state":"Iowa","state_ab":"IA","county":"Washington","geo_location":{ "type": "Point", "coordinates": [-91.6987, 41.3015] }},
{"zip_code":"50566","country":"US","city":"Moorland","state":"Iowa","state_ab":"IA","county":"Webster","geo_location":{ "type": "Point", "coordinates": [-94.3199, 42.434] }},
{"zip_code":"50436","country":"US","city":"Forest City","state":"Iowa","state_ab":"IA","county":"Winnebago","geo_location":{ "type": "Point", "coordinates": [-93.6356, 43.2692] }},
{"zip_code":"50450","country":"US","city":"Lake Mills","state":"Iowa","state_ab":"IA","county":"Winnebago","geo_location":{ "type": "Point", "coordinates": [-93.5336, 43.4167] }},
{"zip_code":"52133","country":"US","city":"Castalia","state":"Iowa","state_ab":"IA","county":"Winneshiek","geo_location":{ "type": "Point", "coordinates": [-91.6643, 43.1361] }},
{"zip_code":"51026","country":"US","city":"Hornick","state":"Iowa","state_ab":"IA","county":"Woodbury","geo_location":{ "type": "Point", "coordinates": [-96.0796, 42.2897] }},
{"zip_code":"51039","country":"US","city":"Moville","state":"Iowa","state_ab":"IA","county":"Woodbury","geo_location":{ "type": "Point", "coordinates": [-96.0656, 42.4819] }},
{"zip_code":"51103","country":"US","city":"Sioux City","state":"Iowa","state_ab":"IA","county":"Woodbury","geo_location":{ "type": "Point", "coordinates": [-96.4295, 42.5068] }},
{"zip_code":"50526","country":"US","city":"Clarion","state":"Iowa","state_ab":"IA","county":"Wright","geo_location":{ "type": "Point", "coordinates": [-93.7352, 42.733] }},
{"zip_code":"83713","country":"US","city":"Boise","state":"Idaho","state_ab":"ID","county":"Ada","geo_location":{ "type": "Point", "coordinates": [-116.3419, 43.634] }},
{"zip_code":"83726","country":"US","city":"Boise","state":"Idaho","state_ab":"ID","county":"Ada","geo_location":{ "type": "Point", "coordinates": [-116.244, 43.4599] }},
{"zip_code":"83209","country":"US","city":"Pocatello","state":"Idaho","state_ab":"ID","county":"Bannock","geo_location":{ "type": "Point", "coordinates": [-112.3138, 42.6395] }},
{"zip_code":"83250","country":"US","city":"McCammon","state":"Idaho","state_ab":"ID","county":"Bannock","geo_location":{ "type": "Point", "coordinates": [-112.1758, 42.6336] }},
{"zip_code":"83223","country":"US","city":"Bloomington","state":"Idaho","state_ab":"ID","county":"Bear Lake","geo_location":{ "type": "Point", "coordinates": [-111.4086, 42.184] }},
{"zip_code":"83830","country":"US","city":"Fernwood","state":"Idaho","state_ab":"ID","county":"Benewah","geo_location":{ "type": "Point", "coordinates": [-116.3831, 47.116] }},
{"zip_code":"83870","country":"US","city":"Tensed","state":"Idaho","state_ab":"ID","county":"Benewah","geo_location":{ "type": "Point", "coordinates": [-116.9027, 47.1707] }},
{"zip_code":"83210","country":"US","city":"Aberdeen","state":"Idaho","state_ab":"ID","county":"Bingham","geo_location":{ "type": "Point", "coordinates": [-112.84, 43.0049] }},
{"zip_code":"83236","country":"US","city":"Firth","state":"Idaho","state_ab":"ID","county":"Bingham","geo_location":{ "type": "Point", "coordinates": [-112.1588, 43.3021] }},
{"zip_code":"83313","country":"US","city":"Bellevue","state":"Idaho","state_ab":"ID","county":"Blaine","geo_location":{ "type": "Point", "coordinates": [-114.2498, 43.4397] }},
{"zip_code":"83340","country":"US","city":"Ketchum","state":"Idaho","state_ab":"ID","county":"Blaine","geo_location":{ "type": "Point", "coordinates": [-114.4858, 43.6692] }},
{"zip_code":"83353","country":"US","city":"Sun Valley","state":"Idaho","state_ab":"ID","county":"Blaine","geo_location":{ "type": "Point", "coordinates": [-114.3313, 43.6853] }},
{"zip_code":"83856","country":"US","city":"Priest River","state":"Idaho","state_ab":"ID","county":"Bonner","geo_location":{ "type": "Point", "coordinates": [-116.9066, 48.1664] }},
{"zip_code":"83403","country":"US","city":"Idaho Falls","state":"Idaho","state_ab":"ID","county":"Bonneville","geo_location":{ "type": "Point", "coordinates": [-111.3334, 43.4211] }},
{"zip_code":"83676","country":"US","city":"Wilder","state":"Idaho","state_ab":"ID","county":"Canyon","geo_location":{ "type": "Point", "coordinates": [-116.9122, 43.6579] }},
{"zip_code":"83276","country":"US","city":"Soda Springs","state":"Idaho","state_ab":"ID","county":"Caribou","geo_location":{ "type": "Point", "coordinates": [-111.5699, 42.6718] }},
{"zip_code":"83520","country":"US","city":"Ahsahka","state":"Idaho","state_ab":"ID","county":"Clearwater","geo_location":{ "type": "Point", "coordinates": [-116.3233, 46.5394] }},
{"zip_code":"83546","country":"US","city":"Pierce","state":"Idaho","state_ab":"ID","county":"Clearwater","geo_location":{ "type": "Point", "coordinates": [-115.8071, 46.4924] }},
{"zip_code":"83326","country":"US","city":"Elba","state":"Idaho","state_ab":"ID","county":"Custer County","geo_location":{ "type": "Point", "coordinates": [-113.6888, 42.1979] }},
{"zip_code":"83623","country":"US","city":"Glenns Ferry","state":"Idaho","state_ab":"ID","county":"Elmore","geo_location":{ "type": "Point", "coordinates": [-115.316, 42.9622] }},
{"zip_code":"83263","country":"US","city":"Preston","state":"Idaho","state_ab":"ID","county":"Franklin","geo_location":{ "type": "Point", "coordinates": [-111.8565, 42.1109] }},
{"zip_code":"83429","country":"US","city":"Island Park","state":"Idaho","state_ab":"ID","county":"Fremont","geo_location":{ "type": "Point", "coordinates": [-111.3679, 44.4466] }},
{"zip_code":"83636","country":"US","city":"Letha","state":"Idaho","state_ab":"ID","county":"Gem","geo_location":{ "type": "Point", "coordinates": [-116.6462, 43.8963] }},
{"zip_code":"83533","country":"US","city":"Greencreek","state":"Idaho","state_ab":"ID","county":"Idaho","geo_location":{ "type": "Point", "coordinates": [-116.2724, 46.1155] }},
{"zip_code":"83443","country":"US","city":"Ririe","state":"Idaho","state_ab":"ID","county":"Jefferson","geo_location":{ "type": "Point", "coordinates": [-111.5266, 43.5197] }},
{"zip_code":"83803","country":"US","city":"Bayview","state":"Idaho","state_ab":"ID","county":"Kootenai","geo_location":{ "type": "Point", "coordinates": [-116.5494, 47.9822] }},
{"zip_code":"83816","country":"US","city":"Coeur D Alene","state":"Idaho","state_ab":"ID","county":"Kootenai","geo_location":{ "type": "Point", "coordinates": [-116.6827, 47.6788] }},
{"zip_code":"83869","country":"US","city":"Spirit Lake","state":"Idaho","state_ab":"ID","county":"Kootenai","geo_location":{ "type": "Point", "coordinates": [-116.868, 47.9657] }},
{"zip_code":"83843","country":"US","city":"Moscow","state":"Idaho","state_ab":"ID","county":"Latah","geo_location":{ "type": "Point", "coordinates": [-116.9897, 46.7309] }},
{"zip_code":"83469","country":"US","city":"Shoup","state":"Idaho","state_ab":"ID","county":"Lemhi","geo_location":{ "type": "Point", "coordinates": [-114.406, 45.1851] }},
{"zip_code":"83650","country":"US","city":"Murphy","state":"Idaho","state_ab":"ID","county":"Owyhee","geo_location":{ "type": "Point", "coordinates": [-116.6371, 42.8481] }},
{"zip_code":"95439","country":"US","city":"Fulton","state":"California","state_ab":"CA","county":"Sonoma","geo_location":{ "type": "Point", "coordinates": [-122.7761, 38.4947] }},
{"zip_code":"95480","country":"US","city":"Stewarts Point","state":"California","state_ab":"CA","county":"Sonoma","geo_location":{ "type": "Point", "coordinates": [-123.3478, 38.7082] }},
{"zip_code":"95323","country":"US","city":"Hickman","state":"California","state_ab":"CA","county":"Stanislaus","geo_location":{ "type": "Point", "coordinates": [-120.7011, 37.6156] }},
{"zip_code":"95350","country":"US","city":"Modesto","state":"California","state_ab":"CA","county":"Stanislaus","geo_location":{ "type": "Point", "coordinates": [-121.0113, 37.6746] }},
{"zip_code":"95363","country":"US","city":"Patterson","state":"California","state_ab":"CA","county":"Stanislaus","geo_location":{ "type": "Point", "coordinates": [-121.1648, 37.4826] }},
{"zip_code":"95390","country":"US","city":"Riverbank","state":"California","state_ab":"CA","county":"Stanislaus","geo_location":{ "type": "Point", "coordinates": [-120.9389, 37.7347] }},
{"zip_code":"95659","country":"US","city":"Nicolaus","state":"California","state_ab":"CA","county":"Sutter","geo_location":{ "type": "Point", "coordinates": [-121.557, 38.8657] }},
{"zip_code":"96029","country":"US","city":"Flournoy","state":"California","state_ab":"CA","county":"Tehama","geo_location":{ "type": "Point", "coordinates": [-122.4918, 39.9024] }},
{"zip_code":"93279","country":"US","city":"Visalia","state":"California","state_ab":"CA","county":"Tulare","geo_location":{ "type": "Point", "coordinates": [-119.119, 36.3936] }},
{"zip_code":"93666","country":"US","city":"Sultana","state":"California","state_ab":"CA","county":"Tulare","geo_location":{ "type": "Point", "coordinates": [-119.352, 36.521] }},
{"zip_code":"95309","country":"US","city":"Chinese Camp","state":"California","state_ab":"CA","county":"Tuolumne","geo_location":{ "type": "Point", "coordinates": [-120.4069, 37.8594] }},
{"zip_code":"95310","country":"US","city":"Columbia","state":"California","state_ab":"CA","county":"Tuolumne","geo_location":{ "type": "Point", "coordinates": [-120.3971, 38.044] }},
{"zip_code":"93006","country":"US","city":"Ventura","state":"California","state_ab":"CA","county":"Ventura","geo_location":{ "type": "Point", "coordinates": [-119.1343, 34.0324] }},
{"zip_code":"93020","country":"US","city":"Moorpark","state":"California","state_ab":"CA","county":"Ventura","geo_location":{ "type": "Point", "coordinates": [-119.1343, 34.0324] }},
{"zip_code":"93033","country":"US","city":"Oxnard","state":"California","state_ab":"CA","county":"Ventura","geo_location":{ "type": "Point", "coordinates": [-119.1717, 34.1685] }},
{"zip_code":"93060","country":"US","city":"Santa Paula","state":"California","state_ab":"CA","county":"Ventura","geo_location":{ "type": "Point", "coordinates": [-119.0713, 34.3547] }},
{"zip_code":"93099","country":"US","city":"Simi Valley","state":"California","state_ab":"CA","county":"Ventura","geo_location":{ "type": "Point", "coordinates": [-119.1343, 34.0324] }},
{"zip_code":"95606","country":"US","city":"Brooks","state":"California","state_ab":"CA","county":"Yolo","geo_location":{ "type": "Point", "coordinates": [-122.2039, 38.8065] }},
{"zip_code":"95776","country":"US","city":"Woodland","state":"California","state_ab":"CA","county":"Yolo","geo_location":{ "type": "Point", "coordinates": [-121.7411, 38.6808] }},
{"zip_code":"95903","country":"US","city":"Beale Afb","state":"California","state_ab":"CA","county":"Yuba","geo_location":{ "type": "Point", "coordinates": [-121.3604, 39.1115] }},
{"zip_code":"80019","country":"US","city":"Aurora","state":"Colorado","state_ab":"CO","county":"Adams","geo_location":{ "type": "Point", "coordinates": [-104.7069, 39.7656] }},
{"zip_code":"80136","country":"US","city":"Strasburg","state":"Colorado","state_ab":"CO","county":"Adams","geo_location":{ "type": "Point", "coordinates": [-104.2683, 39.7814] }},
{"zip_code":"80640","country":"US","city":"Henderson","state":"Colorado","state_ab":"CO","county":"Adams","geo_location":{ "type": "Point", "coordinates": [-104.8718, 39.8983] }},
{"zip_code":"80046","country":"US","city":"Aurora","state":"Colorado","state_ab":"CO","county":"Arapahoe","geo_location":{ "type": "Point", "coordinates": [-104.4083, 39.7388] }},
{"zip_code":"80110","country":"US","city":"Englewood","state":"Colorado","state_ab":"CO","county":"Arapahoe","geo_location":{ "type": "Point", "coordinates": [-105.0092, 39.6463] }},
{"zip_code":"80150","country":"US","city":"Englewood","state":"Colorado","state_ab":"CO","county":"Arapahoe","geo_location":{ "type": "Point", "coordinates": [-104.4083, 39.7388] }},
{"zip_code":"81090","country":"US","city":"Walsh","state":"Colorado","state_ab":"CO","county":"Baca","geo_location":{ "type": "Point", "coordinates": [-102.2537, 37.3521] }},
{"zip_code":"80020","country":"US","city":"Broomfield","state":"Colorado","state_ab":"CO","county":"Boulder","geo_location":{ "type": "Point", "coordinates": [-105.0609, 39.9245] }},
{"zip_code":"80303","country":"US","city":"Boulder","state":"Colorado","state_ab":"CO","county":"Boulder","geo_location":{ "type": "Point", "coordinates": [-105.2392, 39.9914] }},
{"zip_code":"80329","country":"US","city":"Boulder","state":"Colorado","state_ab":"CO","county":"Boulder","geo_location":{ "type": "Point", "coordinates": [-105.3735, 40.0878] }},
{"zip_code":"80510","country":"US","city":"Allenspark","state":"Colorado","state_ab":"CO","county":"Boulder","geo_location":{ "type": "Point", "coordinates": [-105.5201, 40.2268] }},
{"zip_code":"81140","country":"US","city":"La Jara","state":"Colorado","state_ab":"CO","county":"Conejos","geo_location":{ "type": "Point", "coordinates": [-106.0054, 37.2907] }},
{"zip_code":"81126","country":"US","city":"Chama","state":"Colorado","state_ab":"CO","county":"Costilla","geo_location":{ "type": "Point", "coordinates": [-105.4505, 37.3267] }},
{"zip_code":"81153","country":"US","city":"San Pablo","state":"Colorado","state_ab":"CO","county":"Costilla","geo_location":{ "type": "Point", "coordinates": [-105.3462, 37.1349] }},
{"zip_code":"81063","country":"US","city":"Ordway","state":"Colorado","state_ab":"CO","county":"Crowley","geo_location":{ "type": "Point", "coordinates": [-103.8003, 38.2095] }},
{"zip_code":"81076","country":"US","city":"Sugar City","state":"Colorado","state_ab":"CO","county":"Crowley","geo_location":{ "type": "Point", "coordinates": [-103.6556, 38.2444] }},
{"zip_code":"81410","country":"US","city":"Austin","state":"Colorado","state_ab":"CO","county":"Delta","geo_location":{ "type": "Point", "coordinates": [-107.9738, 38.7975] }},
{"zip_code":"80239","country":"US","city":"Denver","state":"Colorado","state_ab":"CO","county":"Denver","geo_location":{ "type": "Point", "coordinates": [-104.8288, 39.7878] }},
{"zip_code":"80266","country":"US","city":"Denver","state":"Colorado","state_ab":"CO","county":"Denver","geo_location":{ "type": "Point", "coordinates": [-104.9915, 39.7472] }},
{"zip_code":"80279","country":"US","city":"Denver","state":"Colorado","state_ab":"CO","county":"Denver","geo_location":{ "type": "Point", "coordinates": [-104.4083, 39.7388] }},
{"zip_code":"80280","country":"US","city":"Denver","state":"Colorado","state_ab":"CO","county":"Denver","geo_location":{ "type": "Point", "coordinates": [-104.9069, 39.7167] }},
{"zip_code":"80293","country":"US","city":"Denver","state":"Colorado","state_ab":"CO","county":"Denver","geo_location":{ "type": "Point", "coordinates": [-104.9907, 39.7458] }},
{"zip_code":"81320","country":"US","city":"Cahone","state":"Colorado","state_ab":"CO","county":"Dolores","geo_location":{ "type": "Point", "coordinates": [-108.7917, 37.7182] }},
{"zip_code":"80109","country":"US","city":"Castle Rock","state":"Colorado","state_ab":"CO","county":"Douglas County","geo_location":{ "type": "Point", "coordinates": [-104.9014, 39.3643] }},
{"zip_code":"80163","country":"US","city":"Littleton","state":"Colorado","state_ab":"CO","county":"Douglas","geo_location":{ "type": "Point", "coordinates": [-104.9947, 39.3479] }},
{"zip_code":"80806","country":"US","city":"Boyero","state":"Colorado","state_ab":"CO","county":"El Paso County","geo_location":{ "type": "Point", "coordinates": [-104.8145, 38.8162] }},
{"zip_code":"80819","country":"US","city":"Green Mountain Falls","state":"Colorado","state_ab":"CO","county":"El Paso","geo_location":{ "type": "Point", "coordinates": [-105.0094, 38.9389] }},
{"zip_code":"80833","country":"US","city":"Rush","state":"Colorado","state_ab":"CO","county":"El Paso","geo_location":{ "type": "Point", "coordinates": [-104.0241, 38.7642] }},
{"zip_code":"80909","country":"US","city":"Colorado Springs","state":"Colorado","state_ab":"CO","county":"El Paso","geo_location":{ "type": "Point", "coordinates": [-104.7735, 38.852] }},
{"zip_code":"80910","country":"US","city":"Colorado Springs","state":"Colorado","state_ab":"CO","county":"El Paso","geo_location":{ "type": "Point", "coordinates": [-104.7703, 38.8152] }},
{"zip_code":"80923","country":"US","city":"Colorado Springs","state":"Colorado","state_ab":"CO","county":"El Paso County","geo_location":{ "type": "Point", "coordinates": [-104.7045, 38.9189] }},
{"zip_code":"80936","country":"US","city":"Colorado Springs","state":"Colorado","state_ab":"CO","county":"El Paso","geo_location":{ "type": "Point", "coordinates": [-104.562, 38.8247] }},
{"zip_code":"80949","country":"US","city":"Colorado Springs","state":"Colorado","state_ab":"CO","county":"El Paso","geo_location":{ "type": "Point", "coordinates": [-104.562, 38.8247] }},
{"zip_code":"80950","country":"US","city":"Colorado Springs","state":"Colorado","state_ab":"CO","county":"El Paso","geo_location":{ "type": "Point", "coordinates": [-104.562, 38.8247] }},
{"zip_code":"80446","country":"US","city":"Granby","state":"Colorado","state_ab":"CO","county":"Grand","geo_location":{ "type": "Point", "coordinates": [-105.9285, 40.0739] }},
{"zip_code":"80459","country":"US","city":"Kremmling","state":"Colorado","state_ab":"CO","county":"Grand","geo_location":{ "type": "Point", "coordinates": [-106.3955, 40.0632] }},
{"zip_code":"81230","country":"US","city":"Gunnison","state":"Colorado","state_ab":"CO","county":"Gunnison","geo_location":{ "type": "Point", "coordinates": [-106.931, 38.5511] }},
{"zip_code":"81243","country":"US","city":"Powderhorn","state":"Colorado","state_ab":"CO","county":"Gunnison","geo_location":{ "type": "Point", "coordinates": [-107.1084, 38.2822] }},
{"zip_code":"81089","country":"US","city":"Walsenburg","state":"Colorado","state_ab":"CO","county":"Huerfano","geo_location":{ "type": "Point", "coordinates": [-104.7798, 37.6465] }},
{"zip_code":"81333","country":"US","city":"Slick Rock","state":"Colorado","state_ab":"CO","county":"Huerfano County","geo_location":{ "type": "Point", "coordinates": [-108.888, 38.0427] }},
{"zip_code":"80473","country":"US","city":"Rand","state":"Colorado","state_ab":"CO","county":"Jackson","geo_location":{ "type": "Point", "coordinates": [-106.1857, 40.4667] }},
{"zip_code":"80006","country":"US","city":"Arvada","state":"Colorado","state_ab":"CO","county":"Jefferson","geo_location":{ "type": "Point", "coordinates": [-105.2239, 39.522] }},
{"zip_code":"80033","country":"US","city":"Wheat Ridge","state":"Colorado","state_ab":"CO","county":"Jefferson","geo_location":{ "type": "Point", "coordinates": [-105.0962, 39.774] }},
{"zip_code":"80123","country":"US","city":"Littleton","state":"Colorado","state_ab":"CO","county":"Jefferson","geo_location":{ "type": "Point", "coordinates": [-105.0901, 39.6206] }},
{"zip_code":"80226","country":"US","city":"Denver","state":"Colorado","state_ab":"CO","county":"Jefferson","geo_location":{ "type": "Point", "coordinates": [-105.0918, 39.7123] }},
{"zip_code":"80419","country":"US","city":"Golden","state":"Colorado","state_ab":"CO","county":"Jefferson","geo_location":{ "type": "Point", "coordinates": [-105.2239, 39.522] }},
{"zip_code":"80433","country":"US","city":"Conifer","state":"Colorado","state_ab":"CO","county":"Jefferson","geo_location":{ "type": "Point", "coordinates": [-105.3169, 39.5197] }},
{"zip_code":"81036","country":"US","city":"Eads","state":"Colorado","state_ab":"CO","county":"Kiowa","geo_location":{ "type": "Point", "coordinates": [-102.5549, 38.4408] }},
{"zip_code":"80523","country":"US","city":"Fort Collins","state":"Colorado","state_ab":"CO","county":"Larimer","geo_location":{ "type": "Point", "coordinates": [-105.4648, 40.4555] }},
{"zip_code":"80536","country":"US","city":"Livermore","state":"Colorado","state_ab":"CO","county":"Larimer","geo_location":{ "type": "Point", "coordinates": [-105.3766, 40.8701] }},
{"zip_code":"80549","country":"US","city":"Wellington","state":"Colorado","state_ab":"CO","county":"Larimer","geo_location":{ "type": "Point", "coordinates": [-105.0318, 40.7255] }},
{"zip_code":"81049","country":"US","city":"Kim","state":"Colorado","state_ab":"CO","county":"Las Animas","geo_location":{ "type": "Point", "coordinates": [-103.3736, 37.3328] }},
{"zip_code":"81526","country":"US","city":"Palisade","state":"Colorado","state_ab":"CO","county":"Mesa","geo_location":{ "type": "Point", "coordinates": [-108.368, 39.1032] }},
{"zip_code":"81630","country":"US","city":"De Beque","state":"Colorado","state_ab":"CO","county":"Mesa","geo_location":{ "type": "Point", "coordinates": [-108.2304, 39.3118] }},
{"zip_code":"81643","country":"US","city":"Mesa","state":"Colorado","state_ab":"CO","county":"Mesa","geo_location":{ "type": "Point", "coordinates": [-108.1044, 39.1612] }},
{"zip_code":"80653","country":"US","city":"Weldona","state":"Colorado","state_ab":"CO","county":"Morgan","geo_location":{ "type": "Point", "coordinates": [-103.9678, 40.3681] }},
{"zip_code":"81050","country":"US","city":"La Junta","state":"Colorado","state_ab":"CO","county":"Otero","geo_location":{ "type": "Point", "coordinates": [-103.6644, 37.9546] }},
{"zip_code":"80420","country":"US","city":"Alma","state":"Colorado","state_ab":"CO","county":"Park","geo_location":{ "type": "Point", "coordinates": [-106.0635, 39.298] }},
{"zip_code":"80820","country":"US","city":"Guffey","state":"Colorado","state_ab":"CO","county":"Park","geo_location":{ "type": "Point", "coordinates": [-105.5784, 38.8146] }},
{"zip_code":"81656","country":"US","city":"Woody Creek","state":"Colorado","state_ab":"CO","county":"Pitkin","geo_location":{ "type": "Point", "coordinates": [-106.8985, 39.2831] }},
{"zip_code":"81009","country":"US","city":"Pueblo","state":"Colorado","state_ab":"CO","county":"Pueblo","geo_location":{ "type": "Point", "coordinates": [-104.5523, 38.1286] }},
{"zip_code":"81010","country":"US","city":"Pueblo","state":"Colorado","state_ab":"CO","county":"Pueblo","geo_location":{ "type": "Point", "coordinates": [-104.5523, 38.1286] }},
{"zip_code":"81023","country":"US","city":"Beulah","state":"Colorado","state_ab":"CO","county":"Pueblo","geo_location":{ "type": "Point", "coordinates": [-104.9724, 38.0837] }},
{"zip_code":"81423","country":"US","city":"Norwood","state":"Colorado","state_ab":"CO","county":"San Miguel","geo_location":{ "type": "Point", "coordinates": [-108.2845, 38.1104] }},
{"zip_code":"80860","country":"US","city":"Victor","state":"Colorado","state_ab":"CO","county":"Teller","geo_location":{ "type": "Point", "coordinates": [-105.1321, 38.731] }},
{"zip_code":"80743","country":"US","city":"Otis","state":"Colorado","state_ab":"CO","county":"Washington","geo_location":{ "type": "Point", "coordinates": [-102.9392, 40.203] }},
{"zip_code":"80550","country":"US","city":"Windsor","state":"Colorado","state_ab":"CO","county":"Weld","geo_location":{ "type": "Point", "coordinates": [-104.8994, 40.4837] }},
{"zip_code":"80639","country":"US","city":"Greeley","state":"Colorado","state_ab":"CO","county":"Weld","geo_location":{ "type": "Point", "coordinates": [-104.7017, 40.3993] }},
{"zip_code":"80729","country":"US","city":"Grover","state":"Colorado","state_ab":"CO","county":"Weld","geo_location":{ "type": "Point", "coordinates": [-104.2346, 40.8716] }},
{"zip_code":"6440","country":"US","city":"Hawleyville","state":"Connecticut","state_ab":"CT","county":"Fairfield","geo_location":{ "type": "Point", "coordinates": [-73.3637, 41.3089] }},
{"zip_code":"6606","country":"US","city":"Bridgeport","state":"Connecticut","state_ab":"CT","county":"Fairfield","geo_location":{ "type": "Point", "coordinates": [-73.2086, 41.2091] }},
{"zip_code":"6673","country":"US","city":"Bridgeport","state":"Connecticut","state_ab":"CT","county":"Fairfield","geo_location":{ "type": "Point", "coordinates": [-73.3637, 41.3089] }},
{"zip_code":"6699","country":"US","city":"Bridgeport","state":"Connecticut","state_ab":"CT","county":"Fairfield","geo_location":{ "type": "Point", "coordinates": [-73.3637, 41.3089] }},
{"zip_code":"6813","country":"US","city":"Danbury","state":"Connecticut","state_ab":"CT","county":"Fairfield","geo_location":{ "type": "Point", "coordinates": [-73.3637, 41.3089] }},
{"zip_code":"6840","country":"US","city":"New Canaan","state":"Connecticut","state_ab":"CT","county":"Fairfield","geo_location":{ "type": "Point", "coordinates": [-73.4944, 41.151] }},
{"zip_code":"6853","country":"US","city":"Norwalk","state":"Connecticut","state_ab":"CT","county":"Fairfield","geo_location":{ "type": "Point", "coordinates": [-73.4397, 41.0702] }},
{"zip_code":"6879","country":"US","city":"Ridgefield","state":"Connecticut","state_ab":"CT","county":"Fairfield","geo_location":{ "type": "Point", "coordinates": [-73.3637, 41.3089] }},
{"zip_code":"6880","country":"US","city":"Westport","state":"Connecticut","state_ab":"CT","county":"Fairfield","geo_location":{ "type": "Point", "coordinates": [-73.3496, 41.1434] }},
{"zip_code":"6903","country":"US","city":"Stamford","state":"Connecticut","state_ab":"CT","county":"Fairfield","geo_location":{ "type": "Point", "coordinates": [-73.5684, 41.1352] }},
{"zip_code":"6013","country":"US","city":"Burlington","state":"Connecticut","state_ab":"CT","county":"Hartford","geo_location":{ "type": "Point", "coordinates": [-72.9444, 41.7573] }},
{"zip_code":"6026","country":"US","city":"East Granby","state":"Connecticut","state_ab":"CT","county":"Hartford","geo_location":{ "type": "Point", "coordinates": [-72.7459, 41.9322] }},
{"zip_code":"6040","country":"US","city":"Manchester","state":"Connecticut","state_ab":"CT","county":"Hartford","geo_location":{ "type": "Point", "coordinates": [-72.5244, 41.7777] }},
{"zip_code":"6053","country":"US","city":"New Britain","state":"Connecticut","state_ab":"CT","county":"Hartford","geo_location":{ "type": "Point", "coordinates": [-72.7908, 41.6867] }},
{"zip_code":"6080","country":"US","city":"Suffield","state":"Connecticut","state_ab":"CT","county":"Hartford","geo_location":{ "type": "Point", "coordinates": [-72.6288, 41.9486] }},
{"zip_code":"6093","country":"US","city":"West Suffield","state":"Connecticut","state_ab":"CT","county":"Hartford","geo_location":{ "type": "Point", "coordinates": [-72.7362, 42.0115] }},
{"zip_code":"6103","country":"US","city":"Hartford","state":"Connecticut","state_ab":"CT","county":"Hartford","geo_location":{ "type": "Point", "coordinates": [-72.676, 41.7672] }},
{"zip_code":"6129","country":"US","city":"Wethersfield","state":"Connecticut","state_ab":"CT","county":"Hartford","geo_location":{ "type": "Point", "coordinates": [-72.7188, 41.7918] }},
{"zip_code":"6143","country":"US","city":"Hartford","state":"Connecticut","state_ab":"CT","county":"Hartford","geo_location":{ "type": "Point", "coordinates": [-72.7188, 41.7918] }},
{"zip_code":"6156","country":"US","city":"Hartford","state":"Connecticut","state_ab":"CT","county":"Hartford","geo_location":{ "type": "Point", "coordinates": [-72.6907, 41.7679] }},
{"zip_code":"6183","country":"US","city":"Hartford","state":"Connecticut","state_ab":"CT","county":"Hartford","geo_location":{ "type": "Point", "coordinates": [-72.673, 41.7638] }},
{"zip_code":"6479","country":"US","city":"Plantsville","state":"Connecticut","state_ab":"CT","county":"Hartford","geo_location":{ "type": "Point", "coordinates": [-72.899, 41.5797] }},
{"zip_code":"6039","country":"US","city":"Lakeville","state":"Connecticut","state_ab":"CT","county":"Litchfield","geo_location":{ "type": "Point", "coordinates": [-73.4377, 41.9516] }},
{"zip_code":"6079","country":"US","city":"Taconic","state":"Connecticut","state_ab":"CT","county":"Litchfield","geo_location":{ "type": "Point", "coordinates": [-73.4038, 42.032] }},
{"zip_code":"6750","country":"US","city":"Bantam","state":"Connecticut","state_ab":"CT","county":"Litchfield","geo_location":{ "type": "Point", "coordinates": [-73.252, 41.7215] }},
{"zip_code":"6763","country":"US","city":"Morris","state":"Connecticut","state_ab":"CT","county":"Litchfield","geo_location":{ "type": "Point", "coordinates": [-73.1765, 41.6881] }},
{"zip_code":"6776","country":"US","city":"New Milford","state":"Connecticut","state_ab":"CT","county":"Litchfield","geo_location":{ "type": "Point", "coordinates": [-73.4128, 41.5817] }},
{"zip_code":"6790","country":"US","city":"Torrington","state":"Connecticut","state_ab":"CT","county":"Litchfield","geo_location":{ "type": "Point", "coordinates": [-73.1156, 41.8131] }},
{"zip_code":"6413","country":"US","city":"Clinton","state":"Connecticut","state_ab":"CT","county":"Middlesex","geo_location":{ "type": "Point", "coordinates": [-72.528, 41.2912] }},
{"zip_code":"6426","country":"US","city":"Essex","state":"Connecticut","state_ab":"CT","county":"Middlesex","geo_location":{ "type": "Point", "coordinates": [-72.3965, 41.3549] }},
{"zip_code":"6480","country":"US","city":"Portland","state":"Connecticut","state_ab":"CT","county":"Middlesex","geo_location":{ "type": "Point", "coordinates": [-72.6128, 41.5852] }},
{"zip_code":"6466","country":"US","city":"Milford","state":"Connecticut","state_ab":"CT","county":"New Haven County","geo_location":{ "type": "Point", "coordinates": [-73.0567, 41.2222] }},
{"zip_code":"6493","country":"US","city":"Wallingford","state":"Connecticut","state_ab":"CT","county":"New Haven","geo_location":{ "type": "Point", "coordinates": [-72.9275, 41.3657] }},
{"zip_code":"6503","country":"US","city":"New Haven","state":"Connecticut","state_ab":"CT","county":"New Haven","geo_location":{ "type": "Point", "coordinates": [-72.9275, 41.3657] }},
{"zip_code":"6516","country":"US","city":"West Haven","state":"Connecticut","state_ab":"CT","county":"New Haven","geo_location":{ "type": "Point", "coordinates": [-72.9638, 41.2701] }},
{"zip_code":"6530","country":"US","city":"New Haven","state":"Connecticut","state_ab":"CT","county":"New Haven","geo_location":{ "type": "Point", "coordinates": [-72.9275, 41.3657] }},
{"zip_code":"6710","country":"US","city":"Waterbury","state":"Connecticut","state_ab":"CT","county":"New Haven","geo_location":{ "type": "Point", "coordinates": [-73.0468, 41.5675] }},
{"zip_code":"6723","country":"US","city":"Waterbury","state":"Connecticut","state_ab":"CT","county":"New Haven","geo_location":{ "type": "Point", "coordinates": [-72.9275, 41.3657] }},
{"zip_code":"6749","country":"US","city":"Waterbury","state":"Connecticut","state_ab":"CT","county":"New Haven","geo_location":{ "type": "Point", "coordinates": [-72.9275, 41.3657] }},
{"zip_code":"6336","country":"US","city":"Gilman","state":"Connecticut","state_ab":"CT","county":"New London","geo_location":{ "type": "Point", "coordinates": [-72.1963, 41.5795] }},
{"zip_code":"6349","country":"US","city":"Groton","state":"Connecticut","state_ab":"CT","county":"New London","geo_location":{ "type": "Point", "coordinates": [-72.0904, 41.3997] }},
{"zip_code":"6350","country":"US","city":"Hanover","state":"Connecticut","state_ab":"CT","county":"New London","geo_location":{ "type": "Point", "coordinates": [-72.0677, 41.6445] }},
{"zip_code":"6376","country":"US","city":"South Lyme","state":"Connecticut","state_ab":"CT","county":"New London","geo_location":{ "type": "Point", "coordinates": [-72.2633, 41.2967] }},
{"zip_code":"6389","country":"US","city":"Yantic","state":"Connecticut","state_ab":"CT","county":"New London","geo_location":{ "type": "Point", "coordinates": [-72.1227, 41.5596] }},
{"zip_code":"6439","country":"US","city":"Hadlyme","state":"Connecticut","state_ab":"CT","county":"New London","geo_location":{ "type": "Point", "coordinates": [-72.4141, 41.4212] }},
{"zip_code":"6066","country":"US","city":"Vernon Rockville","state":"Connecticut","state_ab":"CT","county":"Tolland","geo_location":{ "type": "Point", "coordinates": [-72.4649, 41.8501] }},
{"zip_code":"6233","country":"US","city":"Ballouville","state":"Connecticut","state_ab":"CT","county":"Windham","geo_location":{ "type": "Point", "coordinates": [-72.0201, 41.8316] }},
{"zip_code":"6246","country":"US","city":"Grosvenor Dale","state":"Connecticut","state_ab":"CT","county":"Windham","geo_location":{ "type": "Point", "coordinates": [-71.8917, 41.9711] }},
{"zip_code":"6259","country":"US","city":"Pomfret Center","state":"Connecticut","state_ab":"CT","county":"Windham","geo_location":{ "type": "Point", "coordinates": [-71.982, 41.8697] }},
{"zip_code":"6260","country":"US","city":"Putnam","state":"Connecticut","state_ab":"CT","county":"Windham","geo_location":{ "type": "Point", "coordinates": [-71.8968, 41.9185] }},
{"zip_code":"20013","country":"US","city":"Washington","state":"District of Columbia","state_ab":"DC","county":"District of Columbia","geo_location":{ "type": "Point", "coordinates": [-77.0146, 38.8933] }},
{"zip_code":"20026","country":"US","city":"Washington","state":"District of Columbia","state_ab":"DC","county":"District of Columbia","geo_location":{ "type": "Point", "coordinates": [-77.0146, 38.8933] }},
{"zip_code":"20039","country":"US","city":"Washington","state":"District of Columbia","state_ab":"DC","county":"District of Columbia","geo_location":{ "type": "Point", "coordinates": [-77.0146, 38.8933] }},
{"zip_code":"20040","country":"US","city":"Washington","state":"District of Columbia","state_ab":"DC","county":"District of Columbia","geo_location":{ "type": "Point", "coordinates": [-77.0146, 38.8933] }},
{"zip_code":"20053","country":"US","city":"Washington","state":"District of Columbia","state_ab":"DC","county":"District of Columbia","geo_location":{ "type": "Point", "coordinates": [-77.0146, 38.8933] }},
{"zip_code":"20066","country":"US","city":"Washington","state":"District of Columbia","state_ab":"DC","county":"District of Columbia","geo_location":{ "type": "Point", "coordinates": [-77.0146, 38.8933] }},
{"zip_code":"20080","country":"US","city":"Washington","state":"District of Columbia","state_ab":"DC","county":"District of Columbia","geo_location":{ "type": "Point", "coordinates": [-77.0146, 38.8933] }},
{"zip_code":"20206","country":"US","city":"Washington","state":"District of Columbia","state_ab":"DC","county":"District of Columbia","geo_location":{ "type": "Point", "coordinates": [-77.0146, 38.8933] }},
{"zip_code":"20219","country":"US","city":"Washington","state":"District of Columbia","state_ab":"DC","county":"District of Columbia","geo_location":{ "type": "Point", "coordinates": [-77.0146, 38.8933] }},
{"zip_code":"20220","country":"US","city":"Washington","state":"District of Columbia","state_ab":"DC","county":"District of Columbia","geo_location":{ "type": "Point", "coordinates": [-77.0146, 38.8933] }},
{"zip_code":"20233","country":"US","city":"Washington","state":"District of Columbia","state_ab":"DC","county":"District of Columbia","geo_location":{ "type": "Point", "coordinates": [-77.0146, 38.8933] }},
{"zip_code":"20260","country":"US","city":"Washington","state":"District of Columbia","state_ab":"DC","county":"District of Columbia","geo_location":{ "type": "Point", "coordinates": [-77.0146, 38.8933] }},
{"zip_code":"20299","country":"US","city":"Washington","state":"District of Columbia","state_ab":"DC","county":"District of Columbia","geo_location":{ "type": "Point", "coordinates": [-77.0146, 38.8933] }},
{"zip_code":"20310","country":"US","city":"Washington","state":"District of Columbia","state_ab":"DC","county":"District of Columbia","geo_location":{ "type": "Point", "coordinates": [-77.0146, 38.8933] }},
{"zip_code":"20336","country":"US","city":"Washington","state":"District of Columbia","state_ab":"DC","county":"District of Columbia","geo_location":{ "type": "Point", "coordinates": [-77.0148, 38.8395] }},
{"zip_code":"20350","country":"US","city":"Washington","state":"District of Columbia","state_ab":"DC","county":"District of Columbia","geo_location":{ "type": "Point", "coordinates": [-77.0146, 38.8933] }},
{"zip_code":"20376","country":"US","city":"Washington Navy Yard","state":"District of Columbia","state_ab":"DC","county":"District of Columbia","geo_location":{ "type": "Point", "coordinates": [-76.9947, 38.9164] }},
{"zip_code":"20389","country":"US","city":"Washington","state":"District of Columbia","state_ab":"DC","county":"District of Columbia","geo_location":{ "type": "Point", "coordinates": [-77.0146, 38.8933] }},
{"zip_code":"20390","country":"US","city":"Washington","state":"District of Columbia","state_ab":"DC","county":"District of Columbia","geo_location":{ "type": "Point", "coordinates": [-77.0146, 38.8933] }},
{"zip_code":"20413","country":"US","city":"Washington","state":"District of Columbia","state_ab":"DC","county":"District of Columbia","geo_location":{ "type": "Point", "coordinates": [-77.0146, 38.8933] }},
{"zip_code":"20426","country":"US","city":"Washington","state":"District of Columbia","state_ab":"DC","county":"District of Columbia","geo_location":{ "type": "Point", "coordinates": [-77.0146, 38.8933] }},
{"zip_code":"20439","country":"US","city":"Washington","state":"District of Columbia","state_ab":"DC","county":"District of Columbia","geo_location":{ "type": "Point", "coordinates": [-77.0146, 38.8933] }},
{"zip_code":"20440","country":"US","city":"Washington","state":"District of Columbia","state_ab":"DC","county":"District of Columbia","geo_location":{ "type": "Point", "coordinates": [-77.0453, 38.9139] }},
{"zip_code":"20453","country":"US","city":"Washington","state":"District of Columbia","state_ab":"DC","county":"District of Columbia","geo_location":{ "type": "Point", "coordinates": [-77.0146, 38.8933] }},
{"zip_code":"20503","country":"US","city":"Washington","state":"District of Columbia","state_ab":"DC","county":"District of Columbia","geo_location":{ "type": "Point", "coordinates": [-77.0431, 38.9007] }},
{"zip_code":"20529","country":"US","city":"Washington","state":"District of Columbia","state_ab":"DC","county":"District of Columbia","geo_location":{ "type": "Point", "coordinates": [-77.0142, 38.8973] }},
{"zip_code":"20530","country":"US","city":"Washington","state":"District of Columbia","state_ab":"DC","county":"District of Columbia","geo_location":{ "type": "Point", "coordinates": [-77.027, 38.8976] }},
{"zip_code":"20543","country":"US","city":"Washington","state":"District of Columbia","state_ab":"DC","county":"District of Columbia","geo_location":{ "type": "Point", "coordinates": [-77.0146, 38.8933] }},
{"zip_code":"20570","country":"US","city":"Washington","state":"District of Columbia","state_ab":"DC","county":"District of Columbia","geo_location":{ "type": "Point", "coordinates": [-77.0401, 38.8991] }},
{"zip_code":"56920","country":"US","city":"Washington","state":"District of Columbia","state_ab":"DC","county":"District of Columbia","geo_location":{ "type": "Point", "coordinates": [-77.0365, 38.8952] }},
{"zip_code":"56933","country":"US","city":"Washington","state":"District of Columbia","state_ab":"DC","county":"District of Columbia","geo_location":{ "type": "Point", "coordinates": [-77.0365, 38.8952] }},
{"zip_code":"19903","country":"US","city":"Dover","state":"Delaware","state_ab":"DE","county":"Kent","geo_location":{ "type": "Point", "coordinates": [-75.448, 39.1087] }},
{"zip_code":"19943","country":"US","city":"Felton","state":"Delaware","state_ab":"DE","county":"Kent","geo_location":{ "type": "Point", "coordinates": [-75.5829, 39.0225] }},
{"zip_code":"19709","country":"US","city":"Middletown","state":"Delaware","state_ab":"DE","county":"New Castle","geo_location":{ "type": "Point", "coordinates": [-75.6832, 39.4815] }},
{"zip_code":"19710","country":"US","city":"Montchanin","state":"Delaware","state_ab":"DE","county":"New Castle","geo_location":{ "type": "Point", "coordinates": [-75.6391, 39.7578] }},
{"zip_code":"19736","country":"US","city":"Yorklyn","state":"Delaware","state_ab":"DE","county":"New Castle","geo_location":{ "type": "Point", "coordinates": [-75.6604, 39.7971] }},
{"zip_code":"19880","country":"US","city":"Wilmington","state":"Delaware","state_ab":"DE","county":"New Castle","geo_location":{ "type": "Point", "coordinates": [-75.597, 39.5645] }},
{"zip_code":"19893","country":"US","city":"Wilmington","state":"Delaware","state_ab":"DE","county":"New Castle","geo_location":{ "type": "Point", "coordinates": [-75.597, 39.5645] }},
{"zip_code":"19930","country":"US","city":"Bethany Beach","state":"Delaware","state_ab":"DE","county":"Sussex","geo_location":{ "type": "Point", "coordinates": [-75.0674, 38.531] }},
{"zip_code":"19956","country":"US","city":"Laurel","state":"Delaware","state_ab":"DE","county":"Sussex","geo_location":{ "type": "Point", "coordinates": [-75.5631, 38.5537] }},
{"zip_code":"19969","country":"US","city":"Nassau","state":"Delaware","state_ab":"DE","county":"Sussex","geo_location":{ "type": "Point", "coordinates": [-75.3534, 38.7256] }},
{"zip_code":"19970","country":"US","city":"Ocean View","state":"Delaware","state_ab":"DE","county":"Sussex","geo_location":{ "type": "Point", "coordinates": [-75.0966, 38.5617] }},
{"zip_code":"32603","country":"US","city":"Gainesville","state":"Florida","state_ab":"FL","county":"Alachua","geo_location":{ "type": "Point", "coordinates": [-82.3493, 29.6515] }},
{"zip_code":"32616","country":"US","city":"Alachua","state":"Florida","state_ab":"FL","county":"Alachua","geo_location":{ "type": "Point", "coordinates": [-82.496, 29.792] }},
{"zip_code":"32643","country":"US","city":"High Springs","state":"Florida","state_ab":"FL","county":"Alachua","geo_location":{ "type": "Point", "coordinates": [-82.6156, 29.841] }},
{"zip_code":"32669","country":"US","city":"Newberry","state":"Florida","state_ab":"FL","county":"Alachua","geo_location":{ "type": "Point", "coordinates": [-82.5852, 29.6609] }},
{"zip_code":"34623","country":"US","city":"Clearwater","state":"Florida","state_ab":"FL","county":"Alachua County","geo_location":{ "type": "Point", "coordinates": [-82.7468, 28.0018] }},
{"zip_code":"32063","country":"US","city":"Macclenny","state":"Florida","state_ab":"FL","county":"Baker","geo_location":{ "type": "Point", "coordinates": [-82.1325, 30.2737] }},
{"zip_code":"32409","country":"US","city":"Panama City","state":"Florida","state_ab":"FL","county":"Bay","geo_location":{ "type": "Point", "coordinates": [-85.6923, 30.3117] }},
{"zip_code":"32410","country":"US","city":"Mexico Beach","state":"Florida","state_ab":"FL","county":"Bay","geo_location":{ "type": "Point", "coordinates": [-85.4096, 29.9395] }},
{"zip_code":"32926","country":"US","city":"Cocoa","state":"Florida","state_ab":"FL","county":"Brevard","geo_location":{ "type": "Point", "coordinates": [-80.787, 28.391] }},
{"zip_code":"32940","country":"US","city":"Melbourne","state":"Florida","state_ab":"FL","county":"Brevard","geo_location":{ "type": "Point", "coordinates": [-80.685, 28.2061] }},
{"zip_code":"32953","country":"US","city":"Merritt Island","state":"Florida","state_ab":"FL","county":"Brevard","geo_location":{ "type": "Point", "coordinates": [-80.7301, 28.3888] }},
{"zip_code":"33026","country":"US","city":"Hollywood","state":"Florida","state_ab":"FL","county":"Broward","geo_location":{ "type": "Point", "coordinates": [-80.2974, 26.0229] }},
{"zip_code":"33066","country":"US","city":"Pompano Beach","state":"Florida","state_ab":"FL","county":"Broward","geo_location":{ "type": "Point", "coordinates": [-80.1775, 26.2535] }},
{"zip_code":"33093","country":"US","city":"Pompano Beach","state":"Florida","state_ab":"FL","county":"Broward","geo_location":{ "type": "Point", "coordinates": [-80.4483, 26.1457] }},
{"zip_code":"33309","country":"US","city":"Fort Lauderdale","state":"Florida","state_ab":"FL","county":"Broward","geo_location":{ "type": "Point", "coordinates": [-80.1746, 26.1817] }},
{"zip_code":"33310","country":"US","city":"Fort Lauderdale","state":"Florida","state_ab":"FL","county":"Broward","geo_location":{ "type": "Point", "coordinates": [-80.2069, 26.1443] }},
{"zip_code":"33323","country":"US","city":"Fort Lauderdale","state":"Florida","state_ab":"FL","county":"Broward","geo_location":{ "type": "Point", "coordinates": [-80.3165, 26.152] }},
{"zip_code":"33336","country":"US","city":"Fort Lauderdale","state":"Florida","state_ab":"FL","county":"Broward County","geo_location":{ "type": "Point", "coordinates": [-80.1436, 26.1219] }},
{"zip_code":"33349","country":"US","city":"Fort Lauderdale","state":"Florida","state_ab":"FL","county":"Broward","geo_location":{ "type": "Point", "coordinates": [-80.4483, 26.1457] }},
{"zip_code":"32449","country":"US","city":"Kinard","state":"Florida","state_ab":"FL","county":"Calhoun","geo_location":{ "type": "Point", "coordinates": [-85.2065, 30.2632] }},
{"zip_code":"33983","country":"US","city":"Punta Gorda","state":"Florida","state_ab":"FL","county":"Charlotte","geo_location":{ "type": "Point", "coordinates": [-82.0163, 27.0074] }},
{"zip_code":"32216","country":"US","city":"Jacksonville","state":"Florida","state_ab":"FL","county":"Duval","geo_location":{ "type": "Point", "coordinates": [-81.5831, 30.2787] }},
{"zip_code":"32229","country":"US","city":"Jacksonville","state":"Florida","state_ab":"FL","county":"Duval","geo_location":{ "type": "Point", "coordinates": [-81.6831, 30.3449] }},
{"zip_code":"32230","country":"US","city":"Jacksonville","state":"Florida","state_ab":"FL","county":"Duval","geo_location":{ "type": "Point", "coordinates": [-81.6831, 30.3449] }},
{"zip_code":"32256","country":"US","city":"Jacksonville","state":"Florida","state_ab":"FL","county":"Duval","geo_location":{ "type": "Point", "coordinates": [-81.5571, 30.2214] }},
{"zip_code":"32296","country":"US","city":"Jacksonville","state":"Florida","state_ab":"FL","county":"Duval County","geo_location":{ "type": "Point", "coordinates": [-81.4174, 30.3162] }},
{"zip_code":"32513","country":"US","city":"Pensacola","state":"Florida","state_ab":"FL","county":"Escambia","geo_location":{ "type": "Point", "coordinates": [-87.2596, 30.5571] }},
{"zip_code":"32526","country":"US","city":"Pensacola","state":"Florida","state_ab":"FL","county":"Escambia","geo_location":{ "type": "Point", "coordinates": [-87.3179, 30.4756] }},
{"zip_code":"32593","country":"US","city":"Pensacola","state":"Florida","state_ab":"FL","county":"Escambia","geo_location":{ "type": "Point", "coordinates": [-87.2758, 30.6143] }},
{"zip_code":"32320","country":"US","city":"Apalachicola","state":"Florida","state_ab":"FL","county":"Franklin","geo_location":{ "type": "Point", "coordinates": [-85.0063, 29.7255] }},
{"zip_code":"32333","country":"US","city":"Havana","state":"Florida","state_ab":"FL","county":"Gadsden","geo_location":{ "type": "Point", "coordinates": [-84.4143, 30.6092] }},
{"zip_code":"33943","country":"US","city":"Ochopee","state":"Florida","state_ab":"FL","county":"Glades County","geo_location":{ "type": "Point", "coordinates": [-81.2765, 25.9129] }},
{"zip_code":"33440","country":"US","city":"Clewiston","state":"Florida","state_ab":"FL","county":"Hendry","geo_location":{ "type": "Point", "coordinates": [-80.9492, 26.7172] }},
{"zip_code":"33930","country":"US","city":"Felda","state":"Florida","state_ab":"FL","county":"Hendry","geo_location":{ "type": "Point", "coordinates": [-81.4799, 26.6128] }},
{"zip_code":"34609","country":"US","city":"Brooksville","state":"Florida","state_ab":"FL","county":"Hernando","geo_location":{ "type": "Point", "coordinates": [-82.5083, 28.4794] }},
{"zip_code":"34636","country":"US","city":"Istachatta","state":"Florida","state_ab":"FL","county":"Hernando","geo_location":{ "type": "Point", "coordinates": [-82.2677, 28.655] }},
{"zip_code":"33826","country":"US","city":"Avon Park","state":"Florida","state_ab":"FL","county":"Highlands","geo_location":{ "type": "Point", "coordinates": [-81.2529, 27.3395] }},
{"zip_code":"33503","country":"US","city":"Balm","state":"Florida","state_ab":"FL","county":"Hillsborough","geo_location":{ "type": "Point", "coordinates": [-82.2734, 27.7648] }},
{"zip_code":"33530","country":"US","city":"Durant","state":"Florida","state_ab":"FL","county":"Hillsborough","geo_location":{ "type": "Point", "coordinates": [-82.1767, 27.9068] }},
{"zip_code":"33556","country":"US","city":"Odessa","state":"Florida","state_ab":"FL","county":"Hillsborough","geo_location":{ "type": "Point", "coordinates": [-82.5905, 28.1421] }},
{"zip_code":"33569","country":"US","city":"Riverview","state":"Florida","state_ab":"FL","county":"Hillsborough","geo_location":{ "type": "Point", "coordinates": [-82.3125, 27.845] }},
{"zip_code":"33570","country":"US","city":"Ruskin","state":"Florida","state_ab":"FL","county":"Hillsborough","geo_location":{ "type": "Point", "coordinates": [-82.4355, 27.7015] }},
{"zip_code":"33583","country":"US","city":"Seffner","state":"Florida","state_ab":"FL","county":"Hillsborough","geo_location":{ "type": "Point", "coordinates": [-82.4388, 27.872] }},
{"zip_code":"33596","country":"US","city":"Valrico","state":"Florida","state_ab":"FL","county":"Hillsborough County","geo_location":{ "type": "Point", "coordinates": [-82.243, 27.8925] }},
{"zip_code":"33606","country":"US","city":"Tampa","state":"Florida","state_ab":"FL","county":"Hillsborough","geo_location":{ "type": "Point", "coordinates": [-82.4653, 27.9306] }},
{"zip_code":"33619","country":"US","city":"Tampa","state":"Florida","state_ab":"FL","county":"Hillsborough","geo_location":{ "type": "Point", "coordinates": [-82.3756, 27.9382] }},
{"zip_code":"33620","country":"US","city":"Tampa","state":"Florida","state_ab":"FL","county":"Hillsborough","geo_location":{ "type": "Point", "coordinates": [-82.4079, 28.06] }},
{"zip_code":"33633","country":"US","city":"Tampa","state":"Florida","state_ab":"FL","county":"Hillsborough","geo_location":{ "type": "Point", "coordinates": [-82.4388, 27.872] }},
{"zip_code":"33646","country":"US","city":"Tampa","state":"Florida","state_ab":"FL","county":"Hillsborough County","geo_location":{ "type": "Point", "coordinates": [-82.4021, 28.094] }},
{"zip_code":"33660","country":"US","city":"Tampa","state":"Florida","state_ab":"FL","county":"Hillsborough","geo_location":{ "type": "Point", "coordinates": [-82.4388, 27.872] }},
{"zip_code":"33673","country":"US","city":"Tampa","state":"Florida","state_ab":"FL","county":"Hillsborough","geo_location":{ "type": "Point", "coordinates": [-82.4388, 27.872] }},
{"zip_code":"33686","country":"US","city":"Tampa","state":"Florida","state_ab":"FL","county":"Hillsborough","geo_location":{ "type": "Point", "coordinates": [-82.4388, 27.872] }},
{"zip_code":"32966","country":"US","city":"Vero Beach","state":"Florida","state_ab":"FL","county":"Indian River","geo_location":{ "type": "Point", "coordinates": [-80.4794, 27.6372] }},
{"zip_code":"32423","country":"US","city":"Bascom","state":"Florida","state_ab":"FL","county":"Jackson","geo_location":{ "type": "Point", "coordinates": [-85.0972, 30.9514] }},
{"zip_code":"34713","country":"US","city":"Clermont","state":"Florida","state_ab":"FL","county":"Lake","geo_location":{ "type": "Point", "coordinates": [-81.6536, 28.8111] }},
{"zip_code":"34753","country":"US","city":"Mascotte","state":"Florida","state_ab":"FL","county":"Lake","geo_location":{ "type": "Point", "coordinates": [-81.8941, 28.583] }},
{"zip_code":"33903","country":"US","city":"North Fort Myers","state":"Florida","state_ab":"FL","county":"Lee","geo_location":{ "type": "Point", "coordinates": [-81.9125, 26.693] }},
{"zip_code":"33916","country":"US","city":"Fort Myers","state":"Florida","state_ab":"FL","county":"Lee","geo_location":{ "type": "Point", "coordinates": [-81.8429, 26.6466] }},
{"zip_code":"33956","country":"US","city":"Saint James City","state":"Florida","state_ab":"FL","county":"Lee","geo_location":{ "type": "Point", "coordinates": [-82.0916, 26.529] }},
{"zip_code":"33970","country":"US","city":"Lehigh Acres","state":"Florida","state_ab":"FL","county":"Lee","geo_location":{ "type": "Point", "coordinates": [-81.6208, 26.5647] }},
{"zip_code":"34133","country":"US","city":"Bonita Springs","state":"Florida","state_ab":"FL","county":"Lee","geo_location":{ "type": "Point", "coordinates": [-81.9486, 26.5529] }},
{"zip_code":"32306","country":"US","city":"Tallahassee","state":"Florida","state_ab":"FL","county":"Leon","geo_location":{ "type": "Point", "coordinates": [-84.2986, 30.4425] }},
{"zip_code":"32399","country":"US","city":"Tallahassee","state":"Florida","state_ab":"FL","county":"Leon","geo_location":{ "type": "Point", "coordinates": [-84.2909, 30.4494] }},
{"zip_code":"32683","country":"US","city":"Otter Creek","state":"Florida","state_ab":"FL","county":"Levy","geo_location":{ "type": "Point", "coordinates": [-82.7945, 29.3109] }},
{"zip_code":"32696","country":"US","city":"Williston","state":"Florida","state_ab":"FL","county":"Levy","geo_location":{ "type": "Point", "coordinates": [-82.4856, 29.3977] }},
{"zip_code":"32360","country":"US","city":"Telogia","state":"Florida","state_ab":"FL","county":"Liberty","geo_location":{ "type": "Point", "coordinates": [-84.8484, 30.2889] }},
{"zip_code":"34209","country":"US","city":"Bradenton","state":"Florida","state_ab":"FL","county":"Manatee","geo_location":{ "type": "Point", "coordinates": [-82.6167, 27.4759] }},
{"zip_code":"34210","country":"US","city":"Bradenton","state":"Florida","state_ab":"FL","county":"Manatee","geo_location":{ "type": "Point", "coordinates": [-82.6358, 27.4544] }},
{"zip_code":"34250","country":"US","city":"Terra Ceia","state":"Florida","state_ab":"FL","county":"Manatee","geo_location":{ "type": "Point", "coordinates": [-82.5832, 27.5722] }},
{"zip_code":"32113","country":"US","city":"Citra","state":"Florida","state_ab":"FL","county":"Marion","geo_location":{ "type": "Point", "coordinates": [-82.1062, 29.3918] }},
{"zip_code":"32179","country":"US","city":"Ocklawaha","state":"Florida","state_ab":"FL","county":"Marion","geo_location":{ "type": "Point", "coordinates": [-81.8857, 29.0643] }},
{"zip_code":"34430","country":"US","city":"Dunnellon","state":"Florida","state_ab":"FL","county":"Marion","geo_location":{ "type": "Point", "coordinates": [-82.0875, 29.2407] }},
{"zip_code":"34470","country":"US","city":"Ocala","state":"Florida","state_ab":"FL","county":"Marion","geo_location":{ "type": "Point", "coordinates": [-82.0874, 29.1989] }},
{"zip_code":"34483","country":"US","city":"Ocala","state":"Florida","state_ab":"FL","county":"Marion","geo_location":{ "type": "Point", "coordinates": [-82.0875, 29.2407] }},
{"zip_code":"33013","country":"US","city":"Hialeah","state":"Florida","state_ab":"FL","county":"Miami-Dade","geo_location":{ "type": "Point", "coordinates": [-80.2725, 25.8594] }},
{"zip_code":"33039","country":"US","city":"Homestead","state":"Florida","state_ab":"FL","county":"Miami-Dade","geo_location":{ "type": "Point", "coordinates": [-80.3997, 25.5021] }},
{"zip_code":"33116","country":"US","city":"Miami","state":"Florida","state_ab":"FL","county":"Miami-Dade","geo_location":{ "type": "Point", "coordinates": [-80.4582, 25.5584] }},
{"zip_code":"33129","country":"US","city":"Miami","state":"Florida","state_ab":"FL","county":"Miami-Dade","geo_location":{ "type": "Point", "coordinates": [-80.2013, 25.7559] }},
{"zip_code":"33130","country":"US","city":"Miami","state":"Florida","state_ab":"FL","county":"Miami-Dade","geo_location":{ "type": "Point", "coordinates": [-80.2059, 25.7672] }},
{"zip_code":"33143","country":"US","city":"Miami","state":"Florida","state_ab":"FL","county":"Miami-Dade","geo_location":{ "type": "Point", "coordinates": [-80.2978, 25.7022] }},
{"zip_code":"33156","country":"US","city":"Miami","state":"Florida","state_ab":"FL","county":"Miami-Dade","geo_location":{ "type": "Point", "coordinates": [-80.2973, 25.6682] }},
{"zip_code":"33169","country":"US","city":"Miami","state":"Florida","state_ab":"FL","county":"Miami-Dade","geo_location":{ "type": "Point", "coordinates": [-80.2144, 25.9441] }},
{"zip_code":"33170","country":"US","city":"Miami","state":"Florida","state_ab":"FL","county":"Miami-Dade","geo_location":{ "type": "Point", "coordinates": [-80.4582, 25.5584] }},
{"zip_code":"33183","country":"US","city":"Miami","state":"Florida","state_ab":"FL","county":"Miami-Dade","geo_location":{ "type": "Point", "coordinates": [-80.413, 25.7] }},
{"zip_code":"33196","country":"US","city":"Miami","state":"Florida","state_ab":"FL","county":"Miami-Dade","geo_location":{ "type": "Point", "coordinates": [-80.441, 25.6615] }},
{"zip_code":"33233","country":"US","city":"Miami","state":"Florida","state_ab":"FL","county":"Miami-Dade","geo_location":{ "type": "Point", "coordinates": [-80.4582, 25.5584] }},
{"zip_code":"33299","country":"US","city":"Miami","state":"Florida","state_ab":"FL","county":"Miami-Dade","geo_location":{ "type": "Point", "coordinates": [-80.4582, 25.5584] }},
{"zip_code":"33040","country":"US","city":"Key West","state":"Florida","state_ab":"FL","county":"Monroe","geo_location":{ "type": "Point", "coordinates": [-81.3824, 24.6557] }},
{"zip_code":"32009","country":"US","city":"Bryceville","state":"Florida","state_ab":"FL","county":"Nassau","geo_location":{ "type": "Point", "coordinates": [-81.9724, 30.4193] }},
{"zip_code":"32539","country":"US","city":"Crestview","state":"Florida","state_ab":"FL","county":"Okaloosa","geo_location":{ "type": "Point", "coordinates": [-86.4832, 30.7773] }},
{"zip_code":"32540","country":"US","city":"Destin","state":"Florida","state_ab":"FL","county":"Okaloosa","geo_location":{ "type": "Point", "coordinates": [-86.5945, 30.6612] }},
{"zip_code":"32579","country":"US","city":"Shalimar","state":"Florida","state_ab":"FL","county":"Okaloosa","geo_location":{ "type": "Point", "coordinates": [-86.5717, 30.4456] }},
{"zip_code":"32580","country":"US","city":"Valparaiso","state":"Florida","state_ab":"FL","county":"Okaloosa","geo_location":{ "type": "Point", "coordinates": [-86.5009, 30.5092] }},
{"zip_code":"34973","country":"US","city":"Okeechobee","state":"Florida","state_ab":"FL","county":"Okeechobee","geo_location":{ "type": "Point", "coordinates": [-80.8027, 27.2976] }},
{"zip_code":"32809","country":"US","city":"Orlando","state":"Florida","state_ab":"FL","county":"Orange","geo_location":{ "type": "Point", "coordinates": [-81.3948, 28.4637] }},
{"zip_code":"32810","country":"US","city":"Orlando","state":"Florida","state_ab":"FL","county":"Orange","geo_location":{ "type": "Point", "coordinates": [-81.4294, 28.6214] }},
{"zip_code":"32836","country":"US","city":"Orlando","state":"Florida","state_ab":"FL","county":"Orange","geo_location":{ "type": "Point", "coordinates": [-81.525, 28.4115] }},
{"zip_code":"32889","country":"US","city":"Orlando","state":"Florida","state_ab":"FL","county":"Orange","geo_location":{ "type": "Point", "coordinates": [-81.2608, 28.5663] }},
{"zip_code":"32890","country":"US","city":"Orlando","state":"Florida","state_ab":"FL","county":"Orange","geo_location":{ "type": "Point", "coordinates": [-81.2608, 28.5663] }}]}