{"value": [{"zip_code":"67473","country":"US","city":"Osborne","state":"Kansas","state_ab":"KS","county":"Osborne","geo_location":{ "type": "Point", "coordinates": [-98.6961, 39.4194] }},
{"zip_code":"67523","country":"US","city":"Burdett","state":"Kansas","state_ab":"KS","county":"Pawnee","geo_location":{ "type": "Point", "coordinates": [-99.5275, 38.2104] }},
{"zip_code":"67550","country":"US","city":"Larned","state":"Kansas","state_ab":"KS","county":"Pawnee","geo_location":{ "type": "Point", "coordinates": [-99.101, 38.1946] }},
{"zip_code":"67639","country":"US","city":"Glade","state":"Kansas","state_ab":"KS","county":"Phillips","geo_location":{ "type": "Point", "coordinates": [-99.2996, 39.6704] }},
{"zip_code":"66520","country":"US","city":"Olsburg","state":"Kansas","state_ab":"KS","county":"Pottawatomie","geo_location":{ "type": "Point", "coordinates": [-96.6002, 39.4125] }},
{"zip_code":"67730","country":"US","city":"Atwood","state":"Kansas","state_ab":"KS","county":"Rawlins","geo_location":{ "type": "Point", "coordinates": [-101.0318, 39.7926] }},
{"zip_code":"67510","country":"US","city":"Abbyville","state":"Kansas","state_ab":"KS","county":"Reno","geo_location":{ "type": "Point", "coordinates": [-98.2071, 37.9626] }},
{"zip_code":"66959","country":"US","city":"Munden","state":"Kansas","state_ab":"KS","county":"Republic","geo_location":{ "type": "Point", "coordinates": [-97.5403, 39.9272] }},
{"zip_code":"66960","country":"US","city":"Narka","state":"Kansas","state_ab":"KS","county":"Republic","geo_location":{ "type": "Point", "coordinates": [-97.4243, 39.9582] }},
{"zip_code":"66506","country":"US","city":"Manhattan","state":"Kansas","state_ab":"KS","county":"Riley","geo_location":{ "type": "Point", "coordinates": [-96.5839, 39.196] }},
{"zip_code":"67626","country":"US","city":"Bunker Hill","state":"Kansas","state_ab":"KS","county":"Russell","geo_location":{ "type": "Point", "coordinates": [-98.6783, 38.8357] }},
{"zip_code":"67640","country":"US","city":"Gorham","state":"Kansas","state_ab":"KS","county":"Russell","geo_location":{ "type": "Point", "coordinates": [-99.0112, 38.8722] }},
{"zip_code":"67060","country":"US","city":"Haysville","state":"Kansas","state_ab":"KS","county":"Sedgwick","geo_location":{ "type": "Point", "coordinates": [-97.3553, 37.5647] }},
{"zip_code":"67149","country":"US","city":"Viola","state":"Kansas","state_ab":"KS","county":"Sedgwick","geo_location":{ "type": "Point", "coordinates": [-97.6306, 37.5696] }},
{"zip_code":"67213","country":"US","city":"Wichita","state":"Kansas","state_ab":"KS","county":"Sedgwick","geo_location":{ "type": "Point", "coordinates": [-97.3591, 37.668] }},
{"zip_code":"67226","country":"US","city":"Wichita","state":"Kansas","state_ab":"KS","county":"Sedgwick","geo_location":{ "type": "Point", "coordinates": [-97.2479, 37.7379] }},
{"zip_code":"67859","country":"US","city":"Kismet","state":"Kansas","state_ab":"KS","county":"Seward","geo_location":{ "type": "Point", "coordinates": [-100.7014, 37.2042] }},
{"zip_code":"66533","country":"US","city":"Rossville","state":"Kansas","state_ab":"KS","county":"Shawnee","geo_location":{ "type": "Point", "coordinates": [-95.9553, 39.1451] }},
{"zip_code":"66546","country":"US","city":"Wakarusa","state":"Kansas","state_ab":"KS","county":"Shawnee","geo_location":{ "type": "Point", "coordinates": [-95.7015, 38.9045] }},
{"zip_code":"66609","country":"US","city":"Topeka","state":"Kansas","state_ab":"KS","county":"Shawnee","geo_location":{ "type": "Point", "coordinates": [-95.6681, 38.9919] }},
{"zip_code":"66610","country":"US","city":"Topeka","state":"Kansas","state_ab":"KS","county":"Shawnee","geo_location":{ "type": "Point", "coordinates": [-95.7461, 38.9822] }},
{"zip_code":"66636","country":"US","city":"Topeka","state":"Kansas","state_ab":"KS","county":"Shawnee","geo_location":{ "type": "Point", "coordinates": [-95.7697, 39.0429] }},
{"zip_code":"67576","country":"US","city":"Saint John","state":"Kansas","state_ab":"KS","county":"Stafford","geo_location":{ "type": "Point", "coordinates": [-98.7647, 38.0309] }},
{"zip_code":"67110","country":"US","city":"Mulvane","state":"Kansas","state_ab":"KS","county":"Sumner","geo_location":{ "type": "Point", "coordinates": [-97.232, 37.4764] }},
{"zip_code":"67743","country":"US","city":"Levant","state":"Kansas","state_ab":"KS","county":"Thomas","geo_location":{ "type": "Point", "coordinates": [-101.2096, 39.3841] }},
{"zip_code":"66933","country":"US","city":"Barnes","state":"Kansas","state_ab":"KS","county":"Washington","geo_location":{ "type": "Point", "coordinates": [-96.8676, 39.6841] }},
{"zip_code":"66946","country":"US","city":"Hollenberg","state":"Kansas","state_ab":"KS","county":"Washington","geo_location":{ "type": "Point", "coordinates": [-96.9735, 39.96] }},
{"zip_code":"66106","country":"US","city":"Kansas City","state":"Kansas","state_ab":"KS","county":"Wyandotte","geo_location":{ "type": "Point", "coordinates": [-94.7178, 39.0694] }},
{"zip_code":"66119","country":"US","city":"Kansas City","state":"Kansas","state_ab":"KS","county":"Wyandotte","geo_location":{ "type": "Point", "coordinates": [-94.7495, 39.0966] }},
{"zip_code":"66160","country":"US","city":"Kansas City","state":"Kansas","state_ab":"KS","county":"Wyandotte","geo_location":{ "type": "Point", "coordinates": [-94.7495, 39.0966] }},
{"zip_code":"42720","country":"US","city":"Cane Valley","state":"Kentucky","state_ab":"KY","county":"Adair","geo_location":{ "type": "Point", "coordinates": [-85.3709, 37.1211] }},
{"zip_code":"42153","country":"US","city":"Holland","state":"Kentucky","state_ab":"KY","county":"Allen","geo_location":{ "type": "Point", "coordinates": [-86.0498, 36.6673] }},
{"zip_code":"40366","country":"US","city":"Preston","state":"Kentucky","state_ab":"KY","county":"Bath","geo_location":{ "type": "Point", "coordinates": [-83.7571, 38.0867] }},
{"zip_code":"40856","country":"US","city":"Miracle","state":"Kentucky","state_ab":"KY","county":"Bell","geo_location":{ "type": "Point", "coordinates": [-83.7082, 36.7692] }},
{"zip_code":"41369","country":"US","city":"Saldee","state":"Kentucky","state_ab":"KY","county":"Breathitt County","geo_location":{ "type": "Point", "coordinates": [-83.3733, 37.4558] }},
{"zip_code":"41370","country":"US","city":"Sebastians Branch","state":"Kentucky","state_ab":"KY","county":"Breathitt County","geo_location":{ "type": "Point", "coordinates": [-83.5103, 37.3819] }},
{"zip_code":"40106","country":"US","city":"Big Spring","state":"Kentucky","state_ab":"KY","county":"Breckinridge","geo_location":{ "type": "Point", "coordinates": [-86.2312, 37.7885] }},
{"zip_code":"40146","country":"US","city":"Irvington","state":"Kentucky","state_ab":"KY","county":"Breckinridge","geo_location":{ "type": "Point", "coordinates": [-86.2965, 37.8762] }},
{"zip_code":"42036","country":"US","city":"Dexter","state":"Kentucky","state_ab":"KY","county":"Calloway","geo_location":{ "type": "Point", "coordinates": [-88.236, 36.7155] }},
{"zip_code":"42049","country":"US","city":"Hazel","state":"Kentucky","state_ab":"KY","county":"Calloway","geo_location":{ "type": "Point", "coordinates": [-88.3319, 36.5422] }},
{"zip_code":"42076","country":"US","city":"New Concord","state":"Kentucky","state_ab":"KY","county":"Calloway","geo_location":{ "type": "Point", "coordinates": [-88.0955, 36.55] }},
{"zip_code":"41059","country":"US","city":"Melbourne","state":"Kentucky","state_ab":"KY","county":"Campbell","geo_location":{ "type": "Point", "coordinates": [-84.3538, 39.0067] }},
{"zip_code":"41073","country":"US","city":"Bellevue","state":"Kentucky","state_ab":"KY","county":"Campbell","geo_location":{ "type": "Point", "coordinates": [-84.4787, 39.1024] }},
{"zip_code":"41099","country":"US","city":"Newport","state":"Kentucky","state_ab":"KY","county":"Campbell","geo_location":{ "type": "Point", "coordinates": [-84.3689, 38.9638] }},
{"zip_code":"42023","country":"US","city":"Bardwell","state":"Kentucky","state_ab":"KY","county":"Carlisle","geo_location":{ "type": "Point", "coordinates": [-89.0209, 36.8634] }},
{"zip_code":"41150","country":"US","city":"Jacobs","state":"Kentucky","state_ab":"KY","county":"Carter","geo_location":{ "type": "Point", "coordinates": [-83.2421, 38.2251] }},
{"zip_code":"42539","country":"US","city":"Liberty","state":"Kentucky","state_ab":"KY","county":"Casey","geo_location":{ "type": "Point", "coordinates": [-84.9719, 37.3146] }},
{"zip_code":"42566","country":"US","city":"Yosemite","state":"Kentucky","state_ab":"KY","county":"Casey","geo_location":{ "type": "Point", "coordinates": [-84.8124, 37.3074] }},
{"zip_code":"42603","country":"US","city":"Alpha","state":"Kentucky","state_ab":"KY","county":"Clinton","geo_location":{ "type": "Point", "coordinates": [-85.0275, 36.7824] }},
{"zip_code":"42759","country":"US","city":"Marrowbone","state":"Kentucky","state_ab":"KY","county":"Cumberland","geo_location":{ "type": "Point", "coordinates": [-85.5015, 36.8306] }},
{"zip_code":"42786","country":"US","city":"Waterview","state":"Kentucky","state_ab":"KY","county":"Cumberland","geo_location":{ "type": "Point", "coordinates": [-85.4624, 36.8198] }},
{"zip_code":"42373","country":"US","city":"Saint Joseph","state":"Kentucky","state_ab":"KY","county":"Daviess County","geo_location":{ "type": "Point", "coordinates": [-87.3251, 37.6943] }},
{"zip_code":"41149","country":"US","city":"Isonville","state":"Kentucky","state_ab":"KY","county":"Elliott","geo_location":{ "type": "Point", "coordinates": [-83.0506, 38.0462] }},
{"zip_code":"40506","country":"US","city":"Lexington","state":"Kentucky","state_ab":"KY","county":"Fayette","geo_location":{ "type": "Point", "coordinates": [-84.5075, 38.0287] }},
{"zip_code":"40533","country":"US","city":"Lexington","state":"Kentucky","state_ab":"KY","county":"Fayette","geo_location":{ "type": "Point", "coordinates": [-84.4715, 38.0283] }},
{"zip_code":"40546","country":"US","city":"Lexington","state":"Kentucky","state_ab":"KY","county":"Fayette","geo_location":{ "type": "Point", "coordinates": [-84.4715, 38.0283] }},
{"zip_code":"40586","country":"US","city":"Lexington","state":"Kentucky","state_ab":"KY","county":"Fayette","geo_location":{ "type": "Point", "coordinates": [-84.4715, 38.0283] }},
{"zip_code":"41626","country":"US","city":"Endicott","state":"Kentucky","state_ab":"KY","county":"Floyd County","geo_location":{ "type": "Point", "coordinates": [-82.618, 37.6774] }},
{"zip_code":"41639","country":"US","city":"Honaker","state":"Kentucky","state_ab":"KY","county":"Floyd County","geo_location":{ "type": "Point", "coordinates": [-82.668, 37.5145] }},
{"zip_code":"41640","country":"US","city":"Hueysville","state":"Kentucky","state_ab":"KY","county":"Floyd","geo_location":{ "type": "Point", "coordinates": [-82.8518, 37.5087] }},
{"zip_code":"41653","country":"US","city":"Prestonsburg","state":"Kentucky","state_ab":"KY","county":"Floyd","geo_location":{ "type": "Point", "coordinates": [-82.7636, 37.661] }},
{"zip_code":"41666","country":"US","city":"Wayland","state":"Kentucky","state_ab":"KY","county":"Floyd","geo_location":{ "type": "Point", "coordinates": [-82.801, 37.4367] }},
{"zip_code":"42050","country":"US","city":"Hickman","state":"Kentucky","state_ab":"KY","county":"Fulton","geo_location":{ "type": "Point", "coordinates": [-89.1947, 36.5593] }},
{"zip_code":"41046","country":"US","city":"Glencoe","state":"Kentucky","state_ab":"KY","county":"Gallatin","geo_location":{ "type": "Point", "coordinates": [-84.8116, 38.7229] }},
{"zip_code":"41086","country":"US","city":"Sparta","state":"Kentucky","state_ab":"KY","county":"Gallatin","geo_location":{ "type": "Point", "coordinates": [-84.8813, 38.7256] }},
{"zip_code":"42063","country":"US","city":"Lynnville","state":"Kentucky","state_ab":"KY","county":"Graves","geo_location":{ "type": "Point", "coordinates": [-88.652, 36.7239] }},
{"zip_code":"40119","country":"US","city":"Falls Of Rough","state":"Kentucky","state_ab":"KY","county":"Grayson","geo_location":{ "type": "Point", "coordinates": [-86.4836, 37.5522] }},
{"zip_code":"41163","country":"US","city":"Oldtown","state":"Kentucky","state_ab":"KY","county":"Greenup County","geo_location":{ "type": "Point", "coordinates": [-82.9582, 38.4403] }},
{"zip_code":"40159","country":"US","city":"Radcliff","state":"Kentucky","state_ab":"KY","county":"Hardin","geo_location":{ "type": "Point", "coordinates": [-85.9769, 37.7235] }},
{"zip_code":"40160","country":"US","city":"Radcliff","state":"Kentucky","state_ab":"KY","county":"Hardin","geo_location":{ "type": "Point", "coordinates": [-85.9404, 37.8267] }},
{"zip_code":"40829","country":"US","city":"Grays Knob","state":"Kentucky","state_ab":"KY","county":"Harlan","geo_location":{ "type": "Point", "coordinates": [-83.2645, 36.7974] }},
{"zip_code":"40830","country":"US","city":"Gulston","state":"Kentucky","state_ab":"KY","county":"Harlan","geo_location":{ "type": "Point", "coordinates": [-83.3262, 36.7656] }},
{"zip_code":"40843","country":"US","city":"Holmes Mill","state":"Kentucky","state_ab":"KY","county":"Harlan","geo_location":{ "type": "Point", "coordinates": [-82.9943, 36.8757] }},
{"zip_code":"40870","country":"US","city":"Totz","state":"Kentucky","state_ab":"KY","county":"Harlan","geo_location":{ "type": "Point", "coordinates": [-83.1617, 36.933] }},
{"zip_code":"42746","country":"US","city":"Hardyville","state":"Kentucky","state_ab":"KY","county":"Hart","geo_location":{ "type": "Point", "coordinates": [-85.7542, 37.2249] }},
{"zip_code":"40070","country":"US","city":"Sulphur","state":"Kentucky","state_ab":"KY","county":"Henry","geo_location":{ "type": "Point", "coordinates": [-85.252, 38.4921] }},
{"zip_code":"42410","country":"US","city":"Earlington","state":"Kentucky","state_ab":"KY","county":"Hopkins","geo_location":{ "type": "Point", "coordinates": [-87.5131, 37.2743] }},
{"zip_code":"42436","country":"US","city":"Manitou","state":"Kentucky","state_ab":"KY","county":"Hopkins","geo_location":{ "type": "Point", "coordinates": [-87.5639, 37.4067] }},
{"zip_code":"90033","country":"US","city":"Los Angeles","state":"California","state_ab":"CA","county":"Los Angeles","geo_location":{ "type": "Point", "coordinates": [-118.2084, 34.0487] }},
{"zip_code":"90046","country":"US","city":"Los Angeles","state":"California","state_ab":"CA","county":"Los Angeles","geo_location":{ "type": "Point", "coordinates": [-118.3652, 34.1074] }},
{"zip_code":"90059","country":"US","city":"Los Angeles","state":"California","state_ab":"CA","county":"Los Angeles","geo_location":{ "type": "Point", "coordinates": [-118.2463, 33.9293] }},
{"zip_code":"90060","country":"US","city":"Los Angeles","state":"California","state_ab":"CA","county":"Los Angeles","geo_location":{ "type": "Point", "coordinates": [-118.2987, 33.7866] }},
{"zip_code":"90073","country":"US","city":"Los Angeles","state":"California","state_ab":"CA","county":"Los Angeles","geo_location":{ "type": "Point", "coordinates": [-118.2987, 33.7866] }},
{"zip_code":"90086","country":"US","city":"Los Angeles","state":"California","state_ab":"CA","county":"Los Angeles","geo_location":{ "type": "Point", "coordinates": [-118.2987, 33.7866] }},
{"zip_code":"90099","country":"US","city":"Los Angeles","state":"California","state_ab":"CA","county":"Los Angeles","geo_location":{ "type": "Point", "coordinates": [-118.2987, 33.7866] }},
{"zip_code":"90189","country":"US","city":"Los Angeles","state":"California","state_ab":"CA","county":"Los Angeles County","geo_location":{ "type": "Point", "coordinates": [-118.2559, 34.0515] }},
{"zip_code":"90213","country":"US","city":"Beverly Hills","state":"California","state_ab":"CA","county":"Los Angeles","geo_location":{ "type": "Point", "coordinates": [-118.2987, 33.7866] }},
{"zip_code":"90239","country":"US","city":"Downey","state":"California","state_ab":"CA","county":"Los Angeles","geo_location":{ "type": "Point", "coordinates": [-118.2987, 33.7866] }},
{"zip_code":"90240","country":"US","city":"Downey","state":"California","state_ab":"CA","county":"Los Angeles","geo_location":{ "type": "Point", "coordinates": [-118.1174, 33.9581] }},
{"zip_code":"90266","country":"US","city":"Manhattan Beach","state":"California","state_ab":"CA","county":"Los Angeles","geo_location":{ "type": "Point", "coordinates": [-118.3996, 33.8896] }},
{"zip_code":"90280","country":"US","city":"South Gate","state":"California","state_ab":"CA","county":"Los Angeles","geo_location":{ "type": "Point", "coordinates": [-118.2013, 33.9462] }},
{"zip_code":"90293","country":"US","city":"Playa Del Rey","state":"California","state_ab":"CA","county":"Los Angeles","geo_location":{ "type": "Point", "coordinates": [-118.4373, 33.9577] }},
{"zip_code":"90303","country":"US","city":"Inglewood","state":"California","state_ab":"CA","county":"Los Angeles","geo_location":{ "type": "Point", "coordinates": [-118.3321, 33.9377] }},
{"zip_code":"90406","country":"US","city":"Santa Monica","state":"California","state_ab":"CA","county":"Los Angeles","geo_location":{ "type": "Point", "coordinates": [-118.2987, 33.7866] }},
{"zip_code":"90509","country":"US","city":"Torrance","state":"California","state_ab":"CA","county":"Los Angeles","geo_location":{ "type": "Point", "coordinates": [-118.2987, 33.7866] }},
{"zip_code":"90510","country":"US","city":"Torrance","state":"California","state_ab":"CA","county":"Los Angeles","geo_location":{ "type": "Point", "coordinates": [-118.2987, 33.7866] }},
{"zip_code":"90639","country":"US","city":"La Mirada","state":"California","state_ab":"CA","county":"Los Angeles","geo_location":{ "type": "Point", "coordinates": [-118.0182, 33.9058] }},
{"zip_code":"90640","country":"US","city":"Montebello","state":"California","state_ab":"CA","county":"Los Angeles","geo_location":{ "type": "Point", "coordinates": [-118.113, 34.0133] }},
{"zip_code":"90703","country":"US","city":"Cerritos","state":"California","state_ab":"CA","county":"Los Angeles","geo_location":{ "type": "Point", "coordinates": [-118.0686, 33.8669] }},
{"zip_code":"90716","country":"US","city":"Hawaiian Gardens","state":"California","state_ab":"CA","county":"Los Angeles","geo_location":{ "type": "Point", "coordinates": [-118.073, 33.8296] }},
{"zip_code":"90806","country":"US","city":"Long Beach","state":"California","state_ab":"CA","county":"Los Angeles","geo_location":{ "type": "Point", "coordinates": [-118.1876, 33.8045] }},
{"zip_code":"90833","country":"US","city":"Long Beach","state":"California","state_ab":"CA","county":"Los Angeles","geo_location":{ "type": "Point", "coordinates": [-118.1994, 33.7678] }},
{"zip_code":"90846","country":"US","city":"Long Beach","state":"California","state_ab":"CA","county":"Los Angeles","geo_location":{ "type": "Point", "coordinates": [-118.1504, 33.8249] }},
{"zip_code":"90899","country":"US","city":"Long Beach","state":"California","state_ab":"CA","county":"Los Angeles County","geo_location":{ "type": "Point", "coordinates": [-118.1634, 33.7987] }},
{"zip_code":"91009","country":"US","city":"Duarte","state":"California","state_ab":"CA","county":"Los Angeles","geo_location":{ "type": "Point", "coordinates": [-118.2987, 33.7866] }},
{"zip_code":"91010","country":"US","city":"Duarte","state":"California","state_ab":"CA","county":"Los Angeles","geo_location":{ "type": "Point", "coordinates": [-117.9567, 34.1407] }},
{"zip_code":"91023","country":"US","city":"Mount Wilson","state":"California","state_ab":"CA","county":"Los Angeles","geo_location":{ "type": "Point", "coordinates": [-118.2987, 33.7866] }},
{"zip_code":"91050","country":"US","city":"Pasadena","state":"California","state_ab":"CA","county":"Los Angeles","geo_location":{ "type": "Point", "coordinates": [-118.2987, 33.7866] }},
{"zip_code":"91126","country":"US","city":"Pasadena","state":"California","state_ab":"CA","county":"Los Angeles","geo_location":{ "type": "Point", "coordinates": [-118.2987, 33.7866] }},
{"zip_code":"91203","country":"US","city":"Glendale","state":"California","state_ab":"CA","county":"Los Angeles","geo_location":{ "type": "Point", "coordinates": [-118.2636, 34.1517] }},
{"zip_code":"91306","country":"US","city":"Winnetka","state":"California","state_ab":"CA","county":"Los Angeles","geo_location":{ "type": "Point", "coordinates": [-118.5749, 34.2092] }},
{"zip_code":"91333","country":"US","city":"Pacoima","state":"California","state_ab":"CA","county":"Los Angeles","geo_location":{ "type": "Point", "coordinates": [-118.2987, 33.7866] }},
{"zip_code":"91346","country":"US","city":"Mission Hills","state":"California","state_ab":"CA","county":"Los Angeles","geo_location":{ "type": "Point", "coordinates": [-118.2987, 33.7866] }},
{"zip_code":"91386","country":"US","city":"Canyon Country","state":"California","state_ab":"CA","county":"Los Angeles","geo_location":{ "type": "Point", "coordinates": [-118.2987, 33.7866] }},
{"zip_code":"91399","country":"US","city":"Woodland Hills","state":"California","state_ab":"CA","county":"Los Angeles","geo_location":{ "type": "Point", "coordinates": [-118.2987, 33.7866] }},
{"zip_code":"91409","country":"US","city":"Van Nuys","state":"California","state_ab":"CA","county":"Los Angeles","geo_location":{ "type": "Point", "coordinates": [-118.2987, 33.7866] }},
{"zip_code":"91410","country":"US","city":"Van Nuys","state":"California","state_ab":"CA","county":"Los Angeles","geo_location":{ "type": "Point", "coordinates": [-118.2987, 33.7866] }},
{"zip_code":"91423","country":"US","city":"Sherman Oaks","state":"California","state_ab":"CA","county":"Los Angeles","geo_location":{ "type": "Point", "coordinates": [-118.4322, 34.1526] }},
{"zip_code":"91436","country":"US","city":"Encino","state":"California","state_ab":"CA","county":"Los Angeles","geo_location":{ "type": "Point", "coordinates": [-118.4882, 34.151] }},
{"zip_code":"91463","country":"US","city":"Los Angeles","state":"California","state_ab":"CA","county":"Los Angeles County","geo_location":{ "type": "Point", "coordinates": [-118.4742, 34.2011] }},
{"zip_code":"91526","country":"US","city":"Burbank","state":"California","state_ab":"CA","county":"Los Angeles","geo_location":{ "type": "Point", "coordinates": [-118.2987, 33.7866] }},
{"zip_code":"91603","country":"US","city":"North Hollywood","state":"California","state_ab":"CA","county":"Los Angeles","geo_location":{ "type": "Point", "coordinates": [-118.2987, 33.7866] }},
{"zip_code":"91616","country":"US","city":"North Hollywood","state":"California","state_ab":"CA","county":"Los Angeles","geo_location":{ "type": "Point", "coordinates": [-118.2987, 33.7866] }},
{"zip_code":"91706","country":"US","city":"Baldwin Park","state":"California","state_ab":"CA","county":"Los Angeles","geo_location":{ "type": "Point", "coordinates": [-117.9682, 34.0964] }},
{"zip_code":"91733","country":"US","city":"South El Monte","state":"California","state_ab":"CA","county":"Los Angeles","geo_location":{ "type": "Point", "coordinates": [-118.0444, 34.0557] }},
{"zip_code":"91746","country":"US","city":"La Puente","state":"California","state_ab":"CA","county":"Los Angeles","geo_location":{ "type": "Point", "coordinates": [-117.9862, 34.0443] }},
{"zip_code":"91759","country":"US","city":"Mt Baldy","state":"California","state_ab":"CA","county":"Los Angeles","geo_location":{ "type": "Point", "coordinates": [-118.2987, 33.7866] }},
{"zip_code":"91773","country":"US","city":"San Dimas","state":"California","state_ab":"CA","county":"Los Angeles","geo_location":{ "type": "Point", "coordinates": [-117.8169, 34.1023] }},
{"zip_code":"91799","country":"US","city":"Pomona","state":"California","state_ab":"CA","county":"Los Angeles","geo_location":{ "type": "Point", "coordinates": [-118.2987, 33.7866] }},
{"zip_code":"93586","country":"US","city":"Lancaster","state":"California","state_ab":"CA","county":"Los Angeles","geo_location":{ "type": "Point", "coordinates": [-118.2987, 33.7866] }},
{"zip_code":"93599","country":"US","city":"Palmdale","state":"California","state_ab":"CA","county":"Los Angeles","geo_location":{ "type": "Point", "coordinates": [-118.2987, 33.7866] }},
{"zip_code":"93610","country":"US","city":"Chowchilla","state":"California","state_ab":"CA","county":"Madera","geo_location":{ "type": "Point", "coordinates": [-120.2691, 37.1014] }},
{"zip_code":"94949","country":"US","city":"Novato","state":"California","state_ab":"CA","county":"Marin","geo_location":{ "type": "Point", "coordinates": [-122.5404, 38.0618] }},
{"zip_code":"94950","country":"US","city":"Olema","state":"California","state_ab":"CA","county":"Marin","geo_location":{ "type": "Point", "coordinates": [-122.7699, 38.0467] }},
{"zip_code":"94963","country":"US","city":"San Geronimo","state":"California","state_ab":"CA","county":"Marin","geo_location":{ "type": "Point", "coordinates": [-122.6596, 38.0166] }},
{"zip_code":"94976","country":"US","city":"Corte Madera","state":"California","state_ab":"CA","county":"Marin","geo_location":{ "type": "Point", "coordinates": [-122.741, 38.068] }},
{"zip_code":"93623","country":"US","city":"Fish Camp","state":"California","state_ab":"CA","county":"Mariposa","geo_location":{ "type": "Point", "coordinates": [-119.642, 37.5169] }},
{"zip_code":"95306","country":"US","city":"Catheys Valley","state":"California","state_ab":"CA","county":"Mariposa","geo_location":{ "type": "Point", "coordinates": [-120.1438, 37.4404] }},
{"zip_code":"95410","country":"US","city":"Albion","state":"California","state_ab":"CA","county":"Mendocino","geo_location":{ "type": "Point", "coordinates": [-123.72, 39.2131] }},
{"zip_code":"95449","country":"US","city":"Hopland","state":"California","state_ab":"CA","county":"Mendocino","geo_location":{ "type": "Point", "coordinates": [-123.0703, 38.938] }},
{"zip_code":"95463","country":"US","city":"Navarro","state":"California","state_ab":"CA","county":"Mendocino","geo_location":{ "type": "Point", "coordinates": [-123.5268, 39.185] }},
{"zip_code":"95490","country":"US","city":"Willits","state":"California","state_ab":"CA","county":"Mendocino","geo_location":{ "type": "Point", "coordinates": [-123.3679, 39.4493] }},
{"zip_code":"93636","country":"US","city":"Madera","state":"California","state_ab":"CA","county":"Merced County","geo_location":{ "type": "Point", "coordinates": [-119.8806, 36.9528] }},
{"zip_code":"95333","country":"US","city":"Le Grand","state":"California","state_ab":"CA","county":"Merced","geo_location":{ "type": "Point", "coordinates": [-120.2667, 37.2496] }},
{"zip_code":"96116","country":"US","city":"Likely","state":"California","state_ab":"CA","county":"Modoc","geo_location":{ "type": "Point", "coordinates": [-120.5079, 41.2329] }},
{"zip_code":"93546","country":"US","city":"Mammoth Lakes","state":"California","state_ab":"CA","county":"Mono","geo_location":{ "type": "Point", "coordinates": [-118.8656, 37.6094] }},
{"zip_code":"93906","country":"US","city":"Salinas","state":"California","state_ab":"CA","county":"Monterey","geo_location":{ "type": "Point", "coordinates": [-121.6438, 36.7103] }},
{"zip_code":"93920","country":"US","city":"Big Sur","state":"California","state_ab":"CA","county":"Monterey","geo_location":{ "type": "Point", "coordinates": [-121.7009, 36.2458] }},
{"zip_code":"93933","country":"US","city":"Marina","state":"California","state_ab":"CA","county":"Monterey","geo_location":{ "type": "Point", "coordinates": [-121.7934, 36.6849] }},
{"zip_code":"93960","country":"US","city":"Soledad","state":"California","state_ab":"CA","county":"Monterey","geo_location":{ "type": "Point", "coordinates": [-121.3243, 36.4196] }},
{"zip_code":"94576","country":"US","city":"Deer Park","state":"California","state_ab":"CA","county":"Napa","geo_location":{ "type": "Point", "coordinates": [-122.4764, 38.5494] }},
{"zip_code":"90680","country":"US","city":"Stanton","state":"California","state_ab":"CA","county":"Orange","geo_location":{ "type": "Point", "coordinates": [-117.9956, 33.7991] }},
{"zip_code":"90743","country":"US","city":"Surfside","state":"California","state_ab":"CA","county":"Orange","geo_location":{ "type": "Point", "coordinates": [-118.0833, 33.7264] }},
{"zip_code":"92606","country":"US","city":"Irvine","state":"California","state_ab":"CA","county":"Orange","geo_location":{ "type": "Point", "coordinates": [-117.8224, 33.6951] }},
{"zip_code":"92619","country":"US","city":"Irvine","state":"California","state_ab":"CA","county":"Orange","geo_location":{ "type": "Point", "coordinates": [-117.7645, 33.6706] }},
{"zip_code":"92620","country":"US","city":"Irvine","state":"California","state_ab":"CA","county":"Orange","geo_location":{ "type": "Point", "coordinates": [-117.7564, 33.7009] }},
{"zip_code":"92633","country":"US","city":"Fullerton","state":"California","state_ab":"CA","county":"Orange County","geo_location":{ "type": "Point", "coordinates": [-117.9615, 33.8734] }},
{"zip_code":"92646","country":"US","city":"Huntington Beach","state":"California","state_ab":"CA","county":"Orange","geo_location":{ "type": "Point", "coordinates": [-117.9686, 33.6654] }},
{"zip_code":"92659","country":"US","city":"Newport Beach","state":"California","state_ab":"CA","county":"Orange","geo_location":{ "type": "Point", "coordinates": [-117.9235, 33.6222] }},
{"zip_code":"92660","country":"US","city":"Newport Beach","state":"California","state_ab":"CA","county":"Orange","geo_location":{ "type": "Point", "coordinates": [-117.8684, 33.6295] }},
{"zip_code":"92673","country":"US","city":"San Clemente","state":"California","state_ab":"CA","county":"Orange","geo_location":{ "type": "Point", "coordinates": [-117.6375, 33.4615] }},
{"zip_code":"92686","country":"US","city":"Yorba Linda","state":"California","state_ab":"CA","county":"Orange County","geo_location":{ "type": "Point", "coordinates": [-117.8014, 33.8882] }},
{"zip_code":"92709","country":"US","city":"Irvine","state":"California","state_ab":"CA","county":"Orange","geo_location":{ "type": "Point", "coordinates": [-117.7319, 33.6813] }},
{"zip_code":"92710","country":"US","city":"Irvine","state":"California","state_ab":"CA","county":"Orange","geo_location":{ "type": "Point", "coordinates": [-117.8403, 33.7074] }},
{"zip_code":"92840","country":"US","city":"Garden Grove","state":"California","state_ab":"CA","county":"Orange","geo_location":{ "type": "Point", "coordinates": [-117.9273, 33.7869] }},
{"zip_code":"92866","country":"US","city":"Orange","state":"California","state_ab":"CA","county":"Orange","geo_location":{ "type": "Point", "coordinates": [-117.8423, 33.7877] }},
{"zip_code":"95603","country":"US","city":"Auburn","state":"California","state_ab":"CA","county":"Placer","geo_location":{ "type": "Point", "coordinates": [-121.08, 38.9115] }},
{"zip_code":"95746","country":"US","city":"Granite Bay","state":"California","state_ab":"CA","county":"Placer","geo_location":{ "type": "Point", "coordinates": [-121.1897, 38.7435] }},
{"zip_code":"96143","country":"US","city":"Kings Beach","state":"California","state_ab":"CA","county":"Placer","geo_location":{ "type": "Point", "coordinates": [-120.0233, 39.2401] }},
{"zip_code":"95980","country":"US","city":"Storrie","state":"California","state_ab":"CA","county":"Plumas","geo_location":{ "type": "Point", "coordinates": [-121.3222, 39.9175] }},
{"zip_code":"96103","country":"US","city":"Blairsden-Graeagle","state":"California","state_ab":"CA","county":"Plumas","geo_location":{ "type": "Point", "coordinates": [-120.6405, 39.8127] }},
{"zip_code":"96129","country":"US","city":"Beckwourth","state":"California","state_ab":"CA","county":"Plumas","geo_location":{ "type": "Point", "coordinates": [-120.4051, 39.7721] }},
{"zip_code":"91719","country":"US","city":"Corona","state":"California","state_ab":"CA","county":"Riverside","geo_location":{ "type": "Point", "coordinates": [-116.0556, 33.7529] }},
{"zip_code":"91720","country":"US","city":"Corona","state":"California","state_ab":"CA","county":"Riverside","geo_location":{ "type": "Point", "coordinates": [-116.0556, 33.7529] }},
{"zip_code":"91760","country":"US","city":"Norco","state":"California","state_ab":"CA","county":"Riverside","geo_location":{ "type": "Point", "coordinates": [-116.0556, 33.7529] }},
{"zip_code":"92220","country":"US","city":"Banning","state":"California","state_ab":"CA","county":"Riverside","geo_location":{ "type": "Point", "coordinates": [-116.8899, 33.9282] }},
{"zip_code":"92260","country":"US","city":"Palm Desert","state":"California","state_ab":"CA","county":"Riverside","geo_location":{ "type": "Point", "coordinates": [-116.4027, 33.6806] }},
{"zip_code":"92503","country":"US","city":"Riverside","state":"California","state_ab":"CA","county":"Riverside","geo_location":{ "type": "Point", "coordinates": [-117.4589, 33.9208] }},
{"zip_code":"92516","country":"US","city":"Riverside","state":"California","state_ab":"CA","county":"Riverside","geo_location":{ "type": "Point", "coordinates": [-116.0556, 33.7529] }},
{"zip_code":"92530","country":"US","city":"Lake Elsinore","state":"California","state_ab":"CA","county":"Riverside","geo_location":{ "type": "Point", "coordinates": [-117.3485, 33.6598] }},
{"zip_code":"92543","country":"US","city":"Hemet","state":"California","state_ab":"CA","county":"Riverside","geo_location":{ "type": "Point", "coordinates": [-116.973, 33.7416] }},
{"zip_code":"92556","country":"US","city":"Moreno Valley","state":"California","state_ab":"CA","county":"Riverside","geo_location":{ "type": "Point", "coordinates": [-116.0556, 33.7529] }},
{"zip_code":"92570","country":"US","city":"Perris","state":"California","state_ab":"CA","county":"Riverside","geo_location":{ "type": "Point", "coordinates": [-117.3166, 33.7852] }},
{"zip_code":"92583","country":"US","city":"San Jacinto","state":"California","state_ab":"CA","county":"Riverside","geo_location":{ "type": "Point", "coordinates": [-116.9324, 33.7967] }},
{"zip_code":"92596","country":"US","city":"Winchester","state":"California","state_ab":"CA","county":"Riverside","geo_location":{ "type": "Point", "coordinates": [-117.0885, 33.6243] }},
{"zip_code":"92879","country":"US","city":"Corona","state":"California","state_ab":"CA","county":"Riverside","geo_location":{ "type": "Point", "coordinates": [-117.5354, 33.8797] }},
{"zip_code":"92880","country":"US","city":"Corona","state":"California","state_ab":"CA","county":"Riverside","geo_location":{ "type": "Point", "coordinates": [-117.6096, 33.9208] }},
{"zip_code":"94239","country":"US","city":"Sacramento","state":"California","state_ab":"CA","county":"Sacramento","geo_location":{ "type": "Point", "coordinates": [-121.4444, 38.3774] }},
{"zip_code":"94240","country":"US","city":"Sacramento","state":"California","state_ab":"CA","county":"Sacramento","geo_location":{ "type": "Point", "coordinates": [-121.4444, 38.3774] }},
{"zip_code":"94253","country":"US","city":"Sacramento","state":"California","state_ab":"CA","county":"Sacramento","geo_location":{ "type": "Point", "coordinates": [-121.4444, 38.3774] }},
{"zip_code":"94279","country":"US","city":"Sacramento","state":"California","state_ab":"CA","county":"Sacramento","geo_location":{ "type": "Point", "coordinates": [-121.4444, 38.3774] }},
{"zip_code":"94280","country":"US","city":"Sacramento","state":"California","state_ab":"CA","county":"Sacramento","geo_location":{ "type": "Point", "coordinates": [-121.4444, 38.3774] }},
{"zip_code":"94293","country":"US","city":"Sacramento","state":"California","state_ab":"CA","county":"Sacramento","geo_location":{ "type": "Point", "coordinates": [-121.4444, 38.3774] }},
{"zip_code":"95630","country":"US","city":"Folsom","state":"California","state_ab":"CA","county":"Sacramento","geo_location":{ "type": "Point", "coordinates": [-121.1529, 38.6709] }},
{"zip_code":"95670","country":"US","city":"Rancho Cordova","state":"California","state_ab":"CA","county":"Sacramento","geo_location":{ "type": "Point", "coordinates": [-121.2761, 38.6072] }},
{"zip_code":"95683","country":"US","city":"Sloughhouse","state":"California","state_ab":"CA","county":"Sacramento","geo_location":{ "type": "Point", "coordinates": [-121.0964, 38.5143] }},
{"zip_code":"95759","country":"US","city":"Elk Grove","state":"California","state_ab":"CA","county":"Sacramento","geo_location":{ "type": "Point", "coordinates": [-121.3752, 38.407] }},
{"zip_code":"95823","country":"US","city":"Sacramento","state":"California","state_ab":"CA","county":"Sacramento","geo_location":{ "type": "Point", "coordinates": [-121.4438, 38.4797] }},
{"zip_code":"95836","country":"US","city":"Sacramento","state":"California","state_ab":"CA","county":"Sacramento","geo_location":{ "type": "Point", "coordinates": [-121.5343, 38.7198] }},
{"zip_code":"95023","country":"US","city":"Hollister","state":"California","state_ab":"CA","county":"San Benito","geo_location":{ "type": "Point", "coordinates": [-121.3439, 36.8337] }},
{"zip_code":"91786","country":"US","city":"Upland","state":"California","state_ab":"CA","county":"San Bernardino","geo_location":{ "type": "Point", "coordinates": [-117.6583, 34.1144] }},
{"zip_code":"92286","country":"US","city":"Yucca Valley","state":"California","state_ab":"CA","county":"San Bernardino","geo_location":{ "type": "Point", "coordinates": [-116.35, 34.1803] }},
{"zip_code":"92309","country":"US","city":"Baker","state":"California","state_ab":"CA","county":"San Bernardino","geo_location":{ "type": "Point", "coordinates": [-116.0638, 35.3606] }},
{"zip_code":"92310","country":"US","city":"Fort Irwin","state":"California","state_ab":"CA","county":"San Bernardino","geo_location":{ "type": "Point", "coordinates": [-116.6966, 35.2625] }},
{"zip_code":"92323","country":"US","city":"Cima","state":"California","state_ab":"CA","county":"San Bernardino","geo_location":{ "type": "Point", "coordinates": [-115.9671, 34.84] }},
{"zip_code":"92336","country":"US","city":"Fontana","state":"California","state_ab":"CA","county":"San Bernardino","geo_location":{ "type": "Point", "coordinates": [-117.4378, 34.1173] }},
{"zip_code":"92350","country":"US","city":"Loma Linda","state":"California","state_ab":"CA","county":"San Bernardino","geo_location":{ "type": "Point", "coordinates": [-115.9671, 34.84] }},
{"zip_code":"92363","country":"US","city":"Needles","state":"California","state_ab":"CA","county":"San Bernardino","geo_location":{ "type": "Point", "coordinates": [-114.5871, 34.7824] }},
{"zip_code":"92376","country":"US","city":"Rialto","state":"California","state_ab":"CA","county":"San Bernardino","geo_location":{ "type": "Point", "coordinates": [-117.3771, 34.1132] }},
{"zip_code":"92413","country":"US","city":"San Bernardino","state":"California","state_ab":"CA","county":"San Bernardino","geo_location":{ "type": "Point", "coordinates": [-115.9671, 34.84] }},
{"zip_code":"91913","country":"US","city":"Chula Vista","state":"California","state_ab":"CA","county":"San Diego","geo_location":{ "type": "Point", "coordinates": [-116.9852, 32.6513] }},
{"zip_code":"91979","country":"US","city":"Spring Valley","state":"California","state_ab":"CA","county":"San Diego","geo_location":{ "type": "Point", "coordinates": [-116.846, 33.0169] }},
{"zip_code":"91980","country":"US","city":"Tecate","state":"California","state_ab":"CA","county":"San Diego","geo_location":{ "type": "Point", "coordinates": [-116.6192, 32.5889] }},
{"zip_code":"92013","country":"US","city":"Carlsbad","state":"California","state_ab":"CA","county":"San Diego","geo_location":{ "type": "Point", "coordinates": [-116.846, 33.0169] }},
{"zip_code":"92026","country":"US","city":"Escondido","state":"California","state_ab":"CA","county":"San Diego","geo_location":{ "type": "Point", "coordinates": [-117.0978, 33.1605] }},
{"zip_code":"92039","country":"US","city":"La Jolla","state":"California","state_ab":"CA","county":"San Diego","geo_location":{ "type": "Point", "coordinates": [-116.846, 33.0169] }},
{"zip_code":"92040","country":"US","city":"Lakeside","state":"California","state_ab":"CA","county":"San Diego","geo_location":{ "type": "Point", "coordinates": [-116.9201, 32.8562] }},
{"zip_code":"92066","country":"US","city":"Ranchita","state":"California","state_ab":"CA","county":"San Diego","geo_location":{ "type": "Point", "coordinates": [-116.5391, 33.2405] }},
{"zip_code":"92079","country":"US","city":"San Marcos","state":"California","state_ab":"CA","county":"San Diego","geo_location":{ "type": "Point", "coordinates": [-116.846, 33.0169] }},
{"zip_code":"92093","country":"US","city":"La Jolla","state":"California","state_ab":"CA","county":"San Diego","geo_location":{ "type": "Point", "coordinates": [-116.846, 33.0169] }},
{"zip_code":"92103","country":"US","city":"San Diego","state":"California","state_ab":"CA","county":"San Diego","geo_location":{ "type": "Point", "coordinates": [-117.1636, 32.7466] }},
{"zip_code":"92116","country":"US","city":"San Diego","state":"California","state_ab":"CA","county":"San Diego","geo_location":{ "type": "Point", "coordinates": [-117.1242, 32.7624] }},
{"zip_code":"92129","country":"US","city":"San Diego","state":"California","state_ab":"CA","county":"San Diego","geo_location":{ "type": "Point", "coordinates": [-117.1213, 32.9652] }},
{"zip_code":"92130","country":"US","city":"San Diego","state":"California","state_ab":"CA","county":"San Diego","geo_location":{ "type": "Point", "coordinates": [-117.2252, 32.9555] }},
{"zip_code":"92143","country":"US","city":"San Ysidro","state":"California","state_ab":"CA","county":"San Diego","geo_location":{ "type": "Point", "coordinates": [-116.846, 33.0169] }},
{"zip_code":"92169","country":"US","city":"San Diego","state":"California","state_ab":"CA","county":"San Diego","geo_location":{ "type": "Point", "coordinates": [-116.846, 33.0169] }},
{"zip_code":"92170","country":"US","city":"San Diego","state":"California","state_ab":"CA","county":"San Diego","geo_location":{ "type": "Point", "coordinates": [-116.846, 33.0169] }},
{"zip_code":"92196","country":"US","city":"San Diego","state":"California","state_ab":"CA","county":"San Diego","geo_location":{ "type": "Point", "coordinates": [-116.846, 33.0169] }},
{"zip_code":"94109","country":"US","city":"San Francisco","state":"California","state_ab":"CA","county":"San Francisco","geo_location":{ "type": "Point", "coordinates": [-122.4186, 37.7917] }},
{"zip_code":"94110","country":"US","city":"San Francisco","state":"California","state_ab":"CA","county":"San Francisco","geo_location":{ "type": "Point", "coordinates": [-122.4153, 37.7509] }},
{"zip_code":"94123","country":"US","city":"San Francisco","state":"California","state_ab":"CA","county":"San Francisco","geo_location":{ "type": "Point", "coordinates": [-122.4342, 37.7999] }},
{"zip_code":"94136","country":"US","city":"San Francisco","state":"California","state_ab":"CA","county":"San Francisco","geo_location":{ "type": "Point", "coordinates": [-122.7278, 37.7848] }},
{"zip_code":"94150","country":"US","city":"San Francisco","state":"California","state_ab":"CA","county":"San Francisco","geo_location":{ "type": "Point", "coordinates": [-122.7278, 37.7848] }},
{"zip_code":"94163","country":"US","city":"San Francisco","state":"California","state_ab":"CA","county":"San Francisco","geo_location":{ "type": "Point", "coordinates": [-122.7278, 37.7848] }},
{"zip_code":"95203","country":"US","city":"Stockton","state":"California","state_ab":"CA","county":"San Joaquin","geo_location":{ "type": "Point", "coordinates": [-121.3116, 37.9532] }},
{"zip_code":"95230","country":"US","city":"Farmington","state":"California","state_ab":"CA","county":"San Joaquin","geo_location":{ "type": "Point", "coordinates": [-120.7926, 37.9945] }},
{"zip_code":"95269","country":"US","city":"Stockton","state":"California","state_ab":"CA","county":"San Joaquin","geo_location":{ "type": "Point", "coordinates": [-121.3225, 38.0187] }},
{"zip_code":"95296","country":"US","city":"Lyoth","state":"California","state_ab":"CA","county":"San Joaquin","geo_location":{ "type": "Point", "coordinates": [-121.2984, 38.0282] }},
{"zip_code":"95320","country":"US","city":"Escalon","state":"California","state_ab":"CA","county":"San Joaquin","geo_location":{ "type": "Point", "coordinates": [-121.0006, 37.7983] }},
{"zip_code":"93403","country":"US","city":"San Luis Obispo","state":"California","state_ab":"CA","county":"San Luis Obispo","geo_location":{ "type": "Point", "coordinates": [-120.4553, 35.3471] }},
{"zip_code":"93430","country":"US","city":"Cayucos","state":"California","state_ab":"CA","county":"San Luis Obispo","geo_location":{ "type": "Point", "coordinates": [-120.8908, 35.4446] }},
{"zip_code":"93443","country":"US","city":"Morro Bay","state":"California","state_ab":"CA","county":"San Luis Obispo","geo_location":{ "type": "Point", "coordinates": [-120.4553, 35.3471] }},
{"zip_code":"93483","country":"US","city":"Grover Beach","state":"California","state_ab":"CA","county":"San Luis Obispo","geo_location":{ "type": "Point", "coordinates": [-120.4553, 35.3471] }},
{"zip_code":"94019","country":"US","city":"Half Moon Bay","state":"California","state_ab":"CA","county":"San Mateo","geo_location":{ "type": "Point", "coordinates": [-122.4459, 37.4791] }},
{"zip_code":"94020","country":"US","city":"La Honda","state":"California","state_ab":"CA","county":"San Mateo","geo_location":{ "type": "Point", "coordinates": [-122.2495, 37.2726] }},
{"zip_code":"94059","country":"US","city":"Redwood City","state":"California","state_ab":"CA","county":"San Mateo","geo_location":{ "type": "Point", "coordinates": [-122.3348, 37.3811] }},
{"zip_code":"94060","country":"US","city":"Pescadero","state":"California","state_ab":"CA","county":"San Mateo","geo_location":{ "type": "Point", "coordinates": [-122.3649, 37.2065] }},
{"zip_code":"94099","country":"US","city":"South San Francisco","state":"California","state_ab":"CA","county":"San Mateo","geo_location":{ "type": "Point", "coordinates": [-122.3348, 37.3811] }},
{"zip_code":"94303","country":"US","city":"Palo Alto","state":"California","state_ab":"CA","county":"San Mateo","geo_location":{ "type": "Point", "coordinates": [-122.1388, 37.4673] }},
{"zip_code":"93106","country":"US","city":"Santa Barbara","state":"California","state_ab":"CA","county":"Santa Barbara","geo_location":{ "type": "Point", "coordinates": [-119.8371, 34.4329] }},
{"zip_code":"93120","country":"US","city":"Santa Barbara","state":"California","state_ab":"CA","county":"Santa Barbara","geo_location":{ "type": "Point", "coordinates": [-119.8486, 34.2628] }},
{"zip_code":"93160","country":"US","city":"Santa Barbara","state":"California","state_ab":"CA","county":"Santa Barbara","geo_location":{ "type": "Point", "coordinates": [-119.8486, 34.2628] }},
{"zip_code":"93199","country":"US","city":"Goleta","state":"California","state_ab":"CA","county":"Santa Barbara","geo_location":{ "type": "Point", "coordinates": [-119.8486, 34.2628] }},
{"zip_code":"93429","country":"US","city":"Casmalia","state":"California","state_ab":"CA","county":"Santa Barbara","geo_location":{ "type": "Point", "coordinates": [-120.535, 34.8458] }},
{"zip_code":"93456","country":"US","city":"Santa Maria","state":"California","state_ab":"CA","county":"Santa Barbara","geo_location":{ "type": "Point", "coordinates": [-120.1968, 35.0277] }},
{"zip_code":"94086","country":"US","city":"Sunnyvale","state":"California","state_ab":"CA","county":"Santa Clara","geo_location":{ "type": "Point", "coordinates": [-122.0238, 37.3764] }},
{"zip_code":"95009","country":"US","city":"Campbell","state":"California","state_ab":"CA","county":"Santa Clara","geo_location":{ "type": "Point", "coordinates": [-121.9488, 37.2872] }},
{"zip_code":"95036","country":"US","city":"Milpitas","state":"California","state_ab":"CA","county":"Santa Clara","geo_location":{ "type": "Point", "coordinates": [-121.906, 37.424] }},
{"zip_code":"95050","country":"US","city":"Santa Clara","state":"California","state_ab":"CA","county":"Santa Clara","geo_location":{ "type": "Point", "coordinates": [-121.953, 37.3492] }},
{"zip_code":"95113","country":"US","city":"San Jose","state":"California","state_ab":"CA","county":"Santa Clara","geo_location":{ "type": "Point", "coordinates": [-121.8916, 37.3329] }},
{"zip_code":"95126","country":"US","city":"San Jose","state":"California","state_ab":"CA","county":"Santa Clara","geo_location":{ "type": "Point", "coordinates": [-121.9153, 37.3249] }},
{"zip_code":"95139","country":"US","city":"San Jose","state":"California","state_ab":"CA","county":"Santa Clara","geo_location":{ "type": "Point", "coordinates": [-121.7687, 37.2252] }},
{"zip_code":"95140","country":"US","city":"Mount Hamilton","state":"California","state_ab":"CA","county":"Santa Clara","geo_location":{ "type": "Point", "coordinates": [-121.6384, 37.3511] }},
{"zip_code":"95153","country":"US","city":"San Jose","state":"California","state_ab":"CA","county":"Santa Clara","geo_location":{ "type": "Point", "coordinates": [-121.8459, 37.2488] }},
{"zip_code":"95193","country":"US","city":"San Jose","state":"California","state_ab":"CA","county":"Santa Clara","geo_location":{ "type": "Point", "coordinates": [-121.8287, 37.2441] }},
{"zip_code":"95010","country":"US","city":"Capitola","state":"California","state_ab":"CA","county":"Santa Cruz","geo_location":{ "type": "Point", "coordinates": [-121.9555, 36.9767] }},
{"zip_code":"95063","country":"US","city":"Santa Cruz","state":"California","state_ab":"CA","county":"Santa Cruz","geo_location":{ "type": "Point", "coordinates": [-122.0088, 36.9792] }},
{"zip_code":"95076","country":"US","city":"Watsonville","state":"California","state_ab":"CA","county":"Santa Cruz","geo_location":{ "type": "Point", "coordinates": [-121.7727, 36.9294] }},
{"zip_code":"96013","country":"US","city":"Burney","state":"California","state_ab":"CA","county":"Shasta","geo_location":{ "type": "Point", "coordinates": [-121.655, 40.8949] }},
{"zip_code":"96040","country":"US","city":"Hat Creek","state":"California","state_ab":"CA","county":"Shasta","geo_location":{ "type": "Point", "coordinates": [-121.4637, 40.7677] }},
{"zip_code":"96079","country":"US","city":"Shasta Lake","state":"California","state_ab":"CA","county":"Shasta","geo_location":{ "type": "Point", "coordinates": [-122.3348, 40.6866] }},
{"zip_code":"96039","country":"US","city":"Happy Camp","state":"California","state_ab":"CA","county":"Siskiyou","geo_location":{ "type": "Point", "coordinates": [-123.388, 41.8018] }},
{"zip_code":"94510","country":"US","city":"Benicia","state":"California","state_ab":"CA","county":"Solano","geo_location":{ "type": "Point", "coordinates": [-122.1614, 38.0685] }},
{"zip_code":"94589","country":"US","city":"Vallejo","state":"California","state_ab":"CA","county":"Solano","geo_location":{ "type": "Point", "coordinates": [-122.2804, 38.1582] }},
{"zip_code":"94590","country":"US","city":"Vallejo","state":"California","state_ab":"CA","county":"Solano","geo_location":{ "type": "Point", "coordinates": [-122.2474, 38.1053] }},
{"zip_code":"95696","country":"US","city":"Vacaville","state":"California","state_ab":"CA","county":"Solano","geo_location":{ "type": "Point", "coordinates": [-122.0168, 38.43] }},
{"zip_code":"94923","country":"US","city":"Bodega Bay","state":"California","state_ab":"CA","county":"Sonoma","geo_location":{ "type": "Point", "coordinates": [-123.0373, 38.3309] }},
{"zip_code":"99553","country":"US","city":"Akutan","state":"Alaska","state_ab":"AK","county":"Aleutians East","geo_location":{ "type": "Point", "coordinates": [-165.7854, 54.143] }},
{"zip_code":"99513","country":"US","city":"Anchorage","state":"Alaska","state_ab":"AK","county":"Anchorage Municipality","geo_location":{ "type": "Point", "coordinates": [-149.8862, 61.2149] }},
{"zip_code":"99540","country":"US","city":"Indian","state":"Alaska","state_ab":"AK","county":"Anchorage Municipality","geo_location":{ "type": "Point", "coordinates": [-149.4403, 61.1089] }},
{"zip_code":"99630","country":"US","city":"Mekoryuk","state":"Alaska","state_ab":"AK","county":"Bethel (CA)","geo_location":{ "type": "Point", "coordinates": [-166.2836, 60.3657] }},
{"zip_code":"99656","country":"US","city":"Red Devil","state":"Alaska","state_ab":"AK","county":"Bethel (CA)","geo_location":{ "type": "Point", "coordinates": [-163.1189, 60.3147] }},
{"zip_code":"99670","country":"US","city":"South Naknek","state":"Alaska","state_ab":"AK","county":"Bristol Bay","geo_location":{ "type": "Point", "coordinates": [-156.9756, 58.6639] }},
{"zip_code":"99580","country":"US","city":"Ekwok","state":"Alaska","state_ab":"AK","county":"Dillingham (CA)","geo_location":{ "type": "Point", "coordinates": [-157.4782, 59.3628] }},
{"zip_code":"99706","country":"US","city":"Fairbanks","state":"Alaska","state_ab":"AK","county":"Fairbanks North Star","geo_location":{ "type": "Point", "coordinates": [-147.9377, 64.8521] }},
{"zip_code":"99850","country":"US","city":"Juneau","state":"Alaska","state_ab":"AK","county":"Juneau City and Boroug","geo_location":{ "type": "Point", "coordinates": [-134.1978, 58.3835] }},
{"zip_code":"99603","country":"US","city":"Homer","state":"Alaska","state_ab":"AK","county":"Kenai Peninsula","geo_location":{ "type": "Point", "coordinates": [-151.2356, 59.5374] }},
{"zip_code":"99669","country":"US","city":"Soldotna","state":"Alaska","state_ab":"AK","county":"Kenai Peninsula","geo_location":{ "type": "Point", "coordinates": [-151.1358, 60.4818] }},
{"zip_code":"99643","country":"US","city":"Old Harbor","state":"Alaska","state_ab":"AK","county":"Kodiak Island","geo_location":{ "type": "Point", "coordinates": [-155.7971, 58.2687] }},
{"zip_code":"99579","country":"US","city":"Egegik","state":"Alaska","state_ab":"AK","county":"Lake and Peninsula","geo_location":{ "type": "Point", "coordinates": [-157.3422, 58.2062] }},
{"zip_code":"99629","country":"US","city":"Wasilla","state":"Alaska","state_ab":"AK","county":"Matanuska-Susitna Borough","geo_location":{ "type": "Point", "coordinates": [-149.4436, 61.5841] }},
{"zip_code":"99683","country":"US","city":"Trapper Creek","state":"Alaska","state_ab":"AK","county":"Matanuska-Susitna","geo_location":{ "type": "Point", "coordinates": [-151.0043, 62.5019] }},
{"zip_code":"99759","country":"US","city":"Point Lay","state":"Alaska","state_ab":"AK","county":"North Slope","geo_location":{ "type": "Point", "coordinates": [-164.2497, 68.887] }},
{"zip_code":"99773","country":"US","city":"Shungnak","state":"Alaska","state_ab":"AK","county":"Northwest Arctic","geo_location":{ "type": "Point", "coordinates": [-159.8439, 66.8684] }},
{"zip_code":"99786","country":"US","city":"Ambler","state":"Alaska","state_ab":"AK","county":"Northwest Arctic","geo_location":{ "type": "Point", "coordinates": [-159.8439, 66.8684] }},
{"zip_code":"99926","country":"US","city":"Metlakatla","state":"Alaska","state_ab":"AK","county":"Prince of Wales-Outer","geo_location":{ "type": "Point", "coordinates": [-131.579, 55.1215] }},
{"zip_code":"99566","country":"US","city":"Chitina","state":"Alaska","state_ab":"AK","county":"Valdez-Cordova (CA)","geo_location":{ "type": "Point", "coordinates": [-144.991, 61.471] }},
{"zip_code":"99836","country":"US","city":"Port Alexander","state":"Alaska","state_ab":"AK","county":"Wrangell-Petersburg (C","geo_location":{ "type": "Point", "coordinates": [-132.8279, 56.5359] }},
{"zip_code":"99720","country":"US","city":"Allakaket","state":"Alaska","state_ab":"AK","county":"Yukon-Koyukuk (CA)","geo_location":{ "type": "Point", "coordinates": [-152.7122, 66.5432] }},
{"zip_code":"99733","country":"US","city":"Circle","state":"Alaska","state_ab":"AK","county":"Yukon-Koyukuk (CA)","geo_location":{ "type": "Point", "coordinates": [-144.0826, 65.8245] }},
{"zip_code":"99746","country":"US","city":"Huslia","state":"Alaska","state_ab":"AK","county":"Yukon-Koyukuk (CA)","geo_location":{ "type": "Point", "coordinates": [-156.292, 65.6899] }},
{"zip_code":"99760","country":"US","city":"Nenana","state":"Alaska","state_ab":"AK","county":"Yukon-Koyukuk (CA)","geo_location":{ "type": "Point", "coordinates": [-149.0867, 64.5577] }},
{"zip_code":"36006","country":"US","city":"Billingsley","state":"Alabama","state_ab":"AL","county":"Autauga","geo_location":{ "type": "Point", "coordinates": [-86.7163, 32.6106] }},
{"zip_code":"36536","country":"US","city":"Foley","state":"Alabama","state_ab":"AL","county":"Baldwin","geo_location":{ "type": "Point", "coordinates": [-87.7064, 30.4222] }},
{"zip_code":"36549","country":"US","city":"Lillian","state":"Alabama","state_ab":"AL","county":"Baldwin","geo_location":{ "type": "Point", "coordinates": [-87.4745, 30.3972] }},
{"zip_code":"36550","country":"US","city":"Little River","state":"Alabama","state_ab":"AL","county":"Baldwin","geo_location":{ "type": "Point", "coordinates": [-87.7548, 31.2246] }},
{"zip_code":"36576","country":"US","city":"Silverhill","state":"Alabama","state_ab":"AL","county":"Baldwin","geo_location":{ "type": "Point", "coordinates": [-87.7457, 30.5222] }},
{"zip_code":"35133","country":"US","city":"Remlap","state":"Alabama","state_ab":"AL","county":"Blount","geo_location":{ "type": "Point", "coordinates": [-86.6417, 33.8462] }},
{"zip_code":"36033","country":"US","city":"Georgiana","state":"Alabama","state_ab":"AL","county":"Butler","geo_location":{ "type": "Point", "coordinates": [-86.734, 31.6287] }},
{"zip_code":"36253","country":"US","city":"Bynum","state":"Alabama","state_ab":"AL","county":"Calhoun","geo_location":{ "type": "Point", "coordinates": [-85.8378, 33.7622] }},
{"zip_code":"36279","country":"US","city":"Wellington","state":"Alabama","state_ab":"AL","county":"Calhoun","geo_location":{ "type": "Point", "coordinates": [-85.9153, 33.8638] }},
{"zip_code":"35959","country":"US","city":"Cedar Bluff","state":"Alabama","state_ab":"AL","county":"Cherokee","geo_location":{ "type": "Point", "coordinates": [-85.6026, 34.2417] }},
{"zip_code":"35960","country":"US","city":"Centre","state":"Alabama","state_ab":"AL","county":"Cherokee","geo_location":{ "type": "Point", "coordinates": [-85.6092, 34.1116] }},
{"zip_code":"35973","country":"US","city":"Gaylesville","state":"Alabama","state_ab":"AL","county":"Cherokee","geo_location":{ "type": "Point", "coordinates": [-85.5589, 34.3573] }},
{"zip_code":"36910","country":"US","city":"Jachin","state":"Alabama","state_ab":"AL","county":"Choctaw","geo_location":{ "type": "Point", "coordinates": [-88.2007, 32.0042] }},
{"zip_code":"36446","country":"US","city":"Fulton","state":"Alabama","state_ab":"AL","county":"Clarke","geo_location":{ "type": "Point", "coordinates": [-87.72, 31.7925] }},
{"zip_code":"36266","country":"US","city":"Lineville","state":"Alabama","state_ab":"AL","county":"Clay","geo_location":{ "type": "Point", "coordinates": [-85.7346, 33.3286] }},
{"zip_code":"36330","country":"US","city":"Enterprise","state":"Alabama","state_ab":"AL","county":"Coffee","geo_location":{ "type": "Point", "coordinates": [-85.8421, 31.3408] }},
{"zip_code":"36473","country":"US","city":"Range","state":"Alabama","state_ab":"AL","county":"Conecuh","geo_location":{ "type": "Point", "coordinates": [-87.2137, 31.3058] }},
{"zip_code":"36420","country":"US","city":"Andalusia","state":"Alabama","state_ab":"AL","county":"Covington","geo_location":{ "type": "Point", "coordinates": [-86.4905, 31.2971] }},
{"zip_code":"35056","country":"US","city":"Cullman","state":"Alabama","state_ab":"AL","county":"Cullman","geo_location":{ "type": "Point", "coordinates": [-86.8952, 34.1964] }},
{"zip_code":"35070","country":"US","city":"Garden City","state":"Alabama","state_ab":"AL","county":"Cullman","geo_location":{ "type": "Point", "coordinates": [-86.7499, 34.0058] }},
{"zip_code":"35083","country":"US","city":"Holly Pond","state":"Alabama","state_ab":"AL","county":"Cullman","geo_location":{ "type": "Point", "coordinates": [-86.6174, 34.1901] }},
{"zip_code":"36703","country":"US","city":"Selma","state":"Alabama","state_ab":"AL","county":"Dallas","geo_location":{ "type": "Point", "coordinates": [-87.0135, 32.4156] }},
{"zip_code":"35986","country":"US","city":"Rainsville","state":"Alabama","state_ab":"AL","county":"DeKalb","geo_location":{ "type": "Point", "coordinates": [-85.8446, 34.4989] }},
{"zip_code":"36020","country":"US","city":"Coosada","state":"Alabama","state_ab":"AL","county":"Elmore","geo_location":{ "type": "Point", "coordinates": [-86.3322, 32.5056] }},
{"zip_code":"35906","country":"US","city":"Rainbow City","state":"Alabama","state_ab":"AL","county":"Etowah","geo_location":{ "type": "Point", "coordinates": [-86.0898, 33.9318] }},
{"zip_code":"35999","country":"US","city":"Gadsden","state":"Alabama","state_ab":"AL","county":"Etowah County","geo_location":{ "type": "Point", "coordinates": [-86.0084, 34.0138] }},
{"zip_code":"35546","country":"US","city":"Berry","state":"Alabama","state_ab":"AL","county":"Fayette","geo_location":{ "type": "Point", "coordinates": [-87.6226, 33.6945] }},
{"zip_code":"35559","country":"US","city":"Glen Allen","state":"Alabama","state_ab":"AL","county":"Fayette","geo_location":{ "type": "Point", "coordinates": [-87.6964, 33.8896] }},
{"zip_code":"36136","country":"US","city":"Montgomery","state":"Alabama","state_ab":"AL","county":"Geneva County","geo_location":{ "type": "Point", "coordinates": [-86.2843, 32.3544] }},
{"zip_code":"36316","country":"US","city":"Chancellor","state":"Alabama","state_ab":"AL","county":"Geneva","geo_location":{ "type": "Point", "coordinates": [-85.8135, 31.1767] }},
{"zip_code":"35443","country":"US","city":"Boligee","state":"Alabama","state_ab":"AL","county":"Greene","geo_location":{ "type": "Point", "coordinates": [-88.0267, 32.7746] }},
{"zip_code":"35469","country":"US","city":"Knoxville","state":"Alabama","state_ab":"AL","county":"Greene","geo_location":{ "type": "Point", "coordinates": [-87.7919, 32.9824] }},
{"zip_code":"36303","country":"US","city":"Dothan","state":"Alabama","state_ab":"AL","county":"Houston","geo_location":{ "type": "Point", "coordinates": [-85.3971, 31.2668] }},
{"zip_code":"36343","country":"US","city":"Gordon","state":"Alabama","state_ab":"AL","county":"Houston","geo_location":{ "type": "Point", "coordinates": [-85.1234, 31.1002] }},
{"zip_code":"36370","country":"US","city":"Pansey","state":"Alabama","state_ab":"AL","county":"Houston","geo_location":{ "type": "Point", "coordinates": [-85.1573, 31.1403] }},
{"zip_code":"35740","country":"US","city":"Bridgeport","state":"Alabama","state_ab":"AL","county":"Jackson","geo_location":{ "type": "Point", "coordinates": [-85.7277, 34.9446] }},
{"zip_code":"35766","country":"US","city":"Princeton","state":"Alabama","state_ab":"AL","county":"Jackson","geo_location":{ "type": "Point", "coordinates": [-86.2513, 34.8713] }},
{"zip_code":"35119","country":"US","city":"New Castle","state":"Alabama","state_ab":"AL","county":"Jefferson","geo_location":{ "type": "Point", "coordinates": [-86.7697, 33.6508] }},
{"zip_code":"35173","country":"US","city":"Trussville","state":"Alabama","state_ab":"AL","county":"Jefferson","geo_location":{ "type": "Point", "coordinates": [-86.5981, 33.6339] }},
{"zip_code":"35209","country":"US","city":"Birmingham","state":"Alabama","state_ab":"AL","county":"Jefferson","geo_location":{ "type": "Point", "coordinates": [-86.8082, 33.4653] }},
{"zip_code":"35210","country":"US","city":"Birmingham","state":"Alabama","state_ab":"AL","county":"Jefferson","geo_location":{ "type": "Point", "coordinates": [-86.6655, 33.5452] }},
{"zip_code":"35223","country":"US","city":"Birmingham","state":"Alabama","state_ab":"AL","county":"Jefferson","geo_location":{ "type": "Point", "coordinates": [-86.7268, 33.4995] }},
{"zip_code":"35236","country":"US","city":"Birmingham","state":"Alabama","state_ab":"AL","county":"Jefferson","geo_location":{ "type": "Point", "coordinates": [-86.9292, 33.5446] }},
{"zip_code":"35249","country":"US","city":"Birmingham","state":"Alabama","state_ab":"AL","county":"Jefferson","geo_location":{ "type": "Point", "coordinates": [-86.9292, 33.5446] }},
{"zip_code":"35263","country":"US","city":"Birmingham","state":"Alabama","state_ab":"AL","county":"Jefferson","geo_location":{ "type": "Point", "coordinates": [-86.8094, 33.5225] }},
{"zip_code":"35289","country":"US","city":"Birmingham","state":"Alabama","state_ab":"AL","county":"Jefferson","geo_location":{ "type": "Point", "coordinates": [-86.9292, 33.5446] }},
{"zip_code":"35290","country":"US","city":"Birmingham","state":"Alabama","state_ab":"AL","county":"Jefferson","geo_location":{ "type": "Point", "coordinates": [-86.9292, 33.5446] }},
{"zip_code":"35586","country":"US","city":"Sulligent","state":"Alabama","state_ab":"AL","county":"Lamar","geo_location":{ "type": "Point", "coordinates": [-88.1508, 33.8549] }},
{"zip_code":"35610","country":"US","city":"Anderson","state":"Alabama","state_ab":"AL","county":"Lauderdale","geo_location":{ "type": "Point", "coordinates": [-87.2734, 34.9424] }},
{"zip_code":"35650","country":"US","city":"Moulton","state":"Alabama","state_ab":"AL","county":"Lawrence","geo_location":{ "type": "Point", "coordinates": [-87.2224, 34.5058] }},
{"zip_code":"35649","country":"US","city":"Mooresville","state":"Alabama","state_ab":"AL","county":"Limestone","geo_location":{ "type": "Point", "coordinates": [-86.8746, 34.6259] }},
{"zip_code":"35739","country":"US","city":"Ardmore","state":"Alabama","state_ab":"AL","county":"Limestone","geo_location":{ "type": "Point", "coordinates": [-86.8346, 34.9804] }},
{"zip_code":"36419","country":"US","city":"Allen","state":"Alabama","state_ab":"AL","county":"Lowndes County","geo_location":{ "type": "Point", "coordinates": [-87.6664, 31.6206] }},
{"zip_code":"35803","country":"US","city":"Huntsville","state":"Alabama","state_ab":"AL","county":"Madison","geo_location":{ "type": "Point", "coordinates": [-86.551, 34.6205] }},
{"zip_code":"35816","country":"US","city":"Huntsville","state":"Alabama","state_ab":"AL","county":"Madison","geo_location":{ "type": "Point", "coordinates": [-86.6249, 34.7389] }},
{"zip_code":"35896","country":"US","city":"Huntsville","state":"Alabama","state_ab":"AL","county":"Madison","geo_location":{ "type": "Point", "coordinates": [-86.6546, 34.7543] }},
{"zip_code":"36783","country":"US","city":"Thomaston","state":"Alabama","state_ab":"AL","county":"Marengo","geo_location":{ "type": "Point", "coordinates": [-87.5974, 32.2538] }},
{"zip_code":"35016","country":"US","city":"Arab","state":"Alabama","state_ab":"AL","county":"Marshall","geo_location":{ "type": "Point", "coordinates": [-86.4896, 34.3283] }},
{"zip_code":"36509","country":"US","city":"Bayou La Batre","state":"Alabama","state_ab":"AL","county":"Mobile","geo_location":{ "type": "Point", "coordinates": [-88.2507, 30.408] }},
{"zip_code":"36523","country":"US","city":"Coden","state":"Alabama","state_ab":"AL","county":"Mobile","geo_location":{ "type": "Point", "coordinates": [-88.2076, 30.3903] }},
{"zip_code":"36590","country":"US","city":"Theodore","state":"Alabama","state_ab":"AL","county":"Mobile","geo_location":{ "type": "Point", "coordinates": [-88.2533, 30.488] }},
{"zip_code":"36613","country":"US","city":"Eight Mile","state":"Alabama","state_ab":"AL","county":"Mobile","geo_location":{ "type": "Point", "coordinates": [-88.1823, 30.7951] }},
{"zip_code":"36626","country":"US","city":"Mobile","state":"Alabama","state_ab":"AL","county":"Mobile","geo_location":{ "type": "Point", "coordinates": [-88.178, 30.6589] }},
{"zip_code":"36640","country":"US","city":"Mobile","state":"Alabama","state_ab":"AL","county":"Mobile","geo_location":{ "type": "Point", "coordinates": [-88.178, 30.6589] }},
{"zip_code":"36693","country":"US","city":"Mobile","state":"Alabama","state_ab":"AL","county":"Mobile","geo_location":{ "type": "Point", "coordinates": [-88.1588, 30.6311] }},
{"zip_code":"36460","country":"US","city":"Monroeville","state":"Alabama","state_ab":"AL","county":"Monroe","geo_location":{ "type": "Point", "coordinates": [-87.341, 31.5153] }},
{"zip_code":"36046","country":"US","city":"Lapine","state":"Alabama","state_ab":"AL","county":"Montgomery","geo_location":{ "type": "Point", "coordinates": [-86.2785, 31.9854] }},
{"zip_code":"36109","country":"US","city":"Montgomery","state":"Alabama","state_ab":"AL","county":"Montgomery","geo_location":{ "type": "Point", "coordinates": [-86.2434, 32.3834] }},
{"zip_code":"36110","country":"US","city":"Montgomery","state":"Alabama","state_ab":"AL","county":"Montgomery","geo_location":{ "type": "Point", "coordinates": [-86.275, 32.4217] }},
{"zip_code":"36123","country":"US","city":"Montgomery","state":"Alabama","state_ab":"AL","county":"Montgomery","geo_location":{ "type": "Point", "coordinates": [-86.2085, 32.2334] }},
{"zip_code":"35609","country":"US","city":"Decatur","state":"Alabama","state_ab":"AL","county":"Morgan","geo_location":{ "type": "Point", "coordinates": [-86.8299, 34.4954] }},
{"zip_code":"36756","country":"US","city":"Marion","state":"Alabama","state_ab":"AL","county":"Perry","geo_location":{ "type": "Point", "coordinates": [-87.3314, 32.6463] }},
{"zip_code":"36280","country":"US","city":"Woodland","state":"Alabama","state_ab":"AL","county":"Randolph","geo_location":{ "type": "Point", "coordinates": [-85.3538, 33.3555] }},
{"zip_code":"30516","country":"US","city":"Bowersville","state":"Georgia","state_ab":"GA","county":"Hart","geo_location":{ "type": "Point", "coordinates": [-83.0484, 34.3996] }},
{"zip_code":"30219","country":"US","city":"Glenn","state":"Georgia","state_ab":"GA","county":"Heard","geo_location":{ "type": "Point", "coordinates": [-85.1706, 33.1572] }},
{"zip_code":"31069","country":"US","city":"Perry","state":"Georgia","state_ab":"GA","county":"Houston","geo_location":{ "type": "Point", "coordinates": [-83.7283, 32.4605] }},
{"zip_code":"30529","country":"US","city":"Commerce","state":"Georgia","state_ab":"GA","county":"Jackson","geo_location":{ "type": "Point", "coordinates": [-83.448, 34.2134] }},
{"zip_code":"30530","country":"US","city":"Commerce","state":"Georgia","state_ab":"GA","county":"Jackson","geo_location":{ "type": "Point", "coordinates": [-83.4022, 34.1683] }},
{"zip_code":"30413","country":"US","city":"Bartow","state":"Georgia","state_ab":"GA","county":"Jefferson","geo_location":{ "type": "Point", "coordinates": [-82.4708, 32.8632] }},
{"zip_code":"31096","country":"US","city":"Wrightsville","state":"Georgia","state_ab":"GA","county":"Johnson","geo_location":{ "type": "Point", "coordinates": [-82.7262, 32.7219] }},
{"zip_code":"31649","country":"US","city":"Stockton","state":"Georgia","state_ab":"GA","county":"Lanier","geo_location":{ "type": "Point", "coordinates": [-83.0139, 31.0229] }},
{"zip_code":"31313","country":"US","city":"Hinesville","state":"Georgia","state_ab":"GA","county":"Liberty","geo_location":{ "type": "Point", "coordinates": [-81.6072, 31.8513] }},
{"zip_code":"31636","country":"US","city":"Lake Park","state":"Georgia","state_ab":"GA","county":"Lowndes","geo_location":{ "type": "Point", "coordinates": [-83.1753, 30.6906] }},
{"zip_code":"30633","country":"US","city":"Danielsville","state":"Georgia","state_ab":"GA","county":"Madison","geo_location":{ "type": "Point", "coordinates": [-83.2758, 34.1708] }},
{"zip_code":"30646","country":"US","city":"Hull","state":"Georgia","state_ab":"GA","county":"Madison","geo_location":{ "type": "Point", "coordinates": [-83.311, 34.0478] }},
{"zip_code":"31803","country":"US","city":"Buena Vista","state":"Georgia","state_ab":"GA","county":"Marion","geo_location":{ "type": "Point", "coordinates": [-84.4898, 32.2542] }},
{"zip_code":"31816","country":"US","city":"Manchester","state":"Georgia","state_ab":"GA","county":"Meriwether","geo_location":{ "type": "Point", "coordinates": [-84.6312, 32.8721] }},
{"zip_code":"31830","country":"US","city":"Warm Springs","state":"Georgia","state_ab":"GA","county":"Meriwether","geo_location":{ "type": "Point", "coordinates": [-84.7167, 32.9063] }},
{"zip_code":"31739","country":"US","city":"Cotton","state":"Georgia","state_ab":"GA","county":"Mitchell","geo_location":{ "type": "Point", "coordinates": [-84.2531, 31.2604] }},
{"zip_code":"31779","country":"US","city":"Pelham","state":"Georgia","state_ab":"GA","county":"Mitchell","geo_location":{ "type": "Point", "coordinates": [-84.1564, 31.1272] }},
{"zip_code":"31016","country":"US","city":"Culloden","state":"Georgia","state_ab":"GA","county":"Monroe","geo_location":{ "type": "Point", "coordinates": [-84.0626, 32.9003] }},
{"zip_code":"31029","country":"US","city":"Forsyth","state":"Georgia","state_ab":"GA","county":"Monroe","geo_location":{ "type": "Point", "coordinates": [-83.9362, 33.0508] }},
{"zip_code":"31829","country":"US","city":"Upatoi","state":"Georgia","state_ab":"GA","county":"Muscogee","geo_location":{ "type": "Point", "coordinates": [-84.7448, 32.5601] }},
{"zip_code":"31906","country":"US","city":"Columbus","state":"Georgia","state_ab":"GA","county":"Muscogee","geo_location":{ "type": "Point", "coordinates": [-84.9484, 32.4638] }},
{"zip_code":"31999","country":"US","city":"Columbus","state":"Georgia","state_ab":"GA","county":"Muscogee","geo_location":{ "type": "Point", "coordinates": [-84.8741, 32.491] }},
{"zip_code":"30619","country":"US","city":"Arnoldsville","state":"Georgia","state_ab":"GA","county":"Oglethorpe","geo_location":{ "type": "Point", "coordinates": [-83.2341, 33.8803] }},
{"zip_code":"30130","country":"US","city":"Cumming","state":"Georgia","state_ab":"GA","county":"Paulding County","geo_location":{ "type": "Point", "coordinates": [-84.1537, 34.2216] }},
{"zip_code":"31030","country":"US","city":"Fort Valley","state":"Georgia","state_ab":"GA","county":"Peach","geo_location":{ "type": "Point", "coordinates": [-83.8887, 32.5496] }},
{"zip_code":"30143","country":"US","city":"Jasper","state":"Georgia","state_ab":"GA","county":"Pickens","geo_location":{ "type": "Point", "coordinates": [-84.4759, 34.462] }},
{"zip_code":"30206","country":"US","city":"Concord","state":"Georgia","state_ab":"GA","county":"Pike","geo_location":{ "type": "Point", "coordinates": [-84.447, 33.0998] }},
{"zip_code":"31740","country":"US","city":"Cuthbert","state":"Georgia","state_ab":"GA","county":"Randolph","geo_location":{ "type": "Point", "coordinates": [-84.7889, 31.7691] }},
{"zip_code":"30903","country":"US","city":"Augusta","state":"Georgia","state_ab":"GA","county":"Richmond","geo_location":{ "type": "Point", "coordinates": [-82.091, 33.386] }},
{"zip_code":"30916","country":"US","city":"Augusta","state":"Georgia","state_ab":"GA","county":"Richmond","geo_location":{ "type": "Point", "coordinates": [-82.091, 33.386] }},
{"zip_code":"30013","country":"US","city":"Conyers","state":"Georgia","state_ab":"GA","county":"Rockdale","geo_location":{ "type": "Point", "coordinates": [-83.9684, 33.6436] }},
{"zip_code":"31780","country":"US","city":"Plains","state":"Georgia","state_ab":"GA","county":"Sumter","geo_location":{ "type": "Point", "coordinates": [-84.3586, 32.0339] }},
{"zip_code":"30453","country":"US","city":"Reidsville","state":"Georgia","state_ab":"GA","county":"Tattnall","geo_location":{ "type": "Point", "coordinates": [-82.1478, 32.0548] }},
{"zip_code":"31083","country":"US","city":"Scotland","state":"Georgia","state_ab":"GA","county":"Telfair","geo_location":{ "type": "Point", "coordinates": [-82.9123, 32.0841] }},
{"zip_code":"31726","country":"US","city":"Bronwood","state":"Georgia","state_ab":"GA","county":"Terrell","geo_location":{ "type": "Point", "coordinates": [-84.3594, 31.8216] }},
{"zip_code":"31793","country":"US","city":"Tifton","state":"Georgia","state_ab":"GA","county":"Tift","geo_location":{ "type": "Point", "coordinates": [-83.5873, 31.4619] }},
{"zip_code":"30286","country":"US","city":"Thomaston","state":"Georgia","state_ab":"GA","county":"Upson","geo_location":{ "type": "Point", "coordinates": [-84.3324, 32.9015] }},
{"zip_code":"30750","country":"US","city":"Lookout Mountain","state":"Georgia","state_ab":"GA","county":"Walker","geo_location":{ "type": "Point", "coordinates": [-85.3794, 34.9335] }},
{"zip_code":"31546","country":"US","city":"Jesup","state":"Georgia","state_ab":"GA","county":"Wayne","geo_location":{ "type": "Point", "coordinates": [-81.8049, 31.5319] }},
{"zip_code":"31560","country":"US","city":"Screven","state":"Georgia","state_ab":"GA","county":"Wayne","geo_location":{ "type": "Point", "coordinates": [-82.0397, 31.5168] }},
{"zip_code":"31599","country":"US","city":"Jesup","state":"Georgia","state_ab":"GA","county":"Wayne","geo_location":{ "type": "Point", "coordinates": [-81.8802, 31.5782] }},
{"zip_code":"30710","country":"US","city":"Cohutta","state":"Georgia","state_ab":"GA","county":"Whitfield","geo_location":{ "type": "Point", "coordinates": [-84.9458, 34.9326] }},
{"zip_code":"30660","country":"US","city":"Rayle","state":"Georgia","state_ab":"GA","county":"Wilkes","geo_location":{ "type": "Point", "coordinates": [-82.9504, 33.7856] }},
{"zip_code":"30673","country":"US","city":"Washington","state":"Georgia","state_ab":"GA","county":"Wilkes","geo_location":{ "type": "Point", "coordinates": [-82.7429, 33.7265] }},
{"zip_code":"31003","country":"US","city":"Allentown","state":"Georgia","state_ab":"GA","county":"Wilkinson","geo_location":{ "type": "Point", "coordinates": [-83.2095, 32.6064] }},
{"zip_code":"96710","country":"US","city":"Hakalau","state":"Hawaii","state_ab":"HI","county":"Hawaii","geo_location":{ "type": "Point", "coordinates": [-155.1333, 19.8882] }},
{"zip_code":"96749","country":"US","city":"Keaau","state":"Hawaii","state_ab":"HI","county":"Hawaii","geo_location":{ "type": "Point", "coordinates": [-154.9926, 19.5893] }},
{"zip_code":"96750","country":"US","city":"Kealakekua","state":"Hawaii","state_ab":"HI","county":"Hawaii","geo_location":{ "type": "Point", "coordinates": [-155.93, 19.5261] }},
{"zip_code":"96776","country":"US","city":"Paauilo","state":"Hawaii","state_ab":"HI","county":"Hawaii","geo_location":{ "type": "Point", "coordinates": [-155.3697, 20.0271] }},
{"zip_code":"96709","country":"US","city":"Kapolei","state":"Hawaii","state_ab":"HI","county":"Honolulu","geo_location":{ "type": "Point", "coordinates": [-158.0058, 21.3233] }},
{"zip_code":"96789","country":"US","city":"Mililani","state":"Hawaii","state_ab":"HI","county":"Honolulu","geo_location":{ "type": "Point", "coordinates": [-158.0174, 21.4531] }},
{"zip_code":"96813","country":"US","city":"Honolulu","state":"Hawaii","state_ab":"HI","county":"Honolulu","geo_location":{ "type": "Point", "coordinates": [-157.8521, 21.3179] }},
{"zip_code":"96826","country":"US","city":"Honolulu","state":"Hawaii","state_ab":"HI","county":"Honolulu","geo_location":{ "type": "Point", "coordinates": [-157.8284, 21.2941] }},
{"zip_code":"96839","country":"US","city":"Honolulu","state":"Hawaii","state_ab":"HI","county":"Honolulu","geo_location":{ "type": "Point", "coordinates": [-157.8126, 21.3206] }},
{"zip_code":"96840","country":"US","city":"Honolulu","state":"Hawaii","state_ab":"HI","county":"Honolulu","geo_location":{ "type": "Point", "coordinates": [-157.8607, 21.3068] }},
{"zip_code":"96853","country":"US","city":"Hickam Afb","state":"Hawaii","state_ab":"HI","county":"Honolulu","geo_location":{ "type": "Point", "coordinates": [-157.9346, 21.3347] }},
{"zip_code":"96763","country":"US","city":"Lanai City","state":"Hawaii","state_ab":"HI","county":"Maui","geo_location":{ "type": "Point", "coordinates": [-156.921, 20.8293] }},
{"zip_code":"96790","country":"US","city":"Kula","state":"Hawaii","state_ab":"HI","county":"Maui","geo_location":{ "type": "Point", "coordinates": [-156.326, 20.7534] }},
{"zip_code":"50846","country":"US","city":"Fontanelle","state":"Iowa","state_ab":"IA","county":"Adair","geo_location":{ "type": "Point", "coordinates": [-94.5419, 41.2896] }},
{"zip_code":"50859","country":"US","city":"Prescott","state":"Iowa","state_ab":"IA","county":"Adams","geo_location":{ "type": "Point", "coordinates": [-94.5942, 41.0577] }},
{"zip_code":"52170","country":"US","city":"Waterville","state":"Iowa","state_ab":"IA","county":"Allamakee","geo_location":{ "type": "Point", "coordinates": [-91.263, 43.2636] }},
{"zip_code":"50110","country":"US","city":"Gray","state":"Iowa","state_ab":"IA","county":"Audubon","geo_location":{ "type": "Point", "coordinates": [-94.9812, 41.8401] }},
{"zip_code":"52206","country":"US","city":"Atkins","state":"Iowa","state_ab":"IA","county":"Benton","geo_location":{ "type": "Point", "coordinates": [-91.876, 41.9881] }},
{"zip_code":"52349","country":"US","city":"Vinton","state":"Iowa","state_ab":"IA","county":"Benton","geo_location":{ "type": "Point", "coordinates": [-91.9892, 42.1743] }},
{"zip_code":"50613","country":"US","city":"Cedar Falls","state":"Iowa","state_ab":"IA","county":"Black Hawk","geo_location":{ "type": "Point", "coordinates": [-92.4497, 42.5241] }},
{"zip_code":"50626","country":"US","city":"Dunkerton","state":"Iowa","state_ab":"IA","county":"Black Hawk","geo_location":{ "type": "Point", "coordinates": [-92.1588, 42.578] }},
{"zip_code":"50703","country":"US","city":"Waterloo","state":"Iowa","state_ab":"IA","county":"Black Hawk","geo_location":{ "type": "Point", "coordinates": [-92.3269, 42.5149] }},
{"zip_code":"50666","country":"US","city":"Plainfield","state":"Iowa","state_ab":"IA","county":"Bremer","geo_location":{ "type": "Point", "coordinates": [-92.5116, 42.8503] }},
{"zip_code":"50510","country":"US","city":"Albert City","state":"Iowa","state_ab":"IA","county":"Buena Vista","geo_location":{ "type": "Point", "coordinates": [-94.9824, 42.7784] }},
{"zip_code":"50576","country":"US","city":"Rembrandt","state":"Iowa","state_ab":"IA","county":"Buena Vista","geo_location":{ "type": "Point", "coordinates": [-95.1652, 42.826] }},
{"zip_code":"50563","country":"US","city":"Manson","state":"Iowa","state_ab":"IA","county":"Calhoun","geo_location":{ "type": "Point", "coordinates": [-94.5304, 42.5285] }},
{"zip_code":"51449","country":"US","city":"Lake City","state":"Iowa","state_ab":"IA","county":"Calhoun","geo_location":{ "type": "Point", "coordinates": [-94.7458, 42.2705] }},
{"zip_code":"51436","country":"US","city":"Breda","state":"Iowa","state_ab":"IA","county":"Carroll","geo_location":{ "type": "Point", "coordinates": [-95.0007, 42.1758] }},
{"zip_code":"51463","country":"US","city":"Templeton","state":"Iowa","state_ab":"IA","county":"Carroll","geo_location":{ "type": "Point", "coordinates": [-94.932, 41.9121] }},
{"zip_code":"50020","country":"US","city":"Anita","state":"Iowa","state_ab":"IA","county":"Cass","geo_location":{ "type": "Point", "coordinates": [-94.7794, 41.45] }},
{"zip_code":"50433","country":"US","city":"Dougherty","state":"Iowa","state_ab":"IA","county":"Cerro Gordo","geo_location":{ "type": "Point", "coordinates": [-93.0686, 42.9416] }},
{"zip_code":"51049","country":"US","city":"Quimby","state":"Iowa","state_ab":"IA","county":"Cherokee","geo_location":{ "type": "Point", "coordinates": [-95.6812, 42.6287] }},
{"zip_code":"50213","country":"US","city":"Osceola","state":"Iowa","state_ab":"IA","county":"Clarke","geo_location":{ "type": "Point", "coordinates": [-93.7712, 41.0295] }},
{"zip_code":"51333","country":"US","city":"Dickens","state":"Iowa","state_ab":"IA","county":"Clay","geo_location":{ "type": "Point", "coordinates": [-94.9854, 43.1548] }},
{"zip_code":"52066","country":"US","city":"North Buena Vista","state":"Iowa","state_ab":"IA","county":"Clayton","geo_location":{ "type": "Point", "coordinates": [-90.9518, 42.6783] }},
{"zip_code":"52156","country":"US","city":"Luana","state":"Iowa","state_ab":"IA","county":"Clayton","geo_location":{ "type": "Point", "coordinates": [-91.4583, 43.0493] }},
{"zip_code":"52736","country":"US","city":"Clinton","state":"Iowa","state_ab":"IA","county":"Clinton","geo_location":{ "type": "Point", "coordinates": [-90.5195, 41.8806] }},
{"zip_code":"52750","country":"US","city":"Goose Lake","state":"Iowa","state_ab":"IA","county":"Clinton","geo_location":{ "type": "Point", "coordinates": [-90.3819, 41.9799] }},
{"zip_code":"50109","country":"US","city":"Granger","state":"Iowa","state_ab":"IA","county":"Dallas","geo_location":{ "type": "Point", "coordinates": [-93.8533, 41.7616] }},
{"zip_code":"52660","country":"US","city":"Yarmouth","state":"Iowa","state_ab":"IA","county":"Des Moines","geo_location":{ "type": "Point", "coordinates": [-91.3026, 40.9835] }},
{"zip_code":"51360","country":"US","city":"Spirit Lake","state":"Iowa","state_ab":"IA","county":"Dickinson","geo_location":{ "type": "Point", "coordinates": [-95.1123, 43.4262] }},
{"zip_code":"52039","country":"US","city":"Durango","state":"Iowa","state_ab":"IA","county":"Dubuque","geo_location":{ "type": "Point", "coordinates": [-90.8608, 42.5526] }},
{"zip_code":"52040","country":"US","city":"Dyersville","state":"Iowa","state_ab":"IA","county":"Dubuque","geo_location":{ "type": "Point", "coordinates": [-91.1183, 42.4833] }},
{"zip_code":"52053","country":"US","city":"Holy Cross","state":"Iowa","state_ab":"IA","county":"Dubuque","geo_location":{ "type": "Point", "coordinates": [-90.973, 42.5808] }},
{"zip_code":"52079","country":"US","city":"Zwingle","state":"Iowa","state_ab":"IA","county":"Dubuque","geo_location":{ "type": "Point", "coordinates": [-90.7507, 42.2775] }},
{"zip_code":"52130","country":"US","city":"Alpha","state":"Iowa","state_ab":"IA","county":"Fayette County","geo_location":{ "type": "Point", "coordinates": [-92.0474, 42.9966] }},
{"zip_code":"52169","country":"US","city":"Wadena","state":"Iowa","state_ab":"IA","county":"Fayette","geo_location":{ "type": "Point", "coordinates": [-91.6639, 42.855] }},
{"zip_code":"50653","country":"US","city":"Marble Rock","state":"Iowa","state_ab":"IA","county":"Floyd","geo_location":{ "type": "Point", "coordinates": [-92.8917, 42.9645] }},
{"zip_code":"50420","country":"US","city":"Alexander","state":"Iowa","state_ab":"IA","county":"Franklin","geo_location":{ "type": "Point", "coordinates": [-93.445, 42.8114] }},
{"zip_code":"50640","country":"US","city":"Hansell","state":"Iowa","state_ab":"IA","county":"Franklin County","geo_location":{ "type": "Point", "coordinates": [-93.09, 42.7712] }},
{"zip_code":"50059","country":"US","city":"Cooper","state":"Iowa","state_ab":"IA","county":"Greene","geo_location":{ "type": "Point", "coordinates": [-94.397, 42.0363] }},
{"zip_code":"50680","country":"US","city":"Wellsburg","state":"Iowa","state_ab":"IA","county":"Grundy","geo_location":{ "type": "Point", "coordinates": [-92.9398, 42.4494] }},
{"zip_code":"50006","country":"US","city":"Alden","state":"Iowa","state_ab":"IA","county":"Hardin","geo_location":{ "type": "Point", "coordinates": [-93.3841, 42.5179] }},
{"zip_code":"36859","country":"US","city":"Holy Trinity","state":"Alabama","state_ab":"AL","county":"Russell","geo_location":{ "type": "Point", "coordinates": [-85.0082, 32.2298] }},
{"zip_code":"36860","country":"US","city":"Hurtsboro","state":"Alabama","state_ab":"AL","county":"Russell","geo_location":{ "type": "Point", "coordinates": [-85.3959, 32.2454] }},
{"zip_code":"35120","country":"US","city":"Odenville","state":"Alabama","state_ab":"AL","county":"St. Clair","geo_location":{ "type": "Point", "coordinates": [-86.409, 33.6756] }},
{"zip_code":"35146","country":"US","city":"Springville","state":"Alabama","state_ab":"AL","county":"St. Clair","geo_location":{ "type": "Point", "coordinates": [-86.4394, 33.7386] }},
{"zip_code":"35043","country":"US","city":"Chelsea","state":"Alabama","state_ab":"AL","county":"Shelby","geo_location":{ "type": "Point", "coordinates": [-86.6563, 33.2982] }},
{"zip_code":"35186","country":"US","city":"Wilsonville","state":"Alabama","state_ab":"AL","county":"Shelby","geo_location":{ "type": "Point", "coordinates": [-86.5299, 33.2293] }},
{"zip_code":"35470","country":"US","city":"Livingston","state":"Alabama","state_ab":"AL","county":"Sumter","geo_location":{ "type": "Point", "coordinates": [-88.1333, 32.5714] }},
{"zip_code":"35096","country":"US","city":"Lincoln","state":"Alabama","state_ab":"AL","county":"Talladega","geo_location":{ "type": "Point", "coordinates": [-86.1112, 33.6059] }},
{"zip_code":"35160","country":"US","city":"Talladega","state":"Alabama","state_ab":"AL","county":"Talladega","geo_location":{ "type": "Point", "coordinates": [-86.1134, 33.4354] }},
{"zip_code":"35403","country":"US","city":"Tuscaloosa","state":"Alabama","state_ab":"AL","county":"Tuscaloosa","geo_location":{ "type": "Point", "coordinates": [-87.527, 33.2045] }},
{"zip_code":"35456","country":"US","city":"Duncanville","state":"Alabama","state_ab":"AL","county":"Tuscaloosa","geo_location":{ "type": "Point", "coordinates": [-87.495, 33.0828] }},
{"zip_code":"35560","country":"US","city":"Goodsprings","state":"Alabama","state_ab":"AL","county":"Walker","geo_location":{ "type": "Point", "coordinates": [-87.2374, 33.6795] }},
{"zip_code":"35573","country":"US","city":"Kansas","state":"Alabama","state_ab":"AL","county":"Walker","geo_location":{ "type": "Point", "coordinates": [-87.5243, 33.9217] }},
{"zip_code":"36510","country":"US","city":"Bigbee","state":"Alabama","state_ab":"AL","county":"Washington County","geo_location":{ "type": "Point", "coordinates": [-88.1514, 31.5974] }},
{"zip_code":"36769","country":"US","city":"Pine Hill","state":"Alabama","state_ab":"AL","county":"Wilcox","geo_location":{ "type": "Point", "coordinates": [-87.5771, 31.9735] }},
{"zip_code":"72073","country":"US","city":"Humphrey","state":"Arkansas","state_ab":"AR","county":"Arkansas","geo_location":{ "type": "Point", "coordinates": [-91.679, 34.4034] }},
{"zip_code":"71663","country":"US","city":"Portland","state":"Arkansas","state_ab":"AR","county":"Ashley","geo_location":{ "type": "Point", "coordinates": [-91.5139, 33.2318] }},
{"zip_code":"71676","country":"US","city":"Wilmot","state":"Arkansas","state_ab":"AR","county":"Ashley","geo_location":{ "type": "Point", "coordinates": [-91.5723, 33.0576] }},
{"zip_code":"72626","country":"US","city":"Cotter","state":"Arkansas","state_ab":"AR","county":"Baxter","geo_location":{ "type": "Point", "coordinates": [-92.5392, 36.3106] }},
{"zip_code":"72653","country":"US","city":"Mountain Home","state":"Arkansas","state_ab":"AR","county":"Baxter","geo_location":{ "type": "Point", "coordinates": [-92.3753, 36.3312] }},
{"zip_code":"72716","country":"US","city":"Bentonville","state":"Arkansas","state_ab":"AR","county":"Benton","geo_location":{ "type": "Point", "coordinates": [-93.9568, 36.2995] }},
{"zip_code":"72756","country":"US","city":"Rogers","state":"Arkansas","state_ab":"AR","county":"Benton","geo_location":{ "type": "Point", "coordinates": [-94.1148, 36.3363] }},
{"zip_code":"71766","country":"US","city":"Thornton","state":"Arkansas","state_ab":"AR","county":"Calhoun","geo_location":{ "type": "Point", "coordinates": [-92.4862, 33.7768] }},
{"zip_code":"72613","country":"US","city":"Beaver","state":"Arkansas","state_ab":"AR","county":"Carroll","geo_location":{ "type": "Point", "coordinates": [-93.6994, 36.4311] }},
{"zip_code":"71649","country":"US","city":"Jennie","state":"Arkansas","state_ab":"AR","county":"Chicot","geo_location":{ "type": "Point", "coordinates": [-91.2521, 33.2839] }},
{"zip_code":"71920","country":"US","city":"Alpine","state":"Arkansas","state_ab":"AR","county":"Clark","geo_location":{ "type": "Point", "coordinates": [-93.1894, 34.0555] }},
{"zip_code":"71999","country":"US","city":"Arkadelphia","state":"Arkansas","state_ab":"AR","county":"Clark","geo_location":{ "type": "Point", "coordinates": [-93.1894, 34.0555] }}]}