{"value": [{"zip_code":"92010","country":"US","city":"Carlsbad","state":"California","state_ab":"CA","county":"San Diego County","geo_location":{ "type": "Point", "coordinates": [-117.3009, 33.1639] }},
{"zip_code":"92023","country":"US","city":"Encinitas","state":"California","state_ab":"CA","county":"San Diego","geo_location":{ "type": "Point", "coordinates": [-117.292, 33.036] }},
{"zip_code":"92036","country":"US","city":"Julian","state":"California","state_ab":"CA","county":"San Diego","geo_location":{ "type": "Point", "coordinates": [-116.5658, 33.0534] }},
{"zip_code":"92049","country":"US","city":"Oceanside","state":"California","state_ab":"CA","county":"San Diego","geo_location":{ "type": "Point", "coordinates": [-116.846, 33.0169] }},
{"zip_code":"92090","country":"US","city":"El Cajon","state":"California","state_ab":"CA","county":"San Diego","geo_location":{ "type": "Point", "coordinates": [-116.846, 33.0169] }},
{"zip_code":"92113","country":"US","city":"San Diego","state":"California","state_ab":"CA","county":"San Diego","geo_location":{ "type": "Point", "coordinates": [-117.1153, 32.697] }},
{"zip_code":"92126","country":"US","city":"San Diego","state":"California","state_ab":"CA","county":"San Diego","geo_location":{ "type": "Point", "coordinates": [-117.1402, 32.9161] }},
{"zip_code":"92139","country":"US","city":"San Diego","state":"California","state_ab":"CA","county":"San Diego","geo_location":{ "type": "Point", "coordinates": [-117.0474, 32.6806] }},
{"zip_code":"92140","country":"US","city":"San Diego","state":"California","state_ab":"CA","county":"San Diego","geo_location":{ "type": "Point", "coordinates": [-117.2004, 32.7434] }},
{"zip_code":"92153","country":"US","city":"San Diego","state":"California","state_ab":"CA","county":"San Diego","geo_location":{ "type": "Point", "coordinates": [-116.846, 33.0169] }},
{"zip_code":"92166","country":"US","city":"San Diego","state":"California","state_ab":"CA","county":"San Diego","geo_location":{ "type": "Point", "coordinates": [-116.846, 33.0169] }},
{"zip_code":"92179","country":"US","city":"San Diego","state":"California","state_ab":"CA","county":"San Diego","geo_location":{ "type": "Point", "coordinates": [-116.9187, 32.5726] }},
{"zip_code":"92180","country":"US","city":"National City","state":"California","state_ab":"CA","county":"San Diego County","geo_location":{ "type": "Point", "coordinates": [-117.1563, 32.7151] }},
{"zip_code":"92193","country":"US","city":"San Diego","state":"California","state_ab":"CA","county":"San Diego","geo_location":{ "type": "Point", "coordinates": [-116.846, 33.0169] }},
{"zip_code":"94106","country":"US","city":"San Francisco","state":"California","state_ab":"CA","county":"San Francisco","geo_location":{ "type": "Point", "coordinates": [-122.7278, 37.7848] }},
{"zip_code":"94119","country":"US","city":"San Francisco","state":"California","state_ab":"CA","county":"San Francisco","geo_location":{ "type": "Point", "coordinates": [-122.7278, 37.7848] }},
{"zip_code":"94120","country":"US","city":"San Francisco","state":"California","state_ab":"CA","county":"San Francisco","geo_location":{ "type": "Point", "coordinates": [-122.7278, 37.7848] }},
{"zip_code":"94133","country":"US","city":"San Francisco","state":"California","state_ab":"CA","county":"San Francisco","geo_location":{ "type": "Point", "coordinates": [-122.4091, 37.8002] }},
{"zip_code":"94146","country":"US","city":"San Francisco","state":"California","state_ab":"CA","county":"San Francisco","geo_location":{ "type": "Point", "coordinates": [-122.7278, 37.7848] }},
{"zip_code":"94159","country":"US","city":"San Francisco","state":"California","state_ab":"CA","county":"San Francisco","geo_location":{ "type": "Point", "coordinates": [-122.7278, 37.7848] }},
{"zip_code":"94160","country":"US","city":"San Francisco","state":"California","state_ab":"CA","county":"San Francisco","geo_location":{ "type": "Point", "coordinates": [-122.7278, 37.7848] }},
{"zip_code":"94199","country":"US","city":"San Francisco","state":"California","state_ab":"CA","county":"San Francisco County","geo_location":{ "type": "Point", "coordinates": [-122.4183, 37.775] }},
{"zip_code":"95213","country":"US","city":"Stockton","state":"California","state_ab":"CA","county":"San Joaquin","geo_location":{ "type": "Point", "coordinates": [-121.2222, 37.9054] }},
{"zip_code":"95240","country":"US","city":"Lodi","state":"California","state_ab":"CA","county":"San Joaquin","geo_location":{ "type": "Point", "coordinates": [-121.2555, 38.1222] }},
{"zip_code":"95253","country":"US","city":"Victor","state":"California","state_ab":"CA","county":"San Joaquin","geo_location":{ "type": "Point", "coordinates": [-121.205, 38.138] }},
{"zip_code":"95330","country":"US","city":"Lathrop","state":"California","state_ab":"CA","county":"San Joaquin","geo_location":{ "type": "Point", "coordinates": [-121.2827, 37.8209] }},
{"zip_code":"93453","country":"US","city":"Santa Margarita","state":"California","state_ab":"CA","county":"San Luis Obispo","geo_location":{ "type": "Point", "coordinates": [-120.2596, 35.3584] }},
{"zip_code":"94003","country":"US","city":"Belmont","state":"California","state_ab":"CA","county":"San Mateo","geo_location":{ "type": "Point", "coordinates": [-122.3348, 37.3811] }},
{"zip_code":"94016","country":"US","city":"Daly City","state":"California","state_ab":"CA","county":"San Mateo","geo_location":{ "type": "Point", "coordinates": [-122.3348, 37.3811] }},
{"zip_code":"94029","country":"US","city":"Menlo Park","state":"California","state_ab":"CA","county":"San Mateo","geo_location":{ "type": "Point", "coordinates": [-122.3348, 37.3811] }},
{"zip_code":"94030","country":"US","city":"Millbrae","state":"California","state_ab":"CA","county":"San Mateo","geo_location":{ "type": "Point", "coordinates": [-122.402, 37.6004] }},
{"zip_code":"94070","country":"US","city":"San Carlos","state":"California","state_ab":"CA","county":"San Mateo","geo_location":{ "type": "Point", "coordinates": [-122.2674, 37.4969] }},
{"zip_code":"94083","country":"US","city":"South San Francisco","state":"California","state_ab":"CA","county":"San Mateo","geo_location":{ "type": "Point", "coordinates": [-122.3348, 37.3811] }},
{"zip_code":"94096","country":"US","city":"San Bruno","state":"California","state_ab":"CA","county":"San Mateo","geo_location":{ "type": "Point", "coordinates": [-122.3348, 37.3811] }},
{"zip_code":"94403","country":"US","city":"San Mateo","state":"California","state_ab":"CA","county":"San Mateo","geo_location":{ "type": "Point", "coordinates": [-122.2998, 37.5395] }},
{"zip_code":"93013","country":"US","city":"Carpinteria","state":"California","state_ab":"CA","county":"Santa Barbara","geo_location":{ "type": "Point", "coordinates": [-119.5183, 34.4036] }},
{"zip_code":"93103","country":"US","city":"Santa Barbara","state":"California","state_ab":"CA","county":"Santa Barbara","geo_location":{ "type": "Point", "coordinates": [-119.6833, 34.4291] }},
{"zip_code":"93116","country":"US","city":"Goleta","state":"California","state_ab":"CA","county":"Santa Barbara","geo_location":{ "type": "Point", "coordinates": [-119.8486, 34.2628] }},
{"zip_code":"93130","country":"US","city":"Santa Barbara","state":"California","state_ab":"CA","county":"Santa Barbara","geo_location":{ "type": "Point", "coordinates": [-119.8486, 34.2628] }},
{"zip_code":"93440","country":"US","city":"Los Alamos","state":"California","state_ab":"CA","county":"Santa Barbara","geo_location":{ "type": "Point", "coordinates": [-120.2049, 34.7457] }},
{"zip_code":"94043","country":"US","city":"Mountain View","state":"California","state_ab":"CA","county":"Santa Clara","geo_location":{ "type": "Point", "coordinates": [-122.0775, 37.4056] }},
{"zip_code":"95020","country":"US","city":"Gilroy","state":"California","state_ab":"CA","county":"Santa Clara","geo_location":{ "type": "Point", "coordinates": [-121.5773, 37.0139] }},
{"zip_code":"95033","country":"US","city":"Los Gatos","state":"California","state_ab":"CA","county":"Santa Clara","geo_location":{ "type": "Point", "coordinates": [-121.9816, 37.1539] }},
{"zip_code":"95046","country":"US","city":"San Martin","state":"California","state_ab":"CA","county":"Santa Clara","geo_location":{ "type": "Point", "coordinates": [-121.5999, 37.0911] }},
{"zip_code":"95109","country":"US","city":"San Jose","state":"California","state_ab":"CA","county":"Santa Clara","geo_location":{ "type": "Point", "coordinates": [-121.8908, 37.3378] }},
{"zip_code":"95110","country":"US","city":"San Jose","state":"California","state_ab":"CA","county":"Santa Clara","geo_location":{ "type": "Point", "coordinates": [-121.9016, 37.3391] }},
{"zip_code":"95123","country":"US","city":"San Jose","state":"California","state_ab":"CA","county":"Santa Clara","geo_location":{ "type": "Point", "coordinates": [-121.8306, 37.2458] }},
{"zip_code":"95136","country":"US","city":"San Jose","state":"California","state_ab":"CA","county":"Santa Clara","geo_location":{ "type": "Point", "coordinates": [-121.849, 37.2685] }},
{"zip_code":"95150","country":"US","city":"San Jose","state":"California","state_ab":"CA","county":"Santa Clara","geo_location":{ "type": "Point", "coordinates": [-121.897, 37.3866] }},
{"zip_code":"95190","country":"US","city":"San Jose","state":"California","state_ab":"CA","county":"Santa Clara","geo_location":{ "type": "Point", "coordinates": [-121.8868, 37.3894] }},
{"zip_code":"95006","country":"US","city":"Boulder Creek","state":"California","state_ab":"CA","county":"Santa Cruz","geo_location":{ "type": "Point", "coordinates": [-122.1365, 37.1547] }},
{"zip_code":"95019","country":"US","city":"Freedom","state":"California","state_ab":"CA","county":"Santa Cruz","geo_location":{ "type": "Point", "coordinates": [-121.7767, 36.9356] }},
{"zip_code":"95060","country":"US","city":"Santa Cruz","state":"California","state_ab":"CA","county":"Santa Cruz","geo_location":{ "type": "Point", "coordinates": [-122.1198, 37.0313] }},
{"zip_code":"95073","country":"US","city":"Soquel","state":"California","state_ab":"CA","county":"Santa Cruz","geo_location":{ "type": "Point", "coordinates": [-121.9507, 37.0048] }},
{"zip_code":"96049","country":"US","city":"Redding","state":"California","state_ab":"CA","county":"Shasta","geo_location":{ "type": "Point", "coordinates": [-122.3116, 40.7098] }},
{"zip_code":"96076","country":"US","city":"Platina","state":"California","state_ab":"CA","county":"Shasta","geo_location":{ "type": "Point", "coordinates": [-122.937, 40.376] }},
{"zip_code":"96089","country":"US","city":"Shasta Lake","state":"California","state_ab":"CA","county":"Shasta","geo_location":{ "type": "Point", "coordinates": [-122.4273, 40.6579] }},
{"zip_code":"95910","country":"US","city":"Alleghany","state":"California","state_ab":"CA","county":"Sierra","geo_location":{ "type": "Point", "coordinates": [-120.8483, 39.4826] }},
{"zip_code":"95936","country":"US","city":"Downieville","state":"California","state_ab":"CA","county":"Sierra","geo_location":{ "type": "Point", "coordinates": [-120.8344, 39.569] }},
{"zip_code":"96126","country":"US","city":"Sierraville","state":"California","state_ab":"CA","county":"Sierra","geo_location":{ "type": "Point", "coordinates": [-120.3711, 39.5825] }},
{"zip_code":"96023","country":"US","city":"Dorris","state":"California","state_ab":"CA","county":"Siskiyou","geo_location":{ "type": "Point", "coordinates": [-121.9739, 41.9194] }},
{"zip_code":"96050","country":"US","city":"Klamath River","state":"California","state_ab":"CA","county":"Siskiyou","geo_location":{ "type": "Point", "coordinates": [-122.8197, 41.8637] }},
{"zip_code":"94533","country":"US","city":"Fairfield","state":"California","state_ab":"CA","county":"Solano","geo_location":{ "type": "Point", "coordinates": [-122.0357, 38.2671] }},
{"zip_code":"94999","country":"US","city":"Petaluma","state":"California","state_ab":"CA","county":"Sonoma","geo_location":{ "type": "Point", "coordinates": [-122.6581, 38.2675] }},
{"zip_code":"95406","country":"US","city":"Santa Rosa","state":"California","state_ab":"CA","county":"Sonoma","geo_location":{ "type": "Point", "coordinates": [-122.7096, 38.4399] }},
{"zip_code":"95419","country":"US","city":"Camp Meeker","state":"California","state_ab":"CA","county":"Sonoma","geo_location":{ "type": "Point", "coordinates": [-122.9485, 38.425] }},
{"zip_code":"95433","country":"US","city":"El Verano","state":"California","state_ab":"CA","county":"Sonoma","geo_location":{ "type": "Point", "coordinates": [-122.4867, 38.2993] }},
{"zip_code":"95446","country":"US","city":"Guerneville","state":"California","state_ab":"CA","county":"Sonoma","geo_location":{ "type": "Point", "coordinates": [-122.9965, 38.5055] }},
{"zip_code":"95473","country":"US","city":"Sebastopol","state":"California","state_ab":"CA","county":"Sonoma","geo_location":{ "type": "Point", "coordinates": [-122.8227, 38.4022] }},
{"zip_code":"95486","country":"US","city":"Villa Grande","state":"California","state_ab":"CA","county":"Sonoma","geo_location":{ "type": "Point", "coordinates": [-123.0242, 38.4741] }},
{"zip_code":"95316","country":"US","city":"Denair","state":"California","state_ab":"CA","county":"Stanislaus","geo_location":{ "type": "Point", "coordinates": [-120.7758, 37.539] }},
{"zip_code":"95329","country":"US","city":"La Grange","state":"California","state_ab":"CA","county":"Stanislaus","geo_location":{ "type": "Point", "coordinates": [-120.3851, 37.6899] }},
{"zip_code":"95356","country":"US","city":"Modesto","state":"California","state_ab":"CA","county":"Stanislaus","geo_location":{ "type": "Point", "coordinates": [-121.0252, 37.7005] }},
{"zip_code":"96063","country":"US","city":"Mineral","state":"California","state_ab":"CA","county":"Tehama","geo_location":{ "type": "Point", "coordinates": [-121.571, 40.3564] }},
{"zip_code":"96090","country":"US","city":"Tehama","state":"California","state_ab":"CA","county":"Tehama","geo_location":{ "type": "Point", "coordinates": [-122.1186, 40.0214] }},
{"zip_code":"95563","country":"US","city":"Salyer","state":"California","state_ab":"CA","county":"Trinity","geo_location":{ "type": "Point", "coordinates": [-123.573, 40.8558] }},
{"zip_code":"96010","country":"US","city":"Big Bar","state":"California","state_ab":"CA","county":"Trinity","geo_location":{ "type": "Point", "coordinates": [-123.229, 40.748] }},
{"zip_code":"93219","country":"US","city":"Earlimart","state":"California","state_ab":"CA","county":"Tulare","geo_location":{ "type": "Point", "coordinates": [-119.281, 35.8744] }},
{"zip_code":"93260","country":"US","city":"Posey","state":"California","state_ab":"CA","county":"Tulare","geo_location":{ "type": "Point", "coordinates": [-118.6643, 35.8135] }},
{"zip_code":"93286","country":"US","city":"Woodlake","state":"California","state_ab":"CA","county":"Tulare","geo_location":{ "type": "Point", "coordinates": [-119.0918, 36.4313] }},
{"zip_code":"93619","country":"US","city":"Clovis","state":"California","state_ab":"CA","county":"Tulare County","geo_location":{ "type": "Point", "coordinates": [-119.6518, 36.8432] }},
{"zip_code":"93633","country":"US","city":"Kings Canyon National Pk","state":"California","state_ab":"CA","county":"Tulare","geo_location":{ "type": "Point", "coordinates": [-118.9588, 36.7341] }},
{"zip_code":"93673","country":"US","city":"Traver","state":"California","state_ab":"CA","county":"Tulare","geo_location":{ "type": "Point", "coordinates": [-119.4717, 36.4442] }},
{"zip_code":"95370","country":"US","city":"Sonora","state":"California","state_ab":"CA","county":"Tuolumne","geo_location":{ "type": "Point", "coordinates": [-120.3368, 37.9957] }},
{"zip_code":"95383","country":"US","city":"Twain Harte","state":"California","state_ab":"CA","county":"Tuolumne","geo_location":{ "type": "Point", "coordinates": [-120.2178, 38.0454] }},
{"zip_code":"93040","country":"US","city":"Piru","state":"California","state_ab":"CA","county":"Ventura","geo_location":{ "type": "Point", "coordinates": [-118.7855, 34.4352] }},
{"zip_code":"93066","country":"US","city":"Somis","state":"California","state_ab":"CA","county":"Ventura","geo_location":{ "type": "Point", "coordinates": [-119.0115, 34.2798] }},
{"zip_code":"93093","country":"US","city":"Simi Valley","state":"California","state_ab":"CA","county":"Ventura","geo_location":{ "type": "Point", "coordinates": [-119.1343, 34.0324] }},
{"zip_code":"95653","country":"US","city":"Madison","state":"California","state_ab":"CA","county":"Yolo","geo_location":{ "type": "Point", "coordinates": [-121.9721, 38.6802] }},
{"zip_code":"95679","country":"US","city":"Rumsey","state":"California","state_ab":"CA","county":"Yolo","geo_location":{ "type": "Point", "coordinates": [-122.3079, 38.8953] }},
{"zip_code":"80040","country":"US","city":"Aurora","state":"Colorado","state_ab":"CO","county":"Adams","geo_location":{ "type": "Point", "coordinates": [-104.4079, 39.808] }},
{"zip_code":"80233","country":"US","city":"Denver","state":"Colorado","state_ab":"CO","county":"Adams","geo_location":{ "type": "Point", "coordinates": [-104.9407, 39.9015] }},
{"zip_code":"80260","country":"US","city":"Denver","state":"Colorado","state_ab":"CO","county":"Adams","geo_location":{ "type": "Point", "coordinates": [-105.0041, 39.8672] }},
{"zip_code":"81146","country":"US","city":"Mosca","state":"Colorado","state_ab":"CO","county":"Alamosa","geo_location":{ "type": "Point", "coordinates": [-105.8069, 37.6358] }},
{"zip_code":"80013","country":"US","city":"Aurora","state":"Colorado","state_ab":"CO","county":"Arapahoe","geo_location":{ "type": "Point", "coordinates": [-104.7846, 39.6575] }},
{"zip_code":"80103","country":"US","city":"Byers","state":"Colorado","state_ab":"CO","county":"Arapahoe","geo_location":{ "type": "Point", "coordinates": [-104.2019, 39.6985] }},
{"zip_code":"81029","country":"US","city":"Campo","state":"Colorado","state_ab":"CO","county":"Baca","geo_location":{ "type": "Point", "coordinates": [-102.5464, 37.1195] }},
{"zip_code":"80026","country":"US","city":"Lafayette","state":"Colorado","state_ab":"CO","county":"Boulder","geo_location":{ "type": "Point", "coordinates": [-105.0963, 39.998] }},
{"zip_code":"80309","country":"US","city":"Boulder","state":"Colorado","state_ab":"CO","county":"Boulder","geo_location":{ "type": "Point", "coordinates": [-105.3735, 40.0878] }},
{"zip_code":"80310","country":"US","city":"Boulder","state":"Colorado","state_ab":"CO","county":"Boulder","geo_location":{ "type": "Point", "coordinates": [-105.3735, 40.0878] }},
{"zip_code":"80323","country":"US","city":"Boulder","state":"Colorado","state_ab":"CO","county":"Boulder","geo_location":{ "type": "Point", "coordinates": [-105.3735, 40.0878] }},
{"zip_code":"80466","country":"US","city":"Nederland","state":"Colorado","state_ab":"CO","county":"Boulder","geo_location":{ "type": "Point", "coordinates": [-105.4813, 39.9703] }},
{"zip_code":"80503","country":"US","city":"Longmont","state":"Colorado","state_ab":"CO","county":"Boulder","geo_location":{ "type": "Point", "coordinates": [-105.1624, 40.1559] }},
{"zip_code":"81236","country":"US","city":"Nathrop","state":"Colorado","state_ab":"CO","county":"Chaffee","geo_location":{ "type": "Point", "coordinates": [-106.1166, 38.7103] }},
{"zip_code":"81120","country":"US","city":"Antonito","state":"Colorado","state_ab":"CO","county":"Conejos","geo_location":{ "type": "Point", "coordinates": [-106.0379, 37.0855] }},
{"zip_code":"81133","country":"US","city":"Fort Garland","state":"Colorado","state_ab":"CO","county":"Costilla","geo_location":{ "type": "Point", "coordinates": [-105.4049, 37.427] }},
{"zip_code":"81249","country":"US","city":"Silver Cliff","state":"Colorado","state_ab":"CO","county":"Custer County","geo_location":{ "type": "Point", "coordinates": [-105.4458, 38.1351] }},
{"zip_code":"81416","country":"US","city":"Delta","state":"Colorado","state_ab":"CO","county":"Delta","geo_location":{ "type": "Point", "coordinates": [-108.0604, 38.7349] }},
{"zip_code":"80206","country":"US","city":"Denver","state":"Colorado","state_ab":"CO","county":"Denver","geo_location":{ "type": "Point", "coordinates": [-104.9524, 39.7331] }},
{"zip_code":"80219","country":"US","city":"Denver","state":"Colorado","state_ab":"CO","county":"Denver","geo_location":{ "type": "Point", "coordinates": [-105.0341, 39.6956] }},
{"zip_code":"80220","country":"US","city":"Denver","state":"Colorado","state_ab":"CO","county":"Denver","geo_location":{ "type": "Point", "coordinates": [-104.9129, 39.7312] }},
{"zip_code":"80246","country":"US","city":"Denver","state":"Colorado","state_ab":"CO","county":"Denver","geo_location":{ "type": "Point", "coordinates": [-104.9312, 39.7086] }},
{"zip_code":"80259","country":"US","city":"Denver","state":"Colorado","state_ab":"CO","county":"Denver","geo_location":{ "type": "Point", "coordinates": [-104.9913, 39.7462] }},
{"zip_code":"80273","country":"US","city":"Denver","state":"Colorado","state_ab":"CO","county":"Denver","geo_location":{ "type": "Point", "coordinates": [-104.9875, 39.7273] }},
{"zip_code":"80299","country":"US","city":"Denver","state":"Colorado","state_ab":"CO","county":"Denver","geo_location":{ "type": "Point", "coordinates": [-104.4083, 39.7388] }},
{"zip_code":"80116","country":"US","city":"Franktown","state":"Colorado","state_ab":"CO","county":"Douglas","geo_location":{ "type": "Point", "coordinates": [-104.7256, 39.3728] }},
{"zip_code":"80129","country":"US","city":"Littleton","state":"Colorado","state_ab":"CO","county":"Douglas","geo_location":{ "type": "Point", "coordinates": [-105.0109, 39.5397] }},
{"zip_code":"80130","country":"US","city":"Littleton","state":"Colorado","state_ab":"CO","county":"Douglas","geo_location":{ "type": "Point", "coordinates": [-104.9218, 39.5414] }},
{"zip_code":"80426","country":"US","city":"Burns","state":"Colorado","state_ab":"CO","county":"Eagle","geo_location":{ "type": "Point", "coordinates": [-106.8965, 39.7836] }},
{"zip_code":"81649","country":"US","city":"Red Cliff","state":"Colorado","state_ab":"CO","county":"Eagle","geo_location":{ "type": "Point", "coordinates": [-106.3851, 39.4584] }},
{"zip_code":"80840","country":"US","city":"U S A F Academy","state":"Colorado","state_ab":"CO","county":"El Paso","geo_location":{ "type": "Point", "coordinates": [-104.8606, 38.9792] }},
{"zip_code":"80903","country":"US","city":"Colorado Springs","state":"Colorado","state_ab":"CO","county":"El Paso","geo_location":{ "type": "Point", "coordinates": [-104.8145, 38.8388] }},
{"zip_code":"80916","country":"US","city":"Colorado Springs","state":"Colorado","state_ab":"CO","county":"El Paso","geo_location":{ "type": "Point", "coordinates": [-104.7403, 38.8076] }},
{"zip_code":"80929","country":"US","city":"Colorado Springs","state":"Colorado","state_ab":"CO","county":"El Paso","geo_location":{ "type": "Point", "coordinates": [-104.6079, 38.7968] }},
{"zip_code":"80930","country":"US","city":"Colorado Springs","state":"Colorado","state_ab":"CO","county":"El Paso","geo_location":{ "type": "Point", "coordinates": [-104.5269, 38.8289] }},
{"zip_code":"80943","country":"US","city":"Colorado Springs","state":"Colorado","state_ab":"CO","county":"El Paso","geo_location":{ "type": "Point", "coordinates": [-104.562, 38.8247] }},
{"zip_code":"80970","country":"US","city":"Colorado Springs","state":"Colorado","state_ab":"CO","county":"El Paso","geo_location":{ "type": "Point", "coordinates": [-104.562, 38.8247] }},
{"zip_code":"81223","country":"US","city":"Cotopaxi","state":"Colorado","state_ab":"CO","county":"Fremont","geo_location":{ "type": "Point", "coordinates": [-105.4965, 38.44] }},
{"zip_code":"81290","country":"US","city":"Florence","state":"Colorado","state_ab":"CO","county":"Fremont","geo_location":{ "type": "Point", "coordinates": [-105.1069, 38.3584] }},
{"zip_code":"81623","country":"US","city":"Carbondale","state":"Colorado","state_ab":"CO","county":"Garfield","geo_location":{ "type": "Point", "coordinates": [-107.2044, 39.2511] }},
{"zip_code":"81636","country":"US","city":"Battlement Mesa","state":"Colorado","state_ab":"CO","county":"Garfield","geo_location":{ "type": "Point", "coordinates": [-108.0239, 39.4305] }},
{"zip_code":"81650","country":"US","city":"Rifle","state":"Colorado","state_ab":"CO","county":"Garfield","geo_location":{ "type": "Point", "coordinates": [-107.7898, 39.5491] }},
{"zip_code":"81210","country":"US","city":"Almont","state":"Colorado","state_ab":"CO","county":"Gunnison","geo_location":{ "type": "Point", "coordinates": [-106.6603, 38.82] }},
{"zip_code":"80480","country":"US","city":"Walden","state":"Colorado","state_ab":"CO","county":"Jackson","geo_location":{ "type": "Point", "coordinates": [-106.2767, 40.71] }},
{"zip_code":"80439","country":"US","city":"Evergreen","state":"Colorado","state_ab":"CO","county":"Jefferson","geo_location":{ "type": "Point", "coordinates": [-105.3402, 39.6374] }},
{"zip_code":"80453","country":"US","city":"Idledale","state":"Colorado","state_ab":"CO","county":"Jefferson","geo_location":{ "type": "Point", "coordinates": [-105.2442, 39.6684] }},
{"zip_code":"81326","country":"US","city":"Hesperus","state":"Colorado","state_ab":"CO","county":"La Plata","geo_location":{ "type": "Point", "coordinates": [-108.1219, 37.1654] }},
{"zip_code":"81070","country":"US","city":"Segundo","state":"Colorado","state_ab":"CO","county":"Las Animas County","geo_location":{ "type": "Point", "coordinates": [-104.755, 37.1253] }},
{"zip_code":"80826","country":"US","city":"Limon","state":"Colorado","state_ab":"CO","county":"Lincoln","geo_location":{ "type": "Point", "coordinates": [-103.6049, 39.0414] }},
{"zip_code":"80736","country":"US","city":"Iliff","state":"Colorado","state_ab":"CO","county":"Logan","geo_location":{ "type": "Point", "coordinates": [-103.0968, 40.7692] }},
{"zip_code":"81506","country":"US","city":"Grand Junction","state":"Colorado","state_ab":"CO","county":"Mesa","geo_location":{ "type": "Point", "coordinates": [-108.5491, 39.1032] }},
{"zip_code":"81520","country":"US","city":"Clifton","state":"Colorado","state_ab":"CO","county":"Mesa","geo_location":{ "type": "Point", "coordinates": [-108.4496, 39.0805] }},
{"zip_code":"81610","country":"US","city":"Dinosaur","state":"Colorado","state_ab":"CO","county":"Moffat","geo_location":{ "type": "Point", "coordinates": [-108.9652, 40.2566] }},
{"zip_code":"81403","country":"US","city":"Montrose","state":"Colorado","state_ab":"CO","county":"Montrose","geo_location":{ "type": "Point", "coordinates": [-107.9381, 38.3602] }},
{"zip_code":"81429","country":"US","city":"Paradox","state":"Colorado","state_ab":"CO","county":"Montrose","geo_location":{ "type": "Point", "coordinates": [-108.9698, 38.3711] }},
{"zip_code":"80723","country":"US","city":"Brush","state":"Colorado","state_ab":"CO","county":"Morgan","geo_location":{ "type": "Point", "coordinates": [-103.6279, 40.2603] }},
{"zip_code":"80750","country":"US","city":"Snyder","state":"Colorado","state_ab":"CO","county":"Morgan","geo_location":{ "type": "Point", "coordinates": [-103.5971, 40.3307] }},
{"zip_code":"81030","country":"US","city":"Cheraw","state":"Colorado","state_ab":"CO","county":"Otero","geo_location":{ "type": "Point", "coordinates": [-103.5367, 38.1029] }},
{"zip_code":"80440","country":"US","city":"Fairplay","state":"Colorado","state_ab":"CO","county":"Park","geo_location":{ "type": "Point", "coordinates": [-105.9994, 39.2256] }},
{"zip_code":"81043","country":"US","city":"Hartman","state":"Colorado","state_ab":"CO","county":"Prowers","geo_location":{ "type": "Point", "coordinates": [-102.2168, 38.1195] }},
{"zip_code":"81003","country":"US","city":"Pueblo","state":"Colorado","state_ab":"CO","county":"Pueblo","geo_location":{ "type": "Point", "coordinates": [-104.6234, 38.2843] }},
{"zip_code":"81069","country":"US","city":"Rye","state":"Colorado","state_ab":"CO","county":"Pueblo","geo_location":{ "type": "Point", "coordinates": [-104.8863, 37.9371] }},
{"zip_code":"80479","country":"US","city":"Toponas","state":"Colorado","state_ab":"CO","county":"Routt","geo_location":{ "type": "Point", "coordinates": [-106.8517, 40.0676] }},
{"zip_code":"81430","country":"US","city":"Placerville","state":"Colorado","state_ab":"CO","county":"San Miguel","geo_location":{ "type": "Point", "coordinates": [-107.9904, 38.0593] }},
{"zip_code":"80749","country":"US","city":"Sedgwick","state":"Colorado","state_ab":"CO","county":"Sedgwick","geo_location":{ "type": "Point", "coordinates": [-102.5291, 40.9103] }},
{"zip_code":"80813","country":"US","city":"Cripple Creek","state":"Colorado","state_ab":"CO","county":"Teller","geo_location":{ "type": "Point", "coordinates": [-105.1499, 38.8261] }},
{"zip_code":"80866","country":"US","city":"Woodland Park","state":"Colorado","state_ab":"CO","county":"Teller","geo_location":{ "type": "Point", "coordinates": [-105.156, 39.0363] }},
{"zip_code":"80516","country":"US","city":"Erie","state":"Colorado","state_ab":"CO","county":"Weld","geo_location":{ "type": "Point", "coordinates": [-105.0686, 40.0597] }},
{"zip_code":"80530","country":"US","city":"Frederick","state":"Colorado","state_ab":"CO","county":"Weld","geo_location":{ "type": "Point", "coordinates": [-104.9293, 40.0978] }},
{"zip_code":"80543","country":"US","city":"Milliken","state":"Colorado","state_ab":"CO","county":"Weld","geo_location":{ "type": "Point", "coordinates": [-104.8761, 40.3107] }},
{"zip_code":"80620","country":"US","city":"Evans","state":"Colorado","state_ab":"CO","county":"Weld","geo_location":{ "type": "Point", "coordinates": [-104.6971, 40.3803] }},
{"zip_code":"80633","country":"US","city":"Greeley","state":"Colorado","state_ab":"CO","county":"Weld","geo_location":{ "type": "Point", "coordinates": [-104.315, 40.5009] }},
{"zip_code":"80646","country":"US","city":"Lucerne","state":"Colorado","state_ab":"CO","county":"Weld","geo_location":{ "type": "Point", "coordinates": [-104.7054, 40.4824] }},
{"zip_code":"6820","country":"US","city":"Darien","state":"Connecticut","state_ab":"CT","county":"Fairfield","geo_location":{ "type": "Point", "coordinates": [-73.4853, 41.0768] }},
{"zip_code":"6859","country":"US","city":"Norwalk","state":"Connecticut","state_ab":"CT","county":"Fairfield","geo_location":{ "type": "Point", "coordinates": [-73.3637, 41.3089] }},
{"zip_code":"6860","country":"US","city":"Norwalk","state":"Connecticut","state_ab":"CT","county":"Fairfield","geo_location":{ "type": "Point", "coordinates": [-73.3637, 41.3089] }},
{"zip_code":"61799","country":"US","city":"Bloomington","state":"Illinois","state_ab":"IL","county":"McLean","geo_location":{ "type": "Point", "coordinates": [-88.9396, 40.4885] }},
{"zip_code":"62079","country":"US","city":"Piasa","state":"Illinois","state_ab":"IL","county":"Macoupin","geo_location":{ "type": "Point", "coordinates": [-90.1198, 39.1128] }},
{"zip_code":"62093","country":"US","city":"Wilsonville","state":"Illinois","state_ab":"IL","county":"Macoupin","geo_location":{ "type": "Point", "coordinates": [-89.8565, 39.0695] }},
{"zip_code":"62686","country":"US","city":"Standard City","state":"Illinois","state_ab":"IL","county":"Macoupin","geo_location":{ "type": "Point", "coordinates": [-89.8894, 39.2387] }},
{"zip_code":"62026","country":"US","city":"Edwardsville","state":"Illinois","state_ab":"IL","county":"Madison","geo_location":{ "type": "Point", "coordinates": [-89.943, 38.7337] }},
{"zip_code":"62040","country":"US","city":"Granite City","state":"Illinois","state_ab":"IL","county":"Madison","geo_location":{ "type": "Point", "coordinates": [-90.1106, 38.7261] }},
{"zip_code":"62853","country":"US","city":"Kell","state":"Illinois","state_ab":"IL","county":"Marion","geo_location":{ "type": "Point", "coordinates": [-88.9127, 38.5147] }},
{"zip_code":"62893","country":"US","city":"Walnut Hill","state":"Illinois","state_ab":"IL","county":"Marion","geo_location":{ "type": "Point", "coordinates": [-89.0328, 38.467] }},
{"zip_code":"61540","country":"US","city":"Lacon","state":"Illinois","state_ab":"IL","county":"Marshall","geo_location":{ "type": "Point", "coordinates": [-89.4008, 41.0216] }},
{"zip_code":"62633","country":"US","city":"Easton","state":"Illinois","state_ab":"IL","county":"Mason","geo_location":{ "type": "Point", "coordinates": [-89.8903, 40.2279] }},
{"zip_code":"62659","country":"US","city":"Lincoln'S New Salem","state":"Illinois","state_ab":"IL","county":"Menard","geo_location":{ "type": "Point", "coordinates": [-89.7867, 40.0311] }},
{"zip_code":"62673","country":"US","city":"Oakford","state":"Illinois","state_ab":"IL","county":"Menard","geo_location":{ "type": "Point", "coordinates": [-89.9601, 40.0994] }},
{"zip_code":"61476","country":"US","city":"Seaton","state":"Illinois","state_ab":"IL","county":"Mercer","geo_location":{ "type": "Point", "coordinates": [-90.8257, 41.0732] }},
{"zip_code":"62660","country":"US","city":"Literberry","state":"Illinois","state_ab":"IL","county":"Morgan","geo_location":{ "type": "Point", "coordinates": [-90.2007, 39.8589] }},
{"zip_code":"61010","country":"US","city":"Byron","state":"Illinois","state_ab":"IL","county":"Ogle","geo_location":{ "type": "Point", "coordinates": [-89.2659, 42.1292] }},
{"zip_code":"61049","country":"US","city":"Lindenwood","state":"Illinois","state_ab":"IL","county":"Ogle","geo_location":{ "type": "Point", "coordinates": [-89.034, 42.0507] }},
{"zip_code":"61526","country":"US","city":"Edelstein","state":"Illinois","state_ab":"IL","county":"Peoria","geo_location":{ "type": "Point", "coordinates": [-89.5858, 40.9454] }},
{"zip_code":"61539","country":"US","city":"Kingston Mines","state":"Illinois","state_ab":"IL","county":"Peoria","geo_location":{ "type": "Point", "coordinates": [-89.7685, 40.5571] }},
{"zip_code":"61603","country":"US","city":"Peoria","state":"Illinois","state_ab":"IL","county":"Peoria","geo_location":{ "type": "Point", "coordinates": [-89.577, 40.7132] }},
{"zip_code":"61616","country":"US","city":"Peoria","state":"Illinois","state_ab":"IL","county":"Peoria","geo_location":{ "type": "Point", "coordinates": [-89.5719, 40.7468] }},
{"zip_code":"61629","country":"US","city":"Peoria","state":"Illinois","state_ab":"IL","county":"Peoria","geo_location":{ "type": "Point", "coordinates": [-89.5887, 40.692] }},
{"zip_code":"61630","country":"US","city":"Peoria","state":"Illinois","state_ab":"IL","county":"Peoria","geo_location":{ "type": "Point", "coordinates": [-89.7184, 40.7442] }},
{"zip_code":"61643","country":"US","city":"Peoria","state":"Illinois","state_ab":"IL","county":"Peoria","geo_location":{ "type": "Point", "coordinates": [-89.7184, 40.7442] }},
{"zip_code":"61656","country":"US","city":"Peoria","state":"Illinois","state_ab":"IL","county":"Peoria","geo_location":{ "type": "Point", "coordinates": [-89.7184, 40.7442] }},
{"zip_code":"62323","country":"US","city":"Chambersburg","state":"Illinois","state_ab":"IL","county":"Pike","geo_location":{ "type": "Point", "coordinates": [-90.663, 39.8071] }},
{"zip_code":"62363","country":"US","city":"Pittsfield","state":"Illinois","state_ab":"IL","county":"Pike","geo_location":{ "type": "Point", "coordinates": [-90.8073, 39.6013] }},
{"zip_code":"62956","country":"US","city":"Karnak","state":"Illinois","state_ab":"IL","county":"Pulaski","geo_location":{ "type": "Point", "coordinates": [-88.9739, 37.2911] }},
{"zip_code":"62970","country":"US","city":"Olmsted","state":"Illinois","state_ab":"IL","county":"Pulaski","geo_location":{ "type": "Point", "coordinates": [-89.0933, 37.1935] }},
{"zip_code":"62996","country":"US","city":"Villa Ridge","state":"Illinois","state_ab":"IL","county":"Pulaski","geo_location":{ "type": "Point", "coordinates": [-89.1825, 37.1578] }},
{"zip_code":"62233","country":"US","city":"Chester","state":"Illinois","state_ab":"IL","county":"Randolph","geo_location":{ "type": "Point", "coordinates": [-89.8218, 37.9188] }},
{"zip_code":"62259","country":"US","city":"Menard","state":"Illinois","state_ab":"IL","county":"Randolph","geo_location":{ "type": "Point", "coordinates": [-89.8996, 38.0131] }},
{"zip_code":"62286","country":"US","city":"Sparta","state":"Illinois","state_ab":"IL","county":"Randolph","geo_location":{ "type": "Point", "coordinates": [-89.7035, 38.1318] }},
{"zip_code":"61256","country":"US","city":"Hampton","state":"Illinois","state_ab":"IL","county":"Rock Island","geo_location":{ "type": "Point", "coordinates": [-90.4011, 41.5589] }},
{"zip_code":"62206","country":"US","city":"East Saint Louis","state":"Illinois","state_ab":"IL","county":"St. Clair","geo_location":{ "type": "Point", "coordinates": [-90.1544, 38.5514] }},
{"zip_code":"62220","country":"US","city":"Belleville","state":"Illinois","state_ab":"IL","county":"St. Clair","geo_location":{ "type": "Point", "coordinates": [-89.9847, 38.5127] }},
{"zip_code":"62260","country":"US","city":"Millstadt","state":"Illinois","state_ab":"IL","county":"St. Clair","geo_location":{ "type": "Point", "coordinates": [-90.0888, 38.4443] }},
{"zip_code":"62930","country":"US","city":"Eldorado","state":"Illinois","state_ab":"IL","county":"Saline","geo_location":{ "type": "Point", "coordinates": [-88.4434, 37.8139] }},
{"zip_code":"62530","country":"US","city":"Divernon","state":"Illinois","state_ab":"IL","county":"Sangamon","geo_location":{ "type": "Point", "coordinates": [-89.6626, 39.5692] }},
{"zip_code":"62709","country":"US","city":"Springfield","state":"Illinois","state_ab":"IL","county":"Sangamon","geo_location":{ "type": "Point", "coordinates": [-89.606, 39.7495] }},
{"zip_code":"62723","country":"US","city":"Springfield","state":"Illinois","state_ab":"IL","county":"Sangamon","geo_location":{ "type": "Point", "coordinates": [-89.606, 39.7495] }},
{"zip_code":"62736","country":"US","city":"Springfield","state":"Illinois","state_ab":"IL","county":"Sangamon","geo_location":{ "type": "Point", "coordinates": [-89.606, 39.7495] }},
{"zip_code":"62763","country":"US","city":"Springfield","state":"Illinois","state_ab":"IL","county":"Sangamon","geo_location":{ "type": "Point", "coordinates": [-89.606, 39.7495] }},
{"zip_code":"62776","country":"US","city":"Springfield","state":"Illinois","state_ab":"IL","county":"Sangamon","geo_location":{ "type": "Point", "coordinates": [-89.606, 39.7495] }},
{"zip_code":"61449","country":"US","city":"La Fayette","state":"Illinois","state_ab":"IL","county":"Stark","geo_location":{ "type": "Point", "coordinates": [-89.9575, 41.1095] }},
{"zip_code":"61050","country":"US","city":"Mc Connell","state":"Illinois","state_ab":"IL","county":"Stephenson","geo_location":{ "type": "Point", "coordinates": [-89.7643, 42.4281] }},
{"zip_code":"61076","country":"US","city":"Scioto Mills","state":"Illinois","state_ab":"IL","county":"Stephenson","geo_location":{ "type": "Point", "coordinates": [-89.6679, 42.3554] }},
{"zip_code":"61089","country":"US","city":"Winslow","state":"Illinois","state_ab":"IL","county":"Stephenson","geo_location":{ "type": "Point", "coordinates": [-89.806, 42.4838] }},
{"zip_code":"61733","country":"US","city":"Deer Creek","state":"Illinois","state_ab":"IL","county":"Tazewell","geo_location":{ "type": "Point", "coordinates": [-89.3323, 40.6224] }},
{"zip_code":"61759","country":"US","city":"Minier","state":"Illinois","state_ab":"IL","county":"Tazewell","geo_location":{ "type": "Point", "coordinates": [-89.3165, 40.4359] }},
{"zip_code":"60963","country":"US","city":"Rossville","state":"Illinois","state_ab":"IL","county":"Vermilion","geo_location":{ "type": "Point", "coordinates": [-87.6692, 40.3625] }},
{"zip_code":"61810","country":"US","city":"Allerton","state":"Illinois","state_ab":"IL","county":"Vermilion","geo_location":{ "type": "Point", "coordinates": [-87.9312, 39.9188] }},
{"zip_code":"61850","country":"US","city":"Indianola","state":"Illinois","state_ab":"IL","county":"Vermilion","geo_location":{ "type": "Point", "coordinates": [-87.7388, 39.9268] }},
{"zip_code":"61876","country":"US","city":"Sidell","state":"Illinois","state_ab":"IL","county":"Vermilion","geo_location":{ "type": "Point", "coordinates": [-87.8248, 39.911] }},
{"zip_code":"61423","country":"US","city":"Cameron","state":"Illinois","state_ab":"IL","county":"Warren","geo_location":{ "type": "Point", "coordinates": [-90.5001, 40.889] }},
{"zip_code":"61230","country":"US","city":"Albany","state":"Illinois","state_ab":"IL","county":"Whiteside","geo_location":{ "type": "Point", "coordinates": [-90.2081, 41.7659] }},
{"zip_code":"61243","country":"US","city":"Deer Grove","state":"Illinois","state_ab":"IL","county":"Whiteside","geo_location":{ "type": "Point", "coordinates": [-89.6972, 41.6316] }},
{"zip_code":"61270","country":"US","city":"Morrison","state":"Illinois","state_ab":"IL","county":"Whiteside","geo_location":{ "type": "Point", "coordinates": [-89.969, 41.8167] }},
{"zip_code":"61283","country":"US","city":"Tampico","state":"Illinois","state_ab":"IL","county":"Whiteside","geo_location":{ "type": "Point", "coordinates": [-89.7948, 41.6522] }},
{"zip_code":"60433","country":"US","city":"Joliet","state":"Illinois","state_ab":"IL","county":"Will","geo_location":{ "type": "Point", "coordinates": [-88.0569, 41.5119] }},
{"zip_code":"60446","country":"US","city":"Romeoville","state":"Illinois","state_ab":"IL","county":"Will","geo_location":{ "type": "Point", "coordinates": [-88.0696, 41.6404] }},
{"zip_code":"61063","country":"US","city":"Pecatonica","state":"Illinois","state_ab":"IL","county":"Winnebago","geo_location":{ "type": "Point", "coordinates": [-89.3472, 42.3051] }},
{"zip_code":"61126","country":"US","city":"Rockford","state":"Illinois","state_ab":"IL","county":"Winnebago","geo_location":{ "type": "Point", "coordinates": [-89.1705, 42.3254] }},
{"zip_code":"61760","country":"US","city":"Minonk","state":"Illinois","state_ab":"IL","county":"Woodford","geo_location":{ "type": "Point", "coordinates": [-89.0349, 40.8985] }},
{"zip_code":"46769","country":"US","city":"Linn Grove","state":"Indiana","state_ab":"IN","county":"Adams","geo_location":{ "type": "Point", "coordinates": [-84.9379, 40.7453] }},
{"zip_code":"46743","country":"US","city":"Harlan","state":"Indiana","state_ab":"IN","county":"Allen","geo_location":{ "type": "Point", "coordinates": [-84.8386, 41.2285] }},
{"zip_code":"46806","country":"US","city":"Fort Wayne","state":"Indiana","state_ab":"IN","county":"Allen","geo_location":{ "type": "Point", "coordinates": [-85.1135, 41.048] }},
{"zip_code":"46819","country":"US","city":"Fort Wayne","state":"Indiana","state_ab":"IN","county":"Allen","geo_location":{ "type": "Point", "coordinates": [-85.1527, 41.0052] }},
{"zip_code":"46859","country":"US","city":"Fort Wayne","state":"Indiana","state_ab":"IN","county":"Allen","geo_location":{ "type": "Point", "coordinates": [-85.0707, 41.0938] }},
{"zip_code":"46860","country":"US","city":"Fort Wayne","state":"Indiana","state_ab":"IN","county":"Allen","geo_location":{ "type": "Point", "coordinates": [-85.0707, 41.0938] }},
{"zip_code":"46899","country":"US","city":"Fort Wayne","state":"Indiana","state_ab":"IN","county":"Allen","geo_location":{ "type": "Point", "coordinates": [-85.0707, 41.0938] }},
{"zip_code":"47203","country":"US","city":"Columbus","state":"Indiana","state_ab":"IN","county":"Bartholomew","geo_location":{ "type": "Point", "coordinates": [-85.8855, 39.2301] }},
{"zip_code":"47359","country":"US","city":"Montpelier","state":"Indiana","state_ab":"IN","county":"Blackford","geo_location":{ "type": "Point", "coordinates": [-85.2513, 40.5577] }},
{"zip_code":"46923","country":"US","city":"Delphi","state":"Indiana","state_ab":"IN","county":"Carroll","geo_location":{ "type": "Point", "coordinates": [-86.6788, 40.5734] }},
{"zip_code":"46950","country":"US","city":"Lucerne","state":"Indiana","state_ab":"IN","county":"Cass","geo_location":{ "type": "Point", "coordinates": [-86.4077, 40.8614] }},
{"zip_code":"47126","country":"US","city":"Henryville","state":"Indiana","state_ab":"IN","county":"Clark","geo_location":{ "type": "Point", "coordinates": [-85.7734, 38.5398] }},
{"zip_code":"46046","country":"US","city":"Hillisburg","state":"Indiana","state_ab":"IN","county":"Clinton","geo_location":{ "type": "Point", "coordinates": [-86.469, 40.3045] }},
{"zip_code":"47140","country":"US","city":"Marengo","state":"Indiana","state_ab":"IN","county":"Crawford","geo_location":{ "type": "Point", "coordinates": [-86.3578, 38.3736] }},
{"zip_code":"47283","country":"US","city":"Westport","state":"Indiana","state_ab":"IN","county":"Decatur","geo_location":{ "type": "Point", "coordinates": [-85.5856, 39.1749] }},
{"zip_code":"46730","country":"US","city":"Corunna","state":"Indiana","state_ab":"IN","county":"DeKalb","geo_location":{ "type": "Point", "coordinates": [-85.137, 41.4504] }},
{"zip_code":"47306","country":"US","city":"Muncie","state":"Indiana","state_ab":"IN","county":"Delaware","geo_location":{ "type": "Point", "coordinates": [-85.4082, 40.2023] }},
{"zip_code":"47320","country":"US","city":"Albany","state":"Indiana","state_ab":"IN","county":"Delaware","geo_location":{ "type": "Point", "coordinates": [-85.258, 40.292] }},
{"zip_code":"47513","country":"US","city":"Birdseye","state":"Indiana","state_ab":"IN","county":"Dubois","geo_location":{ "type": "Point", "coordinates": [-86.7102, 38.3006] }},
{"zip_code":"47580","country":"US","city":"Schnellville","state":"Indiana","state_ab":"IN","county":"Dubois","geo_location":{ "type": "Point", "coordinates": [-86.7565, 38.3414] }},
{"zip_code":"46550","country":"US","city":"Nappanee","state":"Indiana","state_ab":"IN","county":"Elkhart","geo_location":{ "type": "Point", "coordinates": [-85.9945, 41.4493] }},
{"zip_code":"47010","country":"US","city":"Bath","state":"Indiana","state_ab":"IN","county":"Franklin","geo_location":{ "type": "Point", "coordinates": [-84.836, 39.4992] }},
{"zip_code":"47036","country":"US","city":"Oldenburg","state":"Indiana","state_ab":"IN","county":"Franklin","geo_location":{ "type": "Point", "coordinates": [-85.2385, 39.3862] }},
{"zip_code":"46910","country":"US","city":"Akron","state":"Indiana","state_ab":"IN","county":"Fulton","geo_location":{ "type": "Point", "coordinates": [-86.0395, 41.0389] }},
{"zip_code":"47670","country":"US","city":"Princeton","state":"Indiana","state_ab":"IN","county":"Gibson","geo_location":{ "type": "Point", "coordinates": [-87.5691, 38.3525] }},
{"zip_code":"47683","country":"US","city":"Somerville","state":"Indiana","state_ab":"IN","county":"Gibson","geo_location":{ "type": "Point", "coordinates": [-87.3773, 38.2811] }},
{"zip_code":"46989","country":"US","city":"Upland","state":"Indiana","state_ab":"IN","county":"Grant","geo_location":{ "type": "Point", "coordinates": [-85.499, 40.4548] }},
{"zip_code":"47449","country":"US","city":"Newberry","state":"Indiana","state_ab":"IN","county":"Greene","geo_location":{ "type": "Point", "coordinates": [-87.0081, 38.9229] }},
{"zip_code":"46033","country":"US","city":"Carmel","state":"Indiana","state_ab":"IN","county":"Hamilton","geo_location":{ "type": "Point", "coordinates": [-86.0829, 39.9744] }},
{"zip_code":"46060","country":"US","city":"Noblesville","state":"Indiana","state_ab":"IN","county":"Hamilton","geo_location":{ "type": "Point", "coordinates": [-86.0163, 40.0563] }},
{"zip_code":"46280","country":"US","city":"Indianapolis","state":"Indiana","state_ab":"IN","county":"Hamilton","geo_location":{ "type": "Point", "coordinates": [-86.1157, 39.9416] }},
{"zip_code":"46163","country":"US","city":"New Palestine","state":"Indiana","state_ab":"IN","county":"Hancock","geo_location":{ "type": "Point", "coordinates": [-85.9052, 39.7233] }},
{"zip_code":"47166","country":"US","city":"Ramsey","state":"Indiana","state_ab":"IN","county":"Harrison","geo_location":{ "type": "Point", "coordinates": [-86.169, 38.3034] }},
{"zip_code":"46123","country":"US","city":"Avon","state":"Indiana","state_ab":"IN","county":"Hendricks","geo_location":{ "type": "Point", "coordinates": [-86.3996, 39.7629] }},
{"zip_code":"46149","country":"US","city":"Lizton","state":"Indiana","state_ab":"IN","county":"Hendricks","geo_location":{ "type": "Point", "coordinates": [-86.5429, 39.8843] }},
{"zip_code":"47360","country":"US","city":"Mooreland","state":"Indiana","state_ab":"IN","county":"Henry","geo_location":{ "type": "Point", "coordinates": [-85.2581, 39.9941] }},
{"zip_code":"47386","country":"US","city":"Springport","state":"Indiana","state_ab":"IN","county":"Henry","geo_location":{ "type": "Point", "coordinates": [-85.3833, 40.0527] }},
{"zip_code":"46936","country":"US","city":"Greentown","state":"Indiana","state_ab":"IN","county":"Howard","geo_location":{ "type": "Point", "coordinates": [-85.9582, 40.4791] }},
{"zip_code":"46770","country":"US","city":"Markle","state":"Indiana","state_ab":"IN","county":"Huntington","geo_location":{ "type": "Point", "coordinates": [-85.319, 40.8331] }},
{"zip_code":"46783","country":"US","city":"Roanoke","state":"Indiana","state_ab":"IN","county":"Huntington","geo_location":{ "type": "Point", "coordinates": [-85.3526, 40.96] }},
{"zip_code":"47229","country":"US","city":"Crothersville","state":"Indiana","state_ab":"IN","county":"Jackson","geo_location":{ "type": "Point", "coordinates": [-85.847, 38.8067] }},
{"zip_code":"47373","country":"US","city":"Redkey","state":"Indiana","state_ab":"IN","county":"Jay","geo_location":{ "type": "Point", "coordinates": [-85.162, 40.3265] }},
{"zip_code":"47230","country":"US","city":"Deputy","state":"Indiana","state_ab":"IN","county":"Jefferson","geo_location":{ "type": "Point", "coordinates": [-85.6304, 38.7759] }},
{"zip_code":"47243","country":"US","city":"Hanover","state":"Indiana","state_ab":"IN","county":"Jefferson","geo_location":{ "type": "Point", "coordinates": [-85.4763, 38.7138] }},
{"zip_code":"47270","country":"US","city":"Paris Crossing","state":"Indiana","state_ab":"IN","county":"Jennings","geo_location":{ "type": "Point", "coordinates": [-85.7487, 38.8558] }},
{"zip_code":"46510","country":"US","city":"Claypool","state":"Indiana","state_ab":"IN","county":"Kosciusko","geo_location":{ "type": "Point", "coordinates": [-85.8686, 41.1165] }},
{"zip_code":"46590","country":"US","city":"Winona Lake","state":"Indiana","state_ab":"IN","county":"Kosciusko","geo_location":{ "type": "Point", "coordinates": [-85.8305, 41.211] }},
{"zip_code":"46303","country":"US","city":"Cedar Lake","state":"Indiana","state_ab":"IN","county":"Lake","geo_location":{ "type": "Point", "coordinates": [-87.4764, 41.3713] }},
{"zip_code":"46356","country":"US","city":"Lowell","state":"Indiana","state_ab":"IN","county":"Lake","geo_location":{ "type": "Point", "coordinates": [-87.4191, 41.2845] }},
{"zip_code":"46406","country":"US","city":"Gary","state":"Indiana","state_ab":"IN","county":"Lake","geo_location":{ "type": "Point", "coordinates": [-87.4062, 41.5878] }},
{"zip_code":"47436","country":"US","city":"Heltonville","state":"Indiana","state_ab":"IN","county":"Lawrence","geo_location":{ "type": "Point", "coordinates": [-86.3703, 38.948] }},
{"zip_code":"46226","country":"US","city":"Indianapolis","state":"Indiana","state_ab":"IN","county":"Marion","geo_location":{ "type": "Point", "coordinates": [-86.0836, 39.8326] }},
{"zip_code":"46239","country":"US","city":"Indianapolis","state":"Indiana","state_ab":"IN","county":"Marion","geo_location":{ "type": "Point", "coordinates": [-86.0005, 39.7265] }},
{"zip_code":"46240","country":"US","city":"Indianapolis","state":"Indiana","state_ab":"IN","county":"Marion","geo_location":{ "type": "Point", "coordinates": [-86.1238, 39.9069] }},
{"zip_code":"46253","country":"US","city":"Indianapolis","state":"Indiana","state_ab":"IN","county":"Marion","geo_location":{ "type": "Point", "coordinates": [-86.1328, 39.7795] }},
{"zip_code":"46266","country":"US","city":"Indianapolis","state":"Indiana","state_ab":"IN","county":"Marion","geo_location":{ "type": "Point", "coordinates": [-86.1328, 39.7795] }},
{"zip_code":"46563","country":"US","city":"Plymouth","state":"Indiana","state_ab":"IN","county":"Marshall","geo_location":{ "type": "Point", "coordinates": [-86.3015, 41.353] }},
{"zip_code":"47553","country":"US","city":"Loogootee","state":"Indiana","state_ab":"IN","county":"Martin","geo_location":{ "type": "Point", "coordinates": [-86.9137, 38.6629] }},
{"zip_code":"47463","country":"US","city":"Stanford","state":"Indiana","state_ab":"IN","county":"Monroe","geo_location":{ "type": "Point", "coordinates": [-86.6689, 39.0859] }},
{"zip_code":"47490","country":"US","city":"Bloomington","state":"Indiana","state_ab":"IN","county":"Monroe","geo_location":{ "type": "Point", "coordinates": [-86.5015, 39.1732] }},
{"zip_code":"47939","country":"US","city":"Crawfordsville","state":"Indiana","state_ab":"IN","county":"Montgomery","geo_location":{ "type": "Point", "coordinates": [-86.8936, 40.04] }},
{"zip_code":"47940","country":"US","city":"Darlington","state":"Indiana","state_ab":"IN","county":"Montgomery","geo_location":{ "type": "Point", "coordinates": [-86.7645, 40.1118] }},
{"zip_code":"46796","country":"US","city":"Wolflake","state":"Indiana","state_ab":"IN","county":"Noble","geo_location":{ "type": "Point", "coordinates": [-85.5002, 41.3361] }},
{"zip_code":"47836","country":"US","city":"Bridgeton","state":"Indiana","state_ab":"IN","county":"Parke","geo_location":{ "type": "Point", "coordinates": [-87.2218, 39.7791] }},
{"zip_code":"46383","country":"US","city":"Valparaiso","state":"Indiana","state_ab":"IN","county":"Porter","geo_location":{ "type": "Point", "coordinates": [-87.0656, 41.4547] }},
{"zip_code":"47616","country":"US","city":"Griffin","state":"Indiana","state_ab":"IN","county":"Posey","geo_location":{ "type": "Point", "coordinates": [-87.9166, 38.2069] }},
{"zip_code":"47023","country":"US","city":"Holton","state":"Indiana","state_ab":"IN","county":"Ripley","geo_location":{ "type": "Point", "coordinates": [-85.3739, 39.0498] }},
{"zip_code":"46150","country":"US","city":"Manilla","state":"Indiana","state_ab":"IN","county":"Rush","geo_location":{ "type": "Point", "coordinates": [-85.6354, 39.5757] }},
{"zip_code":"46536","country":"US","city":"Lakeville","state":"Indiana","state_ab":"IN","county":"St. Joseph","geo_location":{ "type": "Point", "coordinates": [-86.2714, 41.5253] }},
{"zip_code":"46613","country":"US","city":"South Bend","state":"Indiana","state_ab":"IN","county":"St. Joseph","geo_location":{ "type": "Point", "coordinates": [-86.2479, 41.6546] }},
{"zip_code":"46626","country":"US","city":"South Bend","state":"Indiana","state_ab":"IN","county":"St. Joseph","geo_location":{ "type": "Point", "coordinates": [-86.2525, 41.6774] }},
{"zip_code":"46680","country":"US","city":"South Bend","state":"Indiana","state_ab":"IN","county":"St. Joseph","geo_location":{ "type": "Point", "coordinates": [-86.293, 41.5968] }},
{"zip_code":"46110","country":"US","city":"Boggstown","state":"Indiana","state_ab":"IN","county":"Shelby","geo_location":{ "type": "Point", "coordinates": [-85.9141, 39.5666] }},
{"zip_code":"46176","country":"US","city":"Shelbyville","state":"Indiana","state_ab":"IN","county":"Shelby","geo_location":{ "type": "Point", "coordinates": [-85.7875, 39.5043] }},
{"zip_code":"47579","country":"US","city":"Santa Claus","state":"Indiana","state_ab":"IN","county":"Spencer","geo_location":{ "type": "Point", "coordinates": [-86.9286, 38.1176] }},
{"zip_code":"46703","country":"US","city":"Angola","state":"Indiana","state_ab":"IN","county":"Steuben","geo_location":{ "type": "Point", "coordinates": [-85.0198, 41.6563] }},
{"zip_code":"47849","country":"US","city":"Fairbanks","state":"Indiana","state_ab":"IN","county":"Sullivan","geo_location":{ "type": "Point", "coordinates": [-87.547, 39.1901] }},
{"zip_code":"47850","country":"US","city":"Farmersburg","state":"Indiana","state_ab":"IN","county":"Sullivan","geo_location":{ "type": "Point", "coordinates": [-87.5024, 39.2685] }},
{"zip_code":"47706","country":"US","city":"Evansville","state":"Indiana","state_ab":"IN","county":"Vanderburgh","geo_location":{ "type": "Point", "coordinates": [-87.575, 37.9971] }},
{"zip_code":"47719","country":"US","city":"Evansville","state":"Indiana","state_ab":"IN","county":"Vanderburgh","geo_location":{ "type": "Point", "coordinates": [-87.575, 37.9971] }},
{"zip_code":"47720","country":"US","city":"Evansville","state":"Indiana","state_ab":"IN","county":"Vanderburgh","geo_location":{ "type": "Point", "coordinates": [-87.638, 38.0599] }},
{"zip_code":"47733","country":"US","city":"Evansville","state":"Indiana","state_ab":"IN","county":"Vanderburgh","geo_location":{ "type": "Point", "coordinates": [-87.575, 37.9971] }},
{"zip_code":"47966","country":"US","city":"Newport","state":"Indiana","state_ab":"IN","county":"Vermillion","geo_location":{ "type": "Point", "coordinates": [-87.4069, 39.8736] }},
{"zip_code":"47809","country":"US","city":"Terre Haute","state":"Indiana","state_ab":"IN","county":"Vigo","geo_location":{ "type": "Point", "coordinates": [-87.4111, 39.471] }},
{"zip_code":"47863","country":"US","city":"New Goshen","state":"Indiana","state_ab":"IN","county":"Vigo","geo_location":{ "type": "Point", "coordinates": [-87.4616, 39.5803] }},
{"zip_code":"47876","country":"US","city":"Saint Mary Of The Woods","state":"Indiana","state_ab":"IN","county":"Vigo","geo_location":{ "type": "Point", "coordinates": [-87.4101, 39.4336] }},
{"zip_code":"46990","country":"US","city":"Urbana","state":"Indiana","state_ab":"IN","county":"Wabash","geo_location":{ "type": "Point", "coordinates": [-85.7485, 40.8987] }},
{"zip_code":"47993","country":"US","city":"Williamsport","state":"Indiana","state_ab":"IN","county":"Warren","geo_location":{ "type": "Point", "coordinates": [-87.4039, 40.3142] }},
{"zip_code":"47629","country":"US","city":"Newburgh","state":"Indiana","state_ab":"IN","county":"Warrick","geo_location":{ "type": "Point", "coordinates": [-87.2452, 38.0624] }},
{"zip_code":"47630","country":"US","city":"Newburgh","state":"Indiana","state_ab":"IN","county":"Warrick","geo_location":{ "type": "Point", "coordinates": [-87.3938, 37.9637] }},
{"zip_code":"47139","country":"US","city":"Little York","state":"Indiana","state_ab":"IN","county":"Washington","geo_location":{ "type": "Point", "coordinates": [-86.0788, 38.6007] }},
{"zip_code":"47346","country":"US","city":"Hagerstown","state":"Indiana","state_ab":"IN","county":"Wayne","geo_location":{ "type": "Point", "coordinates": [-85.1601, 39.9228] }},
{"zip_code":"47926","country":"US","city":"Burnettsville","state":"Indiana","state_ab":"IN","county":"White","geo_location":{ "type": "Point", "coordinates": [-86.5747, 40.7078] }},
{"zip_code":"47980","country":"US","city":"Reynolds","state":"Indiana","state_ab":"IN","county":"White","geo_location":{ "type": "Point", "coordinates": [-86.8691, 40.7606] }},
{"zip_code":"66749","country":"US","city":"Iola","state":"Kansas","state_ab":"KS","county":"Allen","geo_location":{ "type": "Point", "coordinates": [-95.3911, 37.8858] }},
{"zip_code":"66039","country":"US","city":"Kincaid","state":"Kansas","state_ab":"KS","county":"Anderson","geo_location":{ "type": "Point", "coordinates": [-95.1886, 38.1104] }},
{"zip_code":"66093","country":"US","city":"Westphalia","state":"Kansas","state_ab":"KS","county":"Anderson","geo_location":{ "type": "Point", "coordinates": [-95.4665, 38.1718] }},
{"zip_code":"67070","country":"US","city":"Kiowa","state":"Kansas","state_ab":"KS","county":"Barber","geo_location":{ "type": "Point", "coordinates": [-98.4859, 37.0172] }},
{"zip_code":"66439","country":"US","city":"Horton","state":"Kansas","state_ab":"KS","county":"Brown","geo_location":{ "type": "Point", "coordinates": [-95.5299, 39.6789] }},
{"zip_code":"67133","country":"US","city":"Rose Hill","state":"Kansas","state_ab":"KS","county":"Butler","geo_location":{ "type": "Point", "coordinates": [-97.1173, 37.5784] }},
{"zip_code":"66839","country":"US","city":"Burlington","state":"Kansas","state_ab":"KS","county":"Coffey","geo_location":{ "type": "Point", "coordinates": [-95.7336, 38.2363] }},
{"zip_code":"67029","country":"US","city":"Coldwater","state":"Kansas","state_ab":"KS","county":"Comanche","geo_location":{ "type": "Point", "coordinates": [-99.3115, 37.2479] }},
{"zip_code":"67146","country":"US","city":"Udall","state":"Kansas","state_ab":"KS","county":"Cowley","geo_location":{ "type": "Point", "coordinates": [-97.1108, 37.3939] }},
{"zip_code":"66763","country":"US","city":"Frontenac","state":"Kansas","state_ab":"KS","county":"Crawford","geo_location":{ "type": "Point", "coordinates": [-94.6916, 37.4466] }},
{"zip_code":"67469","country":"US","city":"Navarre","state":"Kansas","state_ab":"KS","county":"Dickinson County","geo_location":{ "type": "Point", "coordinates": [-97.1056, 38.8177] }},
{"zip_code":"67519","country":"US","city":"Belpre","state":"Kansas","state_ab":"KS","county":"Edwards","geo_location":{ "type": "Point", "coordinates": [-99.0936, 37.9347] }},
{"zip_code":"67353","country":"US","city":"Moline","state":"Kansas","state_ab":"KS","county":"Elk","geo_location":{ "type": "Point", "coordinates": [-96.3069, 37.3649] }},
{"zip_code":"67676","country":"US","city":"Zurich","state":"Kansas","state_ab":"KS","county":"Ellis County","geo_location":{ "type": "Point", "coordinates": [-99.4554, 39.2215] }},
{"zip_code":"67856","country":"US","city":"Kalvesta","state":"Kansas","state_ab":"KS","county":"Finney County","geo_location":{ "type": "Point", "coordinates": [-100.4127, 38.1122] }},
{"zip_code":"67843","country":"US","city":"Fort Dodge","state":"Kansas","state_ab":"KS","county":"Ford County","geo_location":{ "type": "Point", "coordinates": [-99.937, 37.7303] }},
{"zip_code":"66079","country":"US","city":"Rantoul","state":"Kansas","state_ab":"KS","county":"Franklin","geo_location":{ "type": "Point", "coordinates": [-95.1234, 38.5666] }},
{"zip_code":"66080","country":"US","city":"Richmond","state":"Kansas","state_ab":"KS","county":"Franklin","geo_location":{ "type": "Point", "coordinates": [-95.2489, 38.4074] }},
{"zip_code":"67650","country":"US","city":"Morland","state":"Kansas","state_ab":"KS","county":"Graham","geo_location":{ "type": "Point", "coordinates": [-100.0733, 39.3229] }},
{"zip_code":"66853","country":"US","city":"Hamilton","state":"Kansas","state_ab":"KS","county":"Greenwood","geo_location":{ "type": "Point", "coordinates": [-96.1691, 37.9791] }},
{"zip_code":"67003","country":"US","city":"Anthony","state":"Kansas","state_ab":"KS","county":"Harper","geo_location":{ "type": "Point", "coordinates": [-98.0285, 37.1512] }},
{"zip_code":"67056","country":"US","city":"Halstead","state":"Kansas","state_ab":"KS","county":"Harvey","geo_location":{ "type": "Point", "coordinates": [-97.5118, 38.0064] }},
{"zip_code":"67870","country":"US","city":"Satanta","state":"Kansas","state_ab":"KS","county":"Haskell","geo_location":{ "type": "Point", "coordinates": [-100.9691, 37.4409] }},
{"zip_code":"66440","country":"US","city":"Hoyt","state":"Kansas","state_ab":"KS","county":"Jackson","geo_location":{ "type": "Point", "coordinates": [-95.6867, 39.2552] }},
{"zip_code":"66516","country":"US","city":"Netawaka","state":"Kansas","state_ab":"KS","county":"Jackson","geo_location":{ "type": "Point", "coordinates": [-95.727, 39.6063] }},
{"zip_code":"66066","country":"US","city":"Oskaloosa","state":"Kansas","state_ab":"KS","county":"Jefferson","geo_location":{ "type": "Point", "coordinates": [-95.3135, 39.2152] }},
{"zip_code":"66956","country":"US","city":"Mankato","state":"Kansas","state_ab":"KS","county":"Jewell","geo_location":{ "type": "Point", "coordinates": [-98.2152, 39.7833] }},
{"zip_code":"66970","country":"US","city":"Webber","state":"Kansas","state_ab":"KS","county":"Jewell","geo_location":{ "type": "Point", "coordinates": [-97.9978, 39.9245] }},
{"zip_code":"66206","country":"US","city":"Shawnee Mission","state":"Kansas","state_ab":"KS","county":"Johnson","geo_location":{ "type": "Point", "coordinates": [-94.6193, 38.958] }},
{"zip_code":"66219","country":"US","city":"Shawnee Mission","state":"Kansas","state_ab":"KS","county":"Johnson","geo_location":{ "type": "Point", "coordinates": [-94.7799, 38.9553] }},
{"zip_code":"66220","country":"US","city":"Shawnee Mission","state":"Kansas","state_ab":"KS","county":"Johnson","geo_location":{ "type": "Point", "coordinates": [-94.8222, 38.9613] }},
{"zip_code":"85546","country":"US","city":"Safford","state":"Arizona","state_ab":"AZ","county":"Graham","geo_location":{ "type": "Point", "coordinates": [-109.6266, 32.8295] }},
{"zip_code":"85533","country":"US","city":"Clifton","state":"Arizona","state_ab":"AZ","county":"Greenlee","geo_location":{ "type": "Point", "coordinates": [-109.2462, 33.1323] }},
{"zip_code":"85003","country":"US","city":"Phoenix","state":"Arizona","state_ab":"AZ","county":"Maricopa","geo_location":{ "type": "Point", "coordinates": [-112.0774, 33.4511] }},
{"zip_code":"85016","country":"US","city":"Phoenix","state":"Arizona","state_ab":"AZ","county":"Maricopa","geo_location":{ "type": "Point", "coordinates": [-112.0305, 33.5021] }},
{"zip_code":"85029","country":"US","city":"Phoenix","state":"Arizona","state_ab":"AZ","county":"Maricopa","geo_location":{ "type": "Point", "coordinates": [-112.1199, 33.5961] }},
{"zip_code":"85030","country":"US","city":"Phoenix","state":"Arizona","state_ab":"AZ","county":"Maricopa","geo_location":{ "type": "Point", "coordinates": [-112.1872, 33.2765] }},
{"zip_code":"85043","country":"US","city":"Phoenix","state":"Arizona","state_ab":"AZ","county":"Maricopa","geo_location":{ "type": "Point", "coordinates": [-112.1972, 33.4491] }},
{"zip_code":"85069","country":"US","city":"Phoenix","state":"Arizona","state_ab":"AZ","county":"Maricopa","geo_location":{ "type": "Point", "coordinates": [-112.1872, 33.2765] }},
{"zip_code":"85070","country":"US","city":"Phoenix","state":"Arizona","state_ab":"AZ","county":"Maricopa","geo_location":{ "type": "Point", "coordinates": [-112.1872, 33.2765] }},
{"zip_code":"85083","country":"US","city":"Phoenix","state":"Arizona","state_ab":"AZ","county":"Maricopa County","geo_location":{ "type": "Point", "coordinates": [-112.1294, 33.7352] }},
{"zip_code":"85209","country":"US","city":"Mesa","state":"Arizona","state_ab":"AZ","county":"Maricopa County","geo_location":{ "type": "Point", "coordinates": [-111.6406, 33.3782] }},
{"zip_code":"85210","country":"US","city":"Mesa","state":"Arizona","state_ab":"AZ","county":"Maricopa","geo_location":{ "type": "Point", "coordinates": [-111.8428, 33.3887] }},
{"zip_code":"85236","country":"US","city":"Higley","state":"Arizona","state_ab":"AZ","county":"Maricopa","geo_location":{ "type": "Point", "coordinates": [-111.6969, 33.3024] }},
{"zip_code":"85249","country":"US","city":"Chandler","state":"Arizona","state_ab":"AZ","county":"Maricopa","geo_location":{ "type": "Point", "coordinates": [-111.7745, 33.2414] }},
{"zip_code":"85250","country":"US","city":"Scottsdale","state":"Arizona","state_ab":"AZ","county":"Maricopa","geo_location":{ "type": "Point", "coordinates": [-111.9049, 33.5218] }},
{"zip_code":"85263","country":"US","city":"Rio Verde","state":"Arizona","state_ab":"AZ","county":"Maricopa","geo_location":{ "type": "Point", "coordinates": [-111.983, 33.682] }},
{"zip_code":"85289","country":"US","city":"Tempe","state":"Arizona","state_ab":"AZ","county":"Maricopa","geo_location":{ "type": "Point", "coordinates": [-112.1872, 33.2765] }},
{"zip_code":"85290","country":"US","city":"Tortilla Flat","state":"Arizona","state_ab":"AZ","county":"Maricopa","geo_location":{ "type": "Point", "coordinates": [-112.1872, 33.2765] }},
{"zip_code":"85313","country":"US","city":"Glendale","state":"Arizona","state_ab":"AZ","county":"Maricopa","geo_location":{ "type": "Point", "coordinates": [-112.1872, 33.2765] }},
{"zip_code":"85326","country":"US","city":"Buckeye","state":"Arizona","state_ab":"AZ","county":"Maricopa","geo_location":{ "type": "Point", "coordinates": [-112.6077, 33.389] }},
{"zip_code":"85339","country":"US","city":"Laveen","state":"Arizona","state_ab":"AZ","county":"Maricopa","geo_location":{ "type": "Point", "coordinates": [-112.1716, 33.3436] }},
{"zip_code":"85340","country":"US","city":"Litchfield Park","state":"Arizona","state_ab":"AZ","county":"Maricopa","geo_location":{ "type": "Point", "coordinates": [-112.4135, 33.5098] }},
{"zip_code":"85353","country":"US","city":"Tolleson","state":"Arizona","state_ab":"AZ","county":"Maricopa","geo_location":{ "type": "Point", "coordinates": [-112.2774, 33.4347] }},
{"zip_code":"85379","country":"US","city":"Surprise","state":"Arizona","state_ab":"AZ","county":"Maricopa","geo_location":{ "type": "Point", "coordinates": [-112.3736, 33.6021] }},
{"zip_code":"85380","country":"US","city":"Peoria","state":"Arizona","state_ab":"AZ","county":"Maricopa","geo_location":{ "type": "Point", "coordinates": [-112.1872, 33.2765] }},
{"zip_code":"86406","country":"US","city":"Lake Havasu City","state":"Arizona","state_ab":"AZ","county":"Mohave","geo_location":{ "type": "Point", "coordinates": [-114.125, 34.4228] }},
{"zip_code":"86433","country":"US","city":"Oatman","state":"Arizona","state_ab":"AZ","county":"Mohave","geo_location":{ "type": "Point", "coordinates": [-114.3837, 35.0285] }},
{"zip_code":"86446","country":"US","city":"Mohave Valley","state":"Arizona","state_ab":"AZ","county":"Mohave","geo_location":{ "type": "Point", "coordinates": [-114.5917, 34.8499] }},
{"zip_code":"85933","country":"US","city":"Overgaard","state":"Arizona","state_ab":"AZ","county":"Navajo","geo_location":{ "type": "Point", "coordinates": [-110.56, 34.4086] }},
{"zip_code":"86033","country":"US","city":"Kayenta","state":"Arizona","state_ab":"AZ","county":"Navajo","geo_location":{ "type": "Point", "coordinates": [-110.2652, 36.6883] }},
{"zip_code":"86510","country":"US","city":"Pinon","state":"Arizona","state_ab":"AZ","county":"Navajo","geo_location":{ "type": "Point", "coordinates": [-110.2211, 36.1002] }},
{"zip_code":"85713","country":"US","city":"Tucson","state":"Arizona","state_ab":"AZ","county":"Pima","geo_location":{ "type": "Point", "coordinates": [-110.9739, 32.1941] }},
{"zip_code":"85726","country":"US","city":"Tucson","state":"Arizona","state_ab":"AZ","county":"Pima","geo_location":{ "type": "Point", "coordinates": [-110.9453, 32.2027] }},
{"zip_code":"85739","country":"US","city":"Tucson","state":"Arizona","state_ab":"AZ","county":"Pima","geo_location":{ "type": "Point", "coordinates": [-110.8922, 32.465] }},
{"zip_code":"85740","country":"US","city":"Tucson","state":"Arizona","state_ab":"AZ","county":"Pima","geo_location":{ "type": "Point", "coordinates": [-111.8907, 31.9701] }},
{"zip_code":"85119","country":"US","city":"Apache Junction","state":"Arizona","state_ab":"AZ","county":"Pinal","geo_location":{ "type": "Point", "coordinates": [-111.5028, 33.4001] }},
{"zip_code":"85120","country":"US","city":"Apache Junction","state":"Arizona","state_ab":"AZ","county":"Pinal","geo_location":{ "type": "Point", "coordinates": [-111.5768, 33.3931] }},
{"zip_code":"85173","country":"US","city":"Superior","state":"Arizona","state_ab":"AZ","county":"Pinal","geo_location":{ "type": "Point", "coordinates": [-111.0985, 33.2887] }},
{"zip_code":"85623","country":"US","city":"Oracle","state":"Arizona","state_ab":"AZ","county":"Pinal","geo_location":{ "type": "Point", "coordinates": [-110.7961, 32.6005] }},
{"zip_code":"86303","country":"US","city":"Prescott","state":"Arizona","state_ab":"AZ","county":"Yavapai","geo_location":{ "type": "Point", "coordinates": [-112.3783, 34.4958] }},
{"zip_code":"86329","country":"US","city":"Humboldt","state":"Arizona","state_ab":"AZ","county":"Yavapai","geo_location":{ "type": "Point", "coordinates": [-112.2523, 34.5189] }},
{"zip_code":"86330","country":"US","city":"Iron Springs","state":"Arizona","state_ab":"AZ","county":"Yavapai","geo_location":{ "type": "Point", "coordinates": [-112.3977, 34.7067] }},
{"zip_code":"86343","country":"US","city":"Crown King","state":"Arizona","state_ab":"AZ","county":"Yavapai","geo_location":{ "type": "Point", "coordinates": [-112.334, 34.2241] }},
{"zip_code":"85366","country":"US","city":"Yuma","state":"Arizona","state_ab":"AZ","county":"Yuma","geo_location":{ "type": "Point", "coordinates": [-114.6312, 32.61] }},
{"zip_code":"94546","country":"US","city":"Castro Valley","state":"California","state_ab":"CA","county":"Alameda","geo_location":{ "type": "Point", "coordinates": [-122.0782, 37.7015] }},
{"zip_code":"94560","country":"US","city":"Newark","state":"California","state_ab":"CA","county":"Alameda","geo_location":{ "type": "Point", "coordinates": [-122.032, 37.5368] }},
{"zip_code":"94586","country":"US","city":"Sunol","state":"California","state_ab":"CA","county":"Alameda","geo_location":{ "type": "Point", "coordinates": [-121.8986, 37.6094] }},
{"zip_code":"94609","country":"US","city":"Oakland","state":"California","state_ab":"CA","county":"Alameda","geo_location":{ "type": "Point", "coordinates": [-122.2637, 37.8361] }},
{"zip_code":"94610","country":"US","city":"Oakland","state":"California","state_ab":"CA","county":"Alameda","geo_location":{ "type": "Point", "coordinates": [-122.2443, 37.8126] }},
{"zip_code":"94623","country":"US","city":"Oakland","state":"California","state_ab":"CA","county":"Alameda","geo_location":{ "type": "Point", "coordinates": [-121.9215, 37.6802] }},
{"zip_code":"94649","country":"US","city":"Oakland","state":"California","state_ab":"CA","county":"Alameda","geo_location":{ "type": "Point", "coordinates": [-121.9215, 37.6802] }},
{"zip_code":"94650","country":"US","city":"Oakland","state":"California","state_ab":"CA","county":"Alameda County","geo_location":{ "type": "Point", "coordinates": [-122.2698, 37.8044] }},
{"zip_code":"95640","country":"US","city":"Ione","state":"California","state_ab":"CA","county":"Amador","geo_location":{ "type": "Point", "coordinates": [-120.9418, 38.3324] }},
{"zip_code":"95666","country":"US","city":"Pioneer","state":"California","state_ab":"CA","county":"Amador","geo_location":{ "type": "Point", "coordinates": [-120.423, 38.5067] }},
{"zip_code":"95976","country":"US","city":"Chico","state":"California","state_ab":"CA","county":"Butte","geo_location":{ "type": "Point", "coordinates": [-121.8331, 39.7346] }},
{"zip_code":"95226","country":"US","city":"Campo Seco","state":"California","state_ab":"CA","county":"Calaveras","geo_location":{ "type": "Point", "coordinates": [-120.8151, 38.2279] }},
{"zip_code":"95950","country":"US","city":"Grimes","state":"California","state_ab":"CA","county":"Colusa","geo_location":{ "type": "Point", "coordinates": [-121.8927, 39.0744] }},
{"zip_code":"94506","country":"US","city":"Danville","state":"California","state_ab":"CA","county":"Contra Costa","geo_location":{ "type": "Point", "coordinates": [-121.9167, 37.8321] }},
{"zip_code":"94519","country":"US","city":"Concord","state":"California","state_ab":"CA","county":"Contra Costa","geo_location":{ "type": "Point", "coordinates": [-122.0119, 37.9841] }},
{"zip_code":"94520","country":"US","city":"Concord","state":"California","state_ab":"CA","county":"Contra Costa","geo_location":{ "type": "Point", "coordinates": [-122.0362, 37.9823] }},
{"zip_code":"94803","country":"US","city":"El Sobrante","state":"California","state_ab":"CA","county":"Contra Costa","geo_location":{ "type": "Point", "coordinates": [-122.2901, 37.9693] }},
{"zip_code":"95613","country":"US","city":"Coloma","state":"California","state_ab":"CA","county":"El Dorado","geo_location":{ "type": "Point", "coordinates": [-120.8891, 38.8] }},
{"zip_code":"96153","country":"US","city":"South Lake Tahoe","state":"California","state_ab":"CA","county":"El Dorado County","geo_location":{ "type": "Point", "coordinates": [-119.9834, 38.9333] }},
{"zip_code":"93606","country":"US","city":"Biola","state":"California","state_ab":"CA","county":"Fresno","geo_location":{ "type": "Point", "coordinates": [-120.0185, 36.8032] }},
{"zip_code":"93646","country":"US","city":"Orange Cove","state":"California","state_ab":"CA","county":"Fresno","geo_location":{ "type": "Point", "coordinates": [-119.3204, 36.6255] }},
{"zip_code":"93660","country":"US","city":"San Joaquin","state":"California","state_ab":"CA","county":"Fresno","geo_location":{ "type": "Point", "coordinates": [-120.1889, 36.6059] }},
{"zip_code":"93709","country":"US","city":"Fresno","state":"California","state_ab":"CA","county":"Fresno","geo_location":{ "type": "Point", "coordinates": [-119.6397, 36.7464] }},
{"zip_code":"93710","country":"US","city":"Fresno","state":"California","state_ab":"CA","county":"Fresno","geo_location":{ "type": "Point", "coordinates": [-119.7621, 36.8236] }},
{"zip_code":"93723","country":"US","city":"Fresno","state":"California","state_ab":"CA","county":"Fresno County","geo_location":{ "type": "Point", "coordinates": [-119.9532, 36.7863] }},
{"zip_code":"93750","country":"US","city":"Fresno","state":"California","state_ab":"CA","county":"Fresno","geo_location":{ "type": "Point", "coordinates": [-119.6397, 36.7464] }},
{"zip_code":"93776","country":"US","city":"Fresno","state":"California","state_ab":"CA","county":"Fresno","geo_location":{ "type": "Point", "coordinates": [-119.6397, 36.7464] }},
{"zip_code":"93790","country":"US","city":"Fresno","state":"California","state_ab":"CA","county":"Fresno","geo_location":{ "type": "Point", "coordinates": [-119.6397, 36.7464] }},
{"zip_code":"95963","country":"US","city":"Orland","state":"California","state_ab":"CA","county":"Glenn","geo_location":{ "type": "Point", "coordinates": [-122.2534, 39.7314] }},
{"zip_code":"95536","country":"US","city":"Ferndale","state":"California","state_ab":"CA","county":"Humboldt","geo_location":{ "type": "Point", "coordinates": [-124.2514, 40.5259] }},
{"zip_code":"95549","country":"US","city":"Kneeland","state":"California","state_ab":"CA","county":"Humboldt","geo_location":{ "type": "Point", "coordinates": [-123.8826, 40.6405] }},
{"zip_code":"95550","country":"US","city":"Korbel","state":"California","state_ab":"CA","county":"Humboldt","geo_location":{ "type": "Point", "coordinates": [-123.8486, 40.7775] }},
{"zip_code":"95589","country":"US","city":"Whitethorn","state":"California","state_ab":"CA","county":"Humboldt","geo_location":{ "type": "Point", "coordinates": [-124.0139, 40.0231] }},
{"zip_code":"92243","country":"US","city":"El Centro","state":"California","state_ab":"CA","county":"Imperial","geo_location":{ "type": "Point", "coordinates": [-115.5665, 32.7893] }},
{"zip_code":"92283","country":"US","city":"Winterhaven","state":"California","state_ab":"CA","county":"Imperial","geo_location":{ "type": "Point", "coordinates": [-114.6854, 32.9818] }},
{"zip_code":"93530","country":"US","city":"Keeler","state":"California","state_ab":"CA","county":"Inyo","geo_location":{ "type": "Point", "coordinates": [-117.8741, 36.4886] }},
{"zip_code":"93206","country":"US","city":"Buttonwillow","state":"California","state_ab":"CA","county":"Kern","geo_location":{ "type": "Point", "coordinates": [-119.4659, 35.4033] }},
{"zip_code":"93220","country":"US","city":"Edison","state":"California","state_ab":"CA","county":"Kern","geo_location":{ "type": "Point", "coordinates": [-118.8101, 35.357] }},
{"zip_code":"93309","country":"US","city":"Bakersfield","state":"California","state_ab":"CA","county":"Kern","geo_location":{ "type": "Point", "coordinates": [-119.0627, 35.3384] }},
{"zip_code":"93389","country":"US","city":"Bakersfield","state":"California","state_ab":"CA","county":"Kern","geo_location":{ "type": "Point", "coordinates": [-118.9052, 35.2944] }},
{"zip_code":"93390","country":"US","city":"Bakersfield","state":"California","state_ab":"CA","county":"Kern","geo_location":{ "type": "Point", "coordinates": [-118.9052, 35.2944] }},
{"zip_code":"93516","country":"US","city":"Boron","state":"California","state_ab":"CA","county":"Kern","geo_location":{ "type": "Point", "coordinates": [-117.6629, 35.0037] }},
{"zip_code":"93556","country":"US","city":"Ridgecrest","state":"California","state_ab":"CA","county":"Kern","geo_location":{ "type": "Point", "coordinates": [-118.9052, 35.2944] }},
{"zip_code":"93570","country":"US","city":"Bear Valley Springs","state":"California","state_ab":"CA","county":"Kern County","geo_location":{ "type": "Point", "coordinates": [-118.5614, 35.2235] }},
{"zip_code":"93596","country":"US","city":"Boron","state":"California","state_ab":"CA","county":"Kern","geo_location":{ "type": "Point", "coordinates": [-118.9052, 35.2944] }},
{"zip_code":"93246","country":"US","city":"Lemoore","state":"California","state_ab":"CA","county":"Kings","geo_location":{ "type": "Point", "coordinates": [-119.8947, 36.1389] }},
{"zip_code":"96009","country":"US","city":"Bieber","state":"California","state_ab":"CA","county":"Lassen","geo_location":{ "type": "Point", "coordinates": [-121.1286, 41.1315] }},
{"zip_code":"96113","country":"US","city":"Herlong","state":"California","state_ab":"CA","county":"Lassen","geo_location":{ "type": "Point", "coordinates": [-120.1713, 40.1485] }},
{"zip_code":"90003","country":"US","city":"Los Angeles","state":"California","state_ab":"CA","county":"Los Angeles","geo_location":{ "type": "Point", "coordinates": [-118.2727, 33.9653] }},
{"zip_code":"90016","country":"US","city":"Los Angeles","state":"California","state_ab":"CA","county":"Los Angeles","geo_location":{ "type": "Point", "coordinates": [-118.3528, 34.0298] }},
{"zip_code":"90029","country":"US","city":"Los Angeles","state":"California","state_ab":"CA","county":"Los Angeles","geo_location":{ "type": "Point", "coordinates": [-118.2944, 34.09] }},
{"zip_code":"90030","country":"US","city":"Los Angeles","state":"California","state_ab":"CA","county":"Los Angeles","geo_location":{ "type": "Point", "coordinates": [-118.2987, 33.7866] }},
{"zip_code":"90043","country":"US","city":"Los Angeles","state":"California","state_ab":"CA","county":"Los Angeles","geo_location":{ "type": "Point", "coordinates": [-118.3321, 33.9871] }},
{"zip_code":"90056","country":"US","city":"Los Angeles","state":"California","state_ab":"CA","county":"Los Angeles","geo_location":{ "type": "Point", "coordinates": [-118.3707, 33.9853] }},
{"zip_code":"90069","country":"US","city":"West Hollywood","state":"California","state_ab":"CA","county":"Los Angeles","geo_location":{ "type": "Point", "coordinates": [-118.3788, 34.0906] }},
{"zip_code":"90070","country":"US","city":"Los Angeles","state":"California","state_ab":"CA","county":"Los Angeles","geo_location":{ "type": "Point", "coordinates": [-118.2987, 33.7866] }},
{"zip_code":"90083","country":"US","city":"Los Angeles","state":"California","state_ab":"CA","county":"Los Angeles","geo_location":{ "type": "Point", "coordinates": [-118.2987, 33.7866] }},
{"zip_code":"90096","country":"US","city":"Los Angeles","state":"California","state_ab":"CA","county":"Los Angeles","geo_location":{ "type": "Point", "coordinates": [-118.2987, 33.7866] }},
{"zip_code":"90209","country":"US","city":"Beverly Hills","state":"California","state_ab":"CA","county":"Los Angeles","geo_location":{ "type": "Point", "coordinates": [-118.2987, 33.7866] }},
{"zip_code":"90210","country":"US","city":"Beverly Hills","state":"California","state_ab":"CA","county":"Los Angeles","geo_location":{ "type": "Point", "coordinates": [-118.4065, 34.0901] }},
{"zip_code":"90223","country":"US","city":"Compton","state":"California","state_ab":"CA","county":"Los Angeles","geo_location":{ "type": "Point", "coordinates": [-118.2987, 33.7866] }},
{"zip_code":"90249","country":"US","city":"Gardena","state":"California","state_ab":"CA","county":"Los Angeles","geo_location":{ "type": "Point", "coordinates": [-118.3199, 33.8998] }},
{"zip_code":"90250","country":"US","city":"Hawthorne","state":"California","state_ab":"CA","county":"Los Angeles","geo_location":{ "type": "Point", "coordinates": [-118.3493, 33.9143] }},
{"zip_code":"90263","country":"US","city":"Malibu","state":"California","state_ab":"CA","county":"Los Angeles","geo_location":{ "type": "Point", "coordinates": [-118.2987, 33.7866] }},
{"zip_code":"90290","country":"US","city":"Topanga","state":"California","state_ab":"CA","county":"Los Angeles","geo_location":{ "type": "Point", "coordinates": [-118.6023, 34.1076] }},
{"zip_code":"90313","country":"US","city":"Inglewood","state":"California","state_ab":"CA","county":"Los Angeles","geo_location":{ "type": "Point", "coordinates": [-118.2987, 33.7866] }},
{"zip_code":"90403","country":"US","city":"Santa Monica","state":"California","state_ab":"CA","county":"Los Angeles","geo_location":{ "type": "Point", "coordinates": [-118.4924, 34.0287] }},
{"zip_code":"90506","country":"US","city":"Torrance","state":"California","state_ab":"CA","county":"Los Angeles","geo_location":{ "type": "Point", "coordinates": [-118.2987, 33.7866] }},
{"zip_code":"90609","country":"US","city":"Whittier","state":"California","state_ab":"CA","county":"Los Angeles","geo_location":{ "type": "Point", "coordinates": [-118.2987, 33.7866] }},
{"zip_code":"90610","country":"US","city":"Whittier","state":"California","state_ab":"CA","county":"Los Angeles","geo_location":{ "type": "Point", "coordinates": [-118.2987, 33.7866] }},
{"zip_code":"90650","country":"US","city":"Norwalk","state":"California","state_ab":"CA","county":"Los Angeles","geo_location":{ "type": "Point", "coordinates": [-118.0818, 33.9056] }},
{"zip_code":"90713","country":"US","city":"Lakewood","state":"California","state_ab":"CA","county":"Los Angeles","geo_location":{ "type": "Point", "coordinates": [-118.1115, 33.8473] }},
{"zip_code":"90803","country":"US","city":"Long Beach","state":"California","state_ab":"CA","county":"Los Angeles","geo_location":{ "type": "Point", "coordinates": [-118.1341, 33.7619] }},
{"zip_code":"91006","country":"US","city":"Arcadia","state":"California","state_ab":"CA","county":"Los Angeles","geo_location":{ "type": "Point", "coordinates": [-118.0264, 34.1324] }},
{"zip_code":"91020","country":"US","city":"Montrose","state":"California","state_ab":"CA","county":"Los Angeles","geo_location":{ "type": "Point", "coordinates": [-118.2305, 34.2114] }},
{"zip_code":"91046","country":"US","city":"Verdugo City","state":"California","state_ab":"CA","county":"Los Angeles","geo_location":{ "type": "Point", "coordinates": [-118.2987, 33.7866] }},
{"zip_code":"91109","country":"US","city":"Pasadena","state":"California","state_ab":"CA","county":"Los Angeles","geo_location":{ "type": "Point", "coordinates": [-118.2987, 33.7866] }},
{"zip_code":"91110","country":"US","city":"Pasadena","state":"California","state_ab":"CA","county":"Los Angeles","geo_location":{ "type": "Point", "coordinates": [-118.2987, 33.7866] }},
{"zip_code":"91123","country":"US","city":"Pasadena","state":"California","state_ab":"CA","county":"Los Angeles","geo_location":{ "type": "Point", "coordinates": [-118.2987, 33.7866] }},
{"zip_code":"91189","country":"US","city":"Pasadena","state":"California","state_ab":"CA","county":"Los Angeles","geo_location":{ "type": "Point", "coordinates": [-118.2987, 33.7866] }},
{"zip_code":"91226","country":"US","city":"Glendale","state":"California","state_ab":"CA","county":"Los Angeles","geo_location":{ "type": "Point", "coordinates": [-118.2987, 33.7866] }},
{"zip_code":"91303","country":"US","city":"Canoga Park","state":"California","state_ab":"CA","county":"Los Angeles","geo_location":{ "type": "Point", "coordinates": [-118.5983, 34.1993] }},
{"zip_code":"91316","country":"US","city":"Encino","state":"California","state_ab":"CA","county":"Los Angeles","geo_location":{ "type": "Point", "coordinates": [-118.5175, 34.1655] }},
{"zip_code":"91329","country":"US","city":"Northridge","state":"California","state_ab":"CA","county":"Los Angeles","geo_location":{ "type": "Point", "coordinates": [-118.2987, 33.7866] }},
{"zip_code":"91330","country":"US","city":"Northridge","state":"California","state_ab":"CA","county":"Los Angeles","geo_location":{ "type": "Point", "coordinates": [-118.2987, 33.7866] }},
{"zip_code":"91343","country":"US","city":"North Hills","state":"California","state_ab":"CA","county":"Los Angeles","geo_location":{ "type": "Point", "coordinates": [-118.4758, 34.2366] }},
{"zip_code":"91356","country":"US","city":"Tarzana","state":"California","state_ab":"CA","county":"Los Angeles","geo_location":{ "type": "Point", "coordinates": [-118.5414, 34.1671] }},
{"zip_code":"91370","country":"US","city":"Hidden Hills","state":"California","state_ab":"CA","county":"Los Angeles County","geo_location":{ "type": "Point", "coordinates": [-118.6077, 34.1696] }},
{"zip_code":"91383","country":"US","city":"Santa Clarita","state":"California","state_ab":"CA","county":"Los Angeles","geo_location":{ "type": "Point", "coordinates": [-118.2987, 33.7866] }},
{"zip_code":"91396","country":"US","city":"Winnetka","state":"California","state_ab":"CA","county":"Los Angeles","geo_location":{ "type": "Point", "coordinates": [-118.2987, 33.7866] }},
{"zip_code":"91406","country":"US","city":"Van Nuys","state":"California","state_ab":"CA","county":"Los Angeles","geo_location":{ "type": "Point", "coordinates": [-118.4868, 34.2006] }},
{"zip_code":"91499","country":"US","city":"Van Nuys","state":"California","state_ab":"CA","county":"Los Angeles","geo_location":{ "type": "Point", "coordinates": [-118.2987, 33.7866] }},
{"zip_code":"91510","country":"US","city":"Burbank","state":"California","state_ab":"CA","county":"Los Angeles","geo_location":{ "type": "Point", "coordinates": [-118.2987, 33.7866] }},
{"zip_code":"91523","country":"US","city":"Burbank","state":"California","state_ab":"CA","county":"Los Angeles","geo_location":{ "type": "Point", "coordinates": [-118.2987, 33.7866] }},
{"zip_code":"91716","country":"US","city":"City Of Industry","state":"California","state_ab":"CA","county":"Los Angeles","geo_location":{ "type": "Point", "coordinates": [-118.2987, 33.7866] }},
{"zip_code":"91756","country":"US","city":"Monterey Park","state":"California","state_ab":"CA","county":"Los Angeles","geo_location":{ "type": "Point", "coordinates": [-118.2987, 33.7866] }},
{"zip_code":"91769","country":"US","city":"Pomona","state":"California","state_ab":"CA","county":"Los Angeles","geo_location":{ "type": "Point", "coordinates": [-118.2987, 33.7866] }},
{"zip_code":"91770","country":"US","city":"Rosemead","state":"California","state_ab":"CA","county":"Los Angeles","geo_location":{ "type": "Point", "coordinates": [-118.0853, 34.0658] }},
{"zip_code":"91899","country":"US","city":"Alhambra","state":"California","state_ab":"CA","county":"Los Angeles","geo_location":{ "type": "Point", "coordinates": [-118.2987, 33.7866] }},
{"zip_code":"93543","country":"US","city":"Littlerock","state":"California","state_ab":"CA","county":"Los Angeles","geo_location":{ "type": "Point", "coordinates": [-117.9708, 34.4891] }},
{"zip_code":"94920","country":"US","city":"Belvedere Tiburon","state":"California","state_ab":"CA","county":"Marin","geo_location":{ "type": "Point", "coordinates": [-122.4637, 37.8843] }},
{"zip_code":"94933","country":"US","city":"Forest Knolls","state":"California","state_ab":"CA","county":"Marin","geo_location":{ "type": "Point", "coordinates": [-122.6907, 38.0122] }}]}