{"value": [{"zip_code":"24637","country":"US","city":"Pounding Mill","state":"Virginia","state_ab":"VA","county":"Tazewell","geo_location":{ "type": "Point", "coordinates": [-81.7301, 37.0596] }},
{"zip_code":"24651","country":"US","city":"Tazewell","state":"Virginia","state_ab":"VA","county":"Tazewell","geo_location":{ "type": "Point", "coordinates": [-81.51, 37.1078] }},
{"zip_code":"24211","country":"US","city":"Abingdon","state":"Virginia","state_ab":"VA","county":"Washington","geo_location":{ "type": "Point", "coordinates": [-81.9648, 36.6673] }},
{"zip_code":"24327","country":"US","city":"Emory","state":"Virginia","state_ab":"VA","county":"Washington","geo_location":{ "type": "Point", "coordinates": [-81.8171, 36.78] }},
{"zip_code":"22581","country":"US","city":"Zacata","state":"Virginia","state_ab":"VA","county":"Westmoreland","geo_location":{ "type": "Point", "coordinates": [-76.7903, 38.1218] }},
{"zip_code":"22334","country":"US","city":"Alexandria","state":"Virginia","state_ab":"VA","county":"Alexandria (city)","geo_location":{ "type": "Point", "coordinates": [-77.0901, 38.8158] }},
{"zip_code":"23324","country":"US","city":"Chesapeake","state":"Virginia","state_ab":"VA","county":"Chesapeake (city)","geo_location":{ "type": "Point", "coordinates": [-76.2666, 36.8056] }},
{"zip_code":"23661","country":"US","city":"Hampton","state":"Virginia","state_ab":"VA","county":"Hampton (city)","geo_location":{ "type": "Point", "coordinates": [-76.3801, 37.0074] }},
{"zip_code":"23607","country":"US","city":"Newport News","state":"Virginia","state_ab":"VA","county":"Newport News (city)","geo_location":{ "type": "Point", "coordinates": [-76.4165, 36.9864] }},
{"zip_code":"23504","country":"US","city":"Norfolk","state":"Virginia","state_ab":"VA","county":"Norfolk (city)","geo_location":{ "type": "Point", "coordinates": [-76.2686, 36.8586] }},
{"zip_code":"23517","country":"US","city":"Norfolk","state":"Virginia","state_ab":"VA","county":"Norfolk (city)","geo_location":{ "type": "Point", "coordinates": [-76.2945, 36.8695] }},
{"zip_code":"23207","country":"US","city":"Richmond","state":"Virginia","state_ab":"VA","county":"City of Richmond","geo_location":{ "type": "Point", "coordinates": [-77.4471, 37.5593] }},
{"zip_code":"23221","country":"US","city":"Richmond","state":"Virginia","state_ab":"VA","county":"Richmond (city)","geo_location":{ "type": "Point", "coordinates": [-77.4845, 37.5583] }},
{"zip_code":"23261","country":"US","city":"Richmond","state":"Virginia","state_ab":"VA","county":"Richmond (city)","geo_location":{ "type": "Point", "coordinates": [-77.4932, 37.5242] }},
{"zip_code":"23274","country":"US","city":"Richmond","state":"Virginia","state_ab":"VA","county":"Richmond (city)","geo_location":{ "type": "Point", "coordinates": [-77.4932, 37.5242] }},
{"zip_code":"24004","country":"US","city":"Roanoke","state":"Virginia","state_ab":"VA","county":"Roanoke (city)","geo_location":{ "type": "Point", "coordinates": [-79.9579, 37.2742] }},
{"zip_code":"24017","country":"US","city":"Roanoke","state":"Virginia","state_ab":"VA","county":"Roanoke (city)","geo_location":{ "type": "Point", "coordinates": [-79.9902, 37.2937] }},
{"zip_code":"24031","country":"US","city":"Roanoke","state":"Virginia","state_ab":"VA","county":"Roanoke (city)","geo_location":{ "type": "Point", "coordinates": [-79.9579, 37.2742] }},
{"zip_code":"24044","country":"US","city":"Roanoke","state":"Virginia","state_ab":"VA","county":"Roanoke (city)","geo_location":{ "type": "Point", "coordinates": [-79.9579, 37.2742] }},
{"zip_code":"23454","country":"US","city":"Virginia Beach","state":"Virginia","state_ab":"VA","county":"Virginia Beach (city)","geo_location":{ "type": "Point", "coordinates": [-76.0237, 36.8282] }},
{"zip_code":"23467","country":"US","city":"Virginia Beach","state":"Virginia","state_ab":"VA","county":"Virginia Beach (city)","geo_location":{ "type": "Point", "coordinates": [-76.0126, 36.7957] }},
{"zip_code":"22604","country":"US","city":"Winchester","state":"Virginia","state_ab":"VA","county":"Winchester (city)","geo_location":{ "type": "Point", "coordinates": [-78.1686, 39.1676] }},
{"zip_code":"5261","country":"US","city":"Pownal","state":"Vermont","state_ab":"VT","county":"Bennington","geo_location":{ "type": "Point", "coordinates": [-73.2162, 42.788] }},
{"zip_code":"5867","country":"US","city":"Sutton","state":"Vermont","state_ab":"VT","county":"Caledonia","geo_location":{ "type": "Point", "coordinates": [-72.0211, 44.6465] }},
{"zip_code":"5401","country":"US","city":"Burlington","state":"Vermont","state_ab":"VT","county":"Chittenden","geo_location":{ "type": "Point", "coordinates": [-73.2199, 44.484] }},
{"zip_code":"5494","country":"US","city":"Westford","state":"Vermont","state_ab":"VT","county":"Chittenden","geo_location":{ "type": "Point", "coordinates": [-73.006, 44.6182] }},
{"zip_code":"5904","country":"US","city":"Gilman","state":"Vermont","state_ab":"VT","county":"Essex","geo_location":{ "type": "Point", "coordinates": [-71.7179, 44.414] }},
{"zip_code":"5441","country":"US","city":"Bakersfield","state":"Vermont","state_ab":"VT","county":"Franklin","geo_location":{ "type": "Point", "coordinates": [-72.7697, 44.7914] }},
{"zip_code":"5454","country":"US","city":"Fairfax","state":"Vermont","state_ab":"VT","county":"Franklin","geo_location":{ "type": "Point", "coordinates": [-73.0241, 44.6924] }},
{"zip_code":"5481","country":"US","city":"Saint Albans Bay","state":"Vermont","state_ab":"VT","county":"Franklin","geo_location":{ "type": "Point", "coordinates": [-72.8958, 44.8249] }},
{"zip_code":"5661","country":"US","city":"Morrisville","state":"Vermont","state_ab":"VT","county":"Lamoille","geo_location":{ "type": "Point", "coordinates": [-72.6026, 44.5543] }},
{"zip_code":"5041","country":"US","city":"East Randolph","state":"Vermont","state_ab":"VT","county":"Orange","geo_location":{ "type": "Point", "coordinates": [-72.5487, 43.9553] }},
{"zip_code":"5054","country":"US","city":"North Thetford","state":"Vermont","state_ab":"VT","county":"Orange","geo_location":{ "type": "Point", "coordinates": [-72.4114, 43.996] }},
{"zip_code":"5081","country":"US","city":"Wells River","state":"Vermont","state_ab":"VT","county":"Orange","geo_location":{ "type": "Point", "coordinates": [-72.053, 44.1524] }},
{"zip_code":"5827","country":"US","city":"Craftsbury Common","state":"Vermont","state_ab":"VT","county":"Orleans","geo_location":{ "type": "Point", "coordinates": [-72.3594, 44.6788] }},
{"zip_code":"5841","country":"US","city":"Greensboro","state":"Vermont","state_ab":"VT","county":"Orleans","geo_location":{ "type": "Point", "coordinates": [-72.285, 44.5951] }},
{"zip_code":"5737","country":"US","city":"Chittenden","state":"Vermont","state_ab":"VT","county":"Rutland","geo_location":{ "type": "Point", "coordinates": [-72.9252, 43.7132] }},
{"zip_code":"5751","country":"US","city":"Killington","state":"Vermont","state_ab":"VT","county":"Rutland","geo_location":{ "type": "Point", "coordinates": [-72.7963, 43.6634] }},
{"zip_code":"5764","country":"US","city":"Poultney","state":"Vermont","state_ab":"VT","county":"Rutland","geo_location":{ "type": "Point", "coordinates": [-73.2253, 43.5332] }},
{"zip_code":"5777","country":"US","city":"West Rutland","state":"Vermont","state_ab":"VT","county":"Rutland","geo_location":{ "type": "Point", "coordinates": [-73.0424, 43.5781] }},
{"zip_code":"5647","country":"US","city":"Cabot","state":"Vermont","state_ab":"VT","county":"Washington","geo_location":{ "type": "Point", "coordinates": [-72.3064, 44.4042] }},
{"zip_code":"5674","country":"US","city":"Warren","state":"Vermont","state_ab":"VT","county":"Washington","geo_location":{ "type": "Point", "coordinates": [-72.8609, 44.111] }},
{"zip_code":"5351","country":"US","city":"South Newfane","state":"Vermont","state_ab":"VT","county":"Windham","geo_location":{ "type": "Point", "coordinates": [-72.7292, 42.9391] }},
{"zip_code":"5001","country":"US","city":"White River Junction","state":"Vermont","state_ab":"VT","county":"Windsor","geo_location":{ "type": "Point", "coordinates": [-72.3813, 43.6722] }},
{"zip_code":"5067","country":"US","city":"South Pomfret","state":"Vermont","state_ab":"VT","county":"Windsor","geo_location":{ "type": "Point", "coordinates": [-72.5349, 43.6797] }},
{"zip_code":"5144","country":"US","city":"Chester Depot","state":"Vermont","state_ab":"VT","county":"Windsor","geo_location":{ "type": "Point", "coordinates": [-72.5884, 43.592] }},
{"zip_code":"99327","country":"US","city":"Cunningham","state":"Washington","state_ab":"WA","county":"Adams","geo_location":{ "type": "Point", "coordinates": [-118.8292, 46.8289] }},
{"zip_code":"99341","country":"US","city":"Lind","state":"Washington","state_ab":"WA","county":"Adams","geo_location":{ "type": "Point", "coordinates": [-118.7061, 46.956] }},
{"zip_code":"99354","country":"US","city":"Richland","state":"Washington","state_ab":"WA","county":"Benton County","geo_location":{ "type": "Point", "coordinates": [-119.3067, 46.3257] }},
{"zip_code":"98801","country":"US","city":"Wenatchee","state":"Washington","state_ab":"WA","county":"Chelan","geo_location":{ "type": "Point", "coordinates": [-120.3273, 47.4253] }},
{"zip_code":"98324","country":"US","city":"Carlsborg","state":"Washington","state_ab":"WA","county":"Clallam","geo_location":{ "type": "Point", "coordinates": [-123.873, 48.1831] }},
{"zip_code":"98607","country":"US","city":"Camas","state":"Washington","state_ab":"WA","county":"Clark","geo_location":{ "type": "Point", "coordinates": [-122.4142, 45.6058] }},
{"zip_code":"98661","country":"US","city":"Vancouver","state":"Washington","state_ab":"WA","county":"Clark","geo_location":{ "type": "Point", "coordinates": [-122.6251, 45.6418] }},
{"zip_code":"98687","country":"US","city":"Vancouver","state":"Washington","state_ab":"WA","county":"Clark","geo_location":{ "type": "Point", "coordinates": [-122.5203, 45.8016] }},
{"zip_code":"98674","country":"US","city":"Woodland","state":"Washington","state_ab":"WA","county":"Cowlitz","geo_location":{ "type": "Point", "coordinates": [-122.7126, 45.9219] }},
{"zip_code":"99107","country":"US","city":"Boyds","state":"Washington","state_ab":"WA","county":"Ferry","geo_location":{ "type": "Point", "coordinates": [-118.1828, 48.8427] }},
{"zip_code":"99121","country":"US","city":"Danville","state":"Washington","state_ab":"WA","county":"Ferry","geo_location":{ "type": "Point", "coordinates": [-118.4884, 48.9725] }},
{"zip_code":"99301","country":"US","city":"Pasco","state":"Washington","state_ab":"WA","county":"Franklin","geo_location":{ "type": "Point", "coordinates": [-119.1044, 46.2492] }},
{"zip_code":"98557","country":"US","city":"Mccleary","state":"Washington","state_ab":"WA","county":"Grays Harbor","geo_location":{ "type": "Point", "coordinates": [-123.273, 47.0297] }},
{"zip_code":"98571","country":"US","city":"Pacific Beach","state":"Washington","state_ab":"WA","county":"Grays Harbor","geo_location":{ "type": "Point", "coordinates": [-124.1915, 47.2195] }},
{"zip_code":"98001","country":"US","city":"Auburn","state":"Washington","state_ab":"WA","county":"King","geo_location":{ "type": "Point", "coordinates": [-122.2653, 47.3099] }},
{"zip_code":"98014","country":"US","city":"Carnation","state":"Washington","state_ab":"WA","county":"King","geo_location":{ "type": "Point", "coordinates": [-121.9111, 47.638] }},
{"zip_code":"98027","country":"US","city":"Issaquah","state":"Washington","state_ab":"WA","county":"King","geo_location":{ "type": "Point", "coordinates": [-122.0107, 47.4974] }},
{"zip_code":"98041","country":"US","city":"Bothell","state":"Washington","state_ab":"WA","county":"King","geo_location":{ "type": "Point", "coordinates": [-121.8034, 47.4323] }},
{"zip_code":"98054","country":"US","city":"Redondo","state":"Washington","state_ab":"WA","county":"King","geo_location":{ "type": "Point", "coordinates": [-121.8034, 47.4323] }},
{"zip_code":"98104","country":"US","city":"Seattle","state":"Washington","state_ab":"WA","county":"King","geo_location":{ "type": "Point", "coordinates": [-122.3256, 47.6036] }},
{"zip_code":"98117","country":"US","city":"Seattle","state":"Washington","state_ab":"WA","county":"King","geo_location":{ "type": "Point", "coordinates": [-122.3772, 47.6873] }},
{"zip_code":"98131","country":"US","city":"Seattle","state":"Washington","state_ab":"WA","county":"King","geo_location":{ "type": "Point", "coordinates": [-121.8034, 47.4323] }},
{"zip_code":"98144","country":"US","city":"Seattle","state":"Washington","state_ab":"WA","county":"King","geo_location":{ "type": "Point", "coordinates": [-122.3005, 47.5846] }},
{"zip_code":"98171","country":"US","city":"Seattle","state":"Washington","state_ab":"WA","county":"King","geo_location":{ "type": "Point", "coordinates": [-121.8034, 47.4323] }},
{"zip_code":"98184","country":"US","city":"Seattle","state":"Washington","state_ab":"WA","county":"King","geo_location":{ "type": "Point", "coordinates": [-121.8034, 47.4323] }},
{"zip_code":"98311","country":"US","city":"Bremerton","state":"Washington","state_ab":"WA","county":"Kitsap","geo_location":{ "type": "Point", "coordinates": [-122.6373, 47.6271] }},
{"zip_code":"98337","country":"US","city":"Bremerton","state":"Washington","state_ab":"WA","county":"Kitsap","geo_location":{ "type": "Point", "coordinates": [-122.6373, 47.5686] }},
{"zip_code":"98364","country":"US","city":"Port Gamble","state":"Washington","state_ab":"WA","county":"Kitsap","geo_location":{ "type": "Point", "coordinates": [-122.5928, 47.8344] }},
{"zip_code":"98377","country":"US","city":"Randle","state":"Washington","state_ab":"WA","county":"Lewis","geo_location":{ "type": "Point", "coordinates": [-121.8555, 46.5492] }},
{"zip_code":"98531","country":"US","city":"Centralia","state":"Washington","state_ab":"WA","county":"Lewis","geo_location":{ "type": "Point", "coordinates": [-122.9671, 46.7246] }},
{"zip_code":"98544","country":"US","city":"Galvin","state":"Washington","state_ab":"WA","county":"Lewis","geo_location":{ "type": "Point", "coordinates": [-123.0254, 46.7349] }},
{"zip_code":"99134","country":"US","city":"Harrington","state":"Washington","state_ab":"WA","county":"Lincoln","geo_location":{ "type": "Point", "coordinates": [-118.2778, 47.4555] }},
{"zip_code":"99147","country":"US","city":"Lincoln","state":"Washington","state_ab":"WA","county":"Lincoln","geo_location":{ "type": "Point", "coordinates": [-118.4426, 47.8396] }},
{"zip_code":"98584","country":"US","city":"Shelton","state":"Washington","state_ab":"WA","county":"Mason","geo_location":{ "type": "Point", "coordinates": [-123.1597, 47.2633] }},
{"zip_code":"98814","country":"US","city":"Carlton","state":"Washington","state_ab":"WA","county":"Okanogan","geo_location":{ "type": "Point", "coordinates": [-120.1055, 48.2526] }},
{"zip_code":"98827","country":"US","city":"Loomis","state":"Washington","state_ab":"WA","county":"Okanogan","geo_location":{ "type": "Point", "coordinates": [-119.6427, 48.8696] }},
{"zip_code":"98841","country":"US","city":"Omak","state":"Washington","state_ab":"WA","county":"Okanogan","geo_location":{ "type": "Point", "coordinates": [-119.5272, 48.4143] }},
{"zip_code":"98351","country":"US","city":"Longbranch","state":"Washington","state_ab":"WA","county":"Pierce","geo_location":{ "type": "Point", "coordinates": [-122.7561, 47.2007] }},
{"zip_code":"98391","country":"US","city":"Bonney Lake","state":"Washington","state_ab":"WA","county":"Pierce County","geo_location":{ "type": "Point", "coordinates": [-122.1644, 47.143] }},
{"zip_code":"98401","country":"US","city":"Tacoma","state":"Washington","state_ab":"WA","county":"Pierce","geo_location":{ "type": "Point", "coordinates": [-122.4443, 47.2537] }},
{"zip_code":"98467","country":"US","city":"University Place","state":"Washington","state_ab":"WA","county":"Pierce","geo_location":{ "type": "Point", "coordinates": [-122.5688, 47.2033] }},
{"zip_code":"98481","country":"US","city":"Tacoma","state":"Washington","state_ab":"WA","county":"Pierce","geo_location":{ "type": "Point", "coordinates": [-122.1132, 47.0662] }},
{"zip_code":"98494","country":"US","city":"Tacoma","state":"Washington","state_ab":"WA","county":"Pierce","geo_location":{ "type": "Point", "coordinates": [-122.1132, 47.0662] }},
{"zip_code":"98261","country":"US","city":"Lopez Island","state":"Washington","state_ab":"WA","county":"San Juan","geo_location":{ "type": "Point", "coordinates": [-122.8743, 48.4988] }},
{"zip_code":"98221","country":"US","city":"Anacortes","state":"Washington","state_ab":"WA","county":"Skagit","geo_location":{ "type": "Point", "coordinates": [-122.6309, 48.5004] }},
{"zip_code":"98274","country":"US","city":"Mount Vernon","state":"Washington","state_ab":"WA","county":"Skagit","geo_location":{ "type": "Point", "coordinates": [-122.1403, 48.3643] }},
{"zip_code":"98207","country":"US","city":"Everett","state":"Washington","state_ab":"WA","county":"Snohomish","geo_location":{ "type": "Point", "coordinates": [-121.6823, 48.0373] }},
{"zip_code":"98287","country":"US","city":"Silvana","state":"Washington","state_ab":"WA","county":"Snohomish","geo_location":{ "type": "Point", "coordinates": [-121.6823, 48.0373] }},
{"zip_code":"99004","country":"US","city":"Cheney","state":"Washington","state_ab":"WA","county":"Spokane","geo_location":{ "type": "Point", "coordinates": [-117.5834, 47.4943] }},
{"zip_code":"99031","country":"US","city":"Spangle","state":"Washington","state_ab":"WA","county":"Spokane","geo_location":{ "type": "Point", "coordinates": [-117.3827, 47.4338] }},
{"zip_code":"99211","country":"US","city":"Spokane","state":"Washington","state_ab":"WA","county":"Spokane","geo_location":{ "type": "Point", "coordinates": [-117.4317, 47.6536] }},
{"zip_code":"99224","country":"US","city":"Spokane","state":"Washington","state_ab":"WA","county":"Spokane","geo_location":{ "type": "Point", "coordinates": [-117.5513, 47.6289] }},
{"zip_code":"99251","country":"US","city":"Spokane","state":"Washington","state_ab":"WA","county":"Spokane","geo_location":{ "type": "Point", "coordinates": [-117.4317, 47.6536] }},
{"zip_code":"98504","country":"US","city":"Olympia","state":"Washington","state_ab":"WA","county":"Thurston","geo_location":{ "type": "Point", "coordinates": [-122.7024, 46.9781] }},
{"zip_code":"98597","country":"US","city":"Yelm","state":"Washington","state_ab":"WA","county":"Thurston","geo_location":{ "type": "Point", "coordinates": [-122.588, 46.9206] }},
{"zip_code":"98621","country":"US","city":"Grays River","state":"Washington","state_ab":"WA","county":"Wahkiakum","geo_location":{ "type": "Point", "coordinates": [-123.5888, 46.3535] }},
{"zip_code":"98647","country":"US","city":"Skamokawa","state":"Washington","state_ab":"WA","county":"Wahkiakum","geo_location":{ "type": "Point", "coordinates": [-123.4332, 46.2952] }},
{"zip_code":"98247","country":"US","city":"Everson","state":"Washington","state_ab":"WA","county":"Whatcom","geo_location":{ "type": "Point", "coordinates": [-122.3325, 48.9045] }},
{"zip_code":"99017","country":"US","city":"Lamont","state":"Washington","state_ab":"WA","county":"Whitman","geo_location":{ "type": "Point", "coordinates": [-117.8755, 47.1887] }},
{"zip_code":"99161","country":"US","city":"Palouse","state":"Washington","state_ab":"WA","county":"Whitman","geo_location":{ "type": "Point", "coordinates": [-117.0855, 46.9076] }},
{"zip_code":"99174","country":"US","city":"Steptoe","state":"Washington","state_ab":"WA","county":"Whitman","geo_location":{ "type": "Point", "coordinates": [-117.6443, 46.8387] }},
{"zip_code":"98904","country":"US","city":"Yakima","state":"Washington","state_ab":"WA","county":"Yakima","geo_location":{ "type": "Point", "coordinates": [-120.6947, 46.5645] }},
{"zip_code":"98944","country":"US","city":"Sunnyside","state":"Washington","state_ab":"WA","county":"Yakima","geo_location":{ "type": "Point", "coordinates": [-120.0126, 46.3213] }},
{"zip_code":"53927","country":"US","city":"Dellwood","state":"Wisconsin","state_ab":"WI","county":"Adams","geo_location":{ "type": "Point", "coordinates": [-89.9418, 43.9555] }},
{"zip_code":"54517","country":"US","city":"Clam Lake","state":"Wisconsin","state_ab":"WI","county":"Ashland","geo_location":{ "type": "Point", "coordinates": [-90.4427, 46.6452] }},
{"zip_code":"54841","country":"US","city":"Haugen","state":"Wisconsin","state_ab":"WI","county":"Barron","geo_location":{ "type": "Point", "coordinates": [-91.7786, 45.6067] }},
{"zip_code":"54814","country":"US","city":"Bayfield","state":"Wisconsin","state_ab":"WI","county":"Bayfield","geo_location":{ "type": "Point", "coordinates": [-90.8217, 46.8354] }},
{"zip_code":"54827","country":"US","city":"Cornucopia","state":"Wisconsin","state_ab":"WI","county":"Bayfield","geo_location":{ "type": "Point", "coordinates": [-91.0974, 46.8372] }},
{"zip_code":"54311","country":"US","city":"Green Bay","state":"Wisconsin","state_ab":"WI","county":"Brown","geo_location":{ "type": "Point", "coordinates": [-87.9267, 44.4914] }},
{"zip_code":"54324","country":"US","city":"Green Bay","state":"Wisconsin","state_ab":"WI","county":"Brown","geo_location":{ "type": "Point", "coordinates": [-88.0074, 44.4601] }},
{"zip_code":"54724","country":"US","city":"Bloomer","state":"Wisconsin","state_ab":"WI","county":"Chippewa","geo_location":{ "type": "Point", "coordinates": [-91.49, 45.1025] }},
{"zip_code":"53901","country":"US","city":"Portage","state":"Wisconsin","state_ab":"WI","county":"Columbia","geo_location":{ "type": "Point", "coordinates": [-89.4714, 43.5501] }},
{"zip_code":"53954","country":"US","city":"Pardeeville","state":"Wisconsin","state_ab":"WI","county":"Columbia","geo_location":{ "type": "Point", "coordinates": [-89.3265, 43.534] }},
{"zip_code":"53527","country":"US","city":"Cottage Grove","state":"Wisconsin","state_ab":"WI","county":"Dane","geo_location":{ "type": "Point", "coordinates": [-89.2017, 43.0784] }},
{"zip_code":"53707","country":"US","city":"Madison","state":"Wisconsin","state_ab":"WI","county":"Dane","geo_location":{ "type": "Point", "coordinates": [-89.4239, 43.0696] }},
{"zip_code":"53774","country":"US","city":"Madison","state":"Wisconsin","state_ab":"WI","county":"Dane County","geo_location":{ "type": "Point", "coordinates": [-89.374, 43.0469] }},
{"zip_code":"53787","country":"US","city":"Madison","state":"Wisconsin","state_ab":"WI","county":"Dane","geo_location":{ "type": "Point", "coordinates": [-89.4239, 43.0696] }},
{"zip_code":"53091","country":"US","city":"Theresa","state":"Wisconsin","state_ab":"WI","county":"Dodge","geo_location":{ "type": "Point", "coordinates": [-88.4478, 43.5045] }},
{"zip_code":"54234","country":"US","city":"Sister Bay","state":"Wisconsin","state_ab":"WI","county":"Door","geo_location":{ "type": "Point", "coordinates": [-87.1139, 45.1875] }},
{"zip_code":"54854","country":"US","city":"Maple","state":"Wisconsin","state_ab":"WI","county":"Douglas","geo_location":{ "type": "Point", "coordinates": [-91.702, 46.6206] }},
{"zip_code":"54737","country":"US","city":"Eau Galle","state":"Wisconsin","state_ab":"WI","county":"Dunn","geo_location":{ "type": "Point", "coordinates": [-91.9822, 44.7152] }},
{"zip_code":"54751","country":"US","city":"Menomonie","state":"Wisconsin","state_ab":"WI","county":"Dunn","geo_location":{ "type": "Point", "coordinates": [-91.9265, 44.8718] }},
{"zip_code":"54764","country":"US","city":"Rock Falls","state":"Wisconsin","state_ab":"WI","county":"Dunn","geo_location":{ "type": "Point", "coordinates": [-91.9034, 44.9465] }},
{"zip_code":"54971","country":"US","city":"Ripon","state":"Wisconsin","state_ab":"WI","county":"Fond du Lac","geo_location":{ "type": "Point", "coordinates": [-88.8424, 43.8454] }},
{"zip_code":"53554","country":"US","city":"Livingston","state":"Wisconsin","state_ab":"WI","county":"Grant","geo_location":{ "type": "Point", "coordinates": [-90.442, 42.9044] }},
{"zip_code":"53811","country":"US","city":"Hazel Green","state":"Wisconsin","state_ab":"WI","county":"Grant","geo_location":{ "type": "Point", "coordinates": [-90.5118, 42.5359] }},
{"zip_code":"53824","country":"US","city":"Sinsinawa","state":"Wisconsin","state_ab":"WI","county":"Grant","geo_location":{ "type": "Point", "coordinates": [-90.7913, 42.8593] }},
{"zip_code":"53594","country":"US","city":"Waterloo","state":"Wisconsin","state_ab":"WI","county":"Jefferson","geo_location":{ "type": "Point", "coordinates": [-88.9838, 43.1832] }},
{"zip_code":"53101","country":"US","city":"Bassett","state":"Wisconsin","state_ab":"WI","county":"Kenosha","geo_location":{ "type": "Point", "coordinates": [-87.6629, 42.581] }},
{"zip_code":"53141","country":"US","city":"Kenosha","state":"Wisconsin","state_ab":"WI","county":"Kenosha","geo_location":{ "type": "Point", "coordinates": [-87.6629, 42.581] }},
{"zip_code":"53181","country":"US","city":"Twin Lakes","state":"Wisconsin","state_ab":"WI","county":"Kenosha","geo_location":{ "type": "Point", "coordinates": [-88.2573, 42.5232] }},
{"zip_code":"53194","country":"US","city":"Woodworth","state":"Wisconsin","state_ab":"WI","county":"Kenosha","geo_location":{ "type": "Point", "coordinates": [-87.6629, 42.581] }},
{"zip_code":"53541","country":"US","city":"Gratiot","state":"Wisconsin","state_ab":"WI","county":"Lafayette","geo_location":{ "type": "Point", "coordinates": [-90.0243, 42.5759] }},
{"zip_code":"54207","country":"US","city":"Collins","state":"Wisconsin","state_ab":"WI","county":"Manitowoc","geo_location":{ "type": "Point", "coordinates": [-87.9902, 44.091] }},
{"zip_code":"54221","country":"US","city":"Manitowoc","state":"Wisconsin","state_ab":"WI","county":"Manitowoc","geo_location":{ "type": "Point", "coordinates": [-87.599, 44.1323] }},
{"zip_code":"54247","country":"US","city":"Whitelaw","state":"Wisconsin","state_ab":"WI","county":"Manitowoc","geo_location":{ "type": "Point", "coordinates": [-87.8267, 44.1573] }},
{"zip_code":"54401","country":"US","city":"Wausau","state":"Wisconsin","state_ab":"WI","county":"Marathon","geo_location":{ "type": "Point", "coordinates": [-89.7066, 44.9654] }},
{"zip_code":"54427","country":"US","city":"Eland","state":"Wisconsin","state_ab":"WI","county":"Marathon","geo_location":{ "type": "Point", "coordinates": [-89.2461, 44.8309] }},
{"zip_code":"54104","country":"US","city":"Athelstane","state":"Wisconsin","state_ab":"WI","county":"Marinette","geo_location":{ "type": "Point", "coordinates": [-88.1753, 45.4228] }},
{"zip_code":"54157","country":"US","city":"Peshtigo","state":"Wisconsin","state_ab":"WI","county":"Marinette","geo_location":{ "type": "Point", "coordinates": [-87.8103, 45.048] }},
{"zip_code":"53154","country":"US","city":"Oak Creek","state":"Wisconsin","state_ab":"WI","county":"Milwaukee","geo_location":{ "type": "Point", "coordinates": [-87.9027, 42.8892] }},
{"zip_code":"53204","country":"US","city":"Milwaukee","state":"Wisconsin","state_ab":"WI","county":"Milwaukee","geo_location":{ "type": "Point", "coordinates": [-87.9317, 43.0158] }},
{"zip_code":"53217","country":"US","city":"Milwaukee","state":"Wisconsin","state_ab":"WI","county":"Milwaukee","geo_location":{ "type": "Point", "coordinates": [-87.9073, 43.1409] }},
{"zip_code":"53244","country":"US","city":"Milwaukee","state":"Wisconsin","state_ab":"WI","county":"Milwaukee County","geo_location":{ "type": "Point", "coordinates": [-87.9119, 42.9426] }},
{"zip_code":"53284","country":"US","city":"Milwaukee","state":"Wisconsin","state_ab":"WI","county":"Milwaukee","geo_location":{ "type": "Point", "coordinates": [-87.5697, 43.0174] }},
{"zip_code":"54171","country":"US","city":"Sobieski","state":"Wisconsin","state_ab":"WI","county":"Oconto","geo_location":{ "type": "Point", "coordinates": [-88.1076, 44.7105] }},
{"zip_code":"54531","country":"US","city":"Hazelhurst","state":"Wisconsin","state_ab":"WI","county":"Oneida","geo_location":{ "type": "Point", "coordinates": [-89.7478, 45.7745] }},
{"zip_code":"54131","country":"US","city":"Freedom","state":"Wisconsin","state_ab":"WI","county":"Outagamie","geo_location":{ "type": "Point", "coordinates": [-88.4649, 44.4163] }},
{"zip_code":"54931","country":"US","city":"Dale","state":"Wisconsin","state_ab":"WI","county":"Outagamie","geo_location":{ "type": "Point", "coordinates": [-88.4649, 44.4163] }},
{"zip_code":"54944","country":"US","city":"Hortonville","state":"Wisconsin","state_ab":"WI","county":"Outagamie","geo_location":{ "type": "Point", "coordinates": [-88.6281, 44.3273] }},
{"zip_code":"53024","country":"US","city":"Grafton","state":"Wisconsin","state_ab":"WI","county":"Ozaukee","geo_location":{ "type": "Point", "coordinates": [-87.9521, 43.3231] }},
{"zip_code":"54014","country":"US","city":"Hager City","state":"Wisconsin","state_ab":"WI","county":"Pierce","geo_location":{ "type": "Point", "coordinates": [-92.5501, 44.627] }},
{"zip_code":"54001","country":"US","city":"Amery","state":"Wisconsin","state_ab":"WI","county":"Polk","geo_location":{ "type": "Point", "coordinates": [-92.4014, 45.3486] }},
{"zip_code":"54467","country":"US","city":"Plover","state":"Wisconsin","state_ab":"WI","county":"Portage","geo_location":{ "type": "Point", "coordinates": [-89.5428, 44.4507] }},
{"zip_code":"54481","country":"US","city":"Stevens Point","state":"Wisconsin","state_ab":"WI","county":"Portage","geo_location":{ "type": "Point", "coordinates": [-89.5588, 44.5212] }},
{"zip_code":"53167","country":"US","city":"Rochester","state":"Wisconsin","state_ab":"WI","county":"Racine","geo_location":{ "type": "Point", "coordinates": [-88.2253, 42.7413] }},
{"zip_code":"53581","country":"US","city":"Richland Center","state":"Wisconsin","state_ab":"WI","county":"Richland","geo_location":{ "type": "Point", "coordinates": [-90.4302, 43.3661] }},
{"zip_code":"53501","country":"US","city":"Afton","state":"Wisconsin","state_ab":"WI","county":"Rock","geo_location":{ "type": "Point", "coordinates": [-89.0704, 42.6055] }},
{"zip_code":"54027","country":"US","city":"Wilson","state":"Wisconsin","state_ab":"WI","county":"St. Croix","geo_location":{ "type": "Point", "coordinates": [-92.1965, 44.9466] }},
{"zip_code":"53941","country":"US","city":"La Valle","state":"Wisconsin","state_ab":"WI","county":"Sauk","geo_location":{ "type": "Point", "coordinates": [-90.128, 43.5699] }},
{"zip_code":"54867","country":"US","city":"Radisson","state":"Wisconsin","state_ab":"WI","county":"Sawyer","geo_location":{ "type": "Point", "coordinates": [-91.2262, 45.7734] }},
{"zip_code":"54414","country":"US","city":"Birnamwood","state":"Wisconsin","state_ab":"WI","county":"Shawano","geo_location":{ "type": "Point", "coordinates": [-89.2124, 44.9269] }},
{"zip_code":"53011","country":"US","city":"Cascade","state":"Wisconsin","state_ab":"WI","county":"Sheboygan","geo_location":{ "type": "Point", "coordinates": [-88.0947, 43.6591] }},
{"zip_code":"54661","country":"US","city":"Trempealeau","state":"Wisconsin","state_ab":"WI","county":"Trempealeau","geo_location":{ "type": "Point", "coordinates": [-91.4282, 44.0218] }},
{"zip_code":"54621","country":"US","city":"Chaseburg","state":"Wisconsin","state_ab":"WI","county":"Vernon","geo_location":{ "type": "Point", "coordinates": [-91.0799, 43.6794] }},
{"zip_code":"54634","country":"US","city":"Hillsboro","state":"Wisconsin","state_ab":"WI","county":"Vernon","geo_location":{ "type": "Point", "coordinates": [-90.4266, 43.5966] }},
{"zip_code":"54557","country":"US","city":"Presque Isle","state":"Wisconsin","state_ab":"WI","county":"Vilas","geo_location":{ "type": "Point", "coordinates": [-89.7387, 46.2] }},
{"zip_code":"53114","country":"US","city":"Darien","state":"Wisconsin","state_ab":"WI","county":"Walworth","geo_location":{ "type": "Point", "coordinates": [-88.7508, 42.5973] }},
{"zip_code":"54801","country":"US","city":"Spooner","state":"Wisconsin","state_ab":"WI","county":"Washburn","geo_location":{ "type": "Point", "coordinates": [-91.9155, 45.8505] }},
{"zip_code":"53037","country":"US","city":"Jackson","state":"Wisconsin","state_ab":"WI","county":"Washington","geo_location":{ "type": "Point", "coordinates": [-88.1626, 43.3252] }},
{"zip_code":"53077","country":"US","city":"Rockfield","state":"Wisconsin","state_ab":"WI","county":"Washington County","geo_location":{ "type": "Point", "coordinates": [-88.126, 43.2575] }},
{"zip_code":"53051","country":"US","city":"Menomonee Falls","state":"Wisconsin","state_ab":"WI","county":"Waukesha","geo_location":{ "type": "Point", "coordinates": [-88.1128, 43.1602] }},
{"zip_code":"53064","country":"US","city":"North Lake","state":"Wisconsin","state_ab":"WI","county":"Waukesha","geo_location":{ "type": "Point", "coordinates": [-88.303, 43.0187] }},
{"zip_code":"53127","country":"US","city":"Genesee Depot","state":"Wisconsin","state_ab":"WI","county":"Waukesha","geo_location":{ "type": "Point", "coordinates": [-88.3745, 42.9601] }},
{"zip_code":"54984","country":"US","city":"Wild Rose","state":"Wisconsin","state_ab":"WI","county":"Waushara","geo_location":{ "type": "Point", "coordinates": [-89.1953, 44.1834] }},
{"zip_code":"54904","country":"US","city":"Oshkosh","state":"Wisconsin","state_ab":"WI","county":"Winnebago","geo_location":{ "type": "Point", "coordinates": [-88.607, 44.0304] }},
{"zip_code":"54957","country":"US","city":"Neenah","state":"Wisconsin","state_ab":"WI","county":"Winnebago","geo_location":{ "type": "Point", "coordinates": [-88.6789, 44.1989] }},
{"zip_code":"54441","country":"US","city":"Hewitt","state":"Wisconsin","state_ab":"WI","county":"Wood","geo_location":{ "type": "Point", "coordinates": [-90.1031, 44.6437] }},
{"zip_code":"54454","country":"US","city":"Milladore","state":"Wisconsin","state_ab":"WI","county":"Wood","geo_location":{ "type": "Point", "coordinates": [-89.8875, 44.6044] }},
{"zip_code":"54494","country":"US","city":"Wisconsin Rapids","state":"Wisconsin","state_ab":"WI","county":"Wood","geo_location":{ "type": "Point", "coordinates": [-89.8062, 44.3758] }},
{"zip_code":"26334","country":"US","city":"Brownton","state":"West Virginia","state_ab":"WV","county":"Barbour","geo_location":{ "type": "Point", "coordinates": [-80.018, 39.1251] }},
{"zip_code":"25421","country":"US","city":"Glengary","state":"West Virginia","state_ab":"WV","county":"Berkeley","geo_location":{ "type": "Point", "coordinates": [-78.1435, 39.3813] }},
{"zip_code":"25021","country":"US","city":"Bim","state":"West Virginia","state_ab":"WV","county":"Boone","geo_location":{ "type": "Point", "coordinates": [-81.717, 37.9971] }},
{"zip_code":"26631","country":"US","city":"Napier","state":"West Virginia","state_ab":"WV","county":"Braxton","geo_location":{ "type": "Point", "coordinates": [-80.7369, 38.706] }},
{"zip_code":"26037","country":"US","city":"Follansbee","state":"West Virginia","state_ab":"WV","county":"Brooke","geo_location":{ "type": "Point", "coordinates": [-80.585, 40.3296] }},
{"zip_code":"25537","country":"US","city":"Lesage","state":"West Virginia","state_ab":"WV","county":"Cabell","geo_location":{ "type": "Point", "coordinates": [-82.2957, 38.477] }},
{"zip_code":"25704","country":"US","city":"Huntington","state":"West Virginia","state_ab":"WV","county":"Cabell","geo_location":{ "type": "Point", "coordinates": [-82.5036, 38.3849] }},
{"zip_code":"25717","country":"US","city":"Huntington","state":"West Virginia","state_ab":"WV","county":"Cabell","geo_location":{ "type": "Point", "coordinates": [-82.2774, 38.4134] }},
{"zip_code":"25771","country":"US","city":"Huntington","state":"West Virginia","state_ab":"WV","county":"Cabell","geo_location":{ "type": "Point", "coordinates": [-82.2774, 38.4134] }},
{"zip_code":"25111","country":"US","city":"Indore","state":"West Virginia","state_ab":"WV","county":"Clay","geo_location":{ "type": "Point", "coordinates": [-81.1269, 38.3498] }},
{"zip_code":"25164","country":"US","city":"Procious","state":"West Virginia","state_ab":"WV","county":"Clay","geo_location":{ "type": "Point", "coordinates": [-81.1989, 38.4912] }},
{"zip_code":"26617","country":"US","city":"Dille","state":"West Virginia","state_ab":"WV","county":"Clay","geo_location":{ "type": "Point", "coordinates": [-81.0507, 38.4658] }},
{"zip_code":"26411","country":"US","city":"New Milton","state":"West Virginia","state_ab":"WV","county":"Doddridge","geo_location":{ "type": "Point", "coordinates": [-80.7076, 39.1899] }},
{"zip_code":"25874","country":"US","city":"Meadow Bridge","state":"West Virginia","state_ab":"WV","county":"Fayette County","geo_location":{ "type": "Point", "coordinates": [-80.9332, 37.9262] }},
{"zip_code":"25267","country":"US","city":"Normantown","state":"West Virginia","state_ab":"WV","county":"Gilmer","geo_location":{ "type": "Point", "coordinates": [-80.9419, 38.8802] }},
{"zip_code":"26707","country":"US","city":"Bayard","state":"West Virginia","state_ab":"WV","county":"Grant","geo_location":{ "type": "Point", "coordinates": [-79.1462, 38.987] }},
{"zip_code":"26734","country":"US","city":"Medley","state":"West Virginia","state_ab":"WV","county":"Grant","geo_location":{ "type": "Point", "coordinates": [-79.2335, 39.0706] }},
{"zip_code":"24961","country":"US","city":"Neola","state":"West Virginia","state_ab":"WV","county":"Greenbrier","geo_location":{ "type": "Point", "coordinates": [-80.4269, 37.9756] }},
{"zip_code":"26761","country":"US","city":"Shanks","state":"West Virginia","state_ab":"WV","county":"Hampshire","geo_location":{ "type": "Point", "coordinates": [-78.6995, 39.2849] }},
{"zip_code":"26824","country":"US","city":"Junction","state":"West Virginia","state_ab":"WV","county":"Hampshire","geo_location":{ "type": "Point", "coordinates": [-78.6594, 39.3141] }},
{"zip_code":"26851","country":"US","city":"Wardensville","state":"West Virginia","state_ab":"WV","county":"Hardy","geo_location":{ "type": "Point", "coordinates": [-78.6175, 39.0562] }},
{"zip_code":"26361","country":"US","city":"Gypsy","state":"West Virginia","state_ab":"WV","county":"Harrison","geo_location":{ "type": "Point", "coordinates": [-80.3853, 39.2852] }},
{"zip_code":"26451","country":"US","city":"West Milford","state":"West Virginia","state_ab":"WV","county":"Harrison","geo_location":{ "type": "Point", "coordinates": [-80.4026, 39.1996] }},
{"zip_code":"25241","country":"US","city":"Evans","state":"West Virginia","state_ab":"WV","county":"Jackson","geo_location":{ "type": "Point", "coordinates": [-81.7909, 38.8113] }},
{"zip_code":"25034","country":"US","city":"Burnwell","state":"West Virginia","state_ab":"WV","county":"Kanawha County","geo_location":{ "type": "Point", "coordinates": [-81.3757, 38.0555] }},
{"zip_code":"25061","country":"US","city":"Drybranch","state":"West Virginia","state_ab":"WV","county":"Kanawha","geo_location":{ "type": "Point", "coordinates": [-81.5547, 38.2968] }},
{"zip_code":"25177","country":"US","city":"Saint Albans","state":"West Virginia","state_ab":"WV","county":"Kanawha","geo_location":{ "type": "Point", "coordinates": [-81.8305, 38.3774] }},
{"zip_code":"25201","country":"US","city":"Tad","state":"West Virginia","state_ab":"WV","county":"Kanawha","geo_location":{ "type": "Point", "coordinates": [-81.5547, 38.2968] }},
{"zip_code":"25214","country":"US","city":"Winifrede","state":"West Virginia","state_ab":"WV","county":"Kanawha","geo_location":{ "type": "Point", "coordinates": [-81.5587, 38.1852] }},
{"zip_code":"25304","country":"US","city":"Charleston","state":"West Virginia","state_ab":"WV","county":"Kanawha","geo_location":{ "type": "Point", "coordinates": [-81.5903, 38.3173] }},
{"zip_code":"25317","country":"US","city":"Charleston","state":"West Virginia","state_ab":"WV","county":"Kanawha","geo_location":{ "type": "Point", "coordinates": [-81.6138, 38.3356] }},
{"zip_code":"25331","country":"US","city":"Charleston","state":"West Virginia","state_ab":"WV","county":"Kanawha","geo_location":{ "type": "Point", "coordinates": [-81.5547, 38.2968] }},
{"zip_code":"25357","country":"US","city":"Charleston","state":"West Virginia","state_ab":"WV","county":"Kanawha","geo_location":{ "type": "Point", "coordinates": [-81.5547, 38.2968] }},
{"zip_code":"26321","country":"US","city":"Alum Bridge","state":"West Virginia","state_ab":"WV","county":"Lewis","geo_location":{ "type": "Point", "coordinates": [-80.6882, 39.0425] }},
{"zip_code":"25524","country":"US","city":"Harts","state":"West Virginia","state_ab":"WV","county":"Lincoln","geo_location":{ "type": "Point", "coordinates": [-82.1008, 38.0341] }},
{"zip_code":"25564","country":"US","city":"Sod","state":"West Virginia","state_ab":"WV","county":"Lincoln","geo_location":{ "type": "Point", "coordinates": [-81.891, 38.2559] }},
{"zip_code":"25047","country":"US","city":"Clothier","state":"West Virginia","state_ab":"WV","county":"Logan","geo_location":{ "type": "Point", "coordinates": [-81.9024, 37.8332] }},
{"zip_code":"25601","country":"US","city":"Logan","state":"West Virginia","state_ab":"WV","county":"Logan","geo_location":{ "type": "Point", "coordinates": [-82.0252, 37.865] }},
{"zip_code":"25614","country":"US","city":"Cora","state":"West Virginia","state_ab":"WV","county":"Logan","geo_location":{ "type": "Point", "coordinates": [-81.9024, 37.8332] }},
{"zip_code":"25654","country":"US","city":"Yolyn","state":"West Virginia","state_ab":"WV","county":"Logan","geo_location":{ "type": "Point", "coordinates": [-81.892, 37.7818] }},
{"zip_code":"24817","country":"US","city":"Bradshaw","state":"West Virginia","state_ab":"WV","county":"McDowell","geo_location":{ "type": "Point", "coordinates": [-81.6539, 37.3752] }},
{"zip_code":"24831","country":"US","city":"Elkhorn","state":"West Virginia","state_ab":"WV","county":"McDowell","geo_location":{ "type": "Point", "coordinates": [-81.571, 37.4329] }},
{"zip_code":"24844","country":"US","city":"Iaeger","state":"West Virginia","state_ab":"WV","county":"McDowell","geo_location":{ "type": "Point", "coordinates": [-81.812, 37.4499] }},
{"zip_code":"24871","country":"US","city":"Pageton","state":"West Virginia","state_ab":"WV","county":"McDowell","geo_location":{ "type": "Point", "coordinates": [-81.6539, 37.3752] }},
{"zip_code":"24884","country":"US","city":"Squire","state":"West Virginia","state_ab":"WV","county":"McDowell","geo_location":{ "type": "Point", "coordinates": [-81.6539, 37.3752] }},
{"zip_code":"24897","country":"US","city":"Worth","state":"West Virginia","state_ab":"WV","county":"McDowell","geo_location":{ "type": "Point", "coordinates": [-81.6539, 37.3752] }},
{"zip_code":"26554","country":"US","city":"Fairmont","state":"West Virginia","state_ab":"WV","county":"Marion","geo_location":{ "type": "Point", "coordinates": [-80.2213, 39.4941] }},
{"zip_code":"24701","country":"US","city":"Bluefield","state":"West Virginia","state_ab":"WV","county":"Mercer","geo_location":{ "type": "Point", "coordinates": [-81.1601, 37.3327] }},
{"zip_code":"24714","country":"US","city":"Beeson","state":"West Virginia","state_ab":"WV","county":"Mercer","geo_location":{ "type": "Point", "coordinates": [-81.2062, 37.4909] }},
{"zip_code":"25667","country":"US","city":"Chattaroy","state":"West Virginia","state_ab":"WV","county":"Mingo","geo_location":{ "type": "Point", "coordinates": [-82.2739, 37.7047] }},
{"zip_code":"25694","country":"US","city":"Thacker","state":"West Virginia","state_ab":"WV","county":"Mingo","geo_location":{ "type": "Point", "coordinates": [-82.108, 37.7431] }},
{"zip_code":"26501","country":"US","city":"Morgantown","state":"West Virginia","state_ab":"WV","county":"Monongalia","geo_location":{ "type": "Point", "coordinates": [-79.9831, 39.6099] }},
{"zip_code":"26527","country":"US","city":"Cassville","state":"West Virginia","state_ab":"WV","county":"Monongalia","geo_location":{ "type": "Point", "coordinates": [-80.093, 39.5785] }},
{"zip_code":"26541","country":"US","city":"Maidsville","state":"West Virginia","state_ab":"WV","county":"Monongalia","geo_location":{ "type": "Point", "coordinates": [-80.0288, 39.6584] }},
{"zip_code":"24974","country":"US","city":"Secondcreek","state":"West Virginia","state_ab":"WV","county":"Monroe","geo_location":{ "type": "Point", "coordinates": [-80.5397, 37.552] }},
{"zip_code":"25434","country":"US","city":"Paw Paw","state":"West Virginia","state_ab":"WV","county":"Morgan","geo_location":{ "type": "Point", "coordinates": [-78.4586, 39.4923] }},
{"zip_code":"26671","country":"US","city":"Gilboa","state":"West Virginia","state_ab":"WV","county":"Nicholas","geo_location":{ "type": "Point", "coordinates": [-80.8342, 38.3184] }},
{"zip_code":"26684","country":"US","city":"Pool","state":"West Virginia","state_ab":"WV","county":"Nicholas","geo_location":{ "type": "Point", "coordinates": [-80.8342, 38.3184] }},
{"zip_code":"26811","country":"US","city":"Lost River","state":"West Virginia","state_ab":"WV","county":"Pendleton County","geo_location":{ "type": "Point", "coordinates": [-78.7932, 38.9345] }},
{"zip_code":"24934","country":"US","city":"Dunmore","state":"West Virginia","state_ab":"WV","county":"Pocahontas","geo_location":{ "type": "Point", "coordinates": [-79.8556, 38.3636] }},
{"zip_code":"26374","country":"US","city":"Independence","state":"West Virginia","state_ab":"WV","county":"Preston","geo_location":{ "type": "Point", "coordinates": [-79.8822, 39.4464] }},
{"zip_code":"25124","country":"US","city":"Liberty","state":"West Virginia","state_ab":"WV","county":"Putnam","geo_location":{ "type": "Point", "coordinates": [-81.7678, 38.62] }},
{"zip_code":"25007","country":"US","city":"Arnett","state":"West Virginia","state_ab":"WV","county":"Raleigh","geo_location":{ "type": "Point", "coordinates": [-81.4096, 37.8216] }},
{"zip_code":"25847","country":"US","city":"Glen Morgan","state":"West Virginia","state_ab":"WV","county":"Raleigh","geo_location":{ "type": "Point", "coordinates": [-81.1788, 37.7134] }},
{"zip_code":"25911","country":"US","city":"Raleigh","state":"West Virginia","state_ab":"WV","county":"Raleigh","geo_location":{ "type": "Point", "coordinates": [-81.1675, 37.7585] }},
{"zip_code":"26257","country":"US","city":"Coalton","state":"West Virginia","state_ab":"WV","county":"Randolph","geo_location":{ "type": "Point", "coordinates": [-79.9767, 38.9144] }},
{"zip_code":"25281","country":"US","city":"Tariff","state":"West Virginia","state_ab":"WV","county":"Roane","geo_location":{ "type": "Point", "coordinates": [-81.3146, 38.7317] }},
{"zip_code":"25951","country":"US","city":"Hinton","state":"West Virginia","state_ab":"WV","county":"Summers","geo_location":{ "type": "Point", "coordinates": [-80.8678, 37.664] }},
{"zip_code":"25977","country":"US","city":"Meadow Creek","state":"West Virginia","state_ab":"WV","county":"Summers","geo_location":{ "type": "Point", "coordinates": [-80.8774, 37.6485] }},
{"zip_code":"26347","country":"US","city":"Flemington","state":"West Virginia","state_ab":"WV","county":"Taylor","geo_location":{ "type": "Point", "coordinates": [-80.0498, 39.3454] }},
{"zip_code":"26424","country":"US","city":"Rosemont","state":"West Virginia","state_ab":"WV","county":"Taylor","geo_location":{ "type": "Point", "coordinates": [-80.0498, 39.3454] }},
{"zip_code":"26271","country":"US","city":"Hendricks","state":"West Virginia","state_ab":"WV","county":"Tucker","geo_location":{ "type": "Point", "coordinates": [-79.6303, 39.0748] }},
{"zip_code":"25511","country":"US","city":"Dunlow","state":"West Virginia","state_ab":"WV","county":"Wayne","geo_location":{ "type": "Point", "coordinates": [-82.4183, 38.1321] }},
{"zip_code":"26217","country":"US","city":"Diana","state":"West Virginia","state_ab":"WV","county":"Webster","geo_location":{ "type": "Point", "coordinates": [-80.432, 38.5755] }},
{"zip_code":"26167","country":"US","city":"Reader","state":"West Virginia","state_ab":"WV","county":"Wetzel","geo_location":{ "type": "Point", "coordinates": [-80.7516, 39.5836] }},
{"zip_code":"26437","country":"US","city":"Smithfield","state":"West Virginia","state_ab":"WV","county":"Wetzel","geo_location":{ "type": "Point", "coordinates": [-80.5582, 39.5134] }},
{"zip_code":"26581","country":"US","city":"Littleton","state":"West Virginia","state_ab":"WV","county":"Wetzel","geo_location":{ "type": "Point", "coordinates": [-80.5695, 39.6592] }},
{"zip_code":"26141","country":"US","city":"Creston","state":"West Virginia","state_ab":"WV","county":"Wirt","geo_location":{ "type": "Point", "coordinates": [-81.2369, 38.9378] }},
{"zip_code":"26101","country":"US","city":"Parkersburg","state":"West Virginia","state_ab":"WV","county":"Wood","geo_location":{ "type": "Point", "coordinates": [-81.5354, 39.2644] }},
{"zip_code":"26181","country":"US","city":"Washington","state":"West Virginia","state_ab":"WV","county":"Wood","geo_location":{ "type": "Point", "coordinates": [-81.6577, 39.2068] }},
{"zip_code":"24857","country":"US","city":"Lynco","state":"West Virginia","state_ab":"WV","county":"Wyoming","geo_location":{ "type": "Point", "coordinates": [-81.54, 37.6033] }},
{"zip_code":"82057","country":"US","city":"Laramie","state":"Wyoming","state_ab":"WY","county":"Albany County","geo_location":{ "type": "Point", "coordinates": [-106.219, 41.1095] }},
{"zip_code":"82071","country":"US","city":"Laramie","state":"Wyoming","state_ab":"WY","county":"Albany","geo_location":{ "type": "Point", "coordinates": [-105.7974, 41.7151] }},
{"zip_code":"82084","country":"US","city":"Tie Siding","state":"Wyoming","state_ab":"WY","county":"Albany","geo_location":{ "type": "Point", "coordinates": [-105.4462, 41.0528] }},
{"zip_code":"82431","country":"US","city":"Lovell","state":"Wyoming","state_ab":"WY","county":"Big Horn","geo_location":{ "type": "Point", "coordinates": [-108.4141, 44.8336] }},
{"zip_code":"82727","country":"US","city":"Rozet","state":"Wyoming","state_ab":"WY","county":"Campbell","geo_location":{ "type": "Point", "coordinates": [-105.2459, 44.3058] }},
{"zip_code":"82301","country":"US","city":"Rawlins","state":"Wyoming","state_ab":"WY","county":"Carbon","geo_location":{ "type": "Point", "coordinates": [-107.2349, 41.7951] }},
{"zip_code":"82327","country":"US","city":"Hanna","state":"Wyoming","state_ab":"WY","county":"Carbon","geo_location":{ "type": "Point", "coordinates": [-106.5283, 41.8726] }},
{"zip_code":"82224","country":"US","city":"Lost Springs","state":"Wyoming","state_ab":"WY","county":"Converse","geo_location":{ "type": "Point", "coordinates": [-104.7973, 43.0421] }},
{"zip_code":"82637","country":"US","city":"Glenrock","state":"Wyoming","state_ab":"WY","county":"Converse","geo_location":{ "type": "Point", "coordinates": [-105.8719, 42.7803] }},
{"zip_code":"82714","country":"US","city":"Devils Tower","state":"Wyoming","state_ab":"WY","county":"Crook","geo_location":{ "type": "Point", "coordinates": [-104.6867, 44.5248] }},
{"zip_code":"83111","country":"US","city":"Auburn","state":"Wyoming","state_ab":"WY","county":"Lincoln","geo_location":{ "type": "Point", "coordinates": [-110.9944, 42.8051] }},
{"zip_code":"83124","country":"US","city":"Opal","state":"Wyoming","state_ab":"WY","county":"Lincoln","geo_location":{ "type": "Point", "coordinates": [-110.276, 41.7795] }},
{"zip_code":"82831","country":"US","city":"Arvada","state":"Wyoming","state_ab":"WY","county":"Sheridan","geo_location":{ "type": "Point", "coordinates": [-106.1092, 44.6899] }},
{"zip_code":"82844","country":"US","city":"Wolf","state":"Wyoming","state_ab":"WY","county":"Sheridan","geo_location":{ "type": "Point", "coordinates": [-107.2202, 44.7864] }},
{"zip_code":"82934","country":"US","city":"Granger","state":"Wyoming","state_ab":"WY","county":"Sweetwater","geo_location":{ "type": "Point", "coordinates": [-109.763, 41.5372] }},
{"zip_code":"82701","country":"US","city":"Newcastle","state":"Wyoming","state_ab":"WY","county":"Weston","geo_location":{ "type": "Point", "coordinates": [-104.2262, 43.8511] }},
{"zip_code":"30228","country":"US","city":"Hampton","state":"Georgia","state_ab":"GA","county":"Henry","geo_location":{ "type": "Point", "coordinates": [-84.2947, 33.4124] }},
{"zip_code":"31025","country":"US","city":"Elko","state":"Georgia","state_ab":"GA","county":"Houston","geo_location":{ "type": "Point", "coordinates": [-83.7304, 32.3336] }},
{"zip_code":"30565","country":"US","city":"Nicholson","state":"Georgia","state_ab":"GA","county":"Jackson","geo_location":{ "type": "Point", "coordinates": [-83.421, 34.097] }},
{"zip_code":"31038","country":"US","city":"Hillsboro","state":"Georgia","state_ab":"GA","county":"Jasper","geo_location":{ "type": "Point", "coordinates": [-83.6404, 33.1421] }},
{"zip_code":"30822","country":"US","city":"Perkins","state":"Georgia","state_ab":"GA","county":"Jenkins","geo_location":{ "type": "Point", "coordinates": [-81.8538, 32.9129] }},
{"zip_code":"31065","country":"US","city":"Montrose","state":"Georgia","state_ab":"GA","county":"Laurens","geo_location":{ "type": "Point", "coordinates": [-83.1601, 32.5619] }},
{"zip_code":"31605","country":"US","city":"Valdosta","state":"Georgia","state_ab":"GA","county":"Lowndes","geo_location":{ "type": "Point", "coordinates": [-83.2474, 30.946] }},
{"zip_code":"31632","country":"US","city":"Hahira","state":"Georgia","state_ab":"GA","county":"Lowndes","geo_location":{ "type": "Point", "coordinates": [-83.3574, 30.9416] }},
{"zip_code":"31698","country":"US","city":"Valdosta","state":"Georgia","state_ab":"GA","county":"Lowndes","geo_location":{ "type": "Point", "coordinates": [-83.2878, 30.8485] }},
{"zip_code":"30808","country":"US","city":"Dearing","state":"Georgia","state_ab":"GA","county":"McDuffie","geo_location":{ "type": "Point", "coordinates": [-82.3955, 33.407] }},
{"zip_code":"30628","country":"US","city":"Colbert","state":"Georgia","state_ab":"GA","county":"Madison","geo_location":{ "type": "Point", "coordinates": [-83.2191, 34.0382] }},
{"zip_code":"30705","country":"US","city":"Chatsworth","state":"Georgia","state_ab":"GA","county":"Murray","geo_location":{ "type": "Point", "coordinates": [-84.7943, 34.7589] }},
{"zip_code":"31902","country":"US","city":"Columbus","state":"Georgia","state_ab":"GA","county":"Muscogee","geo_location":{ "type": "Point", "coordinates": [-84.9558, 32.5243] }},
{"zip_code":"31995","country":"US","city":"Fort Benning","state":"Georgia","state_ab":"GA","county":"Muscogee","geo_location":{ "type": "Point", "coordinates": [-84.964, 32.4958] }},
{"zip_code":"30295","country":"US","city":"Zebulon","state":"Georgia","state_ab":"GA","county":"Pike","geo_location":{ "type": "Point", "coordinates": [-84.3108, 33.1002] }},
{"zip_code":"30125","country":"US","city":"Cedartown","state":"Georgia","state_ab":"GA","county":"Polk","geo_location":{ "type": "Point", "coordinates": [-85.2459, 34.0112] }},
{"zip_code":"30138","country":"US","city":"Esom Hill","state":"Georgia","state_ab":"GA","county":"Polk","geo_location":{ "type": "Point", "coordinates": [-85.1723, 33.9999] }},
{"zip_code":"30525","country":"US","city":"Clayton","state":"Georgia","state_ab":"GA","county":"Rabun","geo_location":{ "type": "Point", "coordinates": [-83.4065, 34.8826] }},
{"zip_code":"30552","country":"US","city":"Lakemont","state":"Georgia","state_ab":"GA","county":"Rabun","geo_location":{ "type": "Point", "coordinates": [-83.4038, 34.7617] }},
{"zip_code":"30912","country":"US","city":"Augusta","state":"Georgia","state_ab":"GA","county":"Richmond","geo_location":{ "type": "Point", "coordinates": [-81.9881, 33.4705] }},
{"zip_code":"39825","country":"US","city":"Brinson","state":"Georgia","state_ab":"GA","county":"Seminole County","geo_location":{ "type": "Point", "coordinates": [-84.7373, 30.9788] }},
{"zip_code":"30538","country":"US","city":"Eastanollee","state":"Georgia","state_ab":"GA","county":"Stephens","geo_location":{ "type": "Point", "coordinates": [-83.2587, 34.5037] }},
{"zip_code":"31825","country":"US","city":"Richland","state":"Georgia","state_ab":"GA","county":"Stewart","geo_location":{ "type": "Point", "coordinates": [-84.6667, 32.0846] }},
{"zip_code":"31735","country":"US","city":"Cobb","state":"Georgia","state_ab":"GA","county":"Sumter","geo_location":{ "type": "Point", "coordinates": [-83.9581, 31.9617] }},
{"zip_code":"31812","country":"US","city":"Junction City","state":"Georgia","state_ab":"GA","county":"Talbot","geo_location":{ "type": "Point", "coordinates": [-84.4574, 32.608] }},
{"zip_code":"31775","country":"US","city":"Omega","state":"Georgia","state_ab":"GA","county":"Tift","geo_location":{ "type": "Point", "coordinates": [-83.5974, 31.33] }},
{"zip_code":"30475","country":"US","city":"Vidalia","state":"Georgia","state_ab":"GA","county":"Toombs","geo_location":{ "type": "Point", "coordinates": [-82.3739, 32.1775] }},
{"zip_code":"30512","country":"US","city":"Blairsville","state":"Georgia","state_ab":"GA","county":"Union","geo_location":{ "type": "Point", "coordinates": [-83.992, 34.8763] }},
{"zip_code":"30655","country":"US","city":"Monroe","state":"Georgia","state_ab":"GA","county":"Walton","geo_location":{ "type": "Point", "coordinates": [-83.7013, 33.7883] }},
{"zip_code":"31502","country":"US","city":"Waycross","state":"Georgia","state_ab":"GA","county":"Ware","geo_location":{ "type": "Point", "coordinates": [-82.4165, 31.019] }},
{"zip_code":"31555","country":"US","city":"Odum","state":"Georgia","state_ab":"GA","county":"Wayne","geo_location":{ "type": "Point", "coordinates": [-81.9943, 31.6999] }},
{"zip_code":"30668","country":"US","city":"Tignall","state":"Georgia","state_ab":"GA","county":"Wilkes","geo_location":{ "type": "Point", "coordinates": [-82.747, 33.8778] }},
{"zip_code":"96912","country":"US","city":"DEDEDO","state":"","state_ab":"GU","county":"Bingham","geo_location":{ "type": "Point", "coordinates": [-122.0666, 39.0176] }},
{"zip_code":"96718","country":"US","city":"Hawaii National Park","state":"Hawaii","state_ab":"HI","county":"Hawaii","geo_location":{ "type": "Point", "coordinates": [-155.438, 19.5935] }},
{"zip_code":"96745","country":"US","city":"Kailua Kona","state":"Hawaii","state_ab":"HI","county":"Hawaii","geo_location":{ "type": "Point", "coordinates": [-155.438, 19.5935] }},
{"zip_code":"96772","country":"US","city":"Naalehu","state":"Hawaii","state_ab":"HI","county":"Hawaii","geo_location":{ "type": "Point", "coordinates": [-155.6575, 19.0668] }},
{"zip_code":"96785","country":"US","city":"Volcano","state":"Hawaii","state_ab":"HI","county":"Hawaii","geo_location":{ "type": "Point", "coordinates": [-155.1974, 19.4801] }},
{"zip_code":"96808","country":"US","city":"Honolulu","state":"Hawaii","state_ab":"HI","county":"Honolulu","geo_location":{ "type": "Point", "coordinates": [-157.8585, 21.3062] }},
{"zip_code":"96822","country":"US","city":"Honolulu","state":"Hawaii","state_ab":"HI","county":"Honolulu","geo_location":{ "type": "Point", "coordinates": [-157.8298, 21.3117] }},
{"zip_code":"96835","country":"US","city":"Honolulu","state":"Hawaii","state_ab":"HI","county":"Honolulu","geo_location":{ "type": "Point", "coordinates": [-157.8294, 21.3278] }},
{"zip_code":"96848","country":"US","city":"Honolulu","state":"Hawaii","state_ab":"HI","county":"Honolulu","geo_location":{ "type": "Point", "coordinates": [-157.8126, 21.3206] }},
{"zip_code":"96862","country":"US","city":"Barbers Point N A S","state":"Hawaii","state_ab":"HI","county":"Honolulu","geo_location":{ "type": "Point", "coordinates": [-158.0749, 21.319] }},
{"zip_code":"96705","country":"US","city":"Eleele","state":"Hawaii","state_ab":"HI","county":"Kauai","geo_location":{ "type": "Point", "coordinates": [-159.6452, 21.9377] }},
{"zip_code":"96732","country":"US","city":"Kahului","state":"Hawaii","state_ab":"HI","county":"Maui","geo_location":{ "type": "Point", "coordinates": [-156.4783, 20.8814] }},
{"zip_code":"50002","country":"US","city":"Adair","state":"Iowa","state_ab":"IA","county":"Adair","geo_location":{ "type": "Point", "coordinates": [-94.6444, 41.5137] }},
{"zip_code":"50042","country":"US","city":"Brayton","state":"Iowa","state_ab":"IA","county":"Audubon","geo_location":{ "type": "Point", "coordinates": [-94.974, 41.5524] }},
{"zip_code":"52318","country":"US","city":"Norway","state":"Iowa","state_ab":"IA","county":"Benton","geo_location":{ "type": "Point", "coordinates": [-91.892, 41.8992] }},
{"zip_code":"52332","country":"US","city":"Shellsburg","state":"Iowa","state_ab":"IA","county":"Benton","geo_location":{ "type": "Point", "coordinates": [-91.8746, 42.0848] }},
{"zip_code":"52345","country":"US","city":"Urbana","state":"Iowa","state_ab":"IA","county":"Benton","geo_location":{ "type": "Point", "coordinates": [-91.8881, 42.2365] }},
{"zip_code":"50622","country":"US","city":"Denver","state":"Iowa","state_ab":"IA","county":"Bremer","geo_location":{ "type": "Point", "coordinates": [-92.3417, 42.6731] }},
{"zip_code":"50648","country":"US","city":"Jesup","state":"Iowa","state_ab":"IA","county":"Buchanan","geo_location":{ "type": "Point", "coordinates": [-92.0456, 42.4823] }},
{"zip_code":"50585","country":"US","city":"Sioux Rapids","state":"Iowa","state_ab":"IA","county":"Buena Vista","geo_location":{ "type": "Point", "coordinates": [-95.1388, 42.9065] }},
{"zip_code":"50608","country":"US","city":"Austinville","state":"Iowa","state_ab":"IA","county":"Butler","geo_location":{ "type": "Point", "coordinates": [-92.9599, 42.5824] }},
{"zip_code":"51535","country":"US","city":"Griswold","state":"Iowa","state_ab":"IA","county":"Cass","geo_location":{ "type": "Point", "coordinates": [-95.099, 41.2238] }},
{"zip_code":"52255","country":"US","city":"Lowden","state":"Iowa","state_ab":"IA","county":"Cedar","geo_location":{ "type": "Point", "coordinates": [-90.9382, 41.8594] }},
{"zip_code":"52358","country":"US","city":"West Branch","state":"Iowa","state_ab":"IA","county":"Cedar","geo_location":{ "type": "Point", "coordinates": [-91.3141, 41.6726] }},
{"zip_code":"52772","country":"US","city":"Tipton","state":"Iowa","state_ab":"IA","county":"Cedar","geo_location":{ "type": "Point", "coordinates": [-91.1362, 41.7563] }},
{"zip_code":"50402","country":"US","city":"Mason City","state":"Iowa","state_ab":"IA","county":"Cerro Gordo","geo_location":{ "type": "Point", "coordinates": [-93.2609, 43.0816] }},
{"zip_code":"50428","country":"US","city":"Clear Lake","state":"Iowa","state_ab":"IA","county":"Cerro Gordo","geo_location":{ "type": "Point", "coordinates": [-93.385, 43.1406] }},
{"zip_code":"50482","country":"US","city":"Ventura","state":"Iowa","state_ab":"IA","county":"Cerro Gordo","geo_location":{ "type": "Point", "coordinates": [-93.4706, 43.1262] }},
{"zip_code":"51005","country":"US","city":"Aurelia","state":"Iowa","state_ab":"IA","county":"Cherokee","geo_location":{ "type": "Point", "coordinates": [-95.4381, 42.6912] }},
{"zip_code":"50275","country":"US","city":"Woodburn","state":"Iowa","state_ab":"IA","county":"Clarke","geo_location":{ "type": "Point", "coordinates": [-93.6083, 41.0] }},
{"zip_code":"52048","country":"US","city":"Garber","state":"Iowa","state_ab":"IA","county":"Clayton","geo_location":{ "type": "Point", "coordinates": [-91.2593, 42.7453] }},
{"zip_code":"52732","country":"US","city":"Clinton","state":"Iowa","state_ab":"IA","county":"Clinton","geo_location":{ "type": "Point", "coordinates": [-90.2078, 41.8517] }},
{"zip_code":"51432","country":"US","city":"Aspinwall","state":"Iowa","state_ab":"IA","county":"Crawford","geo_location":{ "type": "Point", "coordinates": [-95.1356, 41.9119] }},
{"zip_code":"52538","country":"US","city":"West Grove","state":"Iowa","state_ab":"IA","county":"Davis","geo_location":{ "type": "Point", "coordinates": [-92.4087, 40.7453] }},
{"zip_code":"52552","country":"US","city":"Drakesville","state":"Iowa","state_ab":"IA","county":"Davis","geo_location":{ "type": "Point", "coordinates": [-92.5051, 40.8253] }},
{"zip_code":"50262","country":"US","city":"Van Wert","state":"Iowa","state_ab":"IA","county":"Decatur","geo_location":{ "type": "Point", "coordinates": [-93.8073, 40.8645] }},
{"zip_code":"52035","country":"US","city":"Colesburg","state":"Iowa","state_ab":"IA","county":"Delaware","geo_location":{ "type": "Point", "coordinates": [-91.1963, 42.6383] }},
{"zip_code":"52655","country":"US","city":"West Burlington","state":"Iowa","state_ab":"IA","county":"Des Moines","geo_location":{ "type": "Point", "coordinates": [-91.1799, 40.8321] }},
{"zip_code":"51355","country":"US","city":"Okoboji","state":"Iowa","state_ab":"IA","county":"Dickinson","geo_location":{ "type": "Point", "coordinates": [-95.1369, 43.3889] }},
{"zip_code":"50662","country":"US","city":"Oelwein","state":"Iowa","state_ab":"IA","county":"Fayette","geo_location":{ "type": "Point", "coordinates": [-91.9131, 42.6811] }},
{"zip_code":"50468","country":"US","city":"Rockford","state":"Iowa","state_ab":"IA","county":"Floyd","geo_location":{ "type": "Point", "coordinates": [-92.952, 43.0573] }},
{"zip_code":"51652","country":"US","city":"Sidney","state":"Iowa","state_ab":"IA","county":"Fremont","geo_location":{ "type": "Point", "coordinates": [-95.6403, 40.7507] }},
{"zip_code":"50235","country":"US","city":"Rippey","state":"Iowa","state_ab":"IA","county":"Greene","geo_location":{ "type": "Point", "coordinates": [-94.2132, 41.9257] }},
{"zip_code":"50132","country":"US","city":"Kamrar","state":"Iowa","state_ab":"IA","county":"Hamilton","geo_location":{ "type": "Point", "coordinates": [-93.7279, 42.3945] }},
{"zip_code":"52642","country":"US","city":"Rome","state":"Iowa","state_ab":"IA","county":"Henry","geo_location":{ "type": "Point", "coordinates": [-91.6923, 40.9774] }},
{"zip_code":"50545","country":"US","city":"Hardy","state":"Iowa","state_ab":"IA","county":"Humboldt","geo_location":{ "type": "Point", "coordinates": [-94.0799, 42.7975] }},
{"zip_code":"50558","country":"US","city":"Livermore","state":"Iowa","state_ab":"IA","county":"Humboldt","geo_location":{ "type": "Point", "coordinates": [-94.1747, 42.8666] }},
{"zip_code":"51445","country":"US","city":"Ida Grove","state":"Iowa","state_ab":"IA","county":"Ida","geo_location":{ "type": "Point", "coordinates": [-95.4645, 42.34] }},
{"zip_code":"52075","country":"US","city":"Springbrook","state":"Iowa","state_ab":"IA","county":"Jackson","geo_location":{ "type": "Point", "coordinates": [-90.4846, 42.1674] }},
{"zip_code":"50028","country":"US","city":"Baxter","state":"Iowa","state_ab":"IA","county":"Jasper","geo_location":{ "type": "Point", "coordinates": [-93.1583, 41.8204] }},
{"zip_code":"50208","country":"US","city":"Newton","state":"Iowa","state_ab":"IA","county":"Jasper","geo_location":{ "type": "Point", "coordinates": [-93.0455, 41.6992] }},
{"zip_code":"52242","country":"US","city":"Iowa City","state":"Iowa","state_ab":"IA","county":"Johnson","geo_location":{ "type": "Point", "coordinates": [-91.5477, 41.6627] }},
{"zip_code":"52305","country":"US","city":"Martelle","state":"Iowa","state_ab":"IA","county":"Jones","geo_location":{ "type": "Point", "coordinates": [-91.3217, 42.0035] }},
{"zip_code":"50598","country":"US","city":"Whittemore","state":"Iowa","state_ab":"IA","county":"Kossuth","geo_location":{ "type": "Point", "coordinates": [-94.4064, 43.0261] }},
{"zip_code":"52202","country":"US","city":"Alburnett","state":"Iowa","state_ab":"IA","county":"Linn","geo_location":{ "type": "Point", "coordinates": [-91.6392, 42.1583] }},
{"zip_code":"52228","country":"US","city":"Fairfax","state":"Iowa","state_ab":"IA","county":"Linn","geo_location":{ "type": "Point", "coordinates": [-91.7801, 41.9153] }},
{"zip_code":"52408","country":"US","city":"Cedar Rapids","state":"Iowa","state_ab":"IA","county":"Linn","geo_location":{ "type": "Point", "coordinates": [-91.5992, 42.0794] }},
{"zip_code":"50068","country":"US","city":"Derby","state":"Iowa","state_ab":"IA","county":"Lucas","geo_location":{ "type": "Point", "coordinates": [-93.4796, 40.9355] }},
{"zip_code":"50222","country":"US","city":"Peru","state":"Iowa","state_ab":"IA","county":"Madison","geo_location":{ "type": "Point", "coordinates": [-93.9437, 41.2145] }},
{"zip_code":"50198","country":"US","city":"Knoxville","state":"Iowa","state_ab":"IA","county":"Marion","geo_location":{ "type": "Point", "coordinates": [-93.0992, 41.3345] }},
{"zip_code":"50158","country":"US","city":"Marshalltown","state":"Iowa","state_ab":"IA","county":"Marshall","geo_location":{ "type": "Point", "coordinates": [-92.9127, 42.0405] }},
{"zip_code":"50455","country":"US","city":"Mc Intire","state":"Iowa","state_ab":"IA","county":"Mitchell","geo_location":{ "type": "Point", "coordinates": [-92.6048, 43.45] }},
{"zip_code":"51058","country":"US","city":"Sutherland","state":"Iowa","state_ab":"IA","county":"O'Brien","geo_location":{ "type": "Point", "coordinates": [-95.4807, 42.9826] }},
{"zip_code":"51638","country":"US","city":"Essex","state":"Iowa","state_ab":"IA","county":"Page","geo_location":{ "type": "Point", "coordinates": [-95.2888, 40.8404] }},
{"zip_code":"51342","country":"US","city":"Graettinger","state":"Iowa","state_ab":"IA","county":"Palo Alto","geo_location":{ "type": "Point", "coordinates": [-94.7334, 43.2277] }},
{"zip_code":"51045","country":"US","city":"Oyens","state":"Iowa","state_ab":"IA","county":"Plymouth","geo_location":{ "type": "Point", "coordinates": [-96.0566, 42.8199] }},
{"zip_code":"50015","country":"US","city":"Ankeny","state":"Iowa","state_ab":"IA","county":"Polk","geo_location":{ "type": "Point", "coordinates": [-93.5722, 41.6727] }},
{"zip_code":"50312","country":"US","city":"Des Moines","state":"Iowa","state_ab":"IA","county":"Polk","geo_location":{ "type": "Point", "coordinates": [-93.6719, 41.5855] }},
{"zip_code":"50325","country":"US","city":"Clive","state":"Iowa","state_ab":"IA","county":"Polk","geo_location":{ "type": "Point", "coordinates": [-93.7457, 41.6067] }},
{"zip_code":"50338","country":"US","city":"Des Moines","state":"Iowa","state_ab":"IA","county":"Polk","geo_location":{ "type": "Point", "coordinates": [-93.5722, 41.6727] }},
{"zip_code":"50392","country":"US","city":"Des Moines","state":"Iowa","state_ab":"IA","county":"Polk","geo_location":{ "type": "Point", "coordinates": [-93.6274, 41.5878] }},
{"zip_code":"51548","country":"US","city":"Mc Clelland","state":"Iowa","state_ab":"IA","county":"Pottawattamie","geo_location":{ "type": "Point", "coordinates": [-95.6813, 41.2932] }},
{"zip_code":"51575","country":"US","city":"Treynor","state":"Iowa","state_ab":"IA","county":"Pottawattamie","geo_location":{ "type": "Point", "coordinates": [-95.6086, 41.2307] }},
{"zip_code":"50172","country":"US","city":"Montezuma","state":"Iowa","state_ab":"IA","county":"Poweshiek County","geo_location":{ "type": "Point", "coordinates": [-92.3339, 41.662] }},
{"zip_code":"51458","country":"US","city":"Odebolt","state":"Iowa","state_ab":"IA","county":"Sac","geo_location":{ "type": "Point", "coordinates": [-95.2501, 42.3095] }},
{"zip_code":"52745","country":"US","city":"Dixon","state":"Iowa","state_ab":"IA","county":"Scott","geo_location":{ "type": "Point", "coordinates": [-90.7553, 41.7113] }},
{"zip_code":"52758","country":"US","city":"Mc Causland","state":"Iowa","state_ab":"IA","county":"Scott","geo_location":{ "type": "Point", "coordinates": [-90.4539, 41.743] }},
{"zip_code":"52808","country":"US","city":"Davenport","state":"Iowa","state_ab":"IA","county":"Scott","geo_location":{ "type": "Point", "coordinates": [-90.6063, 41.613] }},
{"zip_code":"51562","country":"US","city":"Panama","state":"Iowa","state_ab":"IA","county":"Shelby","geo_location":{ "type": "Point", "coordinates": [-95.487, 41.7288] }},
{"zip_code":"51238","country":"US","city":"Hospers","state":"Iowa","state_ab":"IA","county":"Sioux","geo_location":{ "type": "Point", "coordinates": [-95.9142, 43.0793] }},
{"zip_code":"50055","country":"US","city":"Collins","state":"Iowa","state_ab":"IA","county":"Story","geo_location":{ "type": "Point", "coordinates": [-93.3008, 41.9032] }},
{"zip_code":"50105","country":"US","city":"Gilbert","state":"Iowa","state_ab":"IA","county":"Story","geo_location":{ "type": "Point", "coordinates": [-93.6399, 42.1148] }},
{"zip_code":"50248","country":"US","city":"Story City","state":"Iowa","state_ab":"IA","county":"Story","geo_location":{ "type": "Point", "coordinates": [-93.5988, 42.1835] }},
{"zip_code":"50635","country":"US","city":"Gladbrook","state":"Iowa","state_ab":"IA","county":"Tama","geo_location":{ "type": "Point", "coordinates": [-92.7141, 42.1774] }},
{"zip_code":"50675","country":"US","city":"Traer","state":"Iowa","state_ab":"IA","county":"Tama","geo_location":{ "type": "Point", "coordinates": [-92.4827, 42.1847] }},
{"zip_code":"52215","country":"US","city":"Chelsea","state":"Iowa","state_ab":"IA","county":"Tama","geo_location":{ "type": "Point", "coordinates": [-92.4078, 41.9131] }},
{"zip_code":"50842","country":"US","city":"Cromwell","state":"Iowa","state_ab":"IA","county":"Union","geo_location":{ "type": "Point", "coordinates": [-94.4616, 41.0398] }},
{"zip_code":"52565","country":"US","city":"Keosauqua","state":"Iowa","state_ab":"IA","county":"Van Buren","geo_location":{ "type": "Point", "coordinates": [-91.9704, 40.7424] }},
{"zip_code":"50118","country":"US","city":"Hartford","state":"Iowa","state_ab":"IA","county":"Warren","geo_location":{ "type": "Point", "coordinates": [-93.4022, 41.4596] }},
{"zip_code":"50145","country":"US","city":"Liberty Center","state":"Iowa","state_ab":"IA","county":"Warren","geo_location":{ "type": "Point", "coordinates": [-93.4993, 41.2071] }},
{"zip_code":"50518","country":"US","city":"Barnum","state":"Iowa","state_ab":"IA","county":"Webster","geo_location":{ "type": "Point", "coordinates": [-94.3703, 42.5159] }},
{"zip_code":"50532","country":"US","city":"Duncombe","state":"Iowa","state_ab":"IA","county":"Webster","geo_location":{ "type": "Point", "coordinates": [-94.0592, 42.4493] }},
{"zip_code":"52165","country":"US","city":"Ridgeway","state":"Iowa","state_ab":"IA","county":"Winneshiek","geo_location":{ "type": "Point", "coordinates": [-92.0034, 43.2979] }},
{"zip_code":"51018","country":"US","city":"Cushing","state":"Iowa","state_ab":"IA","county":"Woodbury","geo_location":{ "type": "Point", "coordinates": [-95.6775, 42.4642] }},
{"zip_code":"51108","country":"US","city":"Sioux City","state":"Iowa","state_ab":"IA","county":"Woodbury","geo_location":{ "type": "Point", "coordinates": [-96.3617, 42.5469] }},
{"zip_code":"83642","country":"US","city":"Meridian","state":"Idaho","state_ab":"ID","county":"Ada","geo_location":{ "type": "Point", "coordinates": [-116.3975, 43.615] }},
{"zip_code":"83705","country":"US","city":"Boise","state":"Idaho","state_ab":"ID","county":"Ada","geo_location":{ "type": "Point", "coordinates": [-116.2191, 43.5851] }},
{"zip_code":"83732","country":"US","city":"Boise","state":"Idaho","state_ab":"ID","county":"Ada","geo_location":{ "type": "Point", "coordinates": [-116.244, 43.4599] }},
{"zip_code":"83202","country":"US","city":"Pocatello","state":"Idaho","state_ab":"ID","county":"Bannock","geo_location":{ "type": "Point", "coordinates": [-112.4679, 42.9357] }},
{"zip_code":"83215","country":"US","city":"Atomic City","state":"Idaho","state_ab":"ID","county":"Bingham","geo_location":{ "type": "Point", "coordinates": [-112.2979, 43.2448] }},
{"zip_code":"83602","country":"US","city":"Banks","state":"Idaho","state_ab":"ID","county":"Boise","geo_location":{ "type": "Point", "coordinates": [-116.0658, 44.0887] }},
{"zip_code":"83822","country":"US","city":"Oldtown","state":"Idaho","state_ab":"ID","county":"Bonner","geo_location":{ "type": "Point", "coordinates": [-116.9781, 48.1552] }},
{"zip_code":"83848","country":"US","city":"Nordman","state":"Idaho","state_ab":"ID","county":"Bonner","geo_location":{ "type": "Point", "coordinates": [-116.9258, 48.6146] }},
{"zip_code":"83862","country":"US","city":"Samuels","state":"Idaho","state_ab":"ID","county":"Bonner","geo_location":{ "type": "Point", "coordinates": [-116.5455, 48.3687] }},
{"zip_code":"83888","country":"US","city":"Sandpoint","state":"Idaho","state_ab":"ID","county":"Bonner","geo_location":{ "type": "Point", "coordinates": [-116.5455, 48.3687] }},
{"zip_code":"83255","country":"US","city":"Moore","state":"Idaho","state_ab":"ID","county":"Butte","geo_location":{ "type": "Point", "coordinates": [-113.4544, 43.7296] }},
{"zip_code":"83318","country":"US","city":"Burley","state":"Idaho","state_ab":"ID","county":"Cassia","geo_location":{ "type": "Point", "coordinates": [-113.7931, 42.5244] }},
{"zip_code":"83228","country":"US","city":"Clifton","state":"Idaho","state_ab":"ID","county":"Franklin","geo_location":{ "type": "Point", "coordinates": [-111.9957, 42.216] }},
{"zip_code":"83332","country":"US","city":"Hagerman","state":"Idaho","state_ab":"ID","county":"Gooding","geo_location":{ "type": "Point", "coordinates": [-114.887, 42.8142] }},
{"zip_code":"83525","country":"US","city":"Elk City","state":"Idaho","state_ab":"ID","county":"Idaho","geo_location":{ "type": "Point", "coordinates": [-115.5024, 45.7896] }},
{"zip_code":"83538","country":"US","city":"Cottonwood","state":"Idaho","state_ab":"ID","county":"Idaho County","geo_location":{ "type": "Point", "coordinates": [-116.5493, 45.9423] }},
{"zip_code":"83552","country":"US","city":"Stites","state":"Idaho","state_ab":"ID","county":"Idaho","geo_location":{ "type": "Point", "coordinates": [-115.9269, 46.002] }},
{"zip_code":"83435","country":"US","city":"Monteview","state":"Idaho","state_ab":"ID","county":"Jefferson","geo_location":{ "type": "Point", "coordinates": [-112.5783, 43.9862] }},
{"zip_code":"83835","country":"US","city":"Hayden","state":"Idaho","state_ab":"ID","county":"Kootenai","geo_location":{ "type": "Point", "coordinates": [-116.7423, 47.7989] }},
{"zip_code":"83462","country":"US","city":"Carmen","state":"Idaho","state_ab":"ID","county":"Lemhi","geo_location":{ "type": "Point", "coordinates": [-113.8573, 45.255] }},
{"zip_code":"83448","country":"US","city":"Sugar City","state":"Idaho","state_ab":"ID","county":"Madison","geo_location":{ "type": "Point", "coordinates": [-111.6932, 43.8477] }},
{"zip_code":"83628","country":"US","city":"Homedale","state":"Idaho","state_ab":"ID","county":"Owyhee","geo_location":{ "type": "Point", "coordinates": [-116.9472, 43.6138] }},
{"zip_code":"83655","country":"US","city":"New Plymouth","state":"Idaho","state_ab":"ID","county":"Payette","geo_location":{ "type": "Point", "coordinates": [-116.8048, 43.959] }},
{"zip_code":"83808","country":"US","city":"Calder","state":"Idaho","state_ab":"ID","county":"Shoshone","geo_location":{ "type": "Point", "coordinates": [-116.0703, 47.3219] }},
{"zip_code":"83422","country":"US","city":"Driggs","state":"Idaho","state_ab":"ID","county":"Teton","geo_location":{ "type": "Point", "coordinates": [-111.1199, 43.7263] }},
{"zip_code":"83615","country":"US","city":"Donnelly","state":"Idaho","state_ab":"ID","county":"Valley","geo_location":{ "type": "Point", "coordinates": [-116.0369, 44.6659] }},
{"zip_code":"62348","country":"US","city":"Lima","state":"Illinois","state_ab":"IL","county":"Adams","geo_location":{ "type": "Point", "coordinates": [-91.3875, 40.1656] }},
{"zip_code":"61008","country":"US","city":"Belvidere","state":"Illinois","state_ab":"IL","county":"Boone","geo_location":{ "type": "Point", "coordinates": [-88.8509, 42.2595] }},
{"zip_code":"62375","country":"US","city":"Timewell","state":"Illinois","state_ab":"IL","county":"Brown","geo_location":{ "type": "Point", "coordinates": [-90.8661, 40.0117] }},
{"zip_code":"61345","country":"US","city":"Neponset","state":"Illinois","state_ab":"IL","county":"Bureau","geo_location":{ "type": "Point", "coordinates": [-89.7944, 41.2905] }},
{"zip_code":"62065","country":"US","city":"Michael","state":"Illinois","state_ab":"IL","county":"Calhoun","geo_location":{ "type": "Point", "coordinates": [-90.6938, 39.1343] }},
{"zip_code":"62618","country":"US","city":"Beardstown","state":"Illinois","state_ab":"IL","county":"Cass","geo_location":{ "type": "Point", "coordinates": [-90.4229, 40.0044] }},
{"zip_code":"61822","country":"US","city":"Champaign","state":"Illinois","state_ab":"IL","county":"Champaign","geo_location":{ "type": "Point", "coordinates": [-88.2854, 40.1317] }},
{"zip_code":"61862","country":"US","city":"Penfield","state":"Illinois","state_ab":"IL","county":"Champaign","geo_location":{ "type": "Point", "coordinates": [-87.957, 40.3101] }},
{"zip_code":"61875","country":"US","city":"Seymour","state":"Illinois","state_ab":"IL","county":"Champaign","geo_location":{ "type": "Point", "coordinates": [-88.3944, 40.1035] }},
{"zip_code":"62555","country":"US","city":"Owaneco","state":"Illinois","state_ab":"IL","county":"Christian","geo_location":{ "type": "Point", "coordinates": [-89.1951, 39.4775] }},
{"zip_code":"62568","country":"US","city":"Taylorville","state":"Illinois","state_ab":"IL","county":"Christian","geo_location":{ "type": "Point", "coordinates": [-89.3406, 39.5591] }},
{"zip_code":"62218","country":"US","city":"Bartelso","state":"Illinois","state_ab":"IL","county":"Clinton","geo_location":{ "type": "Point", "coordinates": [-89.4578, 38.5385] }},
{"zip_code":"62245","country":"US","city":"Germantown","state":"Illinois","state_ab":"IL","county":"Clinton","geo_location":{ "type": "Point", "coordinates": [-89.5413, 38.5487] }},
{"zip_code":"61912","country":"US","city":"Ashmore","state":"Illinois","state_ab":"IL","county":"Coles","geo_location":{ "type": "Point", "coordinates": [-88.0341, 39.5254] }},
{"zip_code":"61938","country":"US","city":"Mattoon","state":"Illinois","state_ab":"IL","county":"Coles","geo_location":{ "type": "Point", "coordinates": [-88.3762, 39.4802] }},
{"zip_code":"60005","country":"US","city":"Arlington Heights","state":"Illinois","state_ab":"IL","county":"Cook","geo_location":{ "type": "Point", "coordinates": [-87.9856, 42.0639] }},
{"zip_code":"60018","country":"US","city":"Des Plaines","state":"Illinois","state_ab":"IL","county":"Cook","geo_location":{ "type": "Point", "coordinates": [-87.8687, 42.0155] }},
{"zip_code":"60162","country":"US","city":"Hillside","state":"Illinois","state_ab":"IL","county":"Cook","geo_location":{ "type": "Point", "coordinates": [-87.9016, 41.8725] }},
{"zip_code":"60302","country":"US","city":"Oak Park","state":"Illinois","state_ab":"IL","county":"Cook","geo_location":{ "type": "Point", "coordinates": [-87.7895, 41.8925] }},
{"zip_code":"60445","country":"US","city":"Midlothian","state":"Illinois","state_ab":"IL","county":"Cook","geo_location":{ "type": "Point", "coordinates": [-87.7362, 41.635] }},
{"zip_code":"60458","country":"US","city":"Justice","state":"Illinois","state_ab":"IL","county":"Cook","geo_location":{ "type": "Point", "coordinates": [-87.8346, 41.7447] }},
{"zip_code":"60472","country":"US","city":"Robbins","state":"Illinois","state_ab":"IL","county":"Cook","geo_location":{ "type": "Point", "coordinates": [-87.7089, 41.6423] }},
{"zip_code":"60612","country":"US","city":"Chicago","state":"Illinois","state_ab":"IL","county":"Cook","geo_location":{ "type": "Point", "coordinates": [-87.6873, 41.8805] }},
{"zip_code":"60625","country":"US","city":"Chicago","state":"Illinois","state_ab":"IL","county":"Cook","geo_location":{ "type": "Point", "coordinates": [-87.7042, 41.9703] }},
{"zip_code":"60638","country":"US","city":"Chicago","state":"Illinois","state_ab":"IL","county":"Cook","geo_location":{ "type": "Point", "coordinates": [-87.7705, 41.7814] }},
{"zip_code":"60652","country":"US","city":"Chicago","state":"Illinois","state_ab":"IL","county":"Cook","geo_location":{ "type": "Point", "coordinates": [-87.7135, 41.7454] }},
{"zip_code":"60665","country":"US","city":"Chicago","state":"Illinois","state_ab":"IL","county":"Cook","geo_location":{ "type": "Point", "coordinates": [-87.6873, 41.8119] }},
{"zip_code":"60678","country":"US","city":"Chicago","state":"Illinois","state_ab":"IL","county":"Cook","geo_location":{ "type": "Point", "coordinates": [-87.6873, 41.8119] }},
{"zip_code":"60805","country":"US","city":"Evergreen Park","state":"Illinois","state_ab":"IL","county":"Cook","geo_location":{ "type": "Point", "coordinates": [-87.7024, 41.722] }},
{"zip_code":"62478","country":"US","city":"West York","state":"Illinois","state_ab":"IL","county":"Crawford","geo_location":{ "type": "Point", "coordinates": [-87.7131, 39.1938] }},
{"zip_code":"60135","country":"US","city":"Genoa","state":"Illinois","state_ab":"IL","county":"DeKalb","geo_location":{ "type": "Point", "coordinates": [-88.6908, 42.0981] }},
{"zip_code":"60548","country":"US","city":"Sandwich","state":"Illinois","state_ab":"IL","county":"DeKalb","geo_location":{ "type": "Point", "coordinates": [-88.6393, 41.6353] }},
{"zip_code":"60108","country":"US","city":"Bloomingdale","state":"Illinois","state_ab":"IL","county":"DuPage","geo_location":{ "type": "Point", "coordinates": [-88.0782, 41.9483] }},
{"zip_code":"60148","country":"US","city":"Lombard","state":"Illinois","state_ab":"IL","county":"DuPage","geo_location":{ "type": "Point", "coordinates": [-88.016, 41.8721] }},
{"zip_code":"60188","country":"US","city":"Carol Stream","state":"Illinois","state_ab":"IL","county":"DuPage","geo_location":{ "type": "Point", "coordinates": [-88.137, 41.9178] }},
{"zip_code":"60522","country":"US","city":"Hinsdale","state":"Illinois","state_ab":"IL","county":"DuPage","geo_location":{ "type": "Point", "coordinates": [-88.0887, 41.8397] }},
{"zip_code":"62838","country":"US","city":"Farina","state":"Illinois","state_ab":"IL","county":"Fayette","geo_location":{ "type": "Point", "coordinates": [-88.7614, 38.8469] }},
{"zip_code":"60962","country":"US","city":"Roberts","state":"Illinois","state_ab":"IL","county":"Ford","geo_location":{ "type": "Point", "coordinates": [-88.1804, 40.6193] }},
{"zip_code":"62812","country":"US","city":"Benton","state":"Illinois","state_ab":"IL","county":"Franklin","geo_location":{ "type": "Point", "coordinates": [-88.9227, 38.0] }},
{"zip_code":"62825","country":"US","city":"Coello","state":"Illinois","state_ab":"IL","county":"Franklin","geo_location":{ "type": "Point", "coordinates": [-89.0672, 37.9946] }},
{"zip_code":"62865","country":"US","city":"Mulkeytown","state":"Illinois","state_ab":"IL","county":"Franklin","geo_location":{ "type": "Point", "coordinates": [-89.1159, 37.9687] }},
{"zip_code":"62078","country":"US","city":"Patterson","state":"Illinois","state_ab":"IL","county":"Greene","geo_location":{ "type": "Point", "coordinates": [-90.3852, 39.3197] }},
{"zip_code":"62092","country":"US","city":"White Hall","state":"Illinois","state_ab":"IL","county":"Greene","geo_location":{ "type": "Point", "coordinates": [-90.4019, 39.4288] }},
{"zip_code":"62955","country":"US","city":"Karbers Ridge","state":"Illinois","state_ab":"IL","county":"Hardin","geo_location":{ "type": "Point", "coordinates": [-88.2383, 37.5008] }},
{"zip_code":"62982","country":"US","city":"Rosiclare","state":"Illinois","state_ab":"IL","county":"Hardin","geo_location":{ "type": "Point", "coordinates": [-88.3462, 37.424] }},
{"zip_code":"60922","country":"US","city":"Chebanse","state":"Illinois","state_ab":"IL","county":"Iroquois","geo_location":{ "type": "Point", "coordinates": [-87.8959, 41.0254] }},
{"zip_code":"60948","country":"US","city":"Loda","state":"Illinois","state_ab":"IL","county":"Iroquois","geo_location":{ "type": "Point", "coordinates": [-88.0927, 40.5241] }},
{"zip_code":"62902","country":"US","city":"Carbondale","state":"Illinois","state_ab":"IL","county":"Jackson","geo_location":{ "type": "Point", "coordinates": [-89.1173, 37.6636] }},
{"zip_code":"62942","country":"US","city":"Grand Tower","state":"Illinois","state_ab":"IL","county":"Jackson","geo_location":{ "type": "Point", "coordinates": [-89.4999, 37.6322] }},
{"zip_code":"62012","country":"US","city":"Brighton","state":"Illinois","state_ab":"IL","county":"Jersey","geo_location":{ "type": "Point", "coordinates": [-90.1443, 39.0361] }},
{"zip_code":"62052","country":"US","city":"Jerseyville","state":"Illinois","state_ab":"IL","county":"Jersey","geo_location":{ "type": "Point", "coordinates": [-90.3338, 39.1213] }},
{"zip_code":"61075","country":"US","city":"Scales Mound","state":"Illinois","state_ab":"IL","county":"Jo Daviess","geo_location":{ "type": "Point", "coordinates": [-90.258, 42.4715] }},
{"zip_code":"62995","country":"US","city":"Vienna","state":"Illinois","state_ab":"IL","county":"Johnson","geo_location":{ "type": "Point", "coordinates": [-88.8879, 37.4205] }},
{"zip_code":"60122","country":"US","city":"Elgin","state":"Illinois","state_ab":"IL","county":"Kane","geo_location":{ "type": "Point", "coordinates": [-88.305, 42.0671] }},
{"zip_code":"60175","country":"US","city":"Saint Charles","state":"Illinois","state_ab":"IL","county":"Kane","geo_location":{ "type": "Point", "coordinates": [-88.3918, 41.9478] }},
{"zip_code":"60935","country":"US","city":"Essex","state":"Illinois","state_ab":"IL","county":"Kankakee","geo_location":{ "type": "Point", "coordinates": [-88.1845, 41.1676] }},
{"zip_code":"61448","country":"US","city":"Knoxville","state":"Illinois","state_ab":"IL","county":"Knox","geo_location":{ "type": "Point", "coordinates": [-90.2871, 40.9107] }},
{"zip_code":"61488","country":"US","city":"Wataga","state":"Illinois","state_ab":"IL","county":"Knox","geo_location":{ "type": "Point", "coordinates": [-90.2723, 41.0224] }},
{"zip_code":"60045","country":"US","city":"Lake Forest","state":"Illinois","state_ab":"IL","county":"Lake","geo_location":{ "type": "Point", "coordinates": [-87.8482, 42.2374] }},
{"zip_code":"60085","country":"US","city":"Waukegan","state":"Illinois","state_ab":"IL","county":"Lake","geo_location":{ "type": "Point", "coordinates": [-87.8651, 42.3542] }},
{"zip_code":"61332","country":"US","city":"Leonore","state":"Illinois","state_ab":"IL","county":"La Salle","geo_location":{ "type": "Point", "coordinates": [-89.0091, 41.1488] }},
{"zip_code":"61358","country":"US","city":"Rutland","state":"Illinois","state_ab":"IL","county":"La Salle","geo_location":{ "type": "Point", "coordinates": [-89.0388, 40.9844] }},
{"zip_code":"61372","country":"US","city":"Troy Grove","state":"Illinois","state_ab":"IL","county":"La Salle","geo_location":{ "type": "Point", "coordinates": [-89.0705, 41.4518] }},
{"zip_code":"61318","country":"US","city":"Compton","state":"Illinois","state_ab":"IL","county":"Lee","geo_location":{ "type": "Point", "coordinates": [-89.0877, 41.685] }}]}