{"value": [{"zip_code":"2539","country":"US","city":"Edgartown","state":"Massachusetts","state_ab":"MA","county":"Dukes","geo_location":{ "type": "Point", "coordinates": [-70.5339, 41.3889] }},
{"zip_code":"1833","country":"US","city":"Georgetown","state":"Massachusetts","state_ab":"MA","county":"Essex","geo_location":{ "type": "Point", "coordinates": [-70.9822, 42.7281] }},
{"zip_code":"1860","country":"US","city":"Merrimac","state":"Massachusetts","state_ab":"MA","county":"Essex","geo_location":{ "type": "Point", "coordinates": [-71.0047, 42.8346] }},
{"zip_code":"1899","country":"US","city":"Andover","state":"Massachusetts","state_ab":"MA","county":"Essex","geo_location":{ "type": "Point", "coordinates": [-70.8791, 42.6354] }},
{"zip_code":"1910","country":"US","city":"Lynn","state":"Massachusetts","state_ab":"MA","county":"Essex","geo_location":{ "type": "Point", "coordinates": [-70.9747, 42.4548] }},
{"zip_code":"1923","country":"US","city":"Danvers","state":"Massachusetts","state_ab":"MA","county":"Essex","geo_location":{ "type": "Point", "coordinates": [-70.9425, 42.5694] }},
{"zip_code":"1936","country":"US","city":"Hamilton","state":"Massachusetts","state_ab":"MA","county":"Essex","geo_location":{ "type": "Point", "coordinates": [-70.8791, 42.6354] }},
{"zip_code":"1949","country":"US","city":"Middleton","state":"Massachusetts","state_ab":"MA","county":"Essex","geo_location":{ "type": "Point", "coordinates": [-71.013, 42.5942] }},
{"zip_code":"1950","country":"US","city":"Newburyport","state":"Massachusetts","state_ab":"MA","county":"Essex","geo_location":{ "type": "Point", "coordinates": [-70.8847, 42.813] }},
{"zip_code":"1330","country":"US","city":"Ashfield","state":"Massachusetts","state_ab":"MA","county":"Franklin","geo_location":{ "type": "Point", "coordinates": [-72.811, 42.5232] }},
{"zip_code":"1369","country":"US","city":"Shattuckville","state":"Massachusetts","state_ab":"MA","county":"Franklin","geo_location":{ "type": "Point", "coordinates": [-72.6242, 42.5222] }},
{"zip_code":"1370","country":"US","city":"Shelburne Falls","state":"Massachusetts","state_ab":"MA","county":"Franklin","geo_location":{ "type": "Point", "coordinates": [-72.7391, 42.6022] }},
{"zip_code":"1020","country":"US","city":"Chicopee","state":"Massachusetts","state_ab":"MA","county":"Hampden","geo_location":{ "type": "Point", "coordinates": [-72.5761, 42.1764] }},
{"zip_code":"1086","country":"US","city":"Westfield","state":"Massachusetts","state_ab":"MA","county":"Hampden","geo_location":{ "type": "Point", "coordinates": [-72.848, 42.1734] }},
{"zip_code":"1109","country":"US","city":"Springfield","state":"Massachusetts","state_ab":"MA","county":"Hampden","geo_location":{ "type": "Point", "coordinates": [-72.5543, 42.1145] }},
{"zip_code":"1033","country":"US","city":"Granby","state":"Massachusetts","state_ab":"MA","county":"Hampshire","geo_location":{ "type": "Point", "coordinates": [-72.52, 42.2557] }},
{"zip_code":"1059","country":"US","city":"North Amherst","state":"Massachusetts","state_ab":"MA","county":"Hampshire","geo_location":{ "type": "Point", "coordinates": [-72.636, 42.3696] }},
{"zip_code":"1060","country":"US","city":"Northampton","state":"Massachusetts","state_ab":"MA","county":"Hampshire","geo_location":{ "type": "Point", "coordinates": [-72.6313, 42.3223] }},
{"zip_code":"1073","country":"US","city":"Southampton","state":"Massachusetts","state_ab":"MA","county":"Hampshire","geo_location":{ "type": "Point", "coordinates": [-72.7194, 42.2247] }},
{"zip_code":"1460","country":"US","city":"Littleton","state":"Massachusetts","state_ab":"MA","county":"Middlesex","geo_location":{ "type": "Point", "coordinates": [-71.4877, 42.5401] }},
{"zip_code":"1703","country":"US","city":"Framingham","state":"Massachusetts","state_ab":"MA","county":"Middlesex","geo_location":{ "type": "Point", "coordinates": [-71.4594, 42.4464] }},
{"zip_code":"1730","country":"US","city":"Bedford","state":"Massachusetts","state_ab":"MA","county":"Middlesex","geo_location":{ "type": "Point", "coordinates": [-71.2768, 42.4843] }},
{"zip_code":"1770","country":"US","city":"Sherborn","state":"Massachusetts","state_ab":"MA","county":"Middlesex","geo_location":{ "type": "Point", "coordinates": [-71.3787, 42.2331] }},
{"zip_code":"1806","country":"US","city":"Woburn","state":"Massachusetts","state_ab":"MA","county":"Middlesex","geo_location":{ "type": "Point", "coordinates": [-71.4594, 42.4464] }},
{"zip_code":"1886","country":"US","city":"Westford","state":"Massachusetts","state_ab":"MA","county":"Middlesex","geo_location":{ "type": "Point", "coordinates": [-71.4401, 42.5864] }},
{"zip_code":"2139","country":"US","city":"Cambridge","state":"Massachusetts","state_ab":"MA","county":"Middlesex","geo_location":{ "type": "Point", "coordinates": [-71.1042, 42.3647] }},
{"zip_code":"2140","country":"US","city":"Cambridge","state":"Massachusetts","state_ab":"MA","county":"Middlesex","geo_location":{ "type": "Point", "coordinates": [-71.1338, 42.3932] }},
{"zip_code":"2153","country":"US","city":"Medford","state":"Massachusetts","state_ab":"MA","county":"Middlesex","geo_location":{ "type": "Point", "coordinates": [-71.4594, 42.4464] }},
{"zip_code":"2166","country":"US","city":"Auburndale","state":"Massachusetts","state_ab":"MA","county":"Middlesex","geo_location":{ "type": "Point", "coordinates": [-71.2431, 42.3461] }},
{"zip_code":"2179","country":"US","city":"Waverley","state":"Massachusetts","state_ab":"MA","county":"Middlesex","geo_location":{ "type": "Point", "coordinates": [-71.4594, 42.4464] }},
{"zip_code":"2180","country":"US","city":"Stoneham","state":"Massachusetts","state_ab":"MA","county":"Middlesex","geo_location":{ "type": "Point", "coordinates": [-71.0978, 42.4828] }},
{"zip_code":"2193","country":"US","city":"Weston","state":"Massachusetts","state_ab":"MA","county":"Middlesex","geo_location":{ "type": "Point", "coordinates": [-71.4594, 42.4464] }},
{"zip_code":"2476","country":"US","city":"Arlington","state":"Massachusetts","state_ab":"MA","county":"Middlesex","geo_location":{ "type": "Point", "coordinates": [-71.1752, 42.4162] }},
{"zip_code":"2090","country":"US","city":"Westwood","state":"Massachusetts","state_ab":"MA","county":"Norfolk","geo_location":{ "type": "Point", "coordinates": [-71.2104, 42.2148] }},
{"zip_code":"2269","country":"US","city":"Quincy","state":"Massachusetts","state_ab":"MA","county":"Norfolk","geo_location":{ "type": "Point", "coordinates": [-71.0892, 42.18] }},
{"zip_code":"2050","country":"US","city":"Marshfield","state":"Massachusetts","state_ab":"MA","county":"Plymouth","geo_location":{ "type": "Point", "coordinates": [-70.6993, 42.1062] }},
{"zip_code":"2333","country":"US","city":"East Bridgewater","state":"Massachusetts","state_ab":"MA","county":"Plymouth","geo_location":{ "type": "Point", "coordinates": [-70.945, 42.0315] }},
{"zip_code":"2346","country":"US","city":"Middleboro","state":"Massachusetts","state_ab":"MA","county":"Plymouth","geo_location":{ "type": "Point", "coordinates": [-70.893, 41.8884] }},
{"zip_code":"2359","country":"US","city":"Pembroke","state":"Massachusetts","state_ab":"MA","county":"Plymouth","geo_location":{ "type": "Point", "coordinates": [-70.8044, 42.0621] }},
{"zip_code":"2360","country":"US","city":"Plymouth","state":"Massachusetts","state_ab":"MA","county":"Plymouth","geo_location":{ "type": "Point", "coordinates": [-70.642, 41.9104] }},
{"zip_code":"2113","country":"US","city":"Boston","state":"Massachusetts","state_ab":"MA","county":"Suffolk","geo_location":{ "type": "Point", "coordinates": [-71.056, 42.3657] }},
{"zip_code":"2126","country":"US","city":"Mattapan","state":"Massachusetts","state_ab":"MA","county":"Suffolk","geo_location":{ "type": "Point", "coordinates": [-71.0939, 42.2739] }},
{"zip_code":"2203","country":"US","city":"Boston","state":"Massachusetts","state_ab":"MA","county":"Suffolk","geo_location":{ "type": "Point", "coordinates": [-71.0604, 42.3615] }},
{"zip_code":"2216","country":"US","city":"Boston","state":"Massachusetts","state_ab":"MA","county":"Suffolk","geo_location":{ "type": "Point", "coordinates": [-70.9196, 42.3389] }},
{"zip_code":"2283","country":"US","city":"Boston","state":"Massachusetts","state_ab":"MA","county":"Suffolk","geo_location":{ "type": "Point", "coordinates": [-70.9196, 42.3389] }},
{"zip_code":"1420","country":"US","city":"Fitchburg","state":"Massachusetts","state_ab":"MA","county":"Worcester","geo_location":{ "type": "Point", "coordinates": [-71.8031, 42.5796] }},
{"zip_code":"1433","country":"US","city":"Ft Devens","state":"Massachusetts","state_ab":"MA","county":"Worcester County","geo_location":{ "type": "Point", "coordinates": [-71.6215, 42.5336] }},
{"zip_code":"1473","country":"US","city":"Westminster","state":"Massachusetts","state_ab":"MA","county":"Worcester","geo_location":{ "type": "Point", "coordinates": [-71.9096, 42.5483] }},
{"zip_code":"1509","country":"US","city":"Charlton Depot","state":"Massachusetts","state_ab":"MA","county":"Worcester","geo_location":{ "type": "Point", "coordinates": [-71.8969, 42.3648] }},
{"zip_code":"1510","country":"US","city":"Clinton","state":"Massachusetts","state_ab":"MA","county":"Worcester","geo_location":{ "type": "Point", "coordinates": [-71.6828, 42.4181] }},
{"zip_code":"1523","country":"US","city":"Lancaster","state":"Massachusetts","state_ab":"MA","county":"Worcester","geo_location":{ "type": "Point", "coordinates": [-71.6868, 42.451] }},
{"zip_code":"1536","country":"US","city":"North Grafton","state":"Massachusetts","state_ab":"MA","county":"Worcester","geo_location":{ "type": "Point", "coordinates": [-71.7037, 42.2297] }},
{"zip_code":"1550","country":"US","city":"Southbridge","state":"Massachusetts","state_ab":"MA","county":"Worcester","geo_location":{ "type": "Point", "coordinates": [-72.0353, 42.075] }},
{"zip_code":"1590","country":"US","city":"Sutton","state":"Massachusetts","state_ab":"MA","county":"Worcester","geo_location":{ "type": "Point", "coordinates": [-71.7552, 42.1266] }},
{"zip_code":"1613","country":"US","city":"Worcester","state":"Massachusetts","state_ab":"MA","county":"Worcester","geo_location":{ "type": "Point", "coordinates": [-71.802, 42.2933] }},
{"zip_code":"1653","country":"US","city":"Worcester","state":"Massachusetts","state_ab":"MA","county":"Worcester","geo_location":{ "type": "Point", "coordinates": [-71.8969, 42.3648] }},
{"zip_code":"1756","country":"US","city":"Mendon","state":"Massachusetts","state_ab":"MA","county":"Worcester","geo_location":{ "type": "Point", "coordinates": [-71.5499, 42.0967] }},
{"zip_code":"21503","country":"US","city":"Cumberland","state":"Maryland","state_ab":"MD","county":"Allegany","geo_location":{ "type": "Point", "coordinates": [-78.6906, 39.5807] }},
{"zip_code":"21529","country":"US","city":"Ellerslie","state":"Maryland","state_ab":"MD","county":"Allegany","geo_location":{ "type": "Point", "coordinates": [-78.7774, 39.7083] }},
{"zip_code":"21530","country":"US","city":"Flintstone","state":"Maryland","state_ab":"MD","county":"Allegany","geo_location":{ "type": "Point", "coordinates": [-78.5739, 39.6993] }},
{"zip_code":"21543","country":"US","city":"Midlothian","state":"Maryland","state_ab":"MD","county":"Allegany","geo_location":{ "type": "Point", "coordinates": [-78.9604, 39.6339] }},
{"zip_code":"21556","country":"US","city":"Pinto","state":"Maryland","state_ab":"MD","county":"Allegany","geo_location":{ "type": "Point", "coordinates": [-78.844, 39.5725] }},
{"zip_code":"20733","country":"US","city":"Churchton","state":"Maryland","state_ab":"MD","county":"Anne Arundel","geo_location":{ "type": "Point", "coordinates": [-76.5248, 38.8018] }},
{"zip_code":"21013","country":"US","city":"Baldwin","state":"Maryland","state_ab":"MD","county":"Baltimore","geo_location":{ "type": "Point", "coordinates": [-76.4927, 39.5194] }},
{"zip_code":"21053","country":"US","city":"Freeland","state":"Maryland","state_ab":"MD","county":"Baltimore","geo_location":{ "type": "Point", "coordinates": [-76.7223, 39.694] }},
{"zip_code":"21093","country":"US","city":"Lutherville Timonium","state":"Maryland","state_ab":"MD","county":"Baltimore","geo_location":{ "type": "Point", "coordinates": [-76.6546, 39.4332] }},
{"zip_code":"21156","country":"US","city":"Upper Falls","state":"Maryland","state_ab":"MD","county":"Baltimore","geo_location":{ "type": "Point", "coordinates": [-76.3966, 39.4372] }},
{"zip_code":"21219","country":"US","city":"Sparrows Point","state":"Maryland","state_ab":"MD","county":"Baltimore","geo_location":{ "type": "Point", "coordinates": [-76.4455, 39.2296] }},
{"zip_code":"21220","country":"US","city":"Middle River","state":"Maryland","state_ab":"MD","county":"Baltimore","geo_location":{ "type": "Point", "coordinates": [-76.4153, 39.3401] }},
{"zip_code":"21286","country":"US","city":"Towson","state":"Maryland","state_ab":"MD","county":"Baltimore","geo_location":{ "type": "Point", "coordinates": [-76.5761, 39.4143] }},
{"zip_code":"20629","country":"US","city":"Dowell","state":"Maryland","state_ab":"MD","county":"Calvert","geo_location":{ "type": "Point", "coordinates": [-76.4524, 38.3364] }},
{"zip_code":"21660","country":"US","city":"Ridgely","state":"Maryland","state_ab":"MD","county":"Caroline","geo_location":{ "type": "Point", "coordinates": [-75.8848, 38.9568] }},
{"zip_code":"21686","country":"US","city":"Ridgely","state":"Maryland","state_ab":"MD","county":"Caroline","geo_location":{ "type": "Point", "coordinates": [-75.8612, 38.8893] }},
{"zip_code":"21080","country":"US","city":"Henryton","state":"Maryland","state_ab":"MD","county":"Carroll","geo_location":{ "type": "Point", "coordinates": [-77.0493, 39.5347] }},
{"zip_code":"21776","country":"US","city":"New Windsor","state":"Maryland","state_ab":"MD","county":"Carroll","geo_location":{ "type": "Point", "coordinates": [-77.1034, 39.5162] }},
{"zip_code":"21903","country":"US","city":"Perryville","state":"Maryland","state_ab":"MD","county":"Cecil","geo_location":{ "type": "Point", "coordinates": [-76.0592, 39.5649] }},
{"zip_code":"21916","country":"US","city":"Childs","state":"Maryland","state_ab":"MD","county":"Cecil","geo_location":{ "type": "Point", "coordinates": [-76.0, 39.5415] }},
{"zip_code":"21930","country":"US","city":"Georgetown","state":"Maryland","state_ab":"MD","county":"Cecil","geo_location":{ "type": "Point", "coordinates": [-75.8845, 39.3662] }},
{"zip_code":"20603","country":"US","city":"Waldorf","state":"Maryland","state_ab":"MD","county":"Charles","geo_location":{ "type": "Point", "coordinates": [-76.9769, 38.6294] }},
{"zip_code":"20616","country":"US","city":"Bryans Road","state":"Maryland","state_ab":"MD","county":"Charles","geo_location":{ "type": "Point", "coordinates": [-77.0766, 38.6415] }},
{"zip_code":"20643","country":"US","city":"Ironsides","state":"Maryland","state_ab":"MD","county":"Charles","geo_location":{ "type": "Point", "coordinates": [-77.1483, 38.5039] }},
{"zip_code":"21659","country":"US","city":"Rhodesdale","state":"Maryland","state_ab":"MD","county":"Dorchester","geo_location":{ "type": "Point", "coordinates": [-75.7749, 38.603] }},
{"zip_code":"21709","country":"US","city":"Frederick","state":"Maryland","state_ab":"MD","county":"Frederick","geo_location":{ "type": "Point", "coordinates": [-77.3921, 39.47] }},
{"zip_code":"21710","country":"US","city":"Adamstown","state":"Maryland","state_ab":"MD","county":"Frederick","geo_location":{ "type": "Point", "coordinates": [-77.4552, 39.291] }},
{"zip_code":"21790","country":"US","city":"Tuscarora","state":"Maryland","state_ab":"MD","county":"Frederick","geo_location":{ "type": "Point", "coordinates": [-77.5101, 39.2667] }},
{"zip_code":"21040","country":"US","city":"Edgewood","state":"Maryland","state_ab":"MD","county":"Harford","geo_location":{ "type": "Point", "coordinates": [-76.3055, 39.4277] }},
{"zip_code":"21130","country":"US","city":"Perryman","state":"Maryland","state_ab":"MD","county":"Harford","geo_location":{ "type": "Point", "coordinates": [-76.2117, 39.4716] }},
{"zip_code":"20759","country":"US","city":"Fulton","state":"Maryland","state_ab":"MD","county":"Howard","geo_location":{ "type": "Point", "coordinates": [-76.93, 39.1502] }},
{"zip_code":"21723","country":"US","city":"Cooksville","state":"Maryland","state_ab":"MD","county":"Howard","geo_location":{ "type": "Point", "coordinates": [-77.0051, 39.3211] }},
{"zip_code":"21620","country":"US","city":"Chestertown","state":"Maryland","state_ab":"MD","county":"Kent","geo_location":{ "type": "Point", "coordinates": [-76.0802, 39.2125] }},
{"zip_code":"21646","country":"US","city":"Betterton","state":"Maryland","state_ab":"MD","county":"Kent County","geo_location":{ "type": "Point", "coordinates": [-76.0628, 39.2952] }},
{"zip_code":"20810","country":"US","city":"Bethesda","state":"Maryland","state_ab":"MD","county":"Montgomery County","geo_location":{ "type": "Point", "coordinates": [-77.1008, 38.9806] }},
{"zip_code":"20849","country":"US","city":"Rockville","state":"Maryland","state_ab":"MD","county":"Montgomery","geo_location":{ "type": "Point", "coordinates": [-77.2076, 39.144] }},
{"zip_code":"20850","country":"US","city":"Rockville","state":"Maryland","state_ab":"MD","county":"Montgomery","geo_location":{ "type": "Point", "coordinates": [-77.168, 39.087] }},
{"zip_code":"20876","country":"US","city":"Germantown","state":"Maryland","state_ab":"MD","county":"Montgomery","geo_location":{ "type": "Point", "coordinates": [-77.2358, 39.188] }},
{"zip_code":"20889","country":"US","city":"Bethesda","state":"Maryland","state_ab":"MD","county":"Montgomery","geo_location":{ "type": "Point", "coordinates": [-77.2076, 39.144] }},
{"zip_code":"20890","country":"US","city":"Suburb Maryland Fac","state":"Maryland","state_ab":"MD","county":"Montgomery County","geo_location":{ "type": "Point", "coordinates": [-77.1578, 39.0984] }},
{"zip_code":"20900","country":"US","city":"Silver Spring","state":"Maryland","state_ab":"MD","county":"Montgomery County","geo_location":{ "type": "Point", "coordinates": [-77.0366, 39.0017] }},
{"zip_code":"20993","country":"US","city":"Silver Spring","state":"Maryland","state_ab":"MD","county":"Montgomery County","geo_location":{ "type": "Point", "coordinates": [-76.9861, 39.0336] }},
{"zip_code":"20706","country":"US","city":"Lanham","state":"Maryland","state_ab":"MD","county":"Prince George's","geo_location":{ "type": "Point", "coordinates": [-76.8551, 38.9675] }},
{"zip_code":"20719","country":"US","city":"Bowie","state":"Maryland","state_ab":"MD","county":"Prince George's","geo_location":{ "type": "Point", "coordinates": [-76.8777, 38.8336] }},
{"zip_code":"20720","country":"US","city":"Bowie","state":"Maryland","state_ab":"MD","county":"Prince George's","geo_location":{ "type": "Point", "coordinates": [-76.791, 38.9885] }},
{"zip_code":"20746","country":"US","city":"Suitland","state":"Maryland","state_ab":"MD","county":"Prince George's","geo_location":{ "type": "Point", "coordinates": [-76.9222, 38.8425] }},
{"zip_code":"20773","country":"US","city":"Upper Marlboro","state":"Maryland","state_ab":"MD","county":"Prince George's","geo_location":{ "type": "Point", "coordinates": [-76.8777, 38.8336] }},
{"zip_code":"20799","country":"US","city":"Capitol Heights","state":"Maryland","state_ab":"MD","county":"Prince George's","geo_location":{ "type": "Point", "coordinates": [-76.8777, 38.8336] }},
{"zip_code":"20913","country":"US","city":"Takoma Park","state":"Maryland","state_ab":"MD","county":"Prince George's","geo_location":{ "type": "Point", "coordinates": [-76.8777, 38.8336] }},
{"zip_code":"21619","country":"US","city":"Chester","state":"Maryland","state_ab":"MD","county":"Queen Anne's","geo_location":{ "type": "Point", "coordinates": [-76.2842, 38.9583] }},
{"zip_code":"20630","country":"US","city":"Drayden","state":"Maryland","state_ab":"MD","county":"St. Mary's","geo_location":{ "type": "Point", "coordinates": [-76.4731, 38.1719] }},
{"zip_code":"20656","country":"US","city":"Loveville","state":"Maryland","state_ab":"MD","county":"St. Mary's","geo_location":{ "type": "Point", "coordinates": [-76.6833, 38.3593] }},
{"zip_code":"20670","country":"US","city":"Patuxent River","state":"Maryland","state_ab":"MD","county":"St. Mary's","geo_location":{ "type": "Point", "coordinates": [-76.4381, 38.2791] }},
{"zip_code":"21853","country":"US","city":"Princess Anne","state":"Maryland","state_ab":"MD","county":"Somerset","geo_location":{ "type": "Point", "coordinates": [-75.7072, 38.1919] }},
{"zip_code":"21866","country":"US","city":"Tylerton","state":"Maryland","state_ab":"MD","county":"Somerset","geo_location":{ "type": "Point", "coordinates": [-76.0235, 37.9666] }},
{"zip_code":"21606","country":"US","city":"Easton","state":"Maryland","state_ab":"MD","county":"Talbot","geo_location":{ "type": "Point", "coordinates": [-76.1802, 38.7585] }},
{"zip_code":"21673","country":"US","city":"Trappe","state":"Maryland","state_ab":"MD","county":"Talbot","geo_location":{ "type": "Point", "coordinates": [-76.0507, 38.6647] }},
{"zip_code":"21736","country":"US","city":"Gapland","state":"Maryland","state_ab":"MD","county":"Washington","geo_location":{ "type": "Point", "coordinates": [-77.9162, 39.5207] }},
{"zip_code":"21749","country":"US","city":"Hagerstown","state":"Maryland","state_ab":"MD","county":"Washington","geo_location":{ "type": "Point", "coordinates": [-77.9162, 39.5207] }},
{"zip_code":"21750","country":"US","city":"Hancock","state":"Maryland","state_ab":"MD","county":"Washington","geo_location":{ "type": "Point", "coordinates": [-78.1762, 39.6991] }},
{"zip_code":"21826","country":"US","city":"Fruitland","state":"Maryland","state_ab":"MD","county":"Wicomico","geo_location":{ "type": "Point", "coordinates": [-75.6228, 38.3225] }},
{"zip_code":"21840","country":"US","city":"Nanticoke","state":"Maryland","state_ab":"MD","county":"Wicomico","geo_location":{ "type": "Point", "coordinates": [-75.9021, 38.2672] }},
{"zip_code":"21813","country":"US","city":"Bishopville","state":"Maryland","state_ab":"MD","county":"Worcester","geo_location":{ "type": "Point", "coordinates": [-75.1855, 38.4296] }},
{"zip_code":"21206","country":"US","city":"Baltimore","state":"Maryland","state_ab":"MD","county":"Baltimore (city)","geo_location":{ "type": "Point", "coordinates": [-76.5411, 39.3365] }},
{"zip_code":"21233","country":"US","city":"Baltimore","state":"Maryland","state_ab":"MD","county":"Baltimore (city)","geo_location":{ "type": "Point", "coordinates": [-76.6205, 39.2847] }},
{"zip_code":"21260","country":"US","city":"Baltimore","state":"Maryland","state_ab":"MD","county":"Baltimore (city)","geo_location":{ "type": "Point", "coordinates": [-76.6205, 39.2847] }},
{"zip_code":"21273","country":"US","city":"Baltimore","state":"Maryland","state_ab":"MD","county":"Baltimore (city)","geo_location":{ "type": "Point", "coordinates": [-76.6205, 39.2847] }},
{"zip_code":"4210","country":"US","city":"Auburn","state":"Maine","state_ab":"ME","county":"Androscoggin","geo_location":{ "type": "Point", "coordinates": [-70.239, 44.0948] }},
{"zip_code":"4223","country":"US","city":"Danville","state":"Maine","state_ab":"ME","county":"Androscoggin","geo_location":{ "type": "Point", "coordinates": [-70.2857, 44.0239] }},
{"zip_code":"4236","country":"US","city":"Greene","state":"Maine","state_ab":"ME","county":"Androscoggin","geo_location":{ "type": "Point", "coordinates": [-70.1455, 44.1891] }},
{"zip_code":"4250","country":"US","city":"Lisbon","state":"Maine","state_ab":"ME","county":"Androscoggin","geo_location":{ "type": "Point", "coordinates": [-70.1139, 44.0255] }},
{"zip_code":"4263","country":"US","city":"Leeds","state":"Maine","state_ab":"ME","county":"Androscoggin","geo_location":{ "type": "Point", "coordinates": [-70.1253, 44.2834] }},
{"zip_code":"4739","country":"US","city":"Eagle Lake","state":"Maine","state_ab":"ME","county":"Aroostook","geo_location":{ "type": "Point", "coordinates": [-68.691, 47.01] }},
{"zip_code":"4740","country":"US","city":"Easton","state":"Maine","state_ab":"ME","county":"Aroostook","geo_location":{ "type": "Point", "coordinates": [-67.9018, 46.6357] }},
{"zip_code":"4766","country":"US","city":"Perham","state":"Maine","state_ab":"ME","county":"Aroostook","geo_location":{ "type": "Point", "coordinates": [-68.2391, 46.8816] }},
{"zip_code":"4779","country":"US","city":"Sinclair","state":"Maine","state_ab":"ME","county":"Aroostook","geo_location":{ "type": "Point", "coordinates": [-68.323, 47.1222] }},
{"zip_code":"4780","country":"US","city":"Smyrna Mills","state":"Maine","state_ab":"ME","county":"Aroostook","geo_location":{ "type": "Point", "coordinates": [-68.2064, 46.1464] }},
{"zip_code":"4003","country":"US","city":"Bailey Island","state":"Maine","state_ab":"ME","county":"Cumberland","geo_location":{ "type": "Point", "coordinates": [-69.9952, 43.7341] }},
{"zip_code":"4029","country":"US","city":"Sebago","state":"Maine","state_ab":"ME","county":"Cumberland","geo_location":{ "type": "Point", "coordinates": [-70.6878, 43.9017] }},
{"zip_code":"4069","country":"US","city":"Pownal","state":"Maine","state_ab":"ME","county":"Cumberland","geo_location":{ "type": "Point", "coordinates": [-70.1955, 43.89] }},
{"zip_code":"4070","country":"US","city":"Scarborough","state":"Maine","state_ab":"ME","county":"Cumberland","geo_location":{ "type": "Point", "coordinates": [-70.2736, 43.577] }},
{"zip_code":"4096","country":"US","city":"Yarmouth","state":"Maine","state_ab":"ME","county":"Cumberland","geo_location":{ "type": "Point", "coordinates": [-70.175, 43.8009] }},
{"zip_code":"4106","country":"US","city":"South Portland","state":"Maine","state_ab":"ME","county":"Cumberland","geo_location":{ "type": "Point", "coordinates": [-70.2709, 43.6318] }},
{"zip_code":"4416","country":"US","city":"Bucksport","state":"Maine","state_ab":"ME","county":"Hancock","geo_location":{ "type": "Point", "coordinates": [-68.7768, 44.6015] }},
{"zip_code":"4609","country":"US","city":"Bar Harbor","state":"Maine","state_ab":"ME","county":"Hancock","geo_location":{ "type": "Point", "coordinates": [-68.2448, 44.3738] }},
{"zip_code":"4650","country":"US","city":"Little Deer Isle","state":"Maine","state_ab":"ME","county":"Hancock","geo_location":{ "type": "Point", "coordinates": [-68.7058, 44.2847] }},
{"zip_code":"4676","country":"US","city":"Sedgwick","state":"Maine","state_ab":"ME","county":"Hancock","geo_location":{ "type": "Point", "coordinates": [-68.6377, 44.3355] }},
{"zip_code":"14536","country":"US","city":"Portageville","state":"New York","state_ab":"NY","county":"Wyoming","geo_location":{ "type": "Point", "coordinates": [-78.0856, 42.557] }},
{"zip_code":"14549","country":"US","city":"Silver Lake","state":"New York","state_ab":"NY","county":"Wyoming","geo_location":{ "type": "Point", "coordinates": [-78.0224, 42.6929] }},
{"zip_code":"14550","country":"US","city":"Silver Springs","state":"New York","state_ab":"NY","county":"Wyoming","geo_location":{ "type": "Point", "coordinates": [-78.0845, 42.6742] }},
{"zip_code":"45679","country":"US","city":"Seaman","state":"Ohio","state_ab":"OH","county":"Adams","geo_location":{ "type": "Point", "coordinates": [-83.5936, 38.9621] }},
{"zip_code":"45693","country":"US","city":"West Union","state":"Ohio","state_ab":"OH","county":"Adams","geo_location":{ "type": "Point", "coordinates": [-83.5333, 38.8017] }},
{"zip_code":"45820","country":"US","city":"Cairo","state":"Ohio","state_ab":"OH","county":"Allen","geo_location":{ "type": "Point", "coordinates": [-84.0852, 40.8304] }},
{"zip_code":"45833","country":"US","city":"Delphos","state":"Ohio","state_ab":"OH","county":"Allen","geo_location":{ "type": "Point", "coordinates": [-84.3247, 40.8336] }},
{"zip_code":"44003","country":"US","city":"Andover","state":"Ohio","state_ab":"OH","county":"Ashtabula","geo_location":{ "type": "Point", "coordinates": [-80.5754, 41.6225] }},
{"zip_code":"44030","country":"US","city":"Conneaut","state":"Ohio","state_ab":"OH","county":"Ashtabula","geo_location":{ "type": "Point", "coordinates": [-80.5803, 41.9345] }},
{"zip_code":"45716","country":"US","city":"Buchtel","state":"Ohio","state_ab":"OH","county":"Athens","geo_location":{ "type": "Point", "coordinates": [-82.1794, 39.4522] }},
{"zip_code":"45806","country":"US","city":"Lima","state":"Ohio","state_ab":"OH","county":"Auglaize","geo_location":{ "type": "Point", "coordinates": [-84.1244, 40.6752] }},
{"zip_code":"45819","country":"US","city":"Buckland","state":"Ohio","state_ab":"OH","county":"Auglaize","geo_location":{ "type": "Point", "coordinates": [-84.2603, 40.6241] }},
{"zip_code":"43916","country":"US","city":"Colerain","state":"Ohio","state_ab":"OH","county":"Belmont","geo_location":{ "type": "Point", "coordinates": [-80.8149, 40.1224] }},
{"zip_code":"43983","country":"US","city":"Piedmont","state":"Ohio","state_ab":"OH","county":"Belmont","geo_location":{ "type": "Point", "coordinates": [-81.2145, 40.1507] }},
{"zip_code":"45020","country":"US","city":"Hamilton","state":"Ohio","state_ab":"OH","county":"Butler","geo_location":{ "type": "Point", "coordinates": [-84.5757, 39.441] }},
{"zip_code":"45073","country":"US","city":"Monroe","state":"Ohio","state_ab":"OH","county":"Butler","geo_location":{ "type": "Point", "coordinates": [-84.5757, 39.441] }},
{"zip_code":"45099","country":"US","city":"Monroe","state":"Ohio","state_ab":"OH","county":"Butler","geo_location":{ "type": "Point", "coordinates": [-84.5757, 39.441] }},
{"zip_code":"45369","country":"US","city":"South Vienna","state":"Ohio","state_ab":"OH","county":"Clark","geo_location":{ "type": "Point", "coordinates": [-83.6157, 39.9473] }},
{"zip_code":"45150","country":"US","city":"Milford","state":"Ohio","state_ab":"OH","county":"Clermont","geo_location":{ "type": "Point", "coordinates": [-84.233, 39.1657] }},
{"zip_code":"45176","country":"US","city":"Williamsburg","state":"Ohio","state_ab":"OH","county":"Clermont","geo_location":{ "type": "Point", "coordinates": [-84.0432, 39.0753] }},
{"zip_code":"44856","country":"US","city":"North Robinson","state":"Ohio","state_ab":"OH","county":"Crawford","geo_location":{ "type": "Point", "coordinates": [-82.8566, 40.7934] }},
{"zip_code":"44070","country":"US","city":"North Olmsted","state":"Ohio","state_ab":"OH","county":"Cuyahoga","geo_location":{ "type": "Point", "coordinates": [-81.9131, 41.4201] }},
{"zip_code":"44106","country":"US","city":"Cleveland","state":"Ohio","state_ab":"OH","county":"Cuyahoga","geo_location":{ "type": "Point", "coordinates": [-81.6076, 41.5084] }},
{"zip_code":"44119","country":"US","city":"Cleveland","state":"Ohio","state_ab":"OH","county":"Cuyahoga","geo_location":{ "type": "Point", "coordinates": [-81.5468, 41.5882] }},
{"zip_code":"44120","country":"US","city":"Cleveland","state":"Ohio","state_ab":"OH","county":"Cuyahoga","geo_location":{ "type": "Point", "coordinates": [-81.5839, 41.4714] }},
{"zip_code":"44133","country":"US","city":"North Royalton","state":"Ohio","state_ab":"OH","county":"Cuyahoga","geo_location":{ "type": "Point", "coordinates": [-81.7457, 41.3232] }},
{"zip_code":"44146","country":"US","city":"Bedford","state":"Ohio","state_ab":"OH","county":"Cuyahoga","geo_location":{ "type": "Point", "coordinates": [-81.5232, 41.3921] }},
{"zip_code":"44186","country":"US","city":"Cleveland","state":"Ohio","state_ab":"OH","county":"Cuyahoga","geo_location":{ "type": "Point", "coordinates": [-81.6728, 41.6857] }},
{"zip_code":"44199","country":"US","city":"Cleveland","state":"Ohio","state_ab":"OH","county":"Cuyahoga","geo_location":{ "type": "Point", "coordinates": [-81.6728, 41.6857] }},
{"zip_code":"45303","country":"US","city":"Ansonia","state":"Ohio","state_ab":"OH","county":"Darke","geo_location":{ "type": "Point", "coordinates": [-84.6406, 40.2151] }},
{"zip_code":"45329","country":"US","city":"Gordon","state":"Ohio","state_ab":"OH","county":"Darke","geo_location":{ "type": "Point", "coordinates": [-84.6191, 40.1354] }},
{"zip_code":"43530","country":"US","city":"Jewell","state":"Ohio","state_ab":"OH","county":"Defiance","geo_location":{ "type": "Point", "coordinates": [-84.2793, 41.3258] }},
{"zip_code":"43556","country":"US","city":"Sherwood","state":"Ohio","state_ab":"OH","county":"Defiance","geo_location":{ "type": "Point", "coordinates": [-84.5417, 41.2946] }},
{"zip_code":"43066","country":"US","city":"Radnor","state":"Ohio","state_ab":"OH","county":"Delaware","geo_location":{ "type": "Point", "coordinates": [-83.1781, 40.3918] }},
{"zip_code":"44816","country":"US","city":"Birmingham","state":"Ohio","state_ab":"OH","county":"Erie","geo_location":{ "type": "Point", "coordinates": [-82.355, 41.3349] }},
{"zip_code":"44870","country":"US","city":"Sandusky","state":"Ohio","state_ab":"OH","county":"Erie","geo_location":{ "type": "Point", "coordinates": [-82.7063, 41.4349] }},
{"zip_code":"43130","country":"US","city":"Lancaster","state":"Ohio","state_ab":"OH","county":"Fairfield","geo_location":{ "type": "Point", "coordinates": [-82.6031, 39.7187] }},
{"zip_code":"43026","country":"US","city":"Hilliard","state":"Ohio","state_ab":"OH","county":"Franklin","geo_location":{ "type": "Point", "coordinates": [-83.1383, 40.0322] }},
{"zip_code":"43196","country":"US","city":"Groveport","state":"Ohio","state_ab":"OH","county":"Franklin County","geo_location":{ "type": "Point", "coordinates": [-82.8992, 39.831] }},
{"zip_code":"43206","country":"US","city":"Columbus","state":"Ohio","state_ab":"OH","county":"Franklin","geo_location":{ "type": "Point", "coordinates": [-82.9748, 39.9426] }},
{"zip_code":"43219","country":"US","city":"Columbus","state":"Ohio","state_ab":"OH","county":"Franklin","geo_location":{ "type": "Point", "coordinates": [-82.9103, 40.0326] }},
{"zip_code":"43220","country":"US","city":"Columbus","state":"Ohio","state_ab":"OH","county":"Franklin","geo_location":{ "type": "Point", "coordinates": [-83.0669, 40.0495] }},
{"zip_code":"43260","country":"US","city":"Columbus","state":"Ohio","state_ab":"OH","county":"Franklin","geo_location":{ "type": "Point", "coordinates": [-83.0114, 39.969] }},
{"zip_code":"43299","country":"US","city":"Columbus","state":"Ohio","state_ab":"OH","county":"Franklin","geo_location":{ "type": "Point", "coordinates": [-83.0114, 39.969] }},
{"zip_code":"45316","country":"US","city":"Clifton","state":"Ohio","state_ab":"OH","county":"Greene","geo_location":{ "type": "Point", "coordinates": [-83.8256, 39.797] }},
{"zip_code":"45370","country":"US","city":"Spring Valley","state":"Ohio","state_ab":"OH","county":"Greene","geo_location":{ "type": "Point", "coordinates": [-84.026, 39.6083] }},
{"zip_code":"45433","country":"US","city":"Dayton","state":"Ohio","state_ab":"OH","county":"Greene","geo_location":{ "type": "Point", "coordinates": [-84.059, 39.8138] }},
{"zip_code":"45730","country":"US","city":"Fly","state":"Ohio","state_ab":"OH","county":"Greene County","geo_location":{ "type": "Point", "coordinates": [-81.0137, 39.5732] }},
{"zip_code":"43723","country":"US","city":"Byesville","state":"Ohio","state_ab":"OH","county":"Guernsey","geo_location":{ "type": "Point", "coordinates": [-81.5485, 39.9623] }},
{"zip_code":"43736","country":"US","city":"Fairview","state":"Ohio","state_ab":"OH","county":"Guernsey","geo_location":{ "type": "Point", "coordinates": [-81.2558, 40.065] }},
{"zip_code":"43749","country":"US","city":"Kimbolton","state":"Ohio","state_ab":"OH","county":"Guernsey","geo_location":{ "type": "Point", "coordinates": [-81.549, 40.1589] }},
{"zip_code":"43750","country":"US","city":"Kipling","state":"Ohio","state_ab":"OH","county":"Guernsey","geo_location":{ "type": "Point", "coordinates": [-81.5006, 39.9945] }},
{"zip_code":"45033","country":"US","city":"Hooven","state":"Ohio","state_ab":"OH","county":"Hamilton","geo_location":{ "type": "Point", "coordinates": [-84.7627, 39.1773] }},
{"zip_code":"45213","country":"US","city":"Cincinnati","state":"Ohio","state_ab":"OH","county":"Hamilton","geo_location":{ "type": "Point", "coordinates": [-84.4204, 39.1802] }},
{"zip_code":"45226","country":"US","city":"Cincinnati","state":"Ohio","state_ab":"OH","county":"Hamilton","geo_location":{ "type": "Point", "coordinates": [-84.4312, 39.1174] }},
{"zip_code":"45239","country":"US","city":"Cincinnati","state":"Ohio","state_ab":"OH","county":"Hamilton","geo_location":{ "type": "Point", "coordinates": [-84.5799, 39.2045] }},
{"zip_code":"45240","country":"US","city":"Cincinnati","state":"Ohio","state_ab":"OH","county":"Hamilton","geo_location":{ "type": "Point", "coordinates": [-84.5288, 39.2851] }},
{"zip_code":"45253","country":"US","city":"Cincinnati","state":"Ohio","state_ab":"OH","county":"Hamilton","geo_location":{ "type": "Point", "coordinates": [-84.5382, 39.1668] }},
{"zip_code":"45280","country":"US","city":"Cincinnati","state":"Ohio","state_ab":"OH","county":"Hamilton County","geo_location":{ "type": "Point", "coordinates": [-84.4942, 39.1581] }},
{"zip_code":"45950","country":"US","city":"Cincinnati","state":"Ohio","state_ab":"OH","county":"Hamilton County","geo_location":{ "type": "Point", "coordinates": [-84.4569, 39.1619] }},
{"zip_code":"45859","country":"US","city":"Mc Guffey","state":"Ohio","state_ab":"OH","county":"Hardin","geo_location":{ "type": "Point", "coordinates": [-83.8111, 40.6899] }},
{"zip_code":"43516","country":"US","city":"Deshler","state":"Ohio","state_ab":"OH","county":"Henry","geo_location":{ "type": "Point", "coordinates": [-83.8964, 41.2239] }},
{"zip_code":"45110","country":"US","city":"Buford","state":"Ohio","state_ab":"OH","county":"Highland","geo_location":{ "type": "Point", "coordinates": [-83.8484, 39.0743] }},
{"zip_code":"45123","country":"US","city":"Greenfield","state":"Ohio","state_ab":"OH","county":"Highland","geo_location":{ "type": "Point", "coordinates": [-83.3898, 39.3478] }},
{"zip_code":"44610","country":"US","city":"Berlin","state":"Ohio","state_ab":"OH","county":"Holmes","geo_location":{ "type": "Point", "coordinates": [-81.8766, 40.5474] }},
{"zip_code":"44690","country":"US","city":"Winesburg","state":"Ohio","state_ab":"OH","county":"Holmes","geo_location":{ "type": "Point", "coordinates": [-81.6817, 40.6165] }},
{"zip_code":"45640","country":"US","city":"Jackson","state":"Ohio","state_ab":"OH","county":"Jackson","geo_location":{ "type": "Point", "coordinates": [-82.6472, 39.0428] }},
{"zip_code":"43903","country":"US","city":"Amsterdam","state":"Ohio","state_ab":"OH","county":"Jefferson","geo_location":{ "type": "Point", "coordinates": [-80.9596, 40.4731] }},
{"zip_code":"43930","country":"US","city":"Hammondsville","state":"Ohio","state_ab":"OH","county":"Jefferson","geo_location":{ "type": "Point", "coordinates": [-80.7659, 40.5676] }},
{"zip_code":"43943","country":"US","city":"Rayland","state":"Ohio","state_ab":"OH","county":"Jefferson","geo_location":{ "type": "Point", "coordinates": [-80.7125, 40.2083] }},
{"zip_code":"43970","country":"US","city":"Wolf Run","state":"Ohio","state_ab":"OH","county":"Jefferson","geo_location":{ "type": "Point", "coordinates": [-80.8892, 40.4695] }},
{"zip_code":"44096","country":"US","city":"Willoughby","state":"Ohio","state_ab":"OH","county":"Lake","geo_location":{ "type": "Point", "coordinates": [-81.249, 41.9107] }},
{"zip_code":"45680","country":"US","city":"South Point","state":"Ohio","state_ab":"OH","county":"Lawrence","geo_location":{ "type": "Point", "coordinates": [-82.5529, 38.4339] }},
{"zip_code":"43013","country":"US","city":"Croton","state":"Ohio","state_ab":"OH","county":"Licking","geo_location":{ "type": "Point", "coordinates": [-82.6989, 40.2376] }},
{"zip_code":"43080","country":"US","city":"Utica","state":"Ohio","state_ab":"OH","county":"Licking","geo_location":{ "type": "Point", "coordinates": [-82.4135, 40.2441] }},
{"zip_code":"43093","country":"US","city":"Newark","state":"Ohio","state_ab":"OH","county":"Licking","geo_location":{ "type": "Point", "coordinates": [-82.4827, 40.0951] }},
{"zip_code":"43310","country":"US","city":"Belle Center","state":"Ohio","state_ab":"OH","county":"Logan","geo_location":{ "type": "Point", "coordinates": [-83.7688, 40.5024] }},
{"zip_code":"43336","country":"US","city":"Middleburg","state":"Ohio","state_ab":"OH","county":"Logan","geo_location":{ "type": "Point", "coordinates": [-83.5773, 40.2948] }},
{"zip_code":"43606","country":"US","city":"Toledo","state":"Ohio","state_ab":"OH","county":"Lucas","geo_location":{ "type": "Point", "coordinates": [-83.606, 41.6712] }},
{"zip_code":"43620","country":"US","city":"Toledo","state":"Ohio","state_ab":"OH","county":"Lucas","geo_location":{ "type": "Point", "coordinates": [-83.5536, 41.6654] }},
{"zip_code":"43659","country":"US","city":"Toledo","state":"Ohio","state_ab":"OH","county":"Lucas","geo_location":{ "type": "Point", "coordinates": [-83.4394, 41.6868] }},
{"zip_code":"43660","country":"US","city":"Toledo","state":"Ohio","state_ab":"OH","county":"Lucas","geo_location":{ "type": "Point", "coordinates": [-83.5329, 41.6546] }},
{"zip_code":"43699","country":"US","city":"Toledo","state":"Ohio","state_ab":"OH","county":"Lucas","geo_location":{ "type": "Point", "coordinates": [-83.6589, 41.6538] }},
{"zip_code":"43143","country":"US","city":"Mount Sterling","state":"Ohio","state_ab":"OH","county":"Madison","geo_location":{ "type": "Point", "coordinates": [-83.2806, 39.7175] }},
{"zip_code":"44416","country":"US","city":"Ellsworth","state":"Ohio","state_ab":"OH","county":"Mahoning","geo_location":{ "type": "Point", "coordinates": [-80.8029, 41.0171] }},
{"zip_code":"44429","country":"US","city":"Lake Milton","state":"Ohio","state_ab":"OH","county":"Mahoning","geo_location":{ "type": "Point", "coordinates": [-80.9724, 41.1014] }},
{"zip_code":"44443","country":"US","city":"New Springfield","state":"Ohio","state_ab":"OH","county":"Mahoning","geo_location":{ "type": "Point", "coordinates": [-80.5856, 40.9265] }},
{"zip_code":"44506","country":"US","city":"Youngstown","state":"Ohio","state_ab":"OH","county":"Mahoning","geo_location":{ "type": "Point", "coordinates": [-80.6259, 41.096] }},
{"zip_code":"44599","country":"US","city":"Youngstown","state":"Ohio","state_ab":"OH","county":"Mahoning","geo_location":{ "type": "Point", "coordinates": [-80.8029, 41.0171] }},
{"zip_code":"44609","country":"US","city":"Beloit","state":"Ohio","state_ab":"OH","county":"Mahoning","geo_location":{ "type": "Point", "coordinates": [-80.9897, 40.8957] }},
{"zip_code":"45743","country":"US","city":"Long Bottom","state":"Ohio","state_ab":"OH","county":"Meigs","geo_location":{ "type": "Point", "coordinates": [-81.8887, 39.0802] }},
{"zip_code":"45769","country":"US","city":"Pomeroy","state":"Ohio","state_ab":"OH","county":"Meigs","geo_location":{ "type": "Point", "coordinates": [-82.0331, 39.0607] }},
{"zip_code":"45770","country":"US","city":"Portland","state":"Ohio","state_ab":"OH","county":"Meigs","geo_location":{ "type": "Point", "coordinates": [-81.8135, 38.9999] }},
{"zip_code":"45783","country":"US","city":"Tuppers Plains","state":"Ohio","state_ab":"OH","county":"Meigs","geo_location":{ "type": "Point", "coordinates": [-81.8423, 39.1683] }},
{"zip_code":"45846","country":"US","city":"Fort Recovery","state":"Ohio","state_ab":"OH","county":"Mercer","geo_location":{ "type": "Point", "coordinates": [-84.7613, 40.4018] }},
{"zip_code":"45860","country":"US","city":"Maria Stein","state":"Ohio","state_ab":"OH","county":"Mercer","geo_location":{ "type": "Point", "coordinates": [-84.5076, 40.4062] }},
{"zip_code":"45356","country":"US","city":"Piqua","state":"Ohio","state_ab":"OH","county":"Miami","geo_location":{ "type": "Point", "coordinates": [-84.2531, 40.1486] }},
{"zip_code":"45383","country":"US","city":"West Milton","state":"Ohio","state_ab":"OH","county":"Miami","geo_location":{ "type": "Point", "coordinates": [-84.3242, 39.9531] }},
{"zip_code":"43789","country":"US","city":"Sycamore Valley","state":"Ohio","state_ab":"OH","county":"Monroe","geo_location":{ "type": "Point", "coordinates": [-81.2407, 39.6544] }},
{"zip_code":"45343","country":"US","city":"Miamisburg","state":"Ohio","state_ab":"OH","county":"Montgomery","geo_location":{ "type": "Point", "coordinates": [-84.2686, 39.7505] }},
{"zip_code":"45406","country":"US","city":"Dayton","state":"Ohio","state_ab":"OH","county":"Montgomery","geo_location":{ "type": "Point", "coordinates": [-84.2373, 39.7821] }},
{"zip_code":"45419","country":"US","city":"Dayton","state":"Ohio","state_ab":"OH","county":"Montgomery","geo_location":{ "type": "Point", "coordinates": [-84.1637, 39.7155] }},
{"zip_code":"45420","country":"US","city":"Dayton","state":"Ohio","state_ab":"OH","county":"Montgomery","geo_location":{ "type": "Point", "coordinates": [-84.1342, 39.7171] }},
{"zip_code":"45459","country":"US","city":"Dayton","state":"Ohio","state_ab":"OH","county":"Montgomery","geo_location":{ "type": "Point", "coordinates": [-84.1717, 39.6464] }},
{"zip_code":"43349","country":"US","city":"Shauck","state":"Ohio","state_ab":"OH","county":"Morrow","geo_location":{ "type": "Point", "coordinates": [-82.6619, 40.6142] }},
{"zip_code":"43350","country":"US","city":"Sparta","state":"Ohio","state_ab":"OH","county":"Morrow","geo_location":{ "type": "Point", "coordinates": [-82.8229, 40.5289] }},
{"zip_code":"43439","country":"US","city":"Lacarne","state":"Ohio","state_ab":"OH","county":"Ottawa","geo_location":{ "type": "Point", "coordinates": [-83.0413, 41.5181] }},
{"zip_code":"43440","country":"US","city":"Lakeside Marblehead","state":"Ohio","state_ab":"OH","county":"Ottawa","geo_location":{ "type": "Point", "coordinates": [-82.7766, 41.5247] }},
{"zip_code":"45873","country":"US","city":"Oakwood","state":"Ohio","state_ab":"OH","county":"Paulding","geo_location":{ "type": "Point", "coordinates": [-84.3969, 41.0908] }},
{"zip_code":"43103","country":"US","city":"Ashville","state":"Ohio","state_ab":"OH","county":"Pickaway","geo_location":{ "type": "Point", "coordinates": [-82.9446, 39.7316] }},
{"zip_code":"43116","country":"US","city":"Commercial Point","state":"Ohio","state_ab":"OH","county":"Pickaway","geo_location":{ "type": "Point", "coordinates": [-83.0602, 39.7699] }},
{"zip_code":"43156","country":"US","city":"Tarlton","state":"Ohio","state_ab":"OH","county":"Pickaway","geo_location":{ "type": "Point", "coordinates": [-82.7763, 39.5535] }},
{"zip_code":"45613","country":"US","city":"Beaver","state":"Ohio","state_ab":"OH","county":"Pike","geo_location":{ "type": "Point", "coordinates": [-82.8514, 39.0332] }},
{"zip_code":"45330","country":"US","city":"Gratis","state":"Ohio","state_ab":"OH","county":"Preble","geo_location":{ "type": "Point", "coordinates": [-84.5282, 39.6483] }},
{"zip_code":"44843","country":"US","city":"Lucas","state":"Ohio","state_ab":"OH","county":"Richland","geo_location":{ "type": "Point", "coordinates": [-82.4087, 40.7039] }},
{"zip_code":"44906","country":"US","city":"Mansfield","state":"Ohio","state_ab":"OH","county":"Richland","geo_location":{ "type": "Point", "coordinates": [-82.5593, 40.7627] }},
{"zip_code":"44999","country":"US","city":"Mansfield","state":"Ohio","state_ab":"OH","county":"Richland","geo_location":{ "type": "Point", "coordinates": [-82.5321, 40.7729] }},
{"zip_code":"45653","country":"US","city":"Minford","state":"Ohio","state_ab":"OH","county":"Scioto","geo_location":{ "type": "Point", "coordinates": [-82.8555, 38.8751] }},
{"zip_code":"44803","country":"US","city":"Amsden","state":"Ohio","state_ab":"OH","county":"Seneca","geo_location":{ "type": "Point", "coordinates": [-82.9106, 41.0375] }},
{"zip_code":"44830","country":"US","city":"Fostoria","state":"Ohio","state_ab":"OH","county":"Seneca","geo_location":{ "type": "Point", "coordinates": [-83.4139, 41.1623] }},
{"zip_code":"44883","country":"US","city":"Tiffin","state":"Ohio","state_ab":"OH","county":"Seneca","geo_location":{ "type": "Point", "coordinates": [-83.1844, 41.1238] }},
{"zip_code":"44650","country":"US","city":"Maximo","state":"Ohio","state_ab":"OH","county":"Stark","geo_location":{ "type": "Point", "coordinates": [-81.1739, 40.8746] }},
{"zip_code":"44689","country":"US","city":"Wilmot","state":"Ohio","state_ab":"OH","county":"Stark","geo_location":{ "type": "Point", "coordinates": [-81.6352, 40.6567] }},
{"zip_code":"44056","country":"US","city":"Macedonia","state":"Ohio","state_ab":"OH","county":"Summit","geo_location":{ "type": "Point", "coordinates": [-81.4996, 41.3222] }},
{"zip_code":"44210","country":"US","city":"Bath","state":"Ohio","state_ab":"OH","county":"Summit","geo_location":{ "type": "Point", "coordinates": [-81.54, 41.1287] }},
{"zip_code":"44223","country":"US","city":"Cuyahoga Falls","state":"Ohio","state_ab":"OH","county":"Summit","geo_location":{ "type": "Point", "coordinates": [-81.5107, 41.1464] }},
{"zip_code":"44236","country":"US","city":"Hudson","state":"Ohio","state_ab":"OH","county":"Summit","geo_location":{ "type": "Point", "coordinates": [-81.4367, 41.2458] }},
{"zip_code":"44250","country":"US","city":"Lakemore","state":"Ohio","state_ab":"OH","county":"Summit","geo_location":{ "type": "Point", "coordinates": [-81.4279, 41.0222] }},
{"zip_code":"44313","country":"US","city":"Akron","state":"Ohio","state_ab":"OH","county":"Summit","geo_location":{ "type": "Point", "coordinates": [-81.5685, 41.122] }},
{"zip_code":"44326","country":"US","city":"Akron","state":"Ohio","state_ab":"OH","county":"Summit","geo_location":{ "type": "Point", "coordinates": [-81.4727, 41.1727] }},
{"zip_code":"44393","country":"US","city":"Akron","state":"Ohio","state_ab":"OH","county":"Summit","geo_location":{ "type": "Point", "coordinates": [-81.54, 41.1287] }},
{"zip_code":"44403","country":"US","city":"Brookfield","state":"Ohio","state_ab":"OH","county":"Trumbull","geo_location":{ "type": "Point", "coordinates": [-80.5788, 41.248] }},
{"zip_code":"44430","country":"US","city":"Leavittsburg","state":"Ohio","state_ab":"OH","county":"Trumbull","geo_location":{ "type": "Point", "coordinates": [-80.8869, 41.2445] }},
{"zip_code":"44470","country":"US","city":"Southington","state":"Ohio","state_ab":"OH","county":"Trumbull","geo_location":{ "type": "Point", "coordinates": [-80.9485, 41.2983] }},
{"zip_code":"44483","country":"US","city":"Warren","state":"Ohio","state_ab":"OH","county":"Trumbull","geo_location":{ "type": "Point", "coordinates": [-80.8164, 41.2639] }},
{"zip_code":"43840","country":"US","city":"Stone Creek","state":"Ohio","state_ab":"OH","county":"Tuscarawas","geo_location":{ "type": "Point", "coordinates": [-81.589, 40.4052] }},
{"zip_code":"44663","country":"US","city":"New Philadelphia","state":"Ohio","state_ab":"OH","county":"Tuscarawas","geo_location":{ "type": "Point", "coordinates": [-81.4358, 40.4845] }},
{"zip_code":"43040","country":"US","city":"Marysville","state":"Ohio","state_ab":"OH","county":"Union","geo_location":{ "type": "Point", "coordinates": [-83.3622, 40.2477] }},
{"zip_code":"45886","country":"US","city":"Scott","state":"Ohio","state_ab":"OH","county":"Van Wert","geo_location":{ "type": "Point", "coordinates": [-84.5845, 40.9892] }},
{"zip_code":"45899","country":"US","city":"Wren","state":"Ohio","state_ab":"OH","county":"Van Wert","geo_location":{ "type": "Point", "coordinates": [-84.7857, 40.794] }},
{"zip_code":"45729","country":"US","city":"Fleming","state":"Ohio","state_ab":"OH","county":"Washington","geo_location":{ "type": "Point", "coordinates": [-81.6078, 39.4136] }},
{"zip_code":"44276","country":"US","city":"Sterling","state":"Ohio","state_ab":"OH","county":"Wayne","geo_location":{ "type": "Point", "coordinates": [-81.8305, 40.9369] }},
{"zip_code":"44636","country":"US","city":"Kidron","state":"Ohio","state_ab":"OH","county":"Wayne","geo_location":{ "type": "Point", "coordinates": [-81.7428, 40.7384] }},
{"zip_code":"44676","country":"US","city":"Shreve","state":"Ohio","state_ab":"OH","county":"Wayne","geo_location":{ "type": "Point", "coordinates": [-82.0325, 40.6926] }},
{"zip_code":"43543","country":"US","city":"Montpelier","state":"Ohio","state_ab":"OH","county":"Williams","geo_location":{ "type": "Point", "coordinates": [-84.6147, 41.5982] }},
{"zip_code":"43570","country":"US","city":"West Unity","state":"Ohio","state_ab":"OH","county":"Williams","geo_location":{ "type": "Point", "coordinates": [-84.4421, 41.5756] }},
{"zip_code":"43413","country":"US","city":"Cygnet","state":"Ohio","state_ab":"OH","county":"Wood","geo_location":{ "type": "Point", "coordinates": [-83.6142, 41.247] }},
{"zip_code":"43466","country":"US","city":"Wayne","state":"Ohio","state_ab":"OH","county":"Wood","geo_location":{ "type": "Point", "coordinates": [-83.4701, 41.2993] }},
{"zip_code":"43529","country":"US","city":"Hoytville","state":"Ohio","state_ab":"OH","county":"Wood","geo_location":{ "type": "Point", "coordinates": [-83.7847, 41.1872] }},
{"zip_code":"43569","country":"US","city":"Weston","state":"Ohio","state_ab":"OH","county":"Wood","geo_location":{ "type": "Point", "coordinates": [-83.7973, 41.3516] }},
{"zip_code":"43619","country":"US","city":"Northwood","state":"Ohio","state_ab":"OH","county":"Wood","geo_location":{ "type": "Point", "coordinates": [-83.4806, 41.608] }},
{"zip_code":"43323","country":"US","city":"Harpster","state":"Ohio","state_ab":"OH","county":"Wyandot","geo_location":{ "type": "Point", "coordinates": [-83.2343, 40.7475] }},
{"zip_code":"73719","country":"US","city":"Amorita","state":"Oklahoma","state_ab":"OK","county":"Alfalfa","geo_location":{ "type": "Point", "coordinates": [-98.2458, 36.9412] }},
{"zip_code":"74569","country":"US","city":"Stringtown","state":"Oklahoma","state_ab":"OK","county":"Atoka","geo_location":{ "type": "Point", "coordinates": [-96.0002, 34.4676] }},
{"zip_code":"73849","country":"US","city":"Logan","state":"Oklahoma","state_ab":"OK","county":"Beaver County","geo_location":{ "type": "Point", "coordinates": [-100.1804, 36.641] }},
{"zip_code":"73656","country":"US","city":"Mayfield","state":"Oklahoma","state_ab":"OK","county":"Beckham","geo_location":{ "type": "Point", "coordinates": [-99.6801, 35.2695] }},
{"zip_code":"73449","country":"US","city":"Mead","state":"Oklahoma","state_ab":"OK","county":"Bryan","geo_location":{ "type": "Point", "coordinates": [-96.5299, 33.9944] }},
{"zip_code":"74723","country":"US","city":"Bennington","state":"Oklahoma","state_ab":"OK","county":"Bryan","geo_location":{ "type": "Point", "coordinates": [-96.0188, 33.9771] }},
{"zip_code":"73009","country":"US","city":"Binger","state":"Oklahoma","state_ab":"OK","county":"Caddo","geo_location":{ "type": "Point", "coordinates": [-98.3148, 35.3106] }},
{"zip_code":"73036","country":"US","city":"El Reno","state":"Oklahoma","state_ab":"OK","county":"Canadian","geo_location":{ "type": "Point", "coordinates": [-97.9591, 35.5335] }},
{"zip_code":"73090","country":"US","city":"Union City","state":"Oklahoma","state_ab":"OK","county":"Canadian","geo_location":{ "type": "Point", "coordinates": [-97.9398, 35.3913] }},
{"zip_code":"73436","country":"US","city":"Gene Autry","state":"Oklahoma","state_ab":"OK","county":"Carter","geo_location":{ "type": "Point", "coordinates": [-97.0339, 34.2939] }},
{"zip_code":"73463","country":"US","city":"Wilson","state":"Oklahoma","state_ab":"OK","county":"Carter","geo_location":{ "type": "Point", "coordinates": [-97.4273, 34.1364] }},
{"zip_code":"73139","country":"US","city":"Oklahoma City","state":"Oklahoma","state_ab":"OK","county":"Cleveland","geo_location":{ "type": "Point", "coordinates": [-97.5362, 35.3792] }},
{"zip_code":"74556","country":"US","city":"Lehigh","state":"Oklahoma","state_ab":"OK","county":"Coal","geo_location":{ "type": "Point", "coordinates": [-96.1889, 34.4756] }},
{"zip_code":"73540","country":"US","city":"Faxon","state":"Oklahoma","state_ab":"OK","county":"Comanche","geo_location":{ "type": "Point", "coordinates": [-98.5577, 34.4645] }},
{"zip_code":"74039","country":"US","city":"Kellyville","state":"Oklahoma","state_ab":"OK","county":"Creek","geo_location":{ "type": "Point", "coordinates": [-96.218, 35.9171] }},
{"zip_code":"74066","country":"US","city":"Sapulpa","state":"Oklahoma","state_ab":"OK","county":"Creek","geo_location":{ "type": "Point", "coordinates": [-96.1106, 36.003] }},
{"zip_code":"73669","country":"US","city":"Thomas","state":"Oklahoma","state_ab":"OK","county":"Custer","geo_location":{ "type": "Point", "coordinates": [-98.7388, 35.7382] }},
{"zip_code":"73706","country":"US","city":"Enid","state":"Oklahoma","state_ab":"OK","county":"Garfield","geo_location":{ "type": "Point", "coordinates": [-97.7826, 36.3791] }},
{"zip_code":"73720","country":"US","city":"Bison","state":"Oklahoma","state_ab":"OK","county":"Garfield","geo_location":{ "type": "Point", "coordinates": [-97.8805, 36.1962] }},
{"zip_code":"73733","country":"US","city":"Douglas","state":"Oklahoma","state_ab":"OK","county":"Garfield","geo_location":{ "type": "Point", "coordinates": [-97.6896, 36.2481] }},
{"zip_code":"73773","country":"US","city":"Waukomis","state":"Oklahoma","state_ab":"OK","county":"Garfield","geo_location":{ "type": "Point", "coordinates": [-97.8996, 36.2781] }},
{"zip_code":"73076","country":"US","city":"Pernell","state":"Oklahoma","state_ab":"OK","county":"Garvin County","geo_location":{ "type": "Point", "coordinates": [-97.5096, 34.5612] }},
{"zip_code":"73476","country":"US","city":"Pernell","state":"Oklahoma","state_ab":"OK","county":"Garvin","geo_location":{ "type": "Point", "coordinates": [-97.3004, 34.6809] }},
{"zip_code":"73023","country":"US","city":"Chickasha","state":"Oklahoma","state_ab":"OK","county":"Grady","geo_location":{ "type": "Point", "coordinates": [-97.882, 35.0312] }},
{"zip_code":"73089","country":"US","city":"Tuttle","state":"Oklahoma","state_ab":"OK","county":"Grady","geo_location":{ "type": "Point", "coordinates": [-97.7446, 35.2674] }},
{"zip_code":"73759","country":"US","city":"Medford","state":"Oklahoma","state_ab":"OK","county":"Grant","geo_location":{ "type": "Point", "coordinates": [-97.7202, 36.8142] }},
{"zip_code":"74440","country":"US","city":"Hoyt","state":"Oklahoma","state_ab":"OK","county":"Haskell","geo_location":{ "type": "Point", "coordinates": [-95.2994, 35.2685] }},
{"zip_code":"74943","country":"US","city":"Lequire","state":"Oklahoma","state_ab":"OK","county":"Haskell","geo_location":{ "type": "Point", "coordinates": [-95.0974, 35.0867] }},
{"zip_code":"74570","country":"US","city":"Stuart","state":"Oklahoma","state_ab":"OK","county":"Hughes","geo_location":{ "type": "Point", "coordinates": [-96.1381, 34.8826] }},
{"zip_code":"74839","country":"US","city":"Dustin","state":"Oklahoma","state_ab":"OK","county":"Hughes","geo_location":{ "type": "Point", "coordinates": [-96.0573, 35.2519] }},
{"zip_code":"73526","country":"US","city":"Blair","state":"Oklahoma","state_ab":"OK","county":"Jackson","geo_location":{ "type": "Point", "coordinates": [-99.3334, 34.7788] }},
{"zip_code":"73539","country":"US","city":"Elmer","state":"Oklahoma","state_ab":"OK","county":"Jackson","geo_location":{ "type": "Point", "coordinates": [-99.3167, 34.5137] }},
{"zip_code":"73450","country":"US","city":"Milburn","state":"Oklahoma","state_ab":"OK","county":"Johnston","geo_location":{ "type": "Point", "coordinates": [-96.5429, 34.1952] }},
{"zip_code":"74530","country":"US","city":"Bromide","state":"Oklahoma","state_ab":"OK","county":"Johnston","geo_location":{ "type": "Point", "coordinates": [-96.4867, 34.4233] }},
{"zip_code":"74646","country":"US","city":"Nardin","state":"Oklahoma","state_ab":"OK","county":"Kay","geo_location":{ "type": "Point", "coordinates": [-97.4325, 36.8155] }},
{"zip_code":"73566","country":"US","city":"Snyder","state":"Oklahoma","state_ab":"OK","county":"Kiowa","geo_location":{ "type": "Point", "coordinates": [-98.9508, 34.6548] }},
{"zip_code":"74930","country":"US","city":"Bokoshe","state":"Oklahoma","state_ab":"OK","county":"Le Flore","geo_location":{ "type": "Point", "coordinates": [-94.7222, 35.1609] }},
{"zip_code":"74956","country":"US","city":"Shady Point","state":"Oklahoma","state_ab":"OK","county":"Le Flore","geo_location":{ "type": "Point", "coordinates": [-94.6665, 35.1293] }},
{"zip_code":"74026","country":"US","city":"Davenport","state":"Oklahoma","state_ab":"OK","county":"Lincoln","geo_location":{ "type": "Point", "coordinates": [-96.767, 35.7089] }},
{"zip_code":"74079","country":"US","city":"Stroud","state":"Oklahoma","state_ab":"OK","county":"Lincoln","geo_location":{ "type": "Point", "coordinates": [-96.6719, 35.7398] }},
{"zip_code":"73050","country":"US","city":"Langston","state":"Oklahoma","state_ab":"OK","county":"Logan","geo_location":{ "type": "Point", "coordinates": [-97.2557, 35.9419] }},
{"zip_code":"73063","country":"US","city":"Mulhall","state":"Oklahoma","state_ab":"OK","county":"Logan","geo_location":{ "type": "Point", "coordinates": [-97.4098, 36.0537] }},
{"zip_code":"73010","country":"US","city":"Blanchard","state":"Oklahoma","state_ab":"OK","county":"McClain","geo_location":{ "type": "Point", "coordinates": [-97.6401, 35.1192] }},
{"zip_code":"74736","country":"US","city":"Garvin","state":"Oklahoma","state_ab":"OK","county":"McCurtain","geo_location":{ "type": "Point", "coordinates": [-94.986, 33.9192] }},
{"zip_code":"74750","country":"US","city":"Millerton","state":"Oklahoma","state_ab":"OK","county":"McCurtain","geo_location":{ "type": "Point", "coordinates": [-95.0025, 33.9801] }},
{"zip_code":"74426","country":"US","city":"Checotah","state":"Oklahoma","state_ab":"OK","county":"McIntosh","geo_location":{ "type": "Point", "coordinates": [-95.535, 35.4358] }},
{"zip_code":"73760","country":"US","city":"Meno","state":"Oklahoma","state_ab":"OK","county":"Major","geo_location":{ "type": "Point", "coordinates": [-98.1635, 36.3815] }},
{"zip_code":"74349","country":"US","city":"Ketchum","state":"Oklahoma","state_ab":"OK","county":"Mayes","geo_location":{ "type": "Point", "coordinates": [-95.0258, 36.5178] }},
{"zip_code":"74350","country":"US","city":"Langley","state":"Oklahoma","state_ab":"OK","county":"Mayes","geo_location":{ "type": "Point", "coordinates": [-95.0478, 36.4645] }},
{"zip_code":"74439","country":"US","city":"Braggs","state":"Oklahoma","state_ab":"OK","county":"Muskogee County","geo_location":{ "type": "Point", "coordinates": [-95.1775, 35.6767] }},
{"zip_code":"74880","country":"US","city":"Weleetka","state":"Oklahoma","state_ab":"OK","county":"Okfuskee","geo_location":{ "type": "Point", "coordinates": [-96.1136, 35.3416] }},
{"zip_code":"73049","country":"US","city":"Jones","state":"Oklahoma","state_ab":"OK","county":"Oklahoma","geo_location":{ "type": "Point", "coordinates": [-97.2891, 35.5753] }},
{"zip_code":"13780","country":"US","city":"Guilford","state":"New York","state_ab":"NY","county":"Chenango","geo_location":{ "type": "Point", "coordinates": [-75.4823, 42.4269] }},
{"zip_code":"13830","country":"US","city":"Oxford","state":"New York","state_ab":"NY","county":"Chenango","geo_location":{ "type": "Point", "coordinates": [-75.5673, 42.4379] }},
{"zip_code":"13843","country":"US","city":"South New Berlin","state":"New York","state_ab":"NY","county":"Chenango","geo_location":{ "type": "Point", "coordinates": [-75.3525, 42.5306] }},
{"zip_code":"12903","country":"US","city":"Plattsburgh","state":"New York","state_ab":"NY","county":"Clinton","geo_location":{ "type": "Point", "coordinates": [-73.4474, 44.6854] }},
{"zip_code":"12929","country":"US","city":"Dannemora","state":"New York","state_ab":"NY","county":"Clinton","geo_location":{ "type": "Point", "coordinates": [-73.7192, 44.72] }},
{"zip_code":"12130","country":"US","city":"Niverville","state":"New York","state_ab":"NY","county":"Columbia","geo_location":{ "type": "Point", "coordinates": [-73.6663, 42.44] }},
{"zip_code":"12503","country":"US","city":"Ancramdale","state":"New York","state_ab":"NY","county":"Columbia","geo_location":{ "type": "Point", "coordinates": [-73.5819, 42.0381] }},
{"zip_code":"12516","country":"US","city":"Copake","state":"New York","state_ab":"NY","county":"Columbia","geo_location":{ "type": "Point", "coordinates": [-73.5526, 42.1113] }},
{"zip_code":"12529","country":"US","city":"Hillsdale","state":"New York","state_ab":"NY","county":"Columbia","geo_location":{ "type": "Point", "coordinates": [-73.5483, 42.1868] }},
{"zip_code":"12530","country":"US","city":"Hollowville","state":"New York","state_ab":"NY","county":"Columbia","geo_location":{ "type": "Point", "coordinates": [-73.687, 42.211] }},
{"zip_code":"13056","country":"US","city":"East Homer","state":"New York","state_ab":"NY","county":"Cortland","geo_location":{ "type": "Point", "coordinates": [-76.1052, 42.6772] }},
{"zip_code":"13803","country":"US","city":"Marathon","state":"New York","state_ab":"NY","county":"Cortland","geo_location":{ "type": "Point", "coordinates": [-76.0395, 42.4527] }},
{"zip_code":"13739","country":"US","city":"Bloomville","state":"New York","state_ab":"NY","county":"Delaware","geo_location":{ "type": "Point", "coordinates": [-74.8071, 42.3522] }},
{"zip_code":"13740","country":"US","city":"Bovina Center","state":"New York","state_ab":"NY","county":"Delaware","geo_location":{ "type": "Point", "coordinates": [-74.7661, 42.2709] }},
{"zip_code":"13753","country":"US","city":"Delhi","state":"New York","state_ab":"NY","county":"Delaware","geo_location":{ "type": "Point", "coordinates": [-74.9207, 42.2937] }},
{"zip_code":"13856","country":"US","city":"Walton","state":"New York","state_ab":"NY","county":"Delaware","geo_location":{ "type": "Point", "coordinates": [-75.1532, 42.1756] }},
{"zip_code":"12569","country":"US","city":"Pleasant Valley","state":"New York","state_ab":"NY","county":"Dutchess","geo_location":{ "type": "Point", "coordinates": [-73.8143, 41.747] }},
{"zip_code":"12570","country":"US","city":"Poughquag","state":"New York","state_ab":"NY","county":"Dutchess","geo_location":{ "type": "Point", "coordinates": [-73.6783, 41.6194] }},
{"zip_code":"12583","country":"US","city":"Tivoli","state":"New York","state_ab":"NY","county":"Dutchess","geo_location":{ "type": "Point", "coordinates": [-73.9025, 42.0579] }},
{"zip_code":"14006","country":"US","city":"Angola","state":"New York","state_ab":"NY","county":"Erie","geo_location":{ "type": "Point", "coordinates": [-79.0497, 42.6366] }},
{"zip_code":"14033","country":"US","city":"Colden","state":"New York","state_ab":"NY","county":"Erie","geo_location":{ "type": "Point", "coordinates": [-78.6921, 42.6551] }},
{"zip_code":"14059","country":"US","city":"Elma","state":"New York","state_ab":"NY","county":"Erie","geo_location":{ "type": "Point", "coordinates": [-78.6343, 42.834] }},
{"zip_code":"14086","country":"US","city":"Lancaster","state":"New York","state_ab":"NY","county":"Erie","geo_location":{ "type": "Point", "coordinates": [-78.6631, 42.9017] }},
{"zip_code":"14110","country":"US","city":"North Boston","state":"New York","state_ab":"NY","county":"Erie","geo_location":{ "type": "Point", "coordinates": [-78.8871, 42.7684] }},
{"zip_code":"14150","country":"US","city":"Tonawanda","state":"New York","state_ab":"NY","county":"Erie","geo_location":{ "type": "Point", "coordinates": [-78.8547, 43.0028] }},
{"zip_code":"14213","country":"US","city":"Buffalo","state":"New York","state_ab":"NY","county":"Erie","geo_location":{ "type": "Point", "coordinates": [-78.8895, 42.9167] }},
{"zip_code":"14226","country":"US","city":"Buffalo","state":"New York","state_ab":"NY","county":"Erie","geo_location":{ "type": "Point", "coordinates": [-78.7949, 42.9744] }},
{"zip_code":"14240","country":"US","city":"Buffalo","state":"New York","state_ab":"NY","county":"Erie","geo_location":{ "type": "Point", "coordinates": [-78.8871, 42.7684] }},
{"zip_code":"14266","country":"US","city":"Buffalo","state":"New York","state_ab":"NY","county":"Erie County","geo_location":{ "type": "Point", "coordinates": [-78.8264, 42.8849] }},
{"zip_code":"14280","country":"US","city":"Buffalo","state":"New York","state_ab":"NY","county":"Erie","geo_location":{ "type": "Point", "coordinates": [-78.8871, 42.7684] }},
{"zip_code":"12879","country":"US","city":"Newcomb","state":"New York","state_ab":"NY","county":"Essex","geo_location":{ "type": "Point", "coordinates": [-73.8152, 44.1457] }},
{"zip_code":"12943","country":"US","city":"Keene Valley","state":"New York","state_ab":"NY","county":"Essex","geo_location":{ "type": "Point", "coordinates": [-73.7731, 44.2024] }},
{"zip_code":"12956","country":"US","city":"Mineville","state":"New York","state_ab":"NY","county":"Essex","geo_location":{ "type": "Point", "coordinates": [-73.5236, 44.0876] }},
{"zip_code":"12996","country":"US","city":"Willsboro","state":"New York","state_ab":"NY","county":"Essex","geo_location":{ "type": "Point", "coordinates": [-73.3963, 44.3604] }},
{"zip_code":"12916","country":"US","city":"Brushton","state":"New York","state_ab":"NY","county":"Franklin","geo_location":{ "type": "Point", "coordinates": [-74.5223, 44.8282] }},
{"zip_code":"12930","country":"US","city":"Dickinson Center","state":"New York","state_ab":"NY","county":"Franklin","geo_location":{ "type": "Point", "coordinates": [-74.5523, 44.7233] }},
{"zip_code":"12969","country":"US","city":"Owls Head","state":"New York","state_ab":"NY","county":"Franklin","geo_location":{ "type": "Point", "coordinates": [-74.1342, 44.7308] }},
{"zip_code":"12970","country":"US","city":"Paul Smiths","state":"New York","state_ab":"NY","county":"Franklin","geo_location":{ "type": "Point", "coordinates": [-74.2664, 44.445] }},
{"zip_code":"12983","country":"US","city":"Saranac Lake","state":"New York","state_ab":"NY","county":"Franklin","geo_location":{ "type": "Point", "coordinates": [-74.133, 44.3243] }},
{"zip_code":"13470","country":"US","city":"Stratford","state":"New York","state_ab":"NY","county":"Fulton","geo_location":{ "type": "Point", "coordinates": [-74.6768, 43.1791] }},
{"zip_code":"14020","country":"US","city":"Batavia","state":"New York","state_ab":"NY","county":"Genesee","geo_location":{ "type": "Point", "coordinates": [-78.1929, 43.0003] }},
{"zip_code":"14486","country":"US","city":"Linwood","state":"New York","state_ab":"NY","county":"Genesee","geo_location":{ "type": "Point", "coordinates": [-77.9216, 42.8943] }},
{"zip_code":"12413","country":"US","city":"Cairo","state":"New York","state_ab":"NY","county":"Greene","geo_location":{ "type": "Point", "coordinates": [-74.0115, 42.3096] }},
{"zip_code":"12439","country":"US","city":"Hensonville","state":"New York","state_ab":"NY","county":"Greene","geo_location":{ "type": "Point", "coordinates": [-74.1853, 42.2939] }},
{"zip_code":"13353","country":"US","city":"Hoffmeister","state":"New York","state_ab":"NY","county":"Hamilton","geo_location":{ "type": "Point", "coordinates": [-74.74, 43.3915] }},
{"zip_code":"13340","country":"US","city":"Frankfort","state":"New York","state_ab":"NY","county":"Herkimer","geo_location":{ "type": "Point", "coordinates": [-75.1072, 43.044] }},
{"zip_code":"13416","country":"US","city":"Newport","state":"New York","state_ab":"NY","county":"Herkimer","geo_location":{ "type": "Point", "coordinates": [-74.9861, 43.18] }},
{"zip_code":"13636","country":"US","city":"Ellisburg","state":"New York","state_ab":"NY","county":"Jefferson","geo_location":{ "type": "Point", "coordinates": [-76.1165, 43.7434] }},
{"zip_code":"13650","country":"US","city":"Henderson","state":"New York","state_ab":"NY","county":"Jefferson","geo_location":{ "type": "Point", "coordinates": [-76.2352, 43.8467] }},
{"zip_code":"11203","country":"US","city":"Brooklyn","state":"New York","state_ab":"NY","county":"Kings","geo_location":{ "type": "Point", "coordinates": [-73.9349, 40.6505] }},
{"zip_code":"11216","country":"US","city":"Brooklyn","state":"New York","state_ab":"NY","county":"Kings","geo_location":{ "type": "Point", "coordinates": [-73.9496, 40.6794] }},
{"zip_code":"11229","country":"US","city":"Brooklyn","state":"New York","state_ab":"NY","county":"Kings","geo_location":{ "type": "Point", "coordinates": [-73.9475, 40.6011] }},
{"zip_code":"11230","country":"US","city":"Brooklyn","state":"New York","state_ab":"NY","county":"Kings","geo_location":{ "type": "Point", "coordinates": [-73.965, 40.6225] }},
{"zip_code":"11243","country":"US","city":"Brooklyn","state":"New York","state_ab":"NY","county":"Kings","geo_location":{ "type": "Point", "coordinates": [-73.945, 40.6451] }},
{"zip_code":"11256","country":"US","city":"Brooklyn","state":"New York","state_ab":"NY","county":"Kings","geo_location":{ "type": "Point", "coordinates": [-73.945, 40.6451] }},
{"zip_code":"13610","country":"US","city":"Rodman","state":"New York","state_ab":"NY","county":"Lewis","geo_location":{ "type": "Point", "coordinates": [-75.4803, 43.8187] }},
{"zip_code":"14510","country":"US","city":"Mount Morris","state":"New York","state_ab":"NY","county":"Livingston","geo_location":{ "type": "Point", "coordinates": [-77.8664, 42.6835] }},
{"zip_code":"14846","country":"US","city":"Hunt","state":"New York","state_ab":"NY","county":"Livingston","geo_location":{ "type": "Point", "coordinates": [-77.9818, 42.5388] }},
{"zip_code":"13043","country":"US","city":"Clockville","state":"New York","state_ab":"NY","county":"Madison","geo_location":{ "type": "Point", "coordinates": [-75.7408, 43.042] }},
{"zip_code":"13133","country":"US","city":"Chittenango","state":"New York","state_ab":"NY","county":"Madison County","geo_location":{ "type": "Point", "coordinates": [-75.7995, 43.0069] }},
{"zip_code":"14420","country":"US","city":"Brockport","state":"New York","state_ab":"NY","county":"Monroe","geo_location":{ "type": "Point", "coordinates": [-77.9368, 43.2128] }},
{"zip_code":"14600","country":"US","city":"Rochester","state":"New York","state_ab":"NY","county":"Monroe County","geo_location":{ "type": "Point", "coordinates": [-77.6085, 43.1315] }},
{"zip_code":"14613","country":"US","city":"Rochester","state":"New York","state_ab":"NY","county":"Monroe","geo_location":{ "type": "Point", "coordinates": [-77.6393, 43.1831] }},
{"zip_code":"14626","country":"US","city":"Rochester","state":"New York","state_ab":"NY","county":"Monroe","geo_location":{ "type": "Point", "coordinates": [-77.704, 43.2126] }},
{"zip_code":"14639","country":"US","city":"Rochester","state":"New York","state_ab":"NY","county":"Monroe","geo_location":{ "type": "Point", "coordinates": [-77.6843, 43.286] }},
{"zip_code":"14653","country":"US","city":"Rochester","state":"New York","state_ab":"NY","county":"Monroe","geo_location":{ "type": "Point", "coordinates": [-77.6843, 43.286] }},
{"zip_code":"12066","country":"US","city":"Esperance","state":"New York","state_ab":"NY","county":"Montgomery","geo_location":{ "type": "Point", "coordinates": [-74.2882, 42.7717] }},
{"zip_code":"13339","country":"US","city":"Fort Plain","state":"New York","state_ab":"NY","county":"Montgomery","geo_location":{ "type": "Point", "coordinates": [-74.6433, 42.9372] }},
{"zip_code":"11010","country":"US","city":"Franklin Square","state":"New York","state_ab":"NY","county":"Nassau","geo_location":{ "type": "Point", "coordinates": [-73.6758, 40.701] }},
{"zip_code":"11023","country":"US","city":"Great Neck","state":"New York","state_ab":"NY","county":"Nassau","geo_location":{ "type": "Point", "coordinates": [-73.7343, 40.7993] }},
{"zip_code":"11050","country":"US","city":"Port Washington","state":"New York","state_ab":"NY","county":"Nassau","geo_location":{ "type": "Point", "coordinates": [-73.6964, 40.835] }},
{"zip_code":"11553","country":"US","city":"Uniondale","state":"New York","state_ab":"NY","county":"Nassau","geo_location":{ "type": "Point", "coordinates": [-73.592, 40.702] }},
{"zip_code":"11566","country":"US","city":"Merrick","state":"New York","state_ab":"NY","county":"Nassau","geo_location":{ "type": "Point", "coordinates": [-73.5536, 40.6685] }},
{"zip_code":"11579","country":"US","city":"Sea Cliff","state":"New York","state_ab":"NY","county":"Nassau","geo_location":{ "type": "Point", "coordinates": [-73.6436, 40.846] }},
{"zip_code":"11580","country":"US","city":"Valley Stream","state":"New York","state_ab":"NY","county":"Nassau","geo_location":{ "type": "Point", "coordinates": [-73.7057, 40.6742] }},
{"zip_code":"11593","country":"US","city":"Westbury","state":"New York","state_ab":"NY","county":"Nassau","geo_location":{ "type": "Point", "coordinates": [-73.6018, 40.7548] }},
{"zip_code":"11773","country":"US","city":"Syosset","state":"New York","state_ab":"NY","county":"Nassau","geo_location":{ "type": "Point", "coordinates": [-73.6018, 40.7548] }},
{"zip_code":"10006","country":"US","city":"New York City","state":"New York","state_ab":"NY","county":"New York","geo_location":{ "type": "Point", "coordinates": [-74.0135, 40.7085] }},
{"zip_code":"10019","country":"US","city":"New York City","state":"New York","state_ab":"NY","county":"New York","geo_location":{ "type": "Point", "coordinates": [-73.9858, 40.7651] }},
{"zip_code":"10020","country":"US","city":"New York City","state":"New York","state_ab":"NY","county":"New York","geo_location":{ "type": "Point", "coordinates": [-73.9968, 40.7354] }},
{"zip_code":"10033","country":"US","city":"New York City","state":"New York","state_ab":"NY","county":"New York","geo_location":{ "type": "Point", "coordinates": [-73.9356, 40.8496] }},
{"zip_code":"10046","country":"US","city":"New York City","state":"New York","state_ab":"NY","county":"New York","geo_location":{ "type": "Point", "coordinates": [-73.9772, 40.7808] }},
{"zip_code":"10060","country":"US","city":"New York City","state":"New York","state_ab":"NY","county":"New York","geo_location":{ "type": "Point", "coordinates": [-73.9772, 40.7808] }},
{"zip_code":"10099","country":"US","city":"New York City","state":"New York","state_ab":"NY","county":"New York","geo_location":{ "type": "Point", "coordinates": [-73.9772, 40.7808] }},
{"zip_code":"10109","country":"US","city":"New York City","state":"New York","state_ab":"NY","county":"New York","geo_location":{ "type": "Point", "coordinates": [-73.9772, 40.7808] }},
{"zip_code":"10110","country":"US","city":"New York City","state":"New York","state_ab":"NY","county":"New York","geo_location":{ "type": "Point", "coordinates": [-73.9808, 40.754] }},
{"zip_code":"10123","country":"US","city":"New York City","state":"New York","state_ab":"NY","county":"New York","geo_location":{ "type": "Point", "coordinates": [-73.9905, 40.7515] }},
{"zip_code":"10149","country":"US","city":"New York City","state":"New York","state_ab":"NY","county":"New York","geo_location":{ "type": "Point", "coordinates": [-73.9772, 40.7808] }},
{"zip_code":"10150","country":"US","city":"New York City","state":"New York","state_ab":"NY","county":"New York","geo_location":{ "type": "Point", "coordinates": [-73.9772, 40.7808] }},
{"zip_code":"10163","country":"US","city":"New York City","state":"New York","state_ab":"NY","county":"New York","geo_location":{ "type": "Point", "coordinates": [-73.9772, 40.7808] }},
{"zip_code":"10176","country":"US","city":"New York City","state":"New York","state_ab":"NY","county":"New York","geo_location":{ "type": "Point", "coordinates": [-73.9789, 40.7556] }},
{"zip_code":"10213","country":"US","city":"New York City","state":"New York","state_ab":"NY","county":"New York","geo_location":{ "type": "Point", "coordinates": [-73.9772, 40.7808] }},
{"zip_code":"10279","country":"US","city":"New York City","state":"New York","state_ab":"NY","county":"New York","geo_location":{ "type": "Point", "coordinates": [-74.0078, 40.7127] }},
{"zip_code":"10280","country":"US","city":"New York City","state":"New York","state_ab":"NY","county":"New York","geo_location":{ "type": "Point", "coordinates": [-74.0163, 40.7105] }},
{"zip_code":"14109","country":"US","city":"Niagara University","state":"New York","state_ab":"NY","county":"Niagara","geo_location":{ "type": "Point", "coordinates": [-79.0342, 43.138] }},
{"zip_code":"14303","country":"US","city":"Niagara Falls","state":"New York","state_ab":"NY","county":"Niagara","geo_location":{ "type": "Point", "coordinates": [-79.037, 43.0878] }},
{"zip_code":"13313","country":"US","city":"Bridgewater","state":"New York","state_ab":"NY","county":"Oneida","geo_location":{ "type": "Point", "coordinates": [-75.2672, 42.8792] }},
{"zip_code":"13403","country":"US","city":"Marcy","state":"New York","state_ab":"NY","county":"Oneida","geo_location":{ "type": "Point", "coordinates": [-75.2783, 43.1639] }},
{"zip_code":"13456","country":"US","city":"Sauquoit","state":"New York","state_ab":"NY","county":"Oneida","geo_location":{ "type": "Point", "coordinates": [-75.2626, 43.0073] }},
{"zip_code":"13469","country":"US","city":"Stittville","state":"New York","state_ab":"NY","county":"Oneida","geo_location":{ "type": "Point", "coordinates": [-75.2899, 43.2229] }},
{"zip_code":"13483","country":"US","city":"Westdale","state":"New York","state_ab":"NY","county":"Oneida","geo_location":{ "type": "Point", "coordinates": [-75.8226, 43.4117] }},
{"zip_code":"13599","country":"US","city":"Utica","state":"New York","state_ab":"NY","county":"Oneida","geo_location":{ "type": "Point", "coordinates": [-75.478, 43.2393] }},
{"zip_code":"13029","country":"US","city":"Brewerton","state":"New York","state_ab":"NY","county":"Onondaga","geo_location":{ "type": "Point", "coordinates": [-76.1351, 43.2252] }},
{"zip_code":"13030","country":"US","city":"Bridgeport","state":"New York","state_ab":"NY","county":"Onondaga","geo_location":{ "type": "Point", "coordinates": [-75.97, 43.159] }},
{"zip_code":"13119","country":"US","city":"Mottville","state":"New York","state_ab":"NY","county":"Onondaga","geo_location":{ "type": "Point", "coordinates": [-76.4408, 42.9745] }},
{"zip_code":"13120","country":"US","city":"Nedrow","state":"New York","state_ab":"NY","county":"Onondaga","geo_location":{ "type": "Point", "coordinates": [-76.1529, 42.9559] }},
{"zip_code":"13159","country":"US","city":"Tully","state":"New York","state_ab":"NY","county":"Onondaga","geo_location":{ "type": "Point", "coordinates": [-76.1394, 42.807] }},
{"zip_code":"13209","country":"US","city":"Syracuse","state":"New York","state_ab":"NY","county":"Onondaga","geo_location":{ "type": "Point", "coordinates": [-76.2405, 43.0847] }},
{"zip_code":"13210","country":"US","city":"Syracuse","state":"New York","state_ab":"NY","county":"Onondaga","geo_location":{ "type": "Point", "coordinates": [-76.1282, 43.0354] }},
{"zip_code":"13250","country":"US","city":"Syracuse","state":"New York","state_ab":"NY","county":"Onondaga","geo_location":{ "type": "Point", "coordinates": [-76.1977, 43.0214] }},
{"zip_code":"13290","country":"US","city":"Syracuse","state":"New York","state_ab":"NY","county":"Onondaga","geo_location":{ "type": "Point", "coordinates": [-76.1714, 43.0676] }},
{"zip_code":"10910","country":"US","city":"Arden","state":"New York","state_ab":"NY","county":"Orange","geo_location":{ "type": "Point", "coordinates": [-74.1257, 41.3862] }},
{"zip_code":"10949","country":"US","city":"Monroe","state":"New York","state_ab":"NY","county":"Orange County","geo_location":{ "type": "Point", "coordinates": [-74.1911, 41.3274] }},
{"zip_code":"10950","country":"US","city":"Monroe","state":"New York","state_ab":"NY","county":"Orange","geo_location":{ "type": "Point", "coordinates": [-74.1885, 41.3286] }},
{"zip_code":"10963","country":"US","city":"Otisville","state":"New York","state_ab":"NY","county":"Orange","geo_location":{ "type": "Point", "coordinates": [-74.5294, 41.4818] }},
{"zip_code":"10990","country":"US","city":"Warwick","state":"New York","state_ab":"NY","county":"Orange","geo_location":{ "type": "Point", "coordinates": [-74.3604, 41.2656] }},
{"zip_code":"12543","country":"US","city":"Maybrook","state":"New York","state_ab":"NY","county":"Orange","geo_location":{ "type": "Point", "coordinates": [-74.2163, 41.4886] }},
{"zip_code":"13069","country":"US","city":"Fulton","state":"New York","state_ab":"NY","county":"Oswego","geo_location":{ "type": "Point", "coordinates": [-76.4034, 43.3211] }},
{"zip_code":"13083","country":"US","city":"Lacona","state":"New York","state_ab":"NY","county":"Oswego","geo_location":{ "type": "Point", "coordinates": [-76.0503, 43.6429] }},
{"zip_code":"12116","country":"US","city":"Maryland","state":"New York","state_ab":"NY","county":"Otsego","geo_location":{ "type": "Point", "coordinates": [-74.903, 42.5371] }},
{"zip_code":"13326","country":"US","city":"Cooperstown","state":"New York","state_ab":"NY","county":"Otsego","geo_location":{ "type": "Point", "coordinates": [-74.9181, 42.7032] }},
{"zip_code":"10509","country":"US","city":"Brewster","state":"New York","state_ab":"NY","county":"Putnam","geo_location":{ "type": "Point", "coordinates": [-73.5992, 41.4097] }},
{"zip_code":"11359","country":"US","city":"Bayside","state":"New York","state_ab":"NY","county":"Queens","geo_location":{ "type": "Point", "coordinates": [-73.7767, 40.7928] }},
{"zip_code":"11360","country":"US","city":"Bayside","state":"New York","state_ab":"NY","county":"Queens","geo_location":{ "type": "Point", "coordinates": [-73.7812, 40.7807] }},
{"zip_code":"11373","country":"US","city":"Elmhurst","state":"New York","state_ab":"NY","county":"Queens","geo_location":{ "type": "Point", "coordinates": [-73.8776, 40.7351] }},
{"zip_code":"11386","country":"US","city":"Ridgewood","state":"New York","state_ab":"NY","county":"Queens","geo_location":{ "type": "Point", "coordinates": [-73.8708, 40.6514] }},
{"zip_code":"11410","country":"US","city":"Jamaica","state":"New York","state_ab":"NY","county":"Queens County","geo_location":{ "type": "Point", "coordinates": [-73.8061, 40.6914] }},
{"zip_code":"11423","country":"US","city":"Hollis","state":"New York","state_ab":"NY","county":"Queens","geo_location":{ "type": "Point", "coordinates": [-73.7677, 40.7142] }},
{"zip_code":"11436","country":"US","city":"Jamaica","state":"New York","state_ab":"NY","county":"Queens","geo_location":{ "type": "Point", "coordinates": [-73.7966, 40.6763] }},
{"zip_code":"11450","country":"US","city":"Jamaica","state":"New York","state_ab":"NY","county":"Queens County","geo_location":{ "type": "Point", "coordinates": [-73.8059, 40.6913] }},
{"zip_code":"11476","country":"US","city":"Jamaica","state":"New York","state_ab":"NY","county":"Queens County","geo_location":{ "type": "Point", "coordinates": [-73.8061, 40.6914] }},
{"zip_code":"11696","country":"US","city":"Inwood","state":"New York","state_ab":"NY","county":"Queens","geo_location":{ "type": "Point", "coordinates": [-73.8708, 40.6514] }},
{"zip_code":"12026","country":"US","city":"Brookview","state":"New York","state_ab":"NY","county":"Rensselaer County","geo_location":{ "type": "Point", "coordinates": [-73.72, 42.5411] }},
{"zip_code":"12040","country":"US","city":"Cherry Plain","state":"New York","state_ab":"NY","county":"Rensselaer","geo_location":{ "type": "Point", "coordinates": [-73.3716, 42.6467] }},
{"zip_code":"12156","country":"US","city":"Schodack Landing","state":"New York","state_ab":"NY","county":"Rensselaer","geo_location":{ "type": "Point", "coordinates": [-73.748, 42.4816] }},
{"zip_code":"12169","country":"US","city":"Stephentown","state":"New York","state_ab":"NY","county":"Rensselaer","geo_location":{ "type": "Point", "coordinates": [-73.4154, 42.5855] }},
{"zip_code":"12196","country":"US","city":"West Sand Lake","state":"New York","state_ab":"NY","county":"Rensselaer","geo_location":{ "type": "Point", "coordinates": [-73.6109, 42.638] }},
{"zip_code":"10303","country":"US","city":"Staten Island","state":"New York","state_ab":"NY","county":"Richmond","geo_location":{ "type": "Point", "coordinates": [-74.1607, 40.6301] }},
{"zip_code":"10923","country":"US","city":"Garnerville","state":"New York","state_ab":"NY","county":"Rockland","geo_location":{ "type": "Point", "coordinates": [-74.0005, 41.2021] }},
{"zip_code":"10976","country":"US","city":"Sparkill","state":"New York","state_ab":"NY","county":"Rockland","geo_location":{ "type": "Point", "coordinates": [-73.9229, 41.0256] }},
{"zip_code":"10989","country":"US","city":"Valley Cottage","state":"New York","state_ab":"NY","county":"Rockland","geo_location":{ "type": "Point", "coordinates": [-73.943, 41.1183] }},
{"zip_code":"13609","country":"US","city":"Balmat","state":"New York","state_ab":"NY","county":"St. Lawrence County","geo_location":{ "type": "Point", "coordinates": [-75.3953, 44.2483] }},
{"zip_code":"13623","country":"US","city":"Chippewa Bay","state":"New York","state_ab":"NY","county":"St. Lawrence","geo_location":{ "type": "Point", "coordinates": [-75.7579, 44.4402] }},
{"zip_code":"13649","country":"US","city":"Helena","state":"New York","state_ab":"NY","county":"St. Lawrence","geo_location":{ "type": "Point", "coordinates": [-74.7068, 44.9217] }},
{"zip_code":"13676","country":"US","city":"Potsdam","state":"New York","state_ab":"NY","county":"St. Lawrence","geo_location":{ "type": "Point", "coordinates": [-74.9681, 44.6592] }},
{"zip_code":"13690","country":"US","city":"Star Lake","state":"New York","state_ab":"NY","county":"St. Lawrence","geo_location":{ "type": "Point", "coordinates": [-75.033, 44.1578] }},
{"zip_code":"12170","country":"US","city":"Stillwater","state":"New York","state_ab":"NY","county":"Saratoga","geo_location":{ "type": "Point", "coordinates": [-73.6609, 43.0019] }},
{"zip_code":"12866","country":"US","city":"Saratoga Springs","state":"New York","state_ab":"NY","county":"Saratoga","geo_location":{ "type": "Point", "coordinates": [-73.7408, 43.0708] }},
{"zip_code":"12053","country":"US","city":"Delanson","state":"New York","state_ab":"NY","county":"Schenectady","geo_location":{ "type": "Point", "coordinates": [-74.1868, 42.748] }},
{"zip_code":"12309","country":"US","city":"Schenectady","state":"New York","state_ab":"NY","county":"Schenectady","geo_location":{ "type": "Point", "coordinates": [-73.8693, 42.8091] }},
{"zip_code":"12093","country":"US","city":"Jefferson","state":"New York","state_ab":"NY","county":"Schoharie","geo_location":{ "type": "Point", "coordinates": [-74.6117, 42.4999] }},
{"zip_code":"14860","country":"US","city":"Lodi","state":"New York","state_ab":"NY","county":"Seneca","geo_location":{ "type": "Point", "coordinates": [-76.8339, 42.5966] }}]}