{"value": [{"zip_code":"89504","country":"US","city":"Reno","state":"Nevada","state_ab":"NV","county":"Washoe","geo_location":{ "type": "Point", "coordinates": [-119.5869, 40.5412] }},
{"zip_code":"89557","country":"US","city":"Reno","state":"Nevada","state_ab":"NV","county":"Washoe","geo_location":{ "type": "Point", "coordinates": [-119.5869, 40.5412] }},
{"zip_code":"89311","country":"US","city":"Baker","state":"Nevada","state_ab":"NV","county":"White Pine","geo_location":{ "type": "Point", "coordinates": [-114.2438, 38.9559] }},
{"zip_code":"89711","country":"US","city":"Carson City","state":"Nevada","state_ab":"NV","county":"Carson City (city)","geo_location":{ "type": "Point", "coordinates": [-119.7764, 39.1678] }},
{"zip_code":"12007","country":"US","city":"Alcove","state":"New York","state_ab":"NY","county":"Albany","geo_location":{ "type": "Point", "coordinates": [-73.9277, 42.4561] }},
{"zip_code":"12047","country":"US","city":"Cohoes","state":"New York","state_ab":"NY","county":"Albany","geo_location":{ "type": "Point", "coordinates": [-73.7124, 42.7754] }},
{"zip_code":"12111","country":"US","city":"Latham","state":"New York","state_ab":"NY","county":"Albany","geo_location":{ "type": "Point", "coordinates": [-73.9708, 42.6149] }},
{"zip_code":"12201","country":"US","city":"Albany","state":"New York","state_ab":"NY","county":"Albany","geo_location":{ "type": "Point", "coordinates": [-73.9708, 42.6149] }},
{"zip_code":"12214","country":"US","city":"Albany","state":"New York","state_ab":"NY","county":"Albany","geo_location":{ "type": "Point", "coordinates": [-73.9708, 42.6149] }},
{"zip_code":"12227","country":"US","city":"Albany","state":"New York","state_ab":"NY","county":"Albany","geo_location":{ "type": "Point", "coordinates": [-73.9708, 42.6149] }},
{"zip_code":"12241","country":"US","city":"Albany","state":"New York","state_ab":"NY","county":"Albany","geo_location":{ "type": "Point", "coordinates": [-73.9708, 42.6149] }},
{"zip_code":"14711","country":"US","city":"Belfast","state":"New York","state_ab":"NY","county":"Allegany","geo_location":{ "type": "Point", "coordinates": [-78.0943, 42.32] }},
{"zip_code":"14777","country":"US","city":"Rushford","state":"New York","state_ab":"NY","county":"Allegany","geo_location":{ "type": "Point", "coordinates": [-78.2323, 42.3974] }},
{"zip_code":"10454","country":"US","city":"Bronx","state":"New York","state_ab":"NY","county":"Bronx","geo_location":{ "type": "Point", "coordinates": [-73.9198, 40.8085] }},
{"zip_code":"10467","country":"US","city":"Bronx","state":"New York","state_ab":"NY","county":"Bronx","geo_location":{ "type": "Point", "coordinates": [-73.8712, 40.8737] }},
{"zip_code":"13761","country":"US","city":"Endicott","state":"New York","state_ab":"NY","county":"Broome","geo_location":{ "type": "Point", "coordinates": [-75.7449, 42.2067] }},
{"zip_code":"13787","country":"US","city":"Harpursville","state":"New York","state_ab":"NY","county":"Broome","geo_location":{ "type": "Point", "coordinates": [-75.6545, 42.1823] }},
{"zip_code":"13851","country":"US","city":"Vestal","state":"New York","state_ab":"NY","county":"Broome","geo_location":{ "type": "Point", "coordinates": [-75.7449, 42.2067] }},
{"zip_code":"13901","country":"US","city":"Binghamton","state":"New York","state_ab":"NY","county":"Broome","geo_location":{ "type": "Point", "coordinates": [-75.8865, 42.1463] }},
{"zip_code":"14041","country":"US","city":"Dayton","state":"New York","state_ab":"NY","county":"Cattaraugus","geo_location":{ "type": "Point", "coordinates": [-78.9844, 42.4086] }},
{"zip_code":"14171","country":"US","city":"West Valley","state":"New York","state_ab":"NY","county":"Cattaraugus","geo_location":{ "type": "Point", "coordinates": [-78.628, 42.4315] }},
{"zip_code":"14737","country":"US","city":"Franklinville","state":"New York","state_ab":"NY","county":"Cattaraugus","geo_location":{ "type": "Point", "coordinates": [-78.44, 42.3388] }},
{"zip_code":"14751","country":"US","city":"Leon","state":"New York","state_ab":"NY","county":"Cattaraugus","geo_location":{ "type": "Point", "coordinates": [-79.0062, 42.2983] }},
{"zip_code":"13024","country":"US","city":"Auburn","state":"New York","state_ab":"NY","county":"Cayuga","geo_location":{ "type": "Point", "coordinates": [-76.5096, 43.1634] }},
{"zip_code":"14081","country":"US","city":"Irving","state":"New York","state_ab":"NY","county":"Chautauqua","geo_location":{ "type": "Point", "coordinates": [-79.0596, 42.5739] }},
{"zip_code":"14724","country":"US","city":"Clymer","state":"New York","state_ab":"NY","county":"Chautauqua","geo_location":{ "type": "Point", "coordinates": [-79.6685, 42.0557] }},
{"zip_code":"14814","country":"US","city":"Big Flats","state":"New York","state_ab":"NY","county":"Chemung","geo_location":{ "type": "Point", "coordinates": [-76.9527, 42.1455] }},
{"zip_code":"14894","country":"US","city":"Wellsburg","state":"New York","state_ab":"NY","county":"Chemung","geo_location":{ "type": "Point", "coordinates": [-76.7723, 42.0273] }},
{"zip_code":"14904","country":"US","city":"Elmira","state":"New York","state_ab":"NY","county":"Chemung","geo_location":{ "type": "Point", "coordinates": [-76.8037, 42.0729] }},
{"zip_code":"13411","country":"US","city":"New Berlin","state":"New York","state_ab":"NY","county":"Chenango","geo_location":{ "type": "Point", "coordinates": [-75.3474, 42.6224] }},
{"zip_code":"13464","country":"US","city":"Smyrna","state":"New York","state_ab":"NY","county":"Chenango","geo_location":{ "type": "Point", "coordinates": [-75.6121, 42.6896] }},
{"zip_code":"12911","country":"US","city":"Keeseville","state":"New York","state_ab":"NY","county":"Clinton","geo_location":{ "type": "Point", "coordinates": [-73.4719, 44.5281] }},
{"zip_code":"12924","country":"US","city":"Keeseville","state":"New York","state_ab":"NY","county":"Clinton","geo_location":{ "type": "Point", "coordinates": [-73.5843, 44.4777] }},
{"zip_code":"13077","country":"US","city":"Homer","state":"New York","state_ab":"NY","county":"Cortland","geo_location":{ "type": "Point", "coordinates": [-76.1878, 42.6726] }},
{"zip_code":"13101","country":"US","city":"Mc Graw","state":"New York","state_ab":"NY","county":"Cortland","geo_location":{ "type": "Point", "coordinates": [-76.082, 42.5948] }},
{"zip_code":"13141","country":"US","city":"Preble","state":"New York","state_ab":"NY","county":"Cortland","geo_location":{ "type": "Point", "coordinates": [-76.2141, 42.795] }},
{"zip_code":"12421","country":"US","city":"Denver","state":"New York","state_ab":"NY","county":"Delaware","geo_location":{ "type": "Point", "coordinates": [-74.5407, 42.2522] }},
{"zip_code":"12434","country":"US","city":"Grand Gorge","state":"New York","state_ab":"NY","county":"Delaware","geo_location":{ "type": "Point", "coordinates": [-74.5312, 42.3874] }},
{"zip_code":"12474","country":"US","city":"Roxbury","state":"New York","state_ab":"NY","county":"Delaware","geo_location":{ "type": "Point", "coordinates": [-74.5631, 42.2957] }},
{"zip_code":"13774","country":"US","city":"Fishs Eddy","state":"New York","state_ab":"NY","county":"Delaware","geo_location":{ "type": "Point", "coordinates": [-75.1594, 41.9654] }},
{"zip_code":"13837","country":"US","city":"Shinhopple","state":"New York","state_ab":"NY","county":"Delaware","geo_location":{ "type": "Point", "coordinates": [-74.9256, 42.183] }},
{"zip_code":"12511","country":"US","city":"Castle Point","state":"New York","state_ab":"NY","county":"Dutchess","geo_location":{ "type": "Point", "coordinates": [-73.7437, 41.7599] }},
{"zip_code":"12524","country":"US","city":"Fishkill","state":"New York","state_ab":"NY","county":"Dutchess","geo_location":{ "type": "Point", "coordinates": [-73.8979, 41.5404] }},
{"zip_code":"12537","country":"US","city":"Hughsonville","state":"New York","state_ab":"NY","county":"Dutchess","geo_location":{ "type": "Point", "coordinates": [-73.9363, 41.5824] }},
{"zip_code":"12564","country":"US","city":"Pawling","state":"New York","state_ab":"NY","county":"Dutchess","geo_location":{ "type": "Point", "coordinates": [-73.5948, 41.5749] }},
{"zip_code":"12601","country":"US","city":"Poughkeepsie","state":"New York","state_ab":"NY","county":"Dutchess","geo_location":{ "type": "Point", "coordinates": [-73.9117, 41.7035] }},
{"zip_code":"14001","country":"US","city":"Akron","state":"New York","state_ab":"NY","county":"Erie","geo_location":{ "type": "Point", "coordinates": [-78.5084, 43.0249] }},
{"zip_code":"14027","country":"US","city":"Brant","state":"New York","state_ab":"NY","county":"Erie","geo_location":{ "type": "Point", "coordinates": [-79.0308, 42.5707] }},
{"zip_code":"14207","country":"US","city":"Buffalo","state":"New York","state_ab":"NY","county":"Erie","geo_location":{ "type": "Point", "coordinates": [-78.8978, 42.9491] }},
{"zip_code":"14221","country":"US","city":"Buffalo","state":"New York","state_ab":"NY","county":"Erie","geo_location":{ "type": "Point", "coordinates": [-78.7492, 42.9685] }},
{"zip_code":"14261","country":"US","city":"Buffalo","state":"New York","state_ab":"NY","county":"Erie","geo_location":{ "type": "Point", "coordinates": [-78.8871, 42.7684] }},
{"zip_code":"12964","country":"US","city":"New Russia","state":"New York","state_ab":"NY","county":"Essex","geo_location":{ "type": "Point", "coordinates": [-73.6059, 44.1595] }},
{"zip_code":"12977","country":"US","city":"Ray Brook","state":"New York","state_ab":"NY","county":"Essex","geo_location":{ "type": "Point", "coordinates": [-74.0795, 44.2802] }},
{"zip_code":"12937","country":"US","city":"Fort Covington","state":"New York","state_ab":"NY","county":"Franklin","geo_location":{ "type": "Point", "coordinates": [-74.4929, 44.9731] }},
{"zip_code":"14054","country":"US","city":"East Bethany","state":"New York","state_ab":"NY","county":"Genesee","geo_location":{ "type": "Point", "coordinates": [-78.1342, 42.9166] }},
{"zip_code":"14557","country":"US","city":"South Byron","state":"New York","state_ab":"NY","county":"Genesee","geo_location":{ "type": "Point", "coordinates": [-78.0573, 43.0416] }},
{"zip_code":"12087","country":"US","city":"Hannacroix","state":"New York","state_ab":"NY","county":"Greene","geo_location":{ "type": "Point", "coordinates": [-73.868, 42.4285] }},
{"zip_code":"12124","country":"US","city":"New Baltimore","state":"New York","state_ab":"NY","county":"Greene","geo_location":{ "type": "Point", "coordinates": [-73.7882, 42.4442] }},
{"zip_code":"12407","country":"US","city":"Ashland","state":"New York","state_ab":"NY","county":"Greene","geo_location":{ "type": "Point", "coordinates": [-74.3679, 42.3329] }},
{"zip_code":"12164","country":"US","city":"Speculator","state":"New York","state_ab":"NY","county":"Hamilton","geo_location":{ "type": "Point", "coordinates": [-74.3667, 43.5042] }},
{"zip_code":"12847","country":"US","city":"Long Lake","state":"New York","state_ab":"NY","county":"Hamilton","geo_location":{ "type": "Point", "coordinates": [-74.4662, 43.9477] }},
{"zip_code":"13361","country":"US","city":"Jordanville","state":"New York","state_ab":"NY","county":"Herkimer","geo_location":{ "type": "Point", "coordinates": [-74.8209, 42.8948] }},
{"zip_code":"13491","country":"US","city":"West Winfield","state":"New York","state_ab":"NY","county":"Herkimer","geo_location":{ "type": "Point", "coordinates": [-75.1835, 42.8826] }},
{"zip_code":"13657","country":"US","city":"Limerick","state":"New York","state_ab":"NY","county":"Jefferson","geo_location":{ "type": "Point", "coordinates": [-76.0904, 44.0357] }},
{"zip_code":"13671","country":"US","city":"Oxbow","state":"New York","state_ab":"NY","county":"Jefferson","geo_location":{ "type": "Point", "coordinates": [-75.6688, 44.3085] }},
{"zip_code":"11211","country":"US","city":"Brooklyn","state":"New York","state_ab":"NY","county":"Kings","geo_location":{ "type": "Point", "coordinates": [-73.9563, 40.7095] }},
{"zip_code":"11224","country":"US","city":"Brooklyn","state":"New York","state_ab":"NY","county":"Kings","geo_location":{ "type": "Point", "coordinates": [-73.9884, 40.5767] }},
{"zip_code":"11237","country":"US","city":"Brooklyn","state":"New York","state_ab":"NY","county":"Kings","geo_location":{ "type": "Point", "coordinates": [-73.918, 40.7006] }},
{"zip_code":"11251","country":"US","city":"Brooklyn","state":"New York","state_ab":"NY","county":"Kings","geo_location":{ "type": "Point", "coordinates": [-73.945, 40.6451] }},
{"zip_code":"13631","country":"US","city":"Denmark","state":"New York","state_ab":"NY","county":"Lewis","geo_location":{ "type": "Point", "coordinates": [-75.4803, 43.8187] }},
{"zip_code":"14414","country":"US","city":"Avon","state":"New York","state_ab":"NY","county":"Livingston","geo_location":{ "type": "Point", "coordinates": [-77.7274, 42.903] }},
{"zip_code":"14454","country":"US","city":"Geneseo","state":"New York","state_ab":"NY","county":"Livingston","geo_location":{ "type": "Point", "coordinates": [-77.7996, 42.7938] }},
{"zip_code":"14481","country":"US","city":"Leicester","state":"New York","state_ab":"NY","county":"Livingston","geo_location":{ "type": "Point", "coordinates": [-77.899, 42.7739] }},
{"zip_code":"14517","country":"US","city":"Nunda","state":"New York","state_ab":"NY","county":"Livingston","geo_location":{ "type": "Point", "coordinates": [-77.918, 42.5867] }},
{"zip_code":"13037","country":"US","city":"Chittenango","state":"New York","state_ab":"NY","county":"Madison","geo_location":{ "type": "Point", "coordinates": [-75.8768, 43.0552] }},
{"zip_code":"13334","country":"US","city":"Eaton","state":"New York","state_ab":"NY","county":"Madison","geo_location":{ "type": "Point", "coordinates": [-75.6314, 42.8484] }},
{"zip_code":"14467","country":"US","city":"Henrietta","state":"New York","state_ab":"NY","county":"Monroe","geo_location":{ "type": "Point", "coordinates": [-77.6122, 43.0483] }},
{"zip_code":"14607","country":"US","city":"Rochester","state":"New York","state_ab":"NY","county":"Monroe","geo_location":{ "type": "Point", "coordinates": [-77.589, 43.1501] }},
{"zip_code":"14621","country":"US","city":"Rochester","state":"New York","state_ab":"NY","county":"Monroe","geo_location":{ "type": "Point", "coordinates": [-77.6043, 43.1834] }},
{"zip_code":"14647","country":"US","city":"Rochester","state":"New York","state_ab":"NY","county":"Monroe","geo_location":{ "type": "Point", "coordinates": [-77.6843, 43.286] }},
{"zip_code":"12177","country":"US","city":"Tribes Hill","state":"New York","state_ab":"NY","county":"Montgomery","geo_location":{ "type": "Point", "coordinates": [-74.297, 42.95] }},
{"zip_code":"11044","country":"US","city":"New Hyde Park","state":"New York","state_ab":"NY","county":"Nassau","geo_location":{ "type": "Point", "coordinates": [-73.6018, 40.7548] }},
{"zip_code":"11507","country":"US","city":"Albertson","state":"New York","state_ab":"NY","county":"Nassau","geo_location":{ "type": "Point", "coordinates": [-73.6514, 40.7703] }},
{"zip_code":"11547","country":"US","city":"Glenwood Landing","state":"New York","state_ab":"NY","county":"Nassau","geo_location":{ "type": "Point", "coordinates": [-73.6018, 40.7548] }},
{"zip_code":"11561","country":"US","city":"Long Beach","state":"New York","state_ab":"NY","county":"Nassau","geo_location":{ "type": "Point", "coordinates": [-73.6595, 40.5877] }},
{"zip_code":"11714","country":"US","city":"Bethpage","state":"New York","state_ab":"NY","county":"Nassau","geo_location":{ "type": "Point", "coordinates": [-73.4857, 40.74] }},
{"zip_code":"11804","country":"US","city":"Old Bethpage","state":"New York","state_ab":"NY","county":"Nassau","geo_location":{ "type": "Point", "coordinates": [-73.4575, 40.765] }},
{"zip_code":"10001","country":"US","city":"New York City","state":"New York","state_ab":"NY","county":"New York","geo_location":{ "type": "Point", "coordinates": [-73.9967, 40.7484] }},
{"zip_code":"10014","country":"US","city":"New York City","state":"New York","state_ab":"NY","county":"New York","geo_location":{ "type": "Point", "coordinates": [-74.0054, 40.7339] }},
{"zip_code":"10027","country":"US","city":"New York City","state":"New York","state_ab":"NY","county":"New York","geo_location":{ "type": "Point", "coordinates": [-73.955, 40.8116] }},
{"zip_code":"10041","country":"US","city":"New York City","state":"New York","state_ab":"NY","county":"New York","geo_location":{ "type": "Point", "coordinates": [-74.0098, 40.7038] }},
{"zip_code":"10081","country":"US","city":"New York City","state":"New York","state_ab":"NY","county":"New York","geo_location":{ "type": "Point", "coordinates": [-73.9772, 40.7808] }},
{"zip_code":"10094","country":"US","city":"New York City","state":"New York","state_ab":"NY","county":"New York","geo_location":{ "type": "Point", "coordinates": [-73.9772, 40.7808] }},
{"zip_code":"10104","country":"US","city":"New York City","state":"New York","state_ab":"NY","county":"New York","geo_location":{ "type": "Point", "coordinates": [-73.9799, 40.7609] }},
{"zip_code":"10117","country":"US","city":"New York City","state":"New York","state_ab":"NY","county":"New York","geo_location":{ "type": "Point", "coordinates": [-73.9772, 40.7808] }},
{"zip_code":"10131","country":"US","city":"New York City","state":"New York","state_ab":"NY","county":"New York","geo_location":{ "type": "Point", "coordinates": [-73.9772, 40.7808] }},
{"zip_code":"10157","country":"US","city":"New York City","state":"New York","state_ab":"NY","county":"New York","geo_location":{ "type": "Point", "coordinates": [-73.9772, 40.7808] }},
{"zip_code":"10171","country":"US","city":"New York City","state":"New York","state_ab":"NY","county":"New York","geo_location":{ "type": "Point", "coordinates": [-73.9748, 40.7564] }},
{"zip_code":"10184","country":"US","city":"New York City","state":"New York","state_ab":"NY","county":"New York","geo_location":{ "type": "Point", "coordinates": [-73.9772, 40.7808] }},
{"zip_code":"10197","country":"US","city":"New York City","state":"New York","state_ab":"NY","county":"New York","geo_location":{ "type": "Point", "coordinates": [-73.9772, 40.7808] }},
{"zip_code":"10261","country":"US","city":"New York City","state":"New York","state_ab":"NY","county":"New York","geo_location":{ "type": "Point", "coordinates": [-73.9772, 40.7808] }},
{"zip_code":"10274","country":"US","city":"New York City","state":"New York","state_ab":"NY","county":"New York","geo_location":{ "type": "Point", "coordinates": [-73.9772, 40.7808] }},
{"zip_code":"14067","country":"US","city":"Gasport","state":"New York","state_ab":"NY","county":"Niagara","geo_location":{ "type": "Point", "coordinates": [-78.5745, 43.2106] }},
{"zip_code":"14094","country":"US","city":"Lockport","state":"New York","state_ab":"NY","county":"Niagara","geo_location":{ "type": "Point", "coordinates": [-78.6923, 43.16] }},
{"zip_code":"14131","country":"US","city":"Ransomville","state":"New York","state_ab":"NY","county":"Niagara","geo_location":{ "type": "Point", "coordinates": [-78.8982, 43.2286] }},
{"zip_code":"14144","country":"US","city":"Stella Niagara","state":"New York","state_ab":"NY","county":"Niagara","geo_location":{ "type": "Point", "coordinates": [-79.0425, 43.1995] }},
{"zip_code":"13321","country":"US","city":"Clark Mills","state":"New York","state_ab":"NY","county":"Oneida","geo_location":{ "type": "Point", "coordinates": [-75.3871, 43.09] }},
{"zip_code":"13424","country":"US","city":"Oriskany","state":"New York","state_ab":"NY","county":"Oneida","geo_location":{ "type": "Point", "coordinates": [-75.3434, 43.1524] }},
{"zip_code":"2121","country":"US","city":"Boston","state":"Massachusetts","state_ab":"MA","county":"Suffolk","geo_location":{ "type": "Point", "coordinates": [-71.0816, 42.3071] }},
{"zip_code":"2134","country":"US","city":"Allston","state":"Massachusetts","state_ab":"MA","county":"Suffolk","geo_location":{ "type": "Point", "coordinates": [-71.1329, 42.3535] }},
{"zip_code":"2211","country":"US","city":"Boston","state":"Massachusetts","state_ab":"MA","county":"Suffolk","geo_location":{ "type": "Point", "coordinates": [-70.9196, 42.3389] }},
{"zip_code":"1094","country":"US","city":"Wheelwright","state":"Massachusetts","state_ab":"MA","county":"Worcester","geo_location":{ "type": "Point", "coordinates": [-72.1408, 42.3582] }},
{"zip_code":"1441","country":"US","city":"Gardner","state":"Massachusetts","state_ab":"MA","county":"Worcester","geo_location":{ "type": "Point", "coordinates": [-71.8969, 42.3648] }},
{"zip_code":"1467","country":"US","city":"Still River","state":"Massachusetts","state_ab":"MA","county":"Worcester","geo_location":{ "type": "Point", "coordinates": [-71.6131, 42.4871] }},
{"zip_code":"1504","country":"US","city":"Blackstone","state":"Massachusetts","state_ab":"MA","county":"Worcester","geo_location":{ "type": "Point", "coordinates": [-71.5269, 42.0287] }},
{"zip_code":"1517","country":"US","city":"East Princeton","state":"Massachusetts","state_ab":"MA","county":"Worcester","geo_location":{ "type": "Point", "coordinates": [-71.8969, 42.3648] }},
{"zip_code":"1531","country":"US","city":"New Braintree","state":"Massachusetts","state_ab":"MA","county":"Worcester","geo_location":{ "type": "Point", "coordinates": [-72.1306, 42.3198] }},
{"zip_code":"1571","country":"US","city":"Dudley","state":"Massachusetts","state_ab":"MA","county":"Worcester","geo_location":{ "type": "Point", "coordinates": [-71.8932, 42.0489] }},
{"zip_code":"1607","country":"US","city":"Worcester","state":"Massachusetts","state_ab":"MA","county":"Worcester","geo_location":{ "type": "Point", "coordinates": [-71.7938, 42.2303] }},
{"zip_code":"21524","country":"US","city":"Corriganville","state":"Maryland","state_ab":"MD","county":"Allegany","geo_location":{ "type": "Point", "coordinates": [-78.8031, 39.6967] }},
{"zip_code":"21061","country":"US","city":"Glen Burnie","state":"Maryland","state_ab":"MD","county":"Anne Arundel","geo_location":{ "type": "Point", "coordinates": [-76.6297, 39.1618] }},
{"zip_code":"21021","country":"US","city":"Bradshaw","state":"Maryland","state_ab":"MD","county":"Baltimore County","geo_location":{ "type": "Point", "coordinates": [-76.3922, 39.4273] }},
{"zip_code":"21087","country":"US","city":"Kingsville","state":"Maryland","state_ab":"MD","county":"Baltimore","geo_location":{ "type": "Point", "coordinates": [-76.4147, 39.4558] }},
{"zip_code":"21111","country":"US","city":"Monkton","state":"Maryland","state_ab":"MD","county":"Baltimore","geo_location":{ "type": "Point", "coordinates": [-76.5979, 39.5662] }},
{"zip_code":"21227","country":"US","city":"Halethorpe","state":"Maryland","state_ab":"MD","county":"Baltimore","geo_location":{ "type": "Point", "coordinates": [-76.6969, 39.2309] }},
{"zip_code":"20714","country":"US","city":"North Beach","state":"Maryland","state_ab":"MD","county":"Calvert","geo_location":{ "type": "Point", "coordinates": [-76.5367, 38.7119] }},
{"zip_code":"20754","country":"US","city":"Dunkirk","state":"Maryland","state_ab":"MD","county":"Calvert","geo_location":{ "type": "Point", "coordinates": [-76.6427, 38.7408] }},
{"zip_code":"21641","country":"US","city":"Hillsboro","state":"Maryland","state_ab":"MD","county":"Caroline","geo_location":{ "type": "Point", "coordinates": [-75.9388, 38.9206] }},
{"zip_code":"21681","country":"US","city":"Ridgely","state":"Maryland","state_ab":"MD","county":"Caroline","geo_location":{ "type": "Point", "coordinates": [-75.8612, 38.8893] }},
{"zip_code":"21074","country":"US","city":"Hampstead","state":"Maryland","state_ab":"MD","county":"Carroll","geo_location":{ "type": "Point", "coordinates": [-76.8644, 39.6146] }},
{"zip_code":"21757","country":"US","city":"Keymar","state":"Maryland","state_ab":"MD","county":"Carroll","geo_location":{ "type": "Point", "coordinates": [-77.2817, 39.5656] }},
{"zip_code":"21784","country":"US","city":"Sykesville","state":"Maryland","state_ab":"MD","county":"Carroll","geo_location":{ "type": "Point", "coordinates": [-76.9696, 39.4567] }},
{"zip_code":"21797","country":"US","city":"Woodbine","state":"Maryland","state_ab":"MD","county":"Carroll","geo_location":{ "type": "Point", "coordinates": [-77.0647, 39.3464] }},
{"zip_code":"21911","country":"US","city":"Rising Sun","state":"Maryland","state_ab":"MD","county":"Cecil","geo_location":{ "type": "Point", "coordinates": [-76.0492, 39.6882] }},
{"zip_code":"20611","country":"US","city":"Bel Alton","state":"Maryland","state_ab":"MD","county":"Charles","geo_location":{ "type": "Point", "coordinates": [-76.9789, 38.4731] }},
{"zip_code":"20637","country":"US","city":"Hughesville","state":"Maryland","state_ab":"MD","county":"Charles","geo_location":{ "type": "Point", "coordinates": [-76.7817, 38.5207] }},
{"zip_code":"20664","country":"US","city":"Newburg","state":"Maryland","state_ab":"MD","county":"Charles","geo_location":{ "type": "Point", "coordinates": [-76.9175, 38.3298] }},
{"zip_code":"20677","country":"US","city":"Port Tobacco","state":"Maryland","state_ab":"MD","county":"Charles","geo_location":{ "type": "Point", "coordinates": [-77.0419, 38.4994] }},
{"zip_code":"21627","country":"US","city":"Crocheron","state":"Maryland","state_ab":"MD","county":"Dorchester","geo_location":{ "type": "Point", "coordinates": [-76.0531, 38.2426] }},
{"zip_code":"21704","country":"US","city":"Frederick","state":"Maryland","state_ab":"MD","county":"Frederick","geo_location":{ "type": "Point", "coordinates": [-77.3832, 39.3455] }},
{"zip_code":"21717","country":"US","city":"Buckeystown","state":"Maryland","state_ab":"MD","county":"Frederick","geo_location":{ "type": "Point", "coordinates": [-77.4274, 39.3309] }},
{"zip_code":"21771","country":"US","city":"Mount Airy","state":"Maryland","state_ab":"MD","county":"Frederick","geo_location":{ "type": "Point", "coordinates": [-77.1723, 39.3881] }},
{"zip_code":"21034","country":"US","city":"Darlington","state":"Maryland","state_ab":"MD","county":"Harford","geo_location":{ "type": "Point", "coordinates": [-76.2278, 39.654] }},
{"zip_code":"21047","country":"US","city":"Fallston","state":"Maryland","state_ab":"MD","county":"Harford","geo_location":{ "type": "Point", "coordinates": [-76.4328, 39.527] }},
{"zip_code":"20701","country":"US","city":"Annapolis Junction","state":"Maryland","state_ab":"MD","county":"Howard","geo_location":{ "type": "Point", "coordinates": [-76.7988, 39.1332] }},
{"zip_code":"20794","country":"US","city":"Jessup","state":"Maryland","state_ab":"MD","county":"Howard","geo_location":{ "type": "Point", "coordinates": [-76.7922, 39.1484] }},
{"zip_code":"21667","country":"US","city":"Still Pond","state":"Maryland","state_ab":"MD","county":"Kent","geo_location":{ "type": "Point", "coordinates": [-76.0474, 39.3399] }},
{"zip_code":"20817","country":"US","city":"Bethesda","state":"Maryland","state_ab":"MD","county":"Montgomery","geo_location":{ "type": "Point", "coordinates": [-77.1538, 38.9896] }},
{"zip_code":"20857","country":"US","city":"Rockville","state":"Maryland","state_ab":"MD","county":"Montgomery","geo_location":{ "type": "Point", "coordinates": [-77.2076, 39.144] }},
{"zip_code":"20871","country":"US","city":"Clarksburg","state":"Maryland","state_ab":"MD","county":"Montgomery","geo_location":{ "type": "Point", "coordinates": [-77.2736, 39.2637] }},
{"zip_code":"20884","country":"US","city":"Gaithersburg","state":"Maryland","state_ab":"MD","county":"Montgomery","geo_location":{ "type": "Point", "coordinates": [-77.2076, 39.144] }},
{"zip_code":"20897","country":"US","city":"Suburb Maryland Fac","state":"Maryland","state_ab":"MD","county":"Montgomery","geo_location":{ "type": "Point", "coordinates": [-77.2076, 39.144] }},
{"zip_code":"20907","country":"US","city":"Silver Spring","state":"Maryland","state_ab":"MD","county":"Montgomery","geo_location":{ "type": "Point", "coordinates": [-77.2076, 39.144] }},
{"zip_code":"20741","country":"US","city":"College Park","state":"Maryland","state_ab":"MD","county":"Prince George's","geo_location":{ "type": "Point", "coordinates": [-76.8777, 38.8336] }},
{"zip_code":"20781","country":"US","city":"Hyattsville","state":"Maryland","state_ab":"MD","county":"Prince George's","geo_location":{ "type": "Point", "coordinates": [-76.9347, 38.9506] }},
{"zip_code":"20624","country":"US","city":"Clements","state":"Maryland","state_ab":"MD","county":"St. Mary's","geo_location":{ "type": "Point", "coordinates": [-76.7264, 38.3407] }},
{"zip_code":"21821","country":"US","city":"Deal Island","state":"Maryland","state_ab":"MD","county":"Somerset","geo_location":{ "type": "Point", "coordinates": [-75.9496, 38.1533] }},
{"zip_code":"21601","country":"US","city":"Easton","state":"Maryland","state_ab":"MD","county":"Talbot","geo_location":{ "type": "Point", "coordinates": [-76.0758, 38.7768] }},
{"zip_code":"21654","country":"US","city":"Oxford","state":"Maryland","state_ab":"MD","county":"Talbot","geo_location":{ "type": "Point", "coordinates": [-76.1538, 38.6864] }},
{"zip_code":"21861","country":"US","city":"Sharptown","state":"Maryland","state_ab":"MD","county":"Wicomico","geo_location":{ "type": "Point", "coordinates": [-75.7192, 38.5389] }},
{"zip_code":"21874","country":"US","city":"Willards","state":"Maryland","state_ab":"MD","county":"Wicomico","geo_location":{ "type": "Point", "coordinates": [-75.3552, 38.3939] }},
{"zip_code":"21201","country":"US","city":"Baltimore","state":"Maryland","state_ab":"MD","county":"Baltimore (city)","geo_location":{ "type": "Point", "coordinates": [-76.6252, 39.2946] }},
{"zip_code":"21214","country":"US","city":"Baltimore","state":"Maryland","state_ab":"MD","county":"Baltimore (city)","geo_location":{ "type": "Point", "coordinates": [-76.5644, 39.3521] }},
{"zip_code":"21241","country":"US","city":"Baltimore","state":"Maryland","state_ab":"MD","county":"Baltimore (city)","geo_location":{ "type": "Point", "coordinates": [-76.6205, 39.2847] }},
{"zip_code":"21281","country":"US","city":"Baltimore","state":"Maryland","state_ab":"MD","county":"Baltimore (city)","geo_location":{ "type": "Point", "coordinates": [-76.6205, 39.2847] }},
{"zip_code":"4734","country":"US","city":"Blaine","state":"Maine","state_ab":"ME","county":"Aroostook","geo_location":{ "type": "Point", "coordinates": [-68.8868, 46.5162] }},
{"zip_code":"4747","country":"US","city":"Island Falls","state":"Maine","state_ab":"ME","county":"Aroostook","geo_location":{ "type": "Point", "coordinates": [-68.2667, 46.0169] }},
{"zip_code":"4761","country":"US","city":"New Limerick","state":"Maine","state_ab":"ME","county":"Aroostook","geo_location":{ "type": "Point", "coordinates": [-68.0034, 46.1004] }},
{"zip_code":"4774","country":"US","city":"Saint Francis","state":"Maine","state_ab":"ME","county":"Aroostook","geo_location":{ "type": "Point", "coordinates": [-68.9503, 47.1407] }},
{"zip_code":"4787","country":"US","city":"Westfield","state":"Maine","state_ab":"ME","county":"Aroostook","geo_location":{ "type": "Point", "coordinates": [-67.9302, 46.5945] }},
{"zip_code":"4011","country":"US","city":"Brunswick","state":"Maine","state_ab":"ME","county":"Cumberland","geo_location":{ "type": "Point", "coordinates": [-69.9779, 43.8973] }},
{"zip_code":"4024","country":"US","city":"East Baldwin","state":"Maine","state_ab":"ME","county":"Cumberland","geo_location":{ "type": "Point", "coordinates": [-70.6922, 43.8646] }},
{"zip_code":"4077","country":"US","city":"South Casco","state":"Maine","state_ab":"ME","county":"Cumberland","geo_location":{ "type": "Point", "coordinates": [-70.5245, 43.91] }},
{"zip_code":"4091","country":"US","city":"West Baldwin","state":"Maine","state_ab":"ME","county":"Cumberland","geo_location":{ "type": "Point", "coordinates": [-70.749, 43.8299] }},
{"zip_code":"4101","country":"US","city":"Portland","state":"Maine","state_ab":"ME","county":"Cumberland","geo_location":{ "type": "Point", "coordinates": [-70.2589, 43.6606] }},
{"zip_code":"4361","country":"US","city":"Weeks Mills","state":"Maine","state_ab":"ME","county":"Franklin County","geo_location":{ "type": "Point", "coordinates": [-69.5423, 44.4065] }},
{"zip_code":"4617","country":"US","city":"Brooksville","state":"Maine","state_ab":"ME","county":"Hancock","geo_location":{ "type": "Point", "coordinates": [-68.7313, 44.3756] }},
{"zip_code":"4644","country":"US","city":"Hulls Cove","state":"Maine","state_ab":"ME","county":"Hancock","geo_location":{ "type": "Point", "coordinates": [-68.3915, 44.6419] }},
{"zip_code":"4684","country":"US","city":"Surry","state":"Maine","state_ab":"ME","county":"Hancock","geo_location":{ "type": "Point", "coordinates": [-68.5063, 44.4883] }},
{"zip_code":"4284","country":"US","city":"Wayne","state":"Maine","state_ab":"ME","county":"Kennebec","geo_location":{ "type": "Point", "coordinates": [-70.0712, 44.3493] }},
{"zip_code":"4347","country":"US","city":"Hallowell","state":"Maine","state_ab":"ME","county":"Kennebec","geo_location":{ "type": "Point", "coordinates": [-69.8057, 44.2864] }},
{"zip_code":"4901","country":"US","city":"Waterville","state":"Maine","state_ab":"ME","county":"Kennebec","geo_location":{ "type": "Point", "coordinates": [-69.6178, 44.5543] }},
{"zip_code":"4927","country":"US","city":"Clinton","state":"Maine","state_ab":"ME","county":"Kennebec","geo_location":{ "type": "Point", "coordinates": [-69.5284, 44.644] }},
{"zip_code":"4851","country":"US","city":"Matinicus","state":"Maine","state_ab":"ME","county":"Knox","geo_location":{ "type": "Point", "coordinates": [-69.148, 44.0322] }},
{"zip_code":"4864","country":"US","city":"Warren","state":"Maine","state_ab":"ME","county":"Knox","geo_location":{ "type": "Point", "coordinates": [-69.2479, 44.1271] }},
{"zip_code":"4541","country":"US","city":"Chamberlain","state":"Maine","state_ab":"ME","county":"Lincoln","geo_location":{ "type": "Point", "coordinates": [-69.4792, 43.8843] }},
{"zip_code":"4554","country":"US","city":"New Harbor","state":"Maine","state_ab":"ME","county":"Lincoln","geo_location":{ "type": "Point", "coordinates": [-69.5079, 43.8605] }},
{"zip_code":"4037","country":"US","city":"Fryeburg","state":"Maine","state_ab":"ME","county":"Oxford","geo_location":{ "type": "Point", "coordinates": [-70.9668, 44.0313] }},
{"zip_code":"4051","country":"US","city":"Lovell","state":"Maine","state_ab":"ME","county":"Oxford","geo_location":{ "type": "Point", "coordinates": [-70.93, 44.1614] }},
{"zip_code":"4217","country":"US","city":"Bethel","state":"Maine","state_ab":"ME","county":"Oxford","geo_location":{ "type": "Point", "coordinates": [-70.8037, 44.4162] }},
{"zip_code":"4231","country":"US","city":"Stoneham","state":"Maine","state_ab":"ME","county":"Oxford","geo_location":{ "type": "Point", "coordinates": [-70.8875, 44.2641] }},
{"zip_code":"4257","country":"US","city":"Mexico","state":"Maine","state_ab":"ME","county":"Oxford","geo_location":{ "type": "Point", "coordinates": [-70.5358, 44.5628] }},
{"zip_code":"4271","country":"US","city":"Paris","state":"Maine","state_ab":"ME","county":"Oxford","geo_location":{ "type": "Point", "coordinates": [-70.4985, 44.2641] }},
{"zip_code":"4411","country":"US","city":"Bradley","state":"Maine","state_ab":"ME","county":"Penobscot","geo_location":{ "type": "Point", "coordinates": [-68.6263, 44.9015] }},
{"zip_code":"4451","country":"US","city":"Kingman","state":"Maine","state_ab":"ME","county":"Penobscot","geo_location":{ "type": "Point", "coordinates": [-68.2366, 45.5984] }},
{"zip_code":"4464","country":"US","city":"Monson","state":"Maine","state_ab":"ME","county":"Piscataquis","geo_location":{ "type": "Point", "coordinates": [-69.488, 45.2981] }},
{"zip_code":"4567","country":"US","city":"Small Point","state":"Maine","state_ab":"ME","county":"Sagadahoc","geo_location":{ "type": "Point", "coordinates": [-69.8595, 43.9009] }},
{"zip_code":"4954","country":"US","city":"New Portland","state":"Maine","state_ab":"ME","county":"Somerset","geo_location":{ "type": "Point", "coordinates": [-69.9098, 45.5757] }},
{"zip_code":"4967","country":"US","city":"Pittsfield","state":"Maine","state_ab":"ME","county":"Somerset","geo_location":{ "type": "Point", "coordinates": [-69.4022, 44.7871] }},
{"zip_code":"4941","country":"US","city":"Freedom","state":"Maine","state_ab":"ME","county":"Waldo","geo_location":{ "type": "Point", "coordinates": [-69.319, 44.4633] }},
{"zip_code":"4981","country":"US","city":"Stockton Springs","state":"Maine","state_ab":"ME","county":"Waldo","geo_location":{ "type": "Point", "coordinates": [-68.856, 44.5141] }},
{"zip_code":"4424","country":"US","city":"Danforth","state":"Maine","state_ab":"ME","county":"Washington","geo_location":{ "type": "Point", "coordinates": [-67.8688, 45.6687] }},
{"zip_code":"4491","country":"US","city":"Vanceboro","state":"Maine","state_ab":"ME","county":"Washington","geo_location":{ "type": "Point", "coordinates": [-67.4694, 45.5702] }},
{"zip_code":"4631","country":"US","city":"Eastport","state":"Maine","state_ab":"ME","county":"Washington","geo_location":{ "type": "Point", "coordinates": [-67.0074, 44.92] }},
{"zip_code":"4657","country":"US","city":"Meddybemps","state":"Maine","state_ab":"ME","county":"Washington","geo_location":{ "type": "Point", "coordinates": [-67.3829, 45.0193] }},
{"zip_code":"4671","country":"US","city":"Robbinston","state":"Maine","state_ab":"ME","county":"Washington","geo_location":{ "type": "Point", "coordinates": [-67.1433, 45.067] }},
{"zip_code":"3911","country":"US","city":"York Harbor","state":"Maine","state_ab":"ME","county":"York","geo_location":{ "type": "Point", "coordinates": [-70.6357, 43.1555] }},
{"zip_code":"4064","country":"US","city":"Old Orchard Beach","state":"Maine","state_ab":"ME","county":"York","geo_location":{ "type": "Point", "coordinates": [-70.3883, 43.5254] }},
{"zip_code":"48721","country":"US","city":"Black River","state":"Michigan","state_ab":"MI","county":"Alcona","geo_location":{ "type": "Point", "coordinates": [-83.3407, 44.8138] }},
{"zip_code":"49311","country":"US","city":"Bradley","state":"Michigan","state_ab":"MI","county":"Allegan","geo_location":{ "type": "Point", "coordinates": [-85.643, 42.633] }},
{"zip_code":"48631","country":"US","city":"Kawkawlin","state":"Michigan","state_ab":"MI","county":"Bay","geo_location":{ "type": "Point", "coordinates": [-83.9927, 43.6794] }},
{"zip_code":"48707","country":"US","city":"Bay City","state":"Michigan","state_ab":"MI","county":"Bay","geo_location":{ "type": "Point", "coordinates": [-83.9333, 43.7378] }},
{"zip_code":"48747","country":"US","city":"Munger","state":"Michigan","state_ab":"MI","county":"Bay","geo_location":{ "type": "Point", "coordinates": [-83.7672, 43.5286] }},
{"zip_code":"49104","country":"US","city":"Berrien Springs","state":"Michigan","state_ab":"MI","county":"Berrien","geo_location":{ "type": "Point", "coordinates": [-86.7153, 42.0016] }},
{"zip_code":"49117","country":"US","city":"New Buffalo","state":"Michigan","state_ab":"MI","county":"Berrien","geo_location":{ "type": "Point", "coordinates": [-86.746, 41.7927] }},
{"zip_code":"49094","country":"US","city":"Union City","state":"Michigan","state_ab":"MI","county":"Branch","geo_location":{ "type": "Point", "coordinates": [-85.1356, 42.0551] }},
{"zip_code":"49014","country":"US","city":"Battle Creek","state":"Michigan","state_ab":"MI","county":"Calhoun","geo_location":{ "type": "Point", "coordinates": [-85.1304, 42.303] }},
{"zip_code":"49067","country":"US","city":"Marcellus","state":"Michigan","state_ab":"MI","county":"Cass","geo_location":{ "type": "Point", "coordinates": [-85.7988, 42.0275] }},
{"zip_code":"49711","country":"US","city":"Bay Shore","state":"Michigan","state_ab":"MI","county":"Charlevoix","geo_location":{ "type": "Point", "coordinates": [-85.332, 45.5234] }},
{"zip_code":"49791","country":"US","city":"Topinabee","state":"Michigan","state_ab":"MI","county":"Cheboygan","geo_location":{ "type": "Point", "coordinates": [-84.5936, 45.4838] }},
{"zip_code":"49724","country":"US","city":"Dafter","state":"Michigan","state_ab":"MI","county":"Chippewa","geo_location":{ "type": "Point", "coordinates": [-84.3878, 46.327] }},
{"zip_code":"48617","country":"US","city":"Clare","state":"Michigan","state_ab":"MI","county":"Clare","geo_location":{ "type": "Point", "coordinates": [-84.7635, 43.8223] }},
{"zip_code":"49894","country":"US","city":"Wells","state":"Michigan","state_ab":"MI","county":"Delta","geo_location":{ "type": "Point", "coordinates": [-87.0734, 45.7849] }},
{"zip_code":"49801","country":"US","city":"Iron Mountain","state":"Michigan","state_ab":"MI","county":"Dickinson","geo_location":{ "type": "Point", "coordinates": [-88.0683, 45.8219] }},
{"zip_code":"49881","country":"US","city":"Sagola","state":"Michigan","state_ab":"MI","county":"Dickinson","geo_location":{ "type": "Point", "coordinates": [-88.0676, 46.0813] }},
{"zip_code":"48837","country":"US","city":"Grand Ledge","state":"Michigan","state_ab":"MI","county":"Eaton","geo_location":{ "type": "Point", "coordinates": [-84.7373, 42.7529] }},
{"zip_code":"49737","country":"US","city":"Good Hart","state":"Michigan","state_ab":"MI","county":"Emmet","geo_location":{ "type": "Point", "coordinates": [-85.1137, 45.5802] }},
{"zip_code":"49764","country":"US","city":"Oden","state":"Michigan","state_ab":"MI","county":"Emmet","geo_location":{ "type": "Point", "coordinates": [-84.8146, 45.4803] }},
{"zip_code":"48411","country":"US","city":"Atlas","state":"Michigan","state_ab":"MI","county":"Genesee","geo_location":{ "type": "Point", "coordinates": [-83.5369, 42.94] }},
{"zip_code":"48437","country":"US","city":"Genesee","state":"Michigan","state_ab":"MI","county":"Genesee","geo_location":{ "type": "Point", "coordinates": [-83.6154, 43.1123] }},
{"zip_code":"48451","country":"US","city":"Linden","state":"Michigan","state_ab":"MI","county":"Genesee","geo_location":{ "type": "Point", "coordinates": [-83.7993, 42.8104] }},
{"zip_code":"48501","country":"US","city":"Flint","state":"Michigan","state_ab":"MI","county":"Genesee","geo_location":{ "type": "Point", "coordinates": [-83.7808, 42.9659] }},
{"zip_code":"48554","country":"US","city":"Flint","state":"Michigan","state_ab":"MI","county":"Genesee","geo_location":{ "type": "Point", "coordinates": [-83.7946, 42.9722] }},
{"zip_code":"48877","country":"US","city":"Riverdale","state":"Michigan","state_ab":"MI","county":"Gratiot","geo_location":{ "type": "Point", "coordinates": [-84.8429, 43.4017] }},
{"zip_code":"49274","country":"US","city":"Reading","state":"Michigan","state_ab":"MI","county":"Hillsdale","geo_location":{ "type": "Point", "coordinates": [-84.7648, 41.8442] }},
{"zip_code":"49917","country":"US","city":"Copper City","state":"Michigan","state_ab":"MI","county":"Houghton","geo_location":{ "type": "Point", "coordinates": [-88.3875, 47.2842] }},
{"zip_code":"49931","country":"US","city":"Houghton","state":"Michigan","state_ab":"MI","county":"Houghton","geo_location":{ "type": "Point", "coordinates": [-88.558, 47.1158] }},
{"zip_code":"48824","country":"US","city":"East Lansing","state":"Michigan","state_ab":"MI","county":"Ingham","geo_location":{ "type": "Point", "coordinates": [-84.4882, 42.7283] }},
{"zip_code":"48864","country":"US","city":"Okemos","state":"Michigan","state_ab":"MI","county":"Ingham","geo_location":{ "type": "Point", "coordinates": [-84.4187, 42.7053] }},
{"zip_code":"48901","country":"US","city":"Lansing","state":"Michigan","state_ab":"MI","county":"Ingham","geo_location":{ "type": "Point", "coordinates": [-84.372, 42.5992] }},
{"zip_code":"48851","country":"US","city":"Lyons","state":"Michigan","state_ab":"MI","county":"Ionia","geo_location":{ "type": "Point", "coordinates": [-84.9209, 42.9634] }},
{"zip_code":"49234","country":"US","city":"Clarklake","state":"Michigan","state_ab":"MI","county":"Jackson","geo_location":{ "type": "Point", "coordinates": [-84.3521, 42.1235] }},
{"zip_code":"49261","country":"US","city":"Napoleon","state":"Michigan","state_ab":"MI","county":"Jackson","geo_location":{ "type": "Point", "coordinates": [-84.2458, 42.1643] }},
{"zip_code":"49001","country":"US","city":"Kalamazoo","state":"Michigan","state_ab":"MI","county":"Kalamazoo","geo_location":{ "type": "Point", "coordinates": [-85.5457, 42.2736] }},
{"zip_code":"49041","country":"US","city":"Comstock","state":"Michigan","state_ab":"MI","county":"Kalamazoo","geo_location":{ "type": "Point", "coordinates": [-85.5299, 42.2454] }},
{"zip_code":"49081","country":"US","city":"Portage","state":"Michigan","state_ab":"MI","county":"Kalamazoo","geo_location":{ "type": "Point", "coordinates": [-85.6178, 42.1718] }},
{"zip_code":"49351","country":"US","city":"Rockford","state":"Michigan","state_ab":"MI","county":"Kent","geo_location":{ "type": "Point", "coordinates": [-85.5503, 43.0314] }},
{"zip_code":"49504","country":"US","city":"Grand Rapids","state":"Michigan","state_ab":"MI","county":"Kent","geo_location":{ "type": "Point", "coordinates": [-85.7265, 42.9737] }},
{"zip_code":"49544","country":"US","city":"Grand Rapids","state":"Michigan","state_ab":"MI","county":"Kent","geo_location":{ "type": "Point", "coordinates": [-85.7255, 43.0073] }},
{"zip_code":"48464","country":"US","city":"Otter Lake","state":"Michigan","state_ab":"MI","county":"Lapeer","geo_location":{ "type": "Point", "coordinates": [-83.4242, 43.2183] }},
{"zip_code":"49621","country":"US","city":"Cedar","state":"Michigan","state_ab":"MI","county":"Leelanau","geo_location":{ "type": "Point", "coordinates": [-85.8138, 44.8605] }},
{"zip_code":"49674","country":"US","city":"Omena","state":"Michigan","state_ab":"MI","county":"Leelanau","geo_location":{ "type": "Point", "coordinates": [-85.5974, 45.0666] }},
{"zip_code":"49221","country":"US","city":"Adrian","state":"Michigan","state_ab":"MI","county":"Lenawee","geo_location":{ "type": "Point", "coordinates": [-84.0446, 41.9005] }},
{"zip_code":"49247","country":"US","city":"Hudson","state":"Michigan","state_ab":"MI","county":"Lenawee","geo_location":{ "type": "Point", "coordinates": [-84.338, 41.8581] }},
{"zip_code":"49287","country":"US","city":"Tipton","state":"Michigan","state_ab":"MI","county":"Lenawee","geo_location":{ "type": "Point", "coordinates": [-84.0768, 42.0369] }},
{"zip_code":"48114","country":"US","city":"Brighton","state":"Michigan","state_ab":"MI","county":"Livingston","geo_location":{ "type": "Point", "coordinates": [-83.7484, 42.57] }},
{"zip_code":"49827","country":"US","city":"Engadine","state":"Michigan","state_ab":"MI","county":"Mackinac","geo_location":{ "type": "Point", "coordinates": [-85.6005, 46.204] }},
{"zip_code":"48051","country":"US","city":"New Baltimore","state":"Michigan","state_ab":"MI","county":"Macomb","geo_location":{ "type": "Point", "coordinates": [-82.8207, 42.6938] }},
{"zip_code":"48091","country":"US","city":"Warren","state":"Michigan","state_ab":"MI","county":"Macomb","geo_location":{ "type": "Point", "coordinates": [-83.0593, 42.4665] }},
{"zip_code":"49634","country":"US","city":"Filer City","state":"Michigan","state_ab":"MI","county":"Manistee","geo_location":{ "type": "Point", "coordinates": [-86.058, 44.2382] }},
{"zip_code":"49814","country":"US","city":"Champion","state":"Michigan","state_ab":"MI","county":"Marquette","geo_location":{ "type": "Point", "coordinates": [-87.8306, 46.4685] }},
{"zip_code":"49841","country":"US","city":"Gwinn","state":"Michigan","state_ab":"MI","county":"Marquette","geo_location":{ "type": "Point", "coordinates": [-87.4397, 46.3311] }},
{"zip_code":"49454","country":"US","city":"Scottville","state":"Michigan","state_ab":"MI","county":"Mason","geo_location":{ "type": "Point", "coordinates": [-86.3156, 43.9767] }},
{"zip_code":"48657","country":"US","city":"Sanford","state":"Michigan","state_ab":"MI","county":"Midland","geo_location":{ "type": "Point", "coordinates": [-84.3954, 43.7204] }},
{"zip_code":"48811","country":"US","city":"Carson City","state":"Michigan","state_ab":"MI","county":"Montcalm","geo_location":{ "type": "Point", "coordinates": [-84.8653, 43.1695] }},
{"zip_code":"48891","country":"US","city":"Vestaburg","state":"Michigan","state_ab":"MI","county":"Montcalm","geo_location":{ "type": "Point", "coordinates": [-84.9082, 43.387] }},
{"zip_code":"49441","country":"US","city":"Muskegon","state":"Michigan","state_ab":"MI","county":"Muskegon","geo_location":{ "type": "Point", "coordinates": [-86.2738, 43.1962] }},
{"zip_code":"49337","country":"US","city":"Newaygo","state":"Michigan","state_ab":"MI","county":"Newaygo","geo_location":{ "type": "Point", "coordinates": [-85.7594, 43.4198] }},
{"zip_code":"48037","country":"US","city":"Southfield","state":"Michigan","state_ab":"MI","county":"Oakland","geo_location":{ "type": "Point", "coordinates": [-83.15, 42.5675] }},
{"zip_code":"48307","country":"US","city":"Rochester","state":"Michigan","state_ab":"MI","county":"Oakland","geo_location":{ "type": "Point", "coordinates": [-83.1225, 42.6593] }},
{"zip_code":"48321","country":"US","city":"Auburn Hills","state":"Michigan","state_ab":"MI","county":"Oakland","geo_location":{ "type": "Point", "coordinates": [-83.3863, 42.6601] }},
{"zip_code":"48334","country":"US","city":"Farmington","state":"Michigan","state_ab":"MI","county":"Oakland","geo_location":{ "type": "Point", "coordinates": [-83.3484, 42.5065] }},
{"zip_code":"48347","country":"US","city":"Clarkston","state":"Michigan","state_ab":"MI","county":"Oakland","geo_location":{ "type": "Point", "coordinates": [-83.3863, 42.6601] }},
{"zip_code":"48361","country":"US","city":"Lake Orion","state":"Michigan","state_ab":"MI","county":"Oakland","geo_location":{ "type": "Point", "coordinates": [-83.3863, 42.6601] }},
{"zip_code":"48374","country":"US","city":"Novi","state":"Michigan","state_ab":"MI","county":"Oakland","geo_location":{ "type": "Point", "coordinates": [-83.5224, 42.4735] }},
{"zip_code":"48387","country":"US","city":"Union Lake","state":"Michigan","state_ab":"MI","county":"Oakland","geo_location":{ "type": "Point", "coordinates": [-83.3116, 42.7253] }},
{"zip_code":"48761","country":"US","city":"South Branch","state":"Michigan","state_ab":"MI","county":"Ogemaw","geo_location":{ "type": "Point", "coordinates": [-83.8686, 44.5014] }},
{"zip_code":"49971","country":"US","city":"White Pine","state":"Michigan","state_ab":"MI","county":"Ontonagon","geo_location":{ "type": "Point", "coordinates": [-89.5974, 46.7827] }},
{"zip_code":"49647","country":"US","city":"Karlin","state":"Michigan","state_ab":"MI","county":"Oscoda County","geo_location":{ "type": "Point", "coordinates": [-85.7941, 44.5691] }},
{"zip_code":"49751","country":"US","city":"Johannesburg","state":"Michigan","state_ab":"MI","county":"Otsego","geo_location":{ "type": "Point", "coordinates": [-84.3857, 45.0152] }},
{"zip_code":"49401","country":"US","city":"Allendale","state":"Michigan","state_ab":"MI","county":"Ottawa","geo_location":{ "type": "Point", "coordinates": [-85.9249, 42.9711] }},
{"zip_code":"49427","country":"US","city":"Jamestown","state":"Michigan","state_ab":"MI","county":"Ottawa","geo_location":{ "type": "Point", "coordinates": [-85.8444, 42.8267] }},
{"zip_code":"49777","country":"US","city":"Presque Isle","state":"Michigan","state_ab":"MI","county":"Presque Isle","geo_location":{ "type": "Point", "coordinates": [-83.5023, 45.2969] }},
{"zip_code":"48604","country":"US","city":"Saginaw","state":"Michigan","state_ab":"MI","county":"Saginaw","geo_location":{ "type": "Point", "coordinates": [-83.9514, 43.4732] }},
{"zip_code":"48734","country":"US","city":"Frankenmuth","state":"Michigan","state_ab":"MI","county":"Saginaw","geo_location":{ "type": "Point", "coordinates": [-83.7475, 43.341] }},
{"zip_code":"48787","country":"US","city":"Frankenmuth","state":"Michigan","state_ab":"MI","county":"Saginaw","geo_location":{ "type": "Point", "coordinates": [-83.7494, 43.335] }},
{"zip_code":"48064","country":"US","city":"Casco","state":"Michigan","state_ab":"MI","county":"St. Clair","geo_location":{ "type": "Point", "coordinates": [-82.6728, 42.7674] }},
{"zip_code":"49854","country":"US","city":"Manistique","state":"Michigan","state_ab":"MI","county":"Schoolcraft","geo_location":{ "type": "Point", "coordinates": [-86.2555, 46.0062] }},
{"zip_code":"49027","country":"US","city":"Breedsville","state":"Michigan","state_ab":"MI","county":"Van Buren","geo_location":{ "type": "Point", "coordinates": [-86.0725, 42.3465] }},
{"zip_code":"48101","country":"US","city":"Allen Park","state":"Michigan","state_ab":"MI","county":"Wayne","geo_location":{ "type": "Point", "coordinates": [-83.212, 42.2522] }},
{"zip_code":"48127","country":"US","city":"Dearborn Heights","state":"Michigan","state_ab":"MI","county":"Wayne","geo_location":{ "type": "Point", "coordinates": [-83.2864, 42.3353] }},
{"zip_code":"48141","country":"US","city":"Inkster","state":"Michigan","state_ab":"MI","county":"Wayne","geo_location":{ "type": "Point", "coordinates": [-83.3146, 42.294] }},
{"zip_code":"48154","country":"US","city":"Livonia","state":"Michigan","state_ab":"MI","county":"Wayne","geo_location":{ "type": "Point", "coordinates": [-83.3772, 42.3958] }},
{"zip_code":"48167","country":"US","city":"Northville","state":"Michigan","state_ab":"MI","county":"Wayne","geo_location":{ "type": "Point", "coordinates": [-83.4794, 42.4262] }},
{"zip_code":"48204","country":"US","city":"Detroit","state":"Michigan","state_ab":"MI","county":"Wayne","geo_location":{ "type": "Point", "coordinates": [-83.1422, 42.3661] }},
{"zip_code":"48217","country":"US","city":"Detroit","state":"Michigan","state_ab":"MI","county":"Wayne","geo_location":{ "type": "Point", "coordinates": [-83.1545, 42.2719] }},
{"zip_code":"48231","country":"US","city":"Detroit","state":"Michigan","state_ab":"MI","county":"Wayne","geo_location":{ "type": "Point", "coordinates": [-83.1508, 42.2399] }},
{"zip_code":"48244","country":"US","city":"Detroit","state":"Michigan","state_ab":"MI","county":"Wayne","geo_location":{ "type": "Point", "coordinates": [-83.1508, 42.2399] }},
{"zip_code":"48297","country":"US","city":"Detroit","state":"Michigan","state_ab":"MI","county":"Wayne","geo_location":{ "type": "Point", "coordinates": [-83.1508, 42.2399] }},
{"zip_code":"56511","country":"US","city":"Audubon","state":"Minnesota","state_ab":"MN","county":"Becker","geo_location":{ "type": "Point", "coordinates": [-95.9881, 46.8719] }},
{"zip_code":"56577","country":"US","city":"Richwood","state":"Minnesota","state_ab":"MN","county":"Becker","geo_location":{ "type": "Point", "coordinates": [-95.6784, 46.934] }},
{"zip_code":"56591","country":"US","city":"White Earth","state":"Minnesota","state_ab":"MN","county":"Becker","geo_location":{ "type": "Point", "coordinates": [-95.6784, 46.934] }},
{"zip_code":"56601","country":"US","city":"Bemidji","state":"Minnesota","state_ab":"MN","county":"Beltrami","geo_location":{ "type": "Point", "coordinates": [-94.8013, 47.572] }},
{"zip_code":"56667","country":"US","city":"Puposky","state":"Minnesota","state_ab":"MN","county":"Beltrami","geo_location":{ "type": "Point", "coordinates": [-94.9803, 47.7436] }},
{"zip_code":"56357","country":"US","city":"Oak Park","state":"Minnesota","state_ab":"MN","county":"Benton","geo_location":{ "type": "Point", "coordinates": [-93.8164, 45.7022] }},
{"zip_code":"56227","country":"US","city":"Correll","state":"Minnesota","state_ab":"MN","county":"Big Stone","geo_location":{ "type": "Point", "coordinates": [-96.1753, 45.2907] }},
{"zip_code":"56034","country":"US","city":"Garden City","state":"Minnesota","state_ab":"MN","county":"Blue Earth","geo_location":{ "type": "Point", "coordinates": [-94.1791, 44.0467] }},
{"zip_code":"56087","country":"US","city":"Springfield","state":"Minnesota","state_ab":"MN","county":"Brown","geo_location":{ "type": "Point", "coordinates": [-94.9792, 44.2329] }},
{"zip_code":"55767","country":"US","city":"Moose Lake","state":"Minnesota","state_ab":"MN","county":"Carlton","geo_location":{ "type": "Point", "coordinates": [-92.7466, 46.4472] }},
{"zip_code":"55367","country":"US","city":"New Germany","state":"Minnesota","state_ab":"MN","county":"Carver","geo_location":{ "type": "Point", "coordinates": [-93.9701, 44.8994] }},
{"zip_code":"55394","country":"US","city":"Young America","state":"Minnesota","state_ab":"MN","county":"Carver","geo_location":{ "type": "Point", "coordinates": [-93.7665, 44.8055] }},
{"zip_code":"55561","country":"US","city":"Monticello","state":"Minnesota","state_ab":"MN","county":"Carver","geo_location":{ "type": "Point", "coordinates": [-93.7665, 44.8055] }},
{"zip_code":"56474","country":"US","city":"Pine River","state":"Minnesota","state_ab":"MN","county":"Cass","geo_location":{ "type": "Point", "coordinates": [-94.4477, 46.6938] }},
{"zip_code":"56641","country":"US","city":"Federal Dam","state":"Minnesota","state_ab":"MN","county":"Cass","geo_location":{ "type": "Point", "coordinates": [-94.2575, 47.2069] }},
{"zip_code":"55084","country":"US","city":"Taylors Falls","state":"Minnesota","state_ab":"MN","county":"Chisago","geo_location":{ "type": "Point", "coordinates": [-92.733, 45.4576] }},
{"zip_code":"56124","country":"US","city":"Delft","state":"Minnesota","state_ab":"MN","county":"Cottonwood County","geo_location":{ "type": "Point", "coordinates": [-95.0472, 43.9785] }},
{"zip_code":"56447","country":"US","city":"Emily","state":"Minnesota","state_ab":"MN","county":"Crow Wing","geo_location":{ "type": "Point", "coordinates": [-93.9484, 46.7478] }},
{"zip_code":"55031","country":"US","city":"Hampton","state":"Minnesota","state_ab":"MN","county":"Dakota","geo_location":{ "type": "Point", "coordinates": [-92.9467, 44.6028] }},
{"zip_code":"55044","country":"US","city":"Lakeville","state":"Minnesota","state_ab":"MN","county":"Dakota","geo_location":{ "type": "Point", "coordinates": [-93.2578, 44.6749] }},
{"zip_code":"55121","country":"US","city":"Saint Paul","state":"Minnesota","state_ab":"MN","county":"Dakota","geo_location":{ "type": "Point", "coordinates": [-93.1543, 44.8471] }},
{"zip_code":"56047","country":"US","city":"Huntley","state":"Minnesota","state_ab":"MN","county":"Faribault","geo_location":{ "type": "Point", "coordinates": [-94.2289, 43.7384] }},
{"zip_code":"55961","country":"US","city":"Ostrander","state":"Minnesota","state_ab":"MN","county":"Fillmore","geo_location":{ "type": "Point", "coordinates": [-92.4157, 43.5972] }},
{"zip_code":"56007","country":"US","city":"Albert Lea","state":"Minnesota","state_ab":"MN","county":"Freeborn","geo_location":{ "type": "Point", "coordinates": [-93.3707, 43.6537] }},
{"zip_code":"55327","country":"US","city":"Dayton","state":"Minnesota","state_ab":"MN","county":"Hennepin","geo_location":{ "type": "Point", "coordinates": [-93.4668, 45.1982] }},
{"zip_code":"55404","country":"US","city":"Minneapolis","state":"Minnesota","state_ab":"MN","county":"Hennepin","geo_location":{ "type": "Point", "coordinates": [-93.2642, 44.9609] }},
{"zip_code":"55417","country":"US","city":"Minneapolis","state":"Minnesota","state_ab":"MN","county":"Hennepin","geo_location":{ "type": "Point", "coordinates": [-93.2361, 44.9054] }},
{"zip_code":"55431","country":"US","city":"Minneapolis","state":"Minnesota","state_ab":"MN","county":"Hennepin","geo_location":{ "type": "Point", "coordinates": [-93.3118, 44.8288] }},
{"zip_code":"55444","country":"US","city":"Minneapolis","state":"Minnesota","state_ab":"MN","county":"Hennepin","geo_location":{ "type": "Point", "coordinates": [-93.3054, 45.1178] }},
{"zip_code":"55484","country":"US","city":"Minneapolis","state":"Minnesota","state_ab":"MN","county":"Hennepin","geo_location":{ "type": "Point", "coordinates": [-93.4719, 45.0159] }},
{"zip_code":"55574","country":"US","city":"Maple Plain","state":"Minnesota","state_ab":"MN","county":"Hennepin","geo_location":{ "type": "Point", "coordinates": [-93.4719, 45.0159] }},
{"zip_code":"55921","country":"US","city":"Caledonia","state":"Minnesota","state_ab":"MN","county":"Houston","geo_location":{ "type": "Point", "coordinates": [-91.4837, 43.6221] }},
{"zip_code":"55947","country":"US","city":"La Crescent","state":"Minnesota","state_ab":"MN","county":"Houston","geo_location":{ "type": "Point", "coordinates": [-91.3263, 43.8307] }},
{"zip_code":"55974","country":"US","city":"Spring Grove","state":"Minnesota","state_ab":"MN","county":"Houston","geo_location":{ "type": "Point", "coordinates": [-91.6368, 43.5623] }},
{"zip_code":"56461","country":"US","city":"Laporte","state":"Minnesota","state_ab":"MN","county":"Hubbard","geo_location":{ "type": "Point", "coordinates": [-94.7772, 47.2368] }},
{"zip_code":"55004","country":"US","city":"Beroun","state":"Minnesota","state_ab":"MN","county":"Isanti County","geo_location":{ "type": "Point", "coordinates": [-92.9705, 45.8283] }},
{"zip_code":"55017","country":"US","city":"Dalbo","state":"Minnesota","state_ab":"MN","county":"Isanti","geo_location":{ "type": "Point", "coordinates": [-93.4419, 45.6787] }},
{"zip_code":"56681","country":"US","city":"Squaw Lake","state":"Minnesota","state_ab":"MN","county":"Itasca","geo_location":{ "type": "Point", "coordinates": [-94.1475, 47.6362] }},
{"zip_code":"56111","country":"US","city":"Alpha","state":"Minnesota","state_ab":"MN","county":"Jackson","geo_location":{ "type": "Point", "coordinates": [-94.9051, 43.5946] }},
{"zip_code":"56137","country":"US","city":"Heron Lake","state":"Minnesota","state_ab":"MN","county":"Jackson","geo_location":{ "type": "Point", "coordinates": [-95.3267, 43.7979] }},
{"zip_code":"56201","country":"US","city":"Willmar","state":"Minnesota","state_ab":"MN","county":"Kandiyohi","geo_location":{ "type": "Point", "coordinates": [-95.0523, 45.1393] }},
{"zip_code":"56281","country":"US","city":"Prinsburg","state":"Minnesota","state_ab":"MN","county":"Kandiyohi","geo_location":{ "type": "Point", "coordinates": [-95.1865, 44.9371] }},
{"zip_code":"56731","country":"US","city":"Humboldt","state":"Minnesota","state_ab":"MN","county":"Kittson","geo_location":{ "type": "Point", "coordinates": [-96.8129, 48.7719] }},
{"zip_code":"56627","country":"US","city":"Big Falls","state":"Minnesota","state_ab":"MN","county":"Koochiching","geo_location":{ "type": "Point", "coordinates": [-93.7296, 48.156] }},
{"zip_code":"56654","country":"US","city":"Loman","state":"Minnesota","state_ab":"MN","county":"Koochiching","geo_location":{ "type": "Point", "coordinates": [-93.8407, 48.5164] }},
{"zip_code":"56254","country":"US","city":"Louisburg","state":"Minnesota","state_ab":"MN","county":"Lac qui Parle County","geo_location":{ "type": "Point", "coordinates": [-96.1715, 45.1306] }},
{"zip_code":"55354","country":"US","city":"Lester Prairie","state":"Minnesota","state_ab":"MN","county":"McLeod","geo_location":{ "type": "Point", "coordinates": [-94.0551, 44.8739] }},
{"zip_code":"55381","country":"US","city":"Silver Lake","state":"Minnesota","state_ab":"MN","county":"McLeod","geo_location":{ "type": "Point", "coordinates": [-94.1974, 44.9139] }},
{"zip_code":"56744","country":"US","city":"Oslo","state":"Minnesota","state_ab":"MN","county":"Marshall","geo_location":{ "type": "Point", "coordinates": [-97.1163, 48.2066] }},
{"zip_code":"56757","country":"US","city":"Stephen","state":"Minnesota","state_ab":"MN","county":"Marshall","geo_location":{ "type": "Point", "coordinates": [-96.8674, 48.4525] }},
{"zip_code":"56317","country":"US","city":"Buckman","state":"Minnesota","state_ab":"MN","county":"Morrison","geo_location":{ "type": "Point", "coordinates": [-94.2087, 46.0613] }},
{"zip_code":"56344","country":"US","city":"Lastrup","state":"Minnesota","state_ab":"MN","county":"Morrison","geo_location":{ "type": "Point", "coordinates": [-94.2087, 46.0613] }},
{"zip_code":"56384","country":"US","city":"Upsala","state":"Minnesota","state_ab":"MN","county":"Morrison","geo_location":{ "type": "Point", "coordinates": [-94.5755, 45.8097] }},
{"zip_code":"56151","country":"US","city":"Lake Wilson","state":"Minnesota","state_ab":"MN","county":"Murray","geo_location":{ "type": "Point", "coordinates": [-95.9797, 44.0095] }},
{"zip_code":"56021","country":"US","city":"Courtland","state":"Minnesota","state_ab":"MN","county":"Nicollet","geo_location":{ "type": "Point", "coordinates": [-94.3482, 44.2791] }},
{"zip_code":"56074","country":"US","city":"Nicollet","state":"Minnesota","state_ab":"MN","county":"Nicollet","geo_location":{ "type": "Point", "coordinates": [-94.1867, 44.2724] }},
{"zip_code":"55934","country":"US","city":"Eyota","state":"Minnesota","state_ab":"MN","county":"Olmsted","geo_location":{ "type": "Point", "coordinates": [-92.2648, 44.0099] }},
{"zip_code":"56524","country":"US","city":"Clitherall","state":"Minnesota","state_ab":"MN","county":"Otter Tail","geo_location":{ "type": "Point", "coordinates": [-95.6308, 46.2757] }},
{"zip_code":"56537","country":"US","city":"Fergus Falls","state":"Minnesota","state_ab":"MN","county":"Otter Tail","geo_location":{ "type": "Point", "coordinates": [-96.0904, 46.276] }},
{"zip_code":"56551","country":"US","city":"Henning","state":"Minnesota","state_ab":"MN","county":"Otter Tail","geo_location":{ "type": "Point", "coordinates": [-95.3852, 46.3256] }},
{"zip_code":"56164","country":"US","city":"Pipestone","state":"Minnesota","state_ab":"MN","county":"Pipestone","geo_location":{ "type": "Point", "coordinates": [-96.2652, 43.9893] }},
{"zip_code":"56177","country":"US","city":"Trosky","state":"Minnesota","state_ab":"MN","county":"Pipestone","geo_location":{ "type": "Point", "coordinates": [-96.2601, 43.8895] }},
{"zip_code":"55107","country":"US","city":"Saint Paul","state":"Minnesota","state_ab":"MN","county":"Ramsey","geo_location":{ "type": "Point", "coordinates": [-93.088, 44.9325] }},
{"zip_code":"55161","country":"US","city":"Saint Paul","state":"Minnesota","state_ab":"MN","county":"Ramsey","geo_location":{ "type": "Point", "coordinates": [-93.1059, 45.0059] }},
{"zip_code":"55187","country":"US","city":"Saint Paul","state":"Minnesota","state_ab":"MN","county":"Ramsey","geo_location":{ "type": "Point", "coordinates": [-93.1059, 45.0059] }},
{"zip_code":"56214","country":"US","city":"Belview","state":"Minnesota","state_ab":"MN","county":"Redwood","geo_location":{ "type": "Point", "coordinates": [-95.3178, 44.6055] }},
{"zip_code":"56294","country":"US","city":"Wanda","state":"Minnesota","state_ab":"MN","county":"Redwood","geo_location":{ "type": "Point", "coordinates": [-95.213, 44.3149] }},
{"zip_code":"55314","country":"US","city":"Buffalo Lake","state":"Minnesota","state_ab":"MN","county":"Renville","geo_location":{ "type": "Point", "coordinates": [-94.5912, 44.7709] }},
{"zip_code":"55057","country":"US","city":"Northfield","state":"Minnesota","state_ab":"MN","county":"Rice","geo_location":{ "type": "Point", "coordinates": [-93.1668, 44.4587] }},
{"zip_code":"55701","country":"US","city":"Adolph","state":"Minnesota","state_ab":"MN","county":"St. Louis","geo_location":{ "type": "Point", "coordinates": [-92.4428, 47.6404] }},
{"zip_code":"55727","country":"US","city":"Culver","state":"Minnesota","state_ab":"MN","county":"Saint Louis County","geo_location":{ "type": "Point", "coordinates": [-92.5524, 46.9119] }},
{"zip_code":"55741","country":"US","city":"Gilbert","state":"Minnesota","state_ab":"MN","county":"St. Louis","geo_location":{ "type": "Point", "coordinates": [-92.4025, 47.4885] }},
{"zip_code":"55754","country":"US","city":"Kelly Lake","state":"Minnesota","state_ab":"MN","county":"Saint Louis County","geo_location":{ "type": "Point", "coordinates": [-93.0062, 47.4175] }},
{"zip_code":"55781","country":"US","city":"Side Lake","state":"Minnesota","state_ab":"MN","county":"St. Louis","geo_location":{ "type": "Point", "coordinates": [-93.0424, 47.6671] }},
{"zip_code":"55804","country":"US","city":"Duluth","state":"Minnesota","state_ab":"MN","county":"St. Louis","geo_location":{ "type": "Point", "coordinates": [-92.0074, 46.8551] }},
{"zip_code":"56304","country":"US","city":"Saint Cloud","state":"Minnesota","state_ab":"MN","county":"Stearns","geo_location":{ "type": "Point", "coordinates": [-94.1284, 45.5521] }},
{"zip_code":"56331","country":"US","city":"Freeport","state":"Minnesota","state_ab":"MN","county":"Stearns","geo_location":{ "type": "Point", "coordinates": [-94.6785, 45.6731] }},
{"zip_code":"56371","country":"US","city":"Roscoe","state":"Minnesota","state_ab":"MN","county":"Stearns","geo_location":{ "type": "Point", "coordinates": [-94.6366, 45.4332] }},
{"zip_code":"56397","country":"US","city":"Saint Cloud","state":"Minnesota","state_ab":"MN","county":"Stearns","geo_location":{ "type": "Point", "coordinates": [-94.5933, 45.5289] }},
{"zip_code":"56267","country":"US","city":"Morris","state":"Minnesota","state_ab":"MN","county":"Stevens","geo_location":{ "type": "Point", "coordinates": [-95.9172, 45.5921] }},
{"zip_code":"56434","country":"US","city":"Aldrich","state":"Minnesota","state_ab":"MN","county":"Wadena","geo_location":{ "type": "Point", "coordinates": [-94.9364, 46.3797] }},
{"zip_code":"55071","country":"US","city":"Saint Paul Park","state":"Minnesota","state_ab":"MN","county":"Washington","geo_location":{ "type": "Point", "coordinates": [-92.9873, 44.8344] }},
{"zip_code":"56061","country":"US","city":"London","state":"Minnesota","state_ab":"MN","county":"Watonwan County","geo_location":{ "type": "Point", "coordinates": [-93.1137, 43.5491] }},
{"zip_code":"55987","country":"US","city":"Winona","state":"Minnesota","state_ab":"MN","county":"Winona","geo_location":{ "type": "Point", "coordinates": [-91.7009, 44.03] }},
{"zip_code":"55301","country":"US","city":"Albertville","state":"Minnesota","state_ab":"MN","county":"Wright","geo_location":{ "type": "Point", "coordinates": [-93.6469, 45.2534] }},
{"zip_code":"55341","country":"US","city":"Hanover","state":"Minnesota","state_ab":"MN","county":"Wright","geo_location":{ "type": "Point", "coordinates": [-93.6734, 45.1602] }},
{"zip_code":"55587","country":"US","city":"Monticello","state":"Minnesota","state_ab":"MN","county":"Wright","geo_location":{ "type": "Point", "coordinates": [-93.8881, 45.2009] }},
{"zip_code":"56241","country":"US","city":"Granite Falls","state":"Minnesota","state_ab":"MN","county":"Yellow Medicine","geo_location":{ "type": "Point", "coordinates": [-95.5516, 44.8087] }},
{"zip_code":"65641","country":"US","city":"Eagle Rock","state":"Missouri","state_ab":"MO","county":"Barry","geo_location":{ "type": "Point", "coordinates": [-93.7336, 36.548] }},
{"zip_code":"63751","country":"US","city":"Glenallen","state":"Missouri","state_ab":"MO","county":"Bollinger","geo_location":{ "type": "Point", "coordinates": [-90.0515, 37.3231] }},
{"zip_code":"63764","country":"US","city":"Marble Hill","state":"Missouri","state_ab":"MO","county":"Bollinger","geo_location":{ "type": "Point", "coordinates": [-89.9823, 37.3061] }},
{"zip_code":"65201","country":"US","city":"Columbia","state":"Missouri","state_ab":"MO","county":"Boone","geo_location":{ "type": "Point", "coordinates": [-92.3049, 38.9382] }},
{"zip_code":"64484","country":"US","city":"Rushville","state":"Missouri","state_ab":"MO","county":"Buchanan","geo_location":{ "type": "Point", "coordinates": [-95.0413, 39.5653] }},
{"zip_code":"64507","country":"US","city":"Saint Joseph","state":"Missouri","state_ab":"MO","county":"Buchanan","geo_location":{ "type": "Point", "coordinates": [-94.8173, 39.7551] }},
{"zip_code":"64624","country":"US","city":"Braymer","state":"Missouri","state_ab":"MO","county":"Caldwell","geo_location":{ "type": "Point", "coordinates": [-93.7887, 39.5915] }},
{"zip_code":"64637","country":"US","city":"Cowgill","state":"Missouri","state_ab":"MO","county":"Caldwell","geo_location":{ "type": "Point", "coordinates": [-93.9295, 39.5643] }},
{"zip_code":"65591","country":"US","city":"Montreal","state":"Missouri","state_ab":"MO","county":"Camden","geo_location":{ "type": "Point", "coordinates": [-92.547, 37.9851] }},
{"zip_code":"64701","country":"US","city":"Harrisonville","state":"Missouri","state_ab":"MO","county":"Cass","geo_location":{ "type": "Point", "coordinates": [-94.3285, 38.6419] }},
{"zip_code":"65281","country":"US","city":"Salisbury","state":"Missouri","state_ab":"MO","county":"Chariton","geo_location":{ "type": "Point", "coordinates": [-92.8014, 39.4319] }},
{"zip_code":"64161","country":"US","city":"Kansas City","state":"Missouri","state_ab":"MO","county":"Clay","geo_location":{ "type": "Point", "coordinates": [-94.464, 39.1661] }},
{"zip_code":"65074","country":"US","city":"Russellville","state":"Missouri","state_ab":"MO","county":"Cole","geo_location":{ "type": "Point", "coordinates": [-92.4291, 38.5005] }},
{"zip_code":"65111","country":"US","city":"Jefferson City","state":"Missouri","state_ab":"MO","county":"Cole","geo_location":{ "type": "Point", "coordinates": [-92.2493, 38.5309] }},
{"zip_code":"64497","country":"US","city":"Weatherby","state":"Missouri","state_ab":"MO","county":"DeKalb","geo_location":{ "type": "Point", "coordinates": [-94.2429, 39.9277] }},
{"zip_code":"63014","country":"US","city":"Berger","state":"Missouri","state_ab":"MO","county":"Franklin","geo_location":{ "type": "Point", "coordinates": [-91.3374, 38.6444] }},
{"zip_code":"65061","country":"US","city":"Morrison","state":"Missouri","state_ab":"MO","county":"Gasconade","geo_location":{ "type": "Point", "coordinates": [-91.658, 38.606] }},
{"zip_code":"65757","country":"US","city":"Strafford","state":"Missouri","state_ab":"MO","county":"Greene","geo_location":{ "type": "Point", "coordinates": [-93.1066, 37.2797] }},
{"zip_code":"65807","country":"US","city":"Springfield","state":"Missouri","state_ab":"MO","county":"Greene","geo_location":{ "type": "Point", "coordinates": [-93.3085, 37.1668] }},
{"zip_code":"13477","country":"US","city":"Vernon Center","state":"New York","state_ab":"NY","county":"Oneida","geo_location":{ "type": "Point", "coordinates": [-75.521, 43.0443] }},
{"zip_code":"13501","country":"US","city":"Utica","state":"New York","state_ab":"NY","county":"Oneida","geo_location":{ "type": "Point", "coordinates": [-75.2315, 43.0871] }},
{"zip_code":"13051","country":"US","city":"Delphi Falls","state":"New York","state_ab":"NY","county":"Onondaga","geo_location":{ "type": "Point", "coordinates": [-75.9113, 42.8707] }},
{"zip_code":"13204","country":"US","city":"Syracuse","state":"New York","state_ab":"NY","county":"Onondaga","geo_location":{ "type": "Point", "coordinates": [-76.1758, 43.0444] }},
{"zip_code":"13217","country":"US","city":"Syracuse","state":"New York","state_ab":"NY","county":"Onondaga","geo_location":{ "type": "Point", "coordinates": [-76.1977, 43.0214] }},
{"zip_code":"13244","country":"US","city":"Syracuse","state":"New York","state_ab":"NY","county":"Onondaga","geo_location":{ "type": "Point", "coordinates": [-76.1396, 43.0377] }},
{"zip_code":"14504","country":"US","city":"Manchester","state":"New York","state_ab":"NY","county":"Ontario","geo_location":{ "type": "Point", "coordinates": [-77.2332, 42.9689] }},
{"zip_code":"10917","country":"US","city":"Central Valley","state":"New York","state_ab":"NY","county":"Orange","geo_location":{ "type": "Point", "coordinates": [-74.122, 41.3268] }},
{"zip_code":"10997","country":"US","city":"West Point","state":"New York","state_ab":"NY","county":"Orange","geo_location":{ "type": "Point", "coordinates": [-74.3547, 41.3878] }},
{"zip_code":"12551","country":"US","city":"Newburgh","state":"New York","state_ab":"NY","county":"Orange","geo_location":{ "type": "Point", "coordinates": [-74.3547, 41.3878] }},
{"zip_code":"12577","country":"US","city":"Salisbury Mills","state":"New York","state_ab":"NY","county":"Orange","geo_location":{ "type": "Point", "coordinates": [-74.1214, 41.4497] }},
{"zip_code":"12771","country":"US","city":"Port Jervis","state":"New York","state_ab":"NY","county":"Orange","geo_location":{ "type": "Point", "coordinates": [-74.6691, 41.3786] }},
{"zip_code":"14571","country":"US","city":"Waterport","state":"New York","state_ab":"NY","county":"Orleans","geo_location":{ "type": "Point", "coordinates": [-78.243, 43.3326] }},
{"zip_code":"13064","country":"US","city":"Fair Haven","state":"New York","state_ab":"NY","county":"Oswego","geo_location":{ "type": "Point", "coordinates": [-76.2004, 43.4313] }},
{"zip_code":"13114","country":"US","city":"Mexico","state":"New York","state_ab":"NY","county":"Oswego","geo_location":{ "type": "Point", "coordinates": [-76.2446, 43.4605] }},
{"zip_code":"13167","country":"US","city":"West Monroe","state":"New York","state_ab":"NY","county":"Oswego","geo_location":{ "type": "Point", "coordinates": [-76.0797, 43.2882] }},
{"zip_code":"13437","country":"US","city":"Redfield","state":"New York","state_ab":"NY","county":"Oswego","geo_location":{ "type": "Point", "coordinates": [-75.8242, 43.5658] }},
{"zip_code":"13747","country":"US","city":"Colliersville","state":"New York","state_ab":"NY","county":"Otsego","geo_location":{ "type": "Point", "coordinates": [-74.9821, 42.5051] }},
{"zip_code":"11004","country":"US","city":"Glen Oaks","state":"New York","state_ab":"NY","county":"Queens","geo_location":{ "type": "Point", "coordinates": [-73.7114, 40.7481] }},
{"zip_code":"11354","country":"US","city":"Flushing","state":"New York","state_ab":"NY","county":"Queens","geo_location":{ "type": "Point", "coordinates": [-73.8241, 40.7667] }},
{"zip_code":"11367","country":"US","city":"Flushing","state":"New York","state_ab":"NY","county":"Queens","geo_location":{ "type": "Point", "coordinates": [-73.8195, 40.728] }},
{"zip_code":"11381","country":"US","city":"Flushing","state":"New York","state_ab":"NY","county":"Queens","geo_location":{ "type": "Point", "coordinates": [-73.8708, 40.6514] }},
{"zip_code":"11417","country":"US","city":"Ozone Park","state":"New York","state_ab":"NY","county":"Queens","geo_location":{ "type": "Point", "coordinates": [-73.8448, 40.6769] }},
{"zip_code":"11431","country":"US","city":"Jamaica","state":"New York","state_ab":"NY","county":"Queens","geo_location":{ "type": "Point", "coordinates": [-73.8501, 40.6869] }},
{"zip_code":"11484","country":"US","city":"Jamaica","state":"New York","state_ab":"NY","county":"Queens","geo_location":{ "type": "Point", "coordinates": [-73.8708, 40.6514] }},
{"zip_code":"11691","country":"US","city":"Far Rockaway","state":"New York","state_ab":"NY","county":"Queens","geo_location":{ "type": "Point", "coordinates": [-73.758, 40.6006] }},
{"zip_code":"12061","country":"US","city":"East Greenbush","state":"New York","state_ab":"NY","county":"Rensselaer","geo_location":{ "type": "Point", "coordinates": [-73.6826, 42.5951] }},
{"zip_code":"10311","country":"US","city":"Staten Island","state":"New York","state_ab":"NY","county":"Richmond","geo_location":{ "type": "Point", "coordinates": [-74.1795, 40.6052] }},
{"zip_code":"10931","country":"US","city":"Hillburn","state":"New York","state_ab":"NY","county":"Rockland","geo_location":{ "type": "Point", "coordinates": [-74.1702, 41.124] }},
{"zip_code":"10984","country":"US","city":"Thiells","state":"New York","state_ab":"NY","county":"Rockland","geo_location":{ "type": "Point", "coordinates": [-74.0154, 41.2078] }},
{"zip_code":"13617","country":"US","city":"Canton","state":"New York","state_ab":"NY","county":"St. Lawrence","geo_location":{ "type": "Point", "coordinates": [-75.1628, 44.5924] }},
{"zip_code":"13684","country":"US","city":"Russell","state":"New York","state_ab":"NY","county":"St. Lawrence","geo_location":{ "type": "Point", "coordinates": [-75.1043, 44.3824] }},
{"zip_code":"13697","country":"US","city":"Winthrop","state":"New York","state_ab":"NY","county":"St. Lawrence","geo_location":{ "type": "Point", "coordinates": [-74.8066, 44.7583] }},
{"zip_code":"12074","country":"US","city":"Galway","state":"New York","state_ab":"NY","county":"Saratoga","geo_location":{ "type": "Point", "coordinates": [-74.029, 43.0217] }},
{"zip_code":"12151","country":"US","city":"Round Lake","state":"New York","state_ab":"NY","county":"Saratoga","geo_location":{ "type": "Point", "coordinates": [-73.7859, 42.9247] }},
{"zip_code":"12137","country":"US","city":"Pattersonville","state":"New York","state_ab":"NY","county":"Schenectady","geo_location":{ "type": "Point", "coordinates": [-74.1231, 42.8499] }},
{"zip_code":"12304","country":"US","city":"Schenectady","state":"New York","state_ab":"NY","county":"Schenectady","geo_location":{ "type": "Point", "coordinates": [-73.9094, 42.7841] }},
{"zip_code":"14841","country":"US","city":"Hector","state":"New York","state_ab":"NY","county":"Schuyler","geo_location":{ "type": "Point", "coordinates": [-76.8786, 42.4966] }},
{"zip_code":"14801","country":"US","city":"Addison","state":"New York","state_ab":"NY","county":"Steuben","geo_location":{ "type": "Point", "coordinates": [-77.266, 42.0983] }},
{"zip_code":"14827","country":"US","city":"Coopers Plains","state":"New York","state_ab":"NY","county":"Steuben","geo_location":{ "type": "Point", "coordinates": [-77.1414, 42.1785] }},
{"zip_code":"11701","country":"US","city":"Amityville","state":"New York","state_ab":"NY","county":"Suffolk","geo_location":{ "type": "Point", "coordinates": [-73.4171, 40.6842] }},
{"zip_code":"11727","country":"US","city":"Coram","state":"New York","state_ab":"NY","county":"Suffolk","geo_location":{ "type": "Point", "coordinates": [-73.0069, 40.885] }},
{"zip_code":"11741","country":"US","city":"Holbrook","state":"New York","state_ab":"NY","county":"Suffolk","geo_location":{ "type": "Point", "coordinates": [-73.0718, 40.7964] }},
{"zip_code":"11754","country":"US","city":"Kings Park","state":"New York","state_ab":"NY","county":"Suffolk","geo_location":{ "type": "Point", "coordinates": [-73.2438, 40.8861] }},
{"zip_code":"11767","country":"US","city":"Nesconset","state":"New York","state_ab":"NY","county":"Suffolk","geo_location":{ "type": "Point", "coordinates": [-73.1482, 40.8462] }},
{"zip_code":"11794","country":"US","city":"Stony Brook","state":"New York","state_ab":"NY","county":"Suffolk","geo_location":{ "type": "Point", "coordinates": [-72.6371, 40.9223] }},
{"zip_code":"11934","country":"US","city":"Center Moriches","state":"New York","state_ab":"NY","county":"Suffolk","geo_location":{ "type": "Point", "coordinates": [-72.797, 40.7997] }},
{"zip_code":"11947","country":"US","city":"Jamesport","state":"New York","state_ab":"NY","county":"Suffolk","geo_location":{ "type": "Point", "coordinates": [-72.6371, 40.9223] }},
{"zip_code":"11961","country":"US","city":"Ridge","state":"New York","state_ab":"NY","county":"Suffolk","geo_location":{ "type": "Point", "coordinates": [-72.8881, 40.9018] }},
{"zip_code":"12784","country":"US","city":"Thompsonville","state":"New York","state_ab":"NY","county":"Sullivan","geo_location":{ "type": "Point", "coordinates": [-74.5841, 41.7143] }},
{"zip_code":"13734","country":"US","city":"Barton","state":"New York","state_ab":"NY","county":"Tioga","geo_location":{ "type": "Point", "coordinates": [-76.3983, 42.0695] }},
{"zip_code":"13811","country":"US","city":"Newark Valley","state":"New York","state_ab":"NY","county":"Tioga","geo_location":{ "type": "Point", "coordinates": [-76.1625, 42.2281] }},
{"zip_code":"13864","country":"US","city":"Willseyville","state":"New York","state_ab":"NY","county":"Tioga","geo_location":{ "type": "Point", "coordinates": [-76.3897, 42.3029] }},
{"zip_code":"14854","country":"US","city":"Jacksonville","state":"New York","state_ab":"NY","county":"Tompkins","geo_location":{ "type": "Point", "coordinates": [-76.6082, 42.5063] }},
{"zip_code":"14867","country":"US","city":"Newfield","state":"New York","state_ab":"NY","county":"Tompkins","geo_location":{ "type": "Point", "coordinates": [-76.592, 42.3621] }},
{"zip_code":"14881","country":"US","city":"Slaterville Springs","state":"New York","state_ab":"NY","county":"Tompkins","geo_location":{ "type": "Point", "coordinates": [-76.3608, 42.4025] }},
{"zip_code":"12461","country":"US","city":"Olivebridge","state":"New York","state_ab":"NY","county":"Ulster","geo_location":{ "type": "Point", "coordinates": [-74.2734, 41.875] }},
{"zip_code":"12487","country":"US","city":"Ulster Park","state":"New York","state_ab":"NY","county":"Ulster","geo_location":{ "type": "Point", "coordinates": [-73.9948, 41.8651] }},
{"zip_code":"12874","country":"US","city":"Silver Bay","state":"New York","state_ab":"NY","county":"Warren","geo_location":{ "type": "Point", "coordinates": [-73.5071, 43.6978] }},
{"zip_code":"12821","country":"US","city":"Comstock","state":"New York","state_ab":"NY","county":"Washington","geo_location":{ "type": "Point", "coordinates": [-73.4033, 43.4614] }},
{"zip_code":"12834","country":"US","city":"Greenwich","state":"New York","state_ab":"NY","county":"Washington","geo_location":{ "type": "Point", "coordinates": [-73.503, 43.0947] }},
{"zip_code":"12861","country":"US","city":"Putnam Station","state":"New York","state_ab":"NY","county":"Washington","geo_location":{ "type": "Point", "coordinates": [-73.4123, 43.756] }},
{"zip_code":"12887","country":"US","city":"Whitehall","state":"New York","state_ab":"NY","county":"Washington","geo_location":{ "type": "Point", "coordinates": [-73.3864, 43.5531] }},
{"zip_code":"13154","country":"US","city":"South Butler","state":"New York","state_ab":"NY","county":"Wayne","geo_location":{ "type": "Point", "coordinates": [-76.7656, 43.1344] }},
{"zip_code":"14584","country":"US","city":"Webster Crossing","state":"New York","state_ab":"NY","county":"Wayne County","geo_location":{ "type": "Point", "coordinates": [-77.6353, 42.6697] }},
{"zip_code":"10504","country":"US","city":"Armonk","state":"New York","state_ab":"NY","county":"Westchester","geo_location":{ "type": "Point", "coordinates": [-73.7009, 41.136] }},
{"zip_code":"10517","country":"US","city":"Crompond","state":"New York","state_ab":"NY","county":"Westchester","geo_location":{ "type": "Point", "coordinates": [-73.8612, 41.3006] }},
{"zip_code":"10557","country":"US","city":"Mount Vernon","state":"New York","state_ab":"NY","county":"Westchester","geo_location":{ "type": "Point", "coordinates": [-73.733, 41.119] }},
{"zip_code":"10571","country":"US","city":"Pleasantville","state":"New York","state_ab":"NY","county":"Westchester","geo_location":{ "type": "Point", "coordinates": [-73.733, 41.119] }},
{"zip_code":"10597","country":"US","city":"Waccabuc","state":"New York","state_ab":"NY","county":"Westchester","geo_location":{ "type": "Point", "coordinates": [-73.6032, 41.3032] }},
{"zip_code":"10607","country":"US","city":"White Plains","state":"New York","state_ab":"NY","county":"Westchester","geo_location":{ "type": "Point", "coordinates": [-73.8117, 41.0398] }},
{"zip_code":"10801","country":"US","city":"New Rochelle","state":"New York","state_ab":"NY","county":"Westchester","geo_location":{ "type": "Point", "coordinates": [-73.7877, 40.9166] }},
{"zip_code":"14427","country":"US","city":"Castile","state":"New York","state_ab":"NY","county":"Wyoming","geo_location":{ "type": "Point", "coordinates": [-78.0547, 42.6359] }},
{"zip_code":"14441","country":"US","city":"Dresden","state":"New York","state_ab":"NY","county":"Yates","geo_location":{ "type": "Point", "coordinates": [-76.9564, 42.6846] }},
{"zip_code":"14544","country":"US","city":"Rushville","state":"New York","state_ab":"NY","county":"Yates","geo_location":{ "type": "Point", "coordinates": [-77.2395, 42.7597] }},
{"zip_code":"45144","country":"US","city":"Manchester","state":"Ohio","state_ab":"OH","county":"Adams","geo_location":{ "type": "Point", "coordinates": [-83.6181, 38.6982] }},
{"zip_code":"45801","country":"US","city":"Lima","state":"Ohio","state_ab":"OH","county":"Allen","geo_location":{ "type": "Point", "coordinates": [-84.0973, 40.7641] }},
{"zip_code":"45854","country":"US","city":"Lafayette","state":"Ohio","state_ab":"OH","county":"Allen","geo_location":{ "type": "Point", "coordinates": [-83.9499, 40.7582] }},
{"zip_code":"44864","country":"US","city":"Perrysville","state":"Ohio","state_ab":"OH","county":"Ashland","geo_location":{ "type": "Point", "coordinates": [-82.3213, 40.6606] }},
{"zip_code":"45711","country":"US","city":"Amesville","state":"Ohio","state_ab":"OH","county":"Athens","geo_location":{ "type": "Point", "coordinates": [-81.965, 39.4086] }},
{"zip_code":"45764","country":"US","city":"Nelsonville","state":"Ohio","state_ab":"OH","county":"Athens","geo_location":{ "type": "Point", "coordinates": [-82.2309, 39.4556] }},
{"zip_code":"45777","country":"US","city":"Sharpsburg","state":"Ohio","state_ab":"OH","county":"Athens","geo_location":{ "type": "Point", "coordinates": [-82.0101, 39.3682] }},
{"zip_code":"43937","country":"US","city":"Maynard","state":"Ohio","state_ab":"OH","county":"Belmont","geo_location":{ "type": "Point", "coordinates": [-80.8773, 40.1302] }},
{"zip_code":"43951","country":"US","city":"Lafferty","state":"Ohio","state_ab":"OH","county":"Belmont","geo_location":{ "type": "Point", "coordinates": [-81.0102, 40.111] }},
{"zip_code":"43977","country":"US","city":"Flushing","state":"Ohio","state_ab":"OH","county":"Belmont","geo_location":{ "type": "Point", "coordinates": [-81.0757, 40.1451] }},
{"zip_code":"45131","country":"US","city":"Higginsport","state":"Ohio","state_ab":"OH","county":"Brown","geo_location":{ "type": "Point", "coordinates": [-83.9666, 38.7903] }},
{"zip_code":"45171","country":"US","city":"Sardinia","state":"Ohio","state_ab":"OH","county":"Brown","geo_location":{ "type": "Point", "coordinates": [-83.7966, 38.9832] }},
{"zip_code":"45014","country":"US","city":"Fairfield","state":"Ohio","state_ab":"OH","county":"Butler","geo_location":{ "type": "Point", "coordinates": [-84.5479, 39.3266] }},
{"zip_code":"45067","country":"US","city":"Trenton","state":"Ohio","state_ab":"OH","county":"Butler","geo_location":{ "type": "Point", "coordinates": [-84.4598, 39.4799] }},
{"zip_code":"44631","country":"US","city":"Harlem Springs","state":"Ohio","state_ab":"OH","county":"Carroll","geo_location":{ "type": "Point", "coordinates": [-81.0036, 40.5219] }},
{"zip_code":"44644","country":"US","city":"Malvern","state":"Ohio","state_ab":"OH","county":"Carroll","geo_location":{ "type": "Point", "coordinates": [-81.1838, 40.6845] }},
{"zip_code":"43047","country":"US","city":"Mingo","state":"Ohio","state_ab":"OH","county":"Champaign","geo_location":{ "type": "Point", "coordinates": [-83.6466, 40.2049] }},
{"zip_code":"45504","country":"US","city":"Springfield","state":"Ohio","state_ab":"OH","county":"Clark","geo_location":{ "type": "Point", "coordinates": [-83.8343, 39.9408] }},
{"zip_code":"45157","country":"US","city":"New Richmond","state":"Ohio","state_ab":"OH","county":"Clermont","geo_location":{ "type": "Point", "coordinates": [-84.2379, 38.9537] }}]}