{"value": [{"zip_code":"87412","country":"US","city":"Blanco","state":"New Mexico","state_ab":"NM","county":"San Juan","geo_location":{ "type": "Point", "coordinates": [-108.0598, 36.7429] }},
{"zip_code":"87502","country":"US","city":"Santa Fe","state":"New Mexico","state_ab":"NM","county":"Santa Fe","geo_location":{ "type": "Point", "coordinates": [-106.1237, 35.4399] }},
{"zip_code":"87942","country":"US","city":"Williamsburg","state":"New Mexico","state_ab":"NM","county":"Sierra","geo_location":{ "type": "Point", "coordinates": [-107.2915, 33.1171] }},
{"zip_code":"88042","country":"US","city":"Hillsboro","state":"New Mexico","state_ab":"NM","county":"Sierra","geo_location":{ "type": "Point", "coordinates": [-107.6276, 32.9239] }},
{"zip_code":"87825","country":"US","city":"Magdalena","state":"New Mexico","state_ab":"NM","county":"Socorro","geo_location":{ "type": "Point", "coordinates": [-107.2409, 34.1114] }},
{"zip_code":"88415","country":"US","city":"Clayton","state":"New Mexico","state_ab":"NM","county":"Union","geo_location":{ "type": "Point", "coordinates": [-103.1888, 36.4414] }},
{"zip_code":"88905","country":"US","city":"The Lakes","state":"Nevada","state_ab":"NV","county":"Clark","geo_location":{ "type": "Point", "coordinates": [-114.9721, 35.9279] }},
{"zip_code":"89005","country":"US","city":"Boulder City","state":"Nevada","state_ab":"NV","county":"Clark","geo_location":{ "type": "Point", "coordinates": [-114.8344, 35.9727] }},
{"zip_code":"89018","country":"US","city":"Indian Springs","state":"Nevada","state_ab":"NV","county":"Clark","geo_location":{ "type": "Point", "coordinates": [-115.6686, 36.5416] }},
{"zip_code":"89032","country":"US","city":"North Las Vegas","state":"Nevada","state_ab":"NV","county":"Clark","geo_location":{ "type": "Point", "coordinates": [-115.1709, 36.218] }},
{"zip_code":"89085","country":"US","city":"North Las Vegas","state":"Nevada","state_ab":"NV","county":"Clark County","geo_location":{ "type": "Point", "coordinates": [-115.1981, 36.3097] }},
{"zip_code":"89108","country":"US","city":"Las Vegas","state":"Nevada","state_ab":"NV","county":"Clark","geo_location":{ "type": "Point", "coordinates": [-115.2233, 36.2044] }},
{"zip_code":"89122","country":"US","city":"Las Vegas","state":"Nevada","state_ab":"NV","county":"Clark","geo_location":{ "type": "Point", "coordinates": [-115.0523, 36.1205] }},
{"zip_code":"89135","country":"US","city":"Las Vegas","state":"Nevada","state_ab":"NV","county":"Clark","geo_location":{ "type": "Point", "coordinates": [-115.3261, 36.1378] }},
{"zip_code":"89148","country":"US","city":"Las Vegas","state":"Nevada","state_ab":"NV","county":"Clark","geo_location":{ "type": "Point", "coordinates": [-115.3104, 36.0588] }},
{"zip_code":"89162","country":"US","city":"Las Vegas","state":"Nevada","state_ab":"NV","county":"Clark County","geo_location":{ "type": "Point", "coordinates": [-115.1414, 36.1725] }},
{"zip_code":"89832","country":"US","city":"Owyhee","state":"Nevada","state_ab":"NV","county":"Elko","geo_location":{ "type": "Point", "coordinates": [-116.0072, 41.7483] }},
{"zip_code":"89445","country":"US","city":"Winnemucca","state":"Nevada","state_ab":"NV","county":"Humboldt","geo_location":{ "type": "Point", "coordinates": [-117.7467, 40.9664] }},
{"zip_code":"89045","country":"US","city":"Round Mountain","state":"Nevada","state_ab":"NV","county":"Nye","geo_location":{ "type": "Point", "coordinates": [-116.5986, 37.5838] }},
{"zip_code":"89418","country":"US","city":"Imlay","state":"Nevada","state_ab":"NV","county":"Pershing","geo_location":{ "type": "Point", "coordinates": [-118.0344, 40.5484] }},
{"zip_code":"89405","country":"US","city":"Empire","state":"Nevada","state_ab":"NV","county":"Washoe","geo_location":{ "type": "Point", "coordinates": [-119.3485, 40.6132] }},
{"zip_code":"89432","country":"US","city":"Sparks","state":"Nevada","state_ab":"NV","county":"Washoe","geo_location":{ "type": "Point", "coordinates": [-119.5869, 40.5412] }},
{"zip_code":"89508","country":"US","city":"Reno","state":"Nevada","state_ab":"NV","county":"Washoe County","geo_location":{ "type": "Point", "coordinates": [-119.9383, 39.6781] }},
{"zip_code":"89315","country":"US","city":"Ely","state":"Nevada","state_ab":"NV","county":"White Pine","geo_location":{ "type": "Point", "coordinates": [-114.8245, 39.3326] }},
{"zip_code":"89702","country":"US","city":"Carson City","state":"Nevada","state_ab":"NV","county":"Carson City (city)","geo_location":{ "type": "Point", "coordinates": [-119.7588, 39.1355] }},
{"zip_code":"12128","country":"US","city":"Newtonville","state":"New York","state_ab":"NY","county":"Albany","geo_location":{ "type": "Point", "coordinates": [-73.7643, 42.725] }},
{"zip_code":"12205","country":"US","city":"Albany","state":"New York","state_ab":"NY","county":"Albany","geo_location":{ "type": "Point", "coordinates": [-73.8207, 42.7198] }},
{"zip_code":"12232","country":"US","city":"Albany","state":"New York","state_ab":"NY","county":"Albany","geo_location":{ "type": "Point", "coordinates": [-73.9708, 42.6149] }},
{"zip_code":"12245","country":"US","city":"Albany","state":"New York","state_ab":"NY","county":"Albany","geo_location":{ "type": "Point", "coordinates": [-73.9708, 42.6149] }},
{"zip_code":"14715","country":"US","city":"Bolivar","state":"New York","state_ab":"NY","county":"Allegany","geo_location":{ "type": "Point", "coordinates": [-78.1448, 42.0704] }},
{"zip_code":"10458","country":"US","city":"Bronx","state":"New York","state_ab":"NY","county":"Bronx","geo_location":{ "type": "Point", "coordinates": [-73.8895, 40.8633] }},
{"zip_code":"10472","country":"US","city":"Bronx","state":"New York","state_ab":"NY","county":"Bronx","geo_location":{ "type": "Point", "coordinates": [-73.8716, 40.8295] }},
{"zip_code":"13802","country":"US","city":"Maine","state":"New York","state_ab":"NY","county":"Broome","geo_location":{ "type": "Point", "coordinates": [-76.0464, 42.2538] }},
{"zip_code":"13905","country":"US","city":"Binghamton","state":"New York","state_ab":"NY","county":"Broome","geo_location":{ "type": "Point", "coordinates": [-75.9309, 42.1151] }},
{"zip_code":"14755","country":"US","city":"Little Valley","state":"New York","state_ab":"NY","county":"Cattaraugus","geo_location":{ "type": "Point", "coordinates": [-78.8093, 42.2541] }},
{"zip_code":"13118","country":"US","city":"Moravia","state":"New York","state_ab":"NY","county":"Cayuga","geo_location":{ "type": "Point", "coordinates": [-76.399, 42.7355] }},
{"zip_code":"14135","country":"US","city":"Sheridan","state":"New York","state_ab":"NY","county":"Chautauqua","geo_location":{ "type": "Point", "coordinates": [-79.239, 42.489] }},
{"zip_code":"14702","country":"US","city":"Jamestown","state":"New York","state_ab":"NY","county":"Chautauqua","geo_location":{ "type": "Point", "coordinates": [-79.2949, 42.0817] }},
{"zip_code":"14728","country":"US","city":"Dewittville","state":"New York","state_ab":"NY","county":"Chautauqua","geo_location":{ "type": "Point", "coordinates": [-79.4193, 42.2394] }},
{"zip_code":"14742","country":"US","city":"Greenhurst","state":"New York","state_ab":"NY","county":"Chautauqua","geo_location":{ "type": "Point", "coordinates": [-79.3096, 42.1205] }},
{"zip_code":"14782","country":"US","city":"Sinclairville","state":"New York","state_ab":"NY","county":"Chautauqua","geo_location":{ "type": "Point", "coordinates": [-79.2673, 42.2455] }},
{"zip_code":"14845","country":"US","city":"Horseheads","state":"New York","state_ab":"NY","county":"Chemung","geo_location":{ "type": "Point", "coordinates": [-76.8345, 42.1805] }},
{"zip_code":"14872","country":"US","city":"Pine Valley","state":"New York","state_ab":"NY","county":"Chemung","geo_location":{ "type": "Point", "coordinates": [-76.8652, 42.2348] }},
{"zip_code":"14975","country":"US","city":"Elmira","state":"New York","state_ab":"NY","county":"Chemung County","geo_location":{ "type": "Point", "coordinates": [-76.8078, 42.0897] }},
{"zip_code":"13778","country":"US","city":"Greene","state":"New York","state_ab":"NY","county":"Chenango","geo_location":{ "type": "Point", "coordinates": [-75.7342, 42.3401] }},
{"zip_code":"13815","country":"US","city":"Norwich","state":"New York","state_ab":"NY","county":"Chenango","geo_location":{ "type": "Point", "coordinates": [-75.5274, 42.5414] }},
{"zip_code":"12955","country":"US","city":"Lyon Mountain","state":"New York","state_ab":"NY","county":"Clinton","geo_location":{ "type": "Point", "coordinates": [-73.973, 44.8043] }},
{"zip_code":"12115","country":"US","city":"Malden Bridge","state":"New York","state_ab":"NY","county":"Columbia","geo_location":{ "type": "Point", "coordinates": [-73.5807, 42.4725] }},
{"zip_code":"12195","country":"US","city":"West Lebanon","state":"New York","state_ab":"NY","county":"Columbia","geo_location":{ "type": "Point", "coordinates": [-73.4748, 42.4794] }},
{"zip_code":"12502","country":"US","city":"Ancram","state":"New York","state_ab":"NY","county":"Columbia","geo_location":{ "type": "Point", "coordinates": [-73.6424, 42.0851] }},
{"zip_code":"13055","country":"US","city":"East Freetown","state":"New York","state_ab":"NY","county":"Cortland County","geo_location":{ "type": "Point", "coordinates": [-75.9914, 42.5693] }},
{"zip_code":"13158","country":"US","city":"Truxton","state":"New York","state_ab":"NY","county":"Cortland","geo_location":{ "type": "Point", "coordinates": [-76.0189, 42.7085] }},
{"zip_code":"13738","country":"US","city":"Blodgett Mills","state":"New York","state_ab":"NY","county":"Cortland","geo_location":{ "type": "Point", "coordinates": [-76.1238, 42.5673] }},
{"zip_code":"12438","country":"US","city":"Halcottsville","state":"New York","state_ab":"NY","county":"Delaware","geo_location":{ "type": "Point", "coordinates": [-74.6012, 42.2079] }},
{"zip_code":"13752","country":"US","city":"De Lancey","state":"New York","state_ab":"NY","county":"Delaware","geo_location":{ "type": "Point", "coordinates": [-74.9229, 42.189] }},
{"zip_code":"13842","country":"US","city":"South Kortright","state":"New York","state_ab":"NY","county":"Delaware","geo_location":{ "type": "Point", "coordinates": [-74.7259, 42.377] }},
{"zip_code":"12582","country":"US","city":"Stormville","state":"New York","state_ab":"NY","county":"Dutchess","geo_location":{ "type": "Point", "coordinates": [-73.7255, 41.5512] }},
{"zip_code":"11408","country":"US","city":"Jamaica","state":"New York","state_ab":"NY","county":"Erie County","geo_location":{ "type": "Point", "coordinates": [-73.8061, 40.6914] }},
{"zip_code":"14032","country":"US","city":"Clarence Center","state":"New York","state_ab":"NY","county":"Erie","geo_location":{ "type": "Point", "coordinates": [-78.639, 43.0362] }},
{"zip_code":"14072","country":"US","city":"Grand Island","state":"New York","state_ab":"NY","county":"Erie","geo_location":{ "type": "Point", "coordinates": [-78.9591, 43.0183] }},
{"zip_code":"14085","country":"US","city":"Lake View","state":"New York","state_ab":"NY","county":"Erie","geo_location":{ "type": "Point", "coordinates": [-78.9327, 42.7215] }},
{"zip_code":"14212","country":"US","city":"Buffalo","state":"New York","state_ab":"NY","county":"Erie","geo_location":{ "type": "Point", "coordinates": [-78.8245, 42.8946] }},
{"zip_code":"14225","country":"US","city":"Buffalo","state":"New York","state_ab":"NY","county":"Erie","geo_location":{ "type": "Point", "coordinates": [-78.7481, 42.9255] }},
{"zip_code":"14265","country":"US","city":"Buffalo","state":"New York","state_ab":"NY","county":"Erie","geo_location":{ "type": "Point", "coordinates": [-78.8871, 42.7684] }},
{"zip_code":"12852","country":"US","city":"Newcomb","state":"New York","state_ab":"NY","county":"Essex","geo_location":{ "type": "Point", "coordinates": [-74.1299, 43.946] }},
{"zip_code":"12928","country":"US","city":"Crown Point","state":"New York","state_ab":"NY","county":"Essex","geo_location":{ "type": "Point", "coordinates": [-73.4665, 43.9526] }},
{"zip_code":"12942","country":"US","city":"Keene","state":"New York","state_ab":"NY","county":"Essex","geo_location":{ "type": "Point", "coordinates": [-73.7915, 44.2555] }},
{"zip_code":"12968","country":"US","city":"Onchiota","state":"New York","state_ab":"NY","county":"Essex County","geo_location":{ "type": "Point", "coordinates": [-74.171, 44.4582] }},
{"zip_code":"12915","country":"US","city":"Brainardsville","state":"New York","state_ab":"NY","county":"Franklin","geo_location":{ "type": "Point", "coordinates": [-74.318, 44.5527] }},
{"zip_code":"12995","country":"US","city":"Whippleville","state":"New York","state_ab":"NY","county":"Franklin","geo_location":{ "type": "Point", "coordinates": [-74.2523, 44.8057] }},
{"zip_code":"12025","country":"US","city":"Broadalbin","state":"New York","state_ab":"NY","county":"Fulton","geo_location":{ "type": "Point", "coordinates": [-74.1684, 43.0727] }},
{"zip_code":"12078","country":"US","city":"Gloversville","state":"New York","state_ab":"NY","county":"Fulton","geo_location":{ "type": "Point", "coordinates": [-74.3375, 43.0616] }},
{"zip_code":"14005","country":"US","city":"Alexander","state":"New York","state_ab":"NY","county":"Genesee","geo_location":{ "type": "Point", "coordinates": [-78.2589, 42.9159] }},
{"zip_code":"14058","country":"US","city":"Elba","state":"New York","state_ab":"NY","county":"Genesee","geo_location":{ "type": "Point", "coordinates": [-78.1704, 43.0897] }},
{"zip_code":"12452","country":"US","city":"Lexington","state":"New York","state_ab":"NY","county":"Greene","geo_location":{ "type": "Point", "coordinates": [-74.3866, 42.2234] }},
{"zip_code":"12492","country":"US","city":"West Kill","state":"New York","state_ab":"NY","county":"Greene","geo_location":{ "type": "Point", "coordinates": [-74.362, 42.2046] }},
{"zip_code":"12812","country":"US","city":"Blue Mountain Lake","state":"New York","state_ab":"NY","county":"Hamilton","geo_location":{ "type": "Point", "coordinates": [-74.4569, 43.6676] }},
{"zip_code":"13365","country":"US","city":"Little Falls","state":"New York","state_ab":"NY","county":"Herkimer","geo_location":{ "type": "Point", "coordinates": [-74.8606, 43.0474] }},
{"zip_code":"13608","country":"US","city":"Antwerp","state":"New York","state_ab":"NY","county":"Jefferson","geo_location":{ "type": "Point", "coordinates": [-75.6005, 44.2358] }},
{"zip_code":"13622","country":"US","city":"Chaumont","state":"New York","state_ab":"NY","county":"Jefferson","geo_location":{ "type": "Point", "coordinates": [-76.1232, 44.0848] }},
{"zip_code":"13675","country":"US","city":"Plessis","state":"New York","state_ab":"NY","county":"Jefferson","geo_location":{ "type": "Point", "coordinates": [-75.8496, 44.2774] }},
{"zip_code":"13688","country":"US","city":"South Rutland","state":"New York","state_ab":"NY","county":"Jefferson","geo_location":{ "type": "Point", "coordinates": [-75.7678, 43.9517] }},
{"zip_code":"11202","country":"US","city":"Brooklyn","state":"New York","state_ab":"NY","county":"Kings","geo_location":{ "type": "Point", "coordinates": [-73.945, 40.6451] }},
{"zip_code":"11215","country":"US","city":"Brooklyn","state":"New York","state_ab":"NY","county":"Kings","geo_location":{ "type": "Point", "coordinates": [-73.9828, 40.6669] }},
{"zip_code":"11228","country":"US","city":"Brooklyn","state":"New York","state_ab":"NY","county":"Kings","geo_location":{ "type": "Point", "coordinates": [-74.0121, 40.6174] }},
{"zip_code":"11242","country":"US","city":"Brooklyn","state":"New York","state_ab":"NY","county":"Kings","geo_location":{ "type": "Point", "coordinates": [-73.945, 40.6451] }},
{"zip_code":"11255","country":"US","city":"Brooklyn","state":"New York","state_ab":"NY","county":"Kings","geo_location":{ "type": "Point", "coordinates": [-73.945, 40.6451] }},
{"zip_code":"13312","country":"US","city":"Brantingham","state":"New York","state_ab":"NY","county":"Lewis","geo_location":{ "type": "Point", "coordinates": [-75.4803, 43.8187] }},
{"zip_code":"13325","country":"US","city":"Constableville","state":"New York","state_ab":"NY","county":"Lewis","geo_location":{ "type": "Point", "coordinates": [-75.4584, 43.563] }},
{"zip_code":"13648","country":"US","city":"Harrisville","state":"New York","state_ab":"NY","county":"Lewis","geo_location":{ "type": "Point", "coordinates": [-75.3252, 44.1613] }},
{"zip_code":"14485","country":"US","city":"Lima","state":"New York","state_ab":"NY","county":"Livingston","geo_location":{ "type": "Point", "coordinates": [-77.6083, 42.9012] }},
{"zip_code":"13402","country":"US","city":"Madison","state":"New York","state_ab":"NY","county":"Madison","geo_location":{ "type": "Point", "coordinates": [-75.5076, 42.8969] }},
{"zip_code":"14445","country":"US","city":"East Rochester","state":"New York","state_ab":"NY","county":"Monroe","geo_location":{ "type": "Point", "coordinates": [-77.4906, 43.1128] }},
{"zip_code":"14472","country":"US","city":"Honeoye Falls","state":"New York","state_ab":"NY","county":"Monroe","geo_location":{ "type": "Point", "coordinates": [-77.5781, 42.9695] }},
{"zip_code":"14612","country":"US","city":"Rochester","state":"New York","state_ab":"NY","county":"Monroe","geo_location":{ "type": "Point", "coordinates": [-77.6652, 43.2566] }},
{"zip_code":"14625","country":"US","city":"Rochester","state":"New York","state_ab":"NY","county":"Monroe","geo_location":{ "type": "Point", "coordinates": [-77.5057, 43.1522] }},
{"zip_code":"14638","country":"US","city":"Rochester","state":"New York","state_ab":"NY","county":"Monroe","geo_location":{ "type": "Point", "coordinates": [-77.6843, 43.286] }},
{"zip_code":"14652","country":"US","city":"Rochester","state":"New York","state_ab":"NY","county":"Monroe","geo_location":{ "type": "Point", "coordinates": [-77.6843, 43.286] }},
{"zip_code":"14692","country":"US","city":"Rochester","state":"New York","state_ab":"NY","county":"Monroe","geo_location":{ "type": "Point", "coordinates": [-77.6843, 43.286] }},
{"zip_code":"13428","country":"US","city":"Palatine Bridge","state":"New York","state_ab":"NY","county":"Montgomery","geo_location":{ "type": "Point", "coordinates": [-74.5708, 42.9221] }},
{"zip_code":"11022","country":"US","city":"Great Neck","state":"New York","state_ab":"NY","county":"Nassau","geo_location":{ "type": "Point", "coordinates": [-73.6018, 40.7548] }},
{"zip_code":"11552","country":"US","city":"West Hempstead","state":"New York","state_ab":"NY","county":"Nassau","geo_location":{ "type": "Point", "coordinates": [-73.6539, 40.6929] }},
{"zip_code":"11565","country":"US","city":"Malverne","state":"New York","state_ab":"NY","county":"Nassau","geo_location":{ "type": "Point", "coordinates": [-73.6731, 40.675] }},
{"zip_code":"11592","country":"US","city":"Rockville Centre","state":"New York","state_ab":"NY","county":"Nassau","geo_location":{ "type": "Point", "coordinates": [-73.6327, 40.6218] }},
{"zip_code":"11732","country":"US","city":"East Norwich","state":"New York","state_ab":"NY","county":"Nassau","geo_location":{ "type": "Point", "coordinates": [-73.5349, 40.8472] }},
{"zip_code":"11758","country":"US","city":"Massapequa","state":"New York","state_ab":"NY","county":"Nassau","geo_location":{ "type": "Point", "coordinates": [-73.4588, 40.6682] }},
{"zip_code":"10005","country":"US","city":"New York City","state":"New York","state_ab":"NY","county":"New York","geo_location":{ "type": "Point", "coordinates": [-74.0083, 40.7056] }},
{"zip_code":"10018","country":"US","city":"New York City","state":"New York","state_ab":"NY","county":"New York","geo_location":{ "type": "Point", "coordinates": [-73.9925, 40.7547] }},
{"zip_code":"10032","country":"US","city":"New York City","state":"New York","state_ab":"NY","county":"New York","geo_location":{ "type": "Point", "coordinates": [-73.942, 40.8382] }},
{"zip_code":"10045","country":"US","city":"New York City","state":"New York","state_ab":"NY","county":"New York","geo_location":{ "type": "Point", "coordinates": [-74.0087, 40.7086] }},
{"zip_code":"10072","country":"US","city":"New York City","state":"New York","state_ab":"NY","county":"New York","geo_location":{ "type": "Point", "coordinates": [-73.9772, 40.7808] }},
{"zip_code":"10098","country":"US","city":"New York City","state":"New York","state_ab":"NY","county":"New York","geo_location":{ "type": "Point", "coordinates": [-73.9884, 40.7482] }},
{"zip_code":"10108","country":"US","city":"New York City","state":"New York","state_ab":"NY","county":"New York","geo_location":{ "type": "Point", "coordinates": [-73.9772, 40.7808] }},
{"zip_code":"10122","country":"US","city":"New York City","state":"New York","state_ab":"NY","county":"New York","geo_location":{ "type": "Point", "coordinates": [-73.9922, 40.7518] }},
{"zip_code":"10162","country":"US","city":"New York City","state":"New York","state_ab":"NY","county":"New York","geo_location":{ "type": "Point", "coordinates": [-73.9511, 40.7699] }},
{"zip_code":"10175","country":"US","city":"New York City","state":"New York","state_ab":"NY","county":"New York","geo_location":{ "type": "Point", "coordinates": [-73.9798, 40.7543] }},
{"zip_code":"10212","country":"US","city":"New York City","state":"New York","state_ab":"NY","county":"New York","geo_location":{ "type": "Point", "coordinates": [-73.9772, 40.7808] }},
{"zip_code":"10265","country":"US","city":"New York City","state":"New York","state_ab":"NY","county":"New York","geo_location":{ "type": "Point", "coordinates": [-73.9772, 40.7808] }},
{"zip_code":"10278","country":"US","city":"New York City","state":"New York","state_ab":"NY","county":"New York","geo_location":{ "type": "Point", "coordinates": [-74.0038, 40.7152] }},
{"zip_code":"10292","country":"US","city":"New York City","state":"New York","state_ab":"NY","county":"New York","geo_location":{ "type": "Point", "coordinates": [-73.9772, 40.7808] }},
{"zip_code":"14108","country":"US","city":"Newfane","state":"New York","state_ab":"NY","county":"Niagara","geo_location":{ "type": "Point", "coordinates": [-78.707, 43.2724] }},
{"zip_code":"14302","country":"US","city":"Niagara Falls","state":"New York","state_ab":"NY","county":"Niagara","geo_location":{ "type": "Point", "coordinates": [-78.8307, 43.3268] }},
{"zip_code":"13338","country":"US","city":"Forestport","state":"New York","state_ab":"NY","county":"Oneida","geo_location":{ "type": "Point", "coordinates": [-75.1787, 43.4737] }},
{"zip_code":"13352","country":"US","city":"Hinckley","state":"New York","state_ab":"NY","county":"Oneida","geo_location":{ "type": "Point", "coordinates": [-75.1169, 43.3126] }},
{"zip_code":"13442","country":"US","city":"Rome","state":"New York","state_ab":"NY","county":"Oneida","geo_location":{ "type": "Point", "coordinates": [-75.478, 43.2393] }},
{"zip_code":"13455","country":"US","city":"Sangerfield","state":"New York","state_ab":"NY","county":"Oneida","geo_location":{ "type": "Point", "coordinates": [-75.3545, 42.9162] }},
{"zip_code":"13495","country":"US","city":"Yorkville","state":"New York","state_ab":"NY","county":"Oneida","geo_location":{ "type": "Point", "coordinates": [-75.2756, 43.1116] }},
{"zip_code":"13505","country":"US","city":"Utica","state":"New York","state_ab":"NY","county":"Oneida","geo_location":{ "type": "Point", "coordinates": [-75.2603, 43.0872] }},
{"zip_code":"13082","country":"US","city":"Kirkville","state":"New York","state_ab":"NY","county":"Onondaga","geo_location":{ "type": "Point", "coordinates": [-75.955, 43.0981] }},
{"zip_code":"13208","country":"US","city":"Syracuse","state":"New York","state_ab":"NY","county":"Onondaga","geo_location":{ "type": "Point", "coordinates": [-76.1486, 43.073] }},
{"zip_code":"13235","country":"US","city":"Syracuse","state":"New York","state_ab":"NY","county":"Onondaga County","geo_location":{ "type": "Point", "coordinates": [-76.1526, 43.0559] }},
{"zip_code":"14432","country":"US","city":"Clifton Springs","state":"New York","state_ab":"NY","county":"Ontario","geo_location":{ "type": "Point", "coordinates": [-77.144, 42.9632] }},
{"zip_code":"14548","country":"US","city":"Shortsville","state":"New York","state_ab":"NY","county":"Ontario","geo_location":{ "type": "Point", "coordinates": [-77.2439, 42.9761] }},
{"zip_code":"10922","country":"US","city":"Fort Montgomery","state":"New York","state_ab":"NY","county":"Orange","geo_location":{ "type": "Point", "coordinates": [-73.9917, 41.3346] }},
{"zip_code":"10975","country":"US","city":"Southfields","state":"New York","state_ab":"NY","county":"Orange","geo_location":{ "type": "Point", "coordinates": [-74.1762, 41.248] }},
{"zip_code":"10988","country":"US","city":"Unionville","state":"New York","state_ab":"NY","county":"Orange","geo_location":{ "type": "Point", "coordinates": [-74.5503, 41.3149] }},
{"zip_code":"12555","country":"US","city":"Mid Hudson","state":"New York","state_ab":"NY","county":"Orange","geo_location":{ "type": "Point", "coordinates": [-74.3547, 41.3878] }},
{"zip_code":"14098","country":"US","city":"Lyndonville","state":"New York","state_ab":"NY","county":"Orleans","geo_location":{ "type": "Point", "coordinates": [-78.3811, 43.3233] }},
{"zip_code":"14508","country":"US","city":"Morton","state":"New York","state_ab":"NY","county":"Orleans","geo_location":{ "type": "Point", "coordinates": [-78.2313, 43.381] }},
{"zip_code":"13028","country":"US","city":"Bernhards Bay","state":"New York","state_ab":"NY","county":"Oswego","geo_location":{ "type": "Point", "coordinates": [-75.9373, 43.2717] }},
{"zip_code":"13042","country":"US","city":"Cleveland","state":"New York","state_ab":"NY","county":"Oswego","geo_location":{ "type": "Point", "coordinates": [-75.8537, 43.2432] }},
{"zip_code":"13132","country":"US","city":"Pennellville","state":"New York","state_ab":"NY","county":"Oswego","geo_location":{ "type": "Point", "coordinates": [-76.2395, 43.2609] }},
{"zip_code":"13145","country":"US","city":"Sandy Creek","state":"New York","state_ab":"NY","county":"Oswego","geo_location":{ "type": "Point", "coordinates": [-76.1264, 43.6517] }},
{"zip_code":"12155","country":"US","city":"Schenevus","state":"New York","state_ab":"NY","county":"Otsego","geo_location":{ "type": "Point", "coordinates": [-74.8149, 42.59] }},
{"zip_code":"13415","country":"US","city":"New Lisbon","state":"New York","state_ab":"NY","county":"Otsego","geo_location":{ "type": "Point", "coordinates": [-75.1957, 42.5904] }},
{"zip_code":"13468","country":"US","city":"Springfield Center","state":"New York","state_ab":"NY","county":"Otsego","geo_location":{ "type": "Point", "coordinates": [-74.859, 42.8388] }},
{"zip_code":"13482","country":"US","city":"West Burlington","state":"New York","state_ab":"NY","county":"Otsego","geo_location":{ "type": "Point", "coordinates": [-75.1849, 42.7043] }},
{"zip_code":"11358","country":"US","city":"Flushing","state":"New York","state_ab":"NY","county":"Queens","geo_location":{ "type": "Point", "coordinates": [-73.7968, 40.7606] }},
{"zip_code":"11372","country":"US","city":"Jackson Heights","state":"New York","state_ab":"NY","county":"Queens","geo_location":{ "type": "Point", "coordinates": [-73.883, 40.7513] }},
{"zip_code":"11385","country":"US","city":"Ridgewood","state":"New York","state_ab":"NY","county":"Queens","geo_location":{ "type": "Point", "coordinates": [-73.8961, 40.7036] }},
{"zip_code":"11422","country":"US","city":"Rosedale","state":"New York","state_ab":"NY","county":"Queens","geo_location":{ "type": "Point", "coordinates": [-73.7353, 40.6621] }},
{"zip_code":"11435","country":"US","city":"Jamaica","state":"New York","state_ab":"NY","county":"Queens","geo_location":{ "type": "Point", "coordinates": [-73.8111, 40.7029] }},
{"zip_code":"11488","country":"US","city":"Jamaica","state":"New York","state_ab":"NY","county":"Queens County","geo_location":{ "type": "Point", "coordinates": [-73.8061, 40.6914] }},
{"zip_code":"11695","country":"US","city":"Far Rockaway","state":"New York","state_ab":"NY","county":"Queens","geo_location":{ "type": "Point", "coordinates": [-73.8708, 40.6514] }},
{"zip_code":"12052","country":"US","city":"Cropseyville","state":"New York","state_ab":"NY","county":"Rensselaer","geo_location":{ "type": "Point", "coordinates": [-73.4719, 42.7667] }},
{"zip_code":"12168","country":"US","city":"Stephentown","state":"New York","state_ab":"NY","county":"Rensselaer","geo_location":{ "type": "Point", "coordinates": [-73.4224, 42.5233] }},
{"zip_code":"12182","country":"US","city":"Troy","state":"New York","state_ab":"NY","county":"Rensselaer","geo_location":{ "type": "Point", "coordinates": [-73.6648, 42.7829] }},
{"zip_code":"10302","country":"US","city":"Staten Island","state":"New York","state_ab":"NY","county":"Richmond","geo_location":{ "type": "Point", "coordinates": [-74.1379, 40.6306] }},
{"zip_code":"10962","country":"US","city":"Orangeburg","state":"New York","state_ab":"NY","county":"Rockland","geo_location":{ "type": "Point", "coordinates": [-73.9609, 41.0442] }},
{"zip_code":"13635","country":"US","city":"Edwards","state":"New York","state_ab":"NY","county":"St. Lawrence","geo_location":{ "type": "Point", "coordinates": [-75.2522, 44.311] }},
{"zip_code":"13662","country":"US","city":"Massena","state":"New York","state_ab":"NY","county":"St. Lawrence","geo_location":{ "type": "Point", "coordinates": [-74.8845, 44.9322] }},
{"zip_code":"12065","country":"US","city":"Clifton Park","state":"New York","state_ab":"NY","county":"Saratoga","geo_location":{ "type": "Point", "coordinates": [-73.7851, 42.8499] }},
{"zip_code":"12308","country":"US","city":"Schenectady","state":"New York","state_ab":"NY","county":"Schenectady","geo_location":{ "type": "Point", "coordinates": [-73.9206, 42.8179] }},
{"zip_code":"12092","country":"US","city":"Howes Cave","state":"New York","state_ab":"NY","county":"Schoharie","geo_location":{ "type": "Point", "coordinates": [-74.3648, 42.7045] }},
{"zip_code":"14805","country":"US","city":"Alpine","state":"New York","state_ab":"NY","county":"Schuyler","geo_location":{ "type": "Point", "coordinates": [-76.7348, 42.351] }},
{"zip_code":"14818","country":"US","city":"Burdett","state":"New York","state_ab":"NY","county":"Schuyler","geo_location":{ "type": "Point", "coordinates": [-76.8292, 42.4394] }},
{"zip_code":"14588","country":"US","city":"Willard","state":"New York","state_ab":"NY","county":"Seneca","geo_location":{ "type": "Point", "coordinates": [-76.8724, 42.6835] }},
{"zip_code":"14858","country":"US","city":"Lindley","state":"New York","state_ab":"NY","county":"Steuben","geo_location":{ "type": "Point", "coordinates": [-77.1541, 42.0425] }},
{"zip_code":"14885","country":"US","city":"Troupsburg","state":"New York","state_ab":"NY","county":"Steuben","geo_location":{ "type": "Point", "coordinates": [-77.5502, 42.0501] }},
{"zip_code":"14898","country":"US","city":"Woodhull","state":"New York","state_ab":"NY","county":"Steuben","geo_location":{ "type": "Point", "coordinates": [-77.4203, 42.0736] }},
{"zip_code":"501","country":"US","city":"Holtsville","state":"New York","state_ab":"NY","county":"Suffolk","geo_location":{ "type": "Point", "coordinates": [-72.6371, 40.9223] }},
{"zip_code":"11705","country":"US","city":"Bayport","state":"New York","state_ab":"NY","county":"Suffolk","geo_location":{ "type": "Point", "coordinates": [-73.0542, 40.7444] }},
{"zip_code":"11718","country":"US","city":"Brightwaters","state":"New York","state_ab":"NY","county":"Suffolk","geo_location":{ "type": "Point", "coordinates": [-73.2646, 40.728] }},
{"zip_code":"11745","country":"US","city":"Smithtown","state":"New York","state_ab":"NY","county":"Suffolk","geo_location":{ "type": "Point", "coordinates": [-72.6371, 40.9223] }},
{"zip_code":"11772","country":"US","city":"Patchogue","state":"New York","state_ab":"NY","county":"Suffolk","geo_location":{ "type": "Point", "coordinates": [-72.9871, 40.7609] }},
{"zip_code":"11798","country":"US","city":"Wyandanch","state":"New York","state_ab":"NY","county":"Suffolk","geo_location":{ "type": "Point", "coordinates": [-73.3761, 40.7523] }},
{"zip_code":"11952","country":"US","city":"Mattituck","state":"New York","state_ab":"NY","county":"Suffolk","geo_location":{ "type": "Point", "coordinates": [-72.5363, 40.9943] }},
{"zip_code":"11965","country":"US","city":"Shelter Island Heights","state":"New York","state_ab":"NY","county":"Suffolk","geo_location":{ "type": "Point", "coordinates": [-72.6371, 40.9223] }},
{"zip_code":"11978","country":"US","city":"Westhampton Beach","state":"New York","state_ab":"NY","county":"Suffolk","geo_location":{ "type": "Point", "coordinates": [-72.6473, 40.8295] }},
{"zip_code":"12722","country":"US","city":"Burlingham","state":"New York","state_ab":"NY","county":"Sullivan","geo_location":{ "type": "Point", "coordinates": [-74.7554, 41.719] }},
{"zip_code":"12748","country":"US","city":"Jeffersonville","state":"New York","state_ab":"NY","county":"Sullivan","geo_location":{ "type": "Point", "coordinates": [-74.9196, 41.7784] }},
{"zip_code":"12762","country":"US","city":"Mongaup Valley","state":"New York","state_ab":"NY","county":"Sullivan","geo_location":{ "type": "Point", "coordinates": [-74.8028, 41.681] }},
{"zip_code":"12775","country":"US","city":"Rock Hill","state":"New York","state_ab":"NY","county":"Sullivan","geo_location":{ "type": "Point", "coordinates": [-74.5872, 41.6134] }},
{"zip_code":"12788","country":"US","city":"Woodbourne","state":"New York","state_ab":"NY","county":"Sullivan","geo_location":{ "type": "Point", "coordinates": [-74.5928, 41.7708] }},
{"zip_code":"13068","country":"US","city":"Freeville","state":"New York","state_ab":"NY","county":"Tompkins","geo_location":{ "type": "Point", "coordinates": [-76.3636, 42.4998] }},
{"zip_code":"12412","country":"US","city":"Boiceville","state":"New York","state_ab":"NY","county":"Ulster","geo_location":{ "type": "Point", "coordinates": [-74.2658, 42.0048] }},
{"zip_code":"12465","country":"US","city":"Pine Hill","state":"New York","state_ab":"NY","county":"Ulster","geo_location":{ "type": "Point", "coordinates": [-74.4736, 42.1363] }},
{"zip_code":"12515","country":"US","city":"Clintondale","state":"New York","state_ab":"NY","county":"Ulster","geo_location":{ "type": "Point", "coordinates": [-74.0557, 41.6749] }},
{"zip_code":"12528","country":"US","city":"Highland","state":"New York","state_ab":"NY","county":"Ulster","geo_location":{ "type": "Point", "coordinates": [-73.9928, 41.7167] }},
{"zip_code":"12542","country":"US","city":"Marlboro","state":"New York","state_ab":"NY","county":"Ulster","geo_location":{ "type": "Point", "coordinates": [-73.988, 41.6056] }},
{"zip_code":"12568","country":"US","city":"Plattekill","state":"New York","state_ab":"NY","county":"Ulster","geo_location":{ "type": "Point", "coordinates": [-74.0781, 41.6412] }},
{"zip_code":"12878","country":"US","city":"Stony Creek","state":"New York","state_ab":"NY","county":"Warren","geo_location":{ "type": "Point", "coordinates": [-73.9495, 43.4214] }},
{"zip_code":"12838","country":"US","city":"Hartford","state":"New York","state_ab":"NY","county":"Washington","geo_location":{ "type": "Point", "coordinates": [-73.4049, 43.3493] }},
{"zip_code":"12865","country":"US","city":"Salem","state":"New York","state_ab":"NY","county":"Washington","geo_location":{ "type": "Point", "coordinates": [-73.3327, 43.1828] }},
{"zip_code":"14522","country":"US","city":"Palmyra","state":"New York","state_ab":"NY","county":"Wayne","geo_location":{ "type": "Point", "coordinates": [-77.2218, 43.0622] }},
{"zip_code":"10522","country":"US","city":"Dobbs Ferry","state":"New York","state_ab":"NY","county":"Westchester","geo_location":{ "type": "Point", "coordinates": [-73.8665, 41.0118] }},
{"zip_code":"10535","country":"US","city":"Jefferson Valley","state":"New York","state_ab":"NY","county":"Westchester","geo_location":{ "type": "Point", "coordinates": [-73.7947, 41.3385] }},
{"zip_code":"10548","country":"US","city":"Montrose","state":"New York","state_ab":"NY","county":"Westchester","geo_location":{ "type": "Point", "coordinates": [-73.9446, 41.2496] }},
{"zip_code":"10562","country":"US","city":"Ossining","state":"New York","state_ab":"NY","county":"Westchester","geo_location":{ "type": "Point", "coordinates": [-73.8538, 41.1673] }},
{"zip_code":"10588","country":"US","city":"Shrub Oak","state":"New York","state_ab":"NY","county":"Westchester","geo_location":{ "type": "Point", "coordinates": [-73.8273, 41.3286] }},
{"zip_code":"10625","country":"US","city":"White Plains","state":"New York","state_ab":"NY","county":"Westchester","geo_location":{ "type": "Point", "coordinates": [-73.733, 41.119] }},
{"zip_code":"10702","country":"US","city":"Yonkers","state":"New York","state_ab":"NY","county":"Westchester","geo_location":{ "type": "Point", "coordinates": [-73.733, 41.119] }},
{"zip_code":"4338","country":"US","city":"Augusta","state":"Maine","state_ab":"ME","county":"Kennebec","geo_location":{ "type": "Point", "coordinates": [-69.7519, 44.4141] }},
{"zip_code":"4352","country":"US","city":"Mount Vernon","state":"Maine","state_ab":"ME","county":"Kennebec","geo_location":{ "type": "Point", "coordinates": [-69.9903, 44.4993] }},
{"zip_code":"4918","country":"US","city":"Belgrade Lakes","state":"Maine","state_ab":"ME","county":"Kennebec","geo_location":{ "type": "Point", "coordinates": [-69.7519, 44.4141] }},
{"zip_code":"4855","country":"US","city":"Port Clyde","state":"Maine","state_ab":"ME","county":"Knox","geo_location":{ "type": "Point", "coordinates": [-69.148, 44.0322] }},
{"zip_code":"4558","country":"US","city":"Pemaquid","state":"Maine","state_ab":"ME","county":"Lincoln","geo_location":{ "type": "Point", "coordinates": [-69.5289, 43.8924] }},
{"zip_code":"4572","country":"US","city":"Waldoboro","state":"Maine","state_ab":"ME","county":"Lincoln","geo_location":{ "type": "Point", "coordinates": [-69.3745, 44.1046] }},
{"zip_code":"4068","country":"US","city":"Porter","state":"Maine","state_ab":"ME","county":"Oxford","geo_location":{ "type": "Point", "coordinates": [-70.9243, 43.8262] }},
{"zip_code":"4275","country":"US","city":"Roxbury","state":"Maine","state_ab":"ME","county":"Oxford","geo_location":{ "type": "Point", "coordinates": [-70.6092, 44.6566] }},
{"zip_code":"4402","country":"US","city":"Bangor","state":"Maine","state_ab":"ME","county":"Penobscot","geo_location":{ "type": "Point", "coordinates": [-68.6474, 45.5199] }},
{"zip_code":"4428","country":"US","city":"Eddington","state":"Maine","state_ab":"ME","county":"Penobscot","geo_location":{ "type": "Point", "coordinates": [-68.5777, 44.7917] }},
{"zip_code":"4455","country":"US","city":"Lee","state":"Maine","state_ab":"ME","county":"Penobscot","geo_location":{ "type": "Point", "coordinates": [-68.2909, 45.3635] }},
{"zip_code":"4468","country":"US","city":"Old Town","state":"Maine","state_ab":"ME","county":"Penobscot","geo_location":{ "type": "Point", "coordinates": [-68.675, 44.943] }},
{"zip_code":"4495","country":"US","city":"Winn","state":"Maine","state_ab":"ME","county":"Penobscot","geo_location":{ "type": "Point", "coordinates": [-68.3575, 45.4568] }},
{"zip_code":"4765","country":"US","city":"Patten","state":"Maine","state_ab":"ME","county":"Penobscot","geo_location":{ "type": "Point", "coordinates": [-68.4647, 46.0132] }},
{"zip_code":"4932","country":"US","city":"Dixmont","state":"Maine","state_ab":"ME","county":"Penobscot","geo_location":{ "type": "Point", "coordinates": [-69.1025, 44.6991] }},
{"zip_code":"4415","country":"US","city":"Brownville Junction","state":"Maine","state_ab":"ME","county":"Piscataquis","geo_location":{ "type": "Point", "coordinates": [-69.0581, 45.3512] }},
{"zip_code":"4442","country":"US","city":"Greenville Junction","state":"Maine","state_ab":"ME","county":"Piscataquis","geo_location":{ "type": "Point", "coordinates": [-69.6939, 45.4796] }},
{"zip_code":"4482","country":"US","city":"Sebec Lake","state":"Maine","state_ab":"ME","county":"Piscataquis County","geo_location":{ "type": "Point", "coordinates": [-69.3389, 45.2997] }},
{"zip_code":"4945","country":"US","city":"Jackman","state":"Maine","state_ab":"ME","county":"Somerset","geo_location":{ "type": "Point", "coordinates": [-70.2492, 45.6351] }},
{"zip_code":"4958","country":"US","city":"North Anson","state":"Maine","state_ab":"ME","county":"Somerset","geo_location":{ "type": "Point", "coordinates": [-69.9119, 44.8797] }},
{"zip_code":"4985","country":"US","city":"West Forks","state":"Maine","state_ab":"ME","county":"Somerset","geo_location":{ "type": "Point", "coordinates": [-69.9841, 45.3839] }},
{"zip_code":"4972","country":"US","city":"Sandy Point","state":"Maine","state_ab":"ME","county":"Waldo","geo_location":{ "type": "Point", "coordinates": [-69.1496, 44.4787] }},
{"zip_code":"4622","country":"US","city":"Cherryfield","state":"Maine","state_ab":"ME","county":"Washington","geo_location":{ "type": "Point", "coordinates": [-67.9436, 44.6228] }},
{"zip_code":"4648","country":"US","city":"Jonesboro","state":"Maine","state_ab":"ME","county":"Washington","geo_location":{ "type": "Point", "coordinates": [-67.5777, 44.6582] }},
{"zip_code":"3902","country":"US","city":"Cape Neddick","state":"Maine","state_ab":"ME","county":"York","geo_location":{ "type": "Point", "coordinates": [-70.6397, 43.2133] }},
{"zip_code":"4002","country":"US","city":"Alfred","state":"Maine","state_ab":"ME","county":"York","geo_location":{ "type": "Point", "coordinates": [-70.6961, 43.4875] }},
{"zip_code":"4028","country":"US","city":"East Parsonfield","state":"Maine","state_ab":"ME","county":"York","geo_location":{ "type": "Point", "coordinates": [-70.8451, 43.7324] }},
{"zip_code":"4042","country":"US","city":"Hollis Center","state":"Maine","state_ab":"ME","county":"York","geo_location":{ "type": "Point", "coordinates": [-70.6051, 43.5946] }},
{"zip_code":"4095","country":"US","city":"West Newfield","state":"Maine","state_ab":"ME","county":"York","geo_location":{ "type": "Point", "coordinates": [-70.9027, 43.601] }},
{"zip_code":"48738","country":"US","city":"Greenbush","state":"Michigan","state_ab":"MI","county":"Alcona","geo_location":{ "type": "Point", "coordinates": [-83.3269, 44.548] }},
{"zip_code":"49328","country":"US","city":"Hopkins","state":"Michigan","state_ab":"MI","county":"Allegan","geo_location":{ "type": "Point", "coordinates": [-85.7322, 42.6421] }},
{"zip_code":"49612","country":"US","city":"Alden","state":"Michigan","state_ab":"MI","county":"Antrim","geo_location":{ "type": "Point", "coordinates": [-85.2241, 44.8779] }},
{"zip_code":"48765","country":"US","city":"Turner","state":"Michigan","state_ab":"MI","county":"Arenac","geo_location":{ "type": "Point", "coordinates": [-83.7019, 44.1105] }},
{"zip_code":"49908","country":"US","city":"Baraga","state":"Michigan","state_ab":"MI","county":"Baraga","geo_location":{ "type": "Point", "coordinates": [-88.5758, 46.8048] }},
{"zip_code":"49962","country":"US","city":"Skanee","state":"Michigan","state_ab":"MI","county":"Baraga","geo_location":{ "type": "Point", "coordinates": [-88.1732, 46.8747] }},
{"zip_code":"49058","country":"US","city":"Hastings","state":"Michigan","state_ab":"MI","county":"Barry","geo_location":{ "type": "Point", "coordinates": [-85.2937, 42.643] }},
{"zip_code":"49085","country":"US","city":"Saint Joseph","state":"Michigan","state_ab":"MI","county":"Berrien","geo_location":{ "type": "Point", "coordinates": [-86.4783, 42.064] }},
{"zip_code":"49098","country":"US","city":"Watervliet","state":"Michigan","state_ab":"MI","county":"Berrien","geo_location":{ "type": "Point", "coordinates": [-86.2604, 42.1938] }},
{"zip_code":"49018","country":"US","city":"Battle Creek","state":"Michigan","state_ab":"MI","county":"Calhoun","geo_location":{ "type": "Point", "coordinates": [-85.0045, 42.2464] }},
{"zip_code":"49782","country":"US","city":"Beaver Island","state":"Michigan","state_ab":"MI","county":"Charlevoix","geo_location":{ "type": "Point", "coordinates": [-85.5473, 45.6684] }},
{"zip_code":"49715","country":"US","city":"Brimley","state":"Michigan","state_ab":"MI","county":"Chippewa","geo_location":{ "type": "Point", "coordinates": [-84.6981, 46.3891] }},
{"zip_code":"49728","country":"US","city":"Eckerman","state":"Michigan","state_ab":"MI","county":"Chippewa","geo_location":{ "type": "Point", "coordinates": [-85.0136, 46.4088] }},
{"zip_code":"49768","country":"US","city":"Paradise","state":"Michigan","state_ab":"MI","county":"Chippewa","geo_location":{ "type": "Point", "coordinates": [-85.0973, 46.5951] }},
{"zip_code":"48622","country":"US","city":"Farwell","state":"Michigan","state_ab":"MI","county":"Clare","geo_location":{ "type": "Point", "coordinates": [-84.8754, 43.8342] }},
{"zip_code":"49818","country":"US","city":"Cornell","state":"Michigan","state_ab":"MI","county":"Delta","geo_location":{ "type": "Point", "coordinates": [-87.2237, 45.9104] }},
{"zip_code":"49872","country":"US","city":"Perkins","state":"Michigan","state_ab":"MI","county":"Delta","geo_location":{ "type": "Point", "coordinates": [-87.0792, 45.9925] }},
{"zip_code":"49755","country":"US","city":"Levering","state":"Michigan","state_ab":"MI","county":"Emmet","geo_location":{ "type": "Point", "coordinates": [-84.7986, 45.6377] }},
{"zip_code":"48505","country":"US","city":"Flint","state":"Michigan","state_ab":"MI","county":"Genesee","geo_location":{ "type": "Point", "coordinates": [-83.7001, 43.0634] }},
{"zip_code":"48532","country":"US","city":"Flint","state":"Michigan","state_ab":"MI","county":"Genesee","geo_location":{ "type": "Point", "coordinates": [-83.803, 43.0111] }},
{"zip_code":"48662","country":"US","city":"Wheeler","state":"Michigan","state_ab":"MI","county":"Gratiot","geo_location":{ "type": "Point", "coordinates": [-84.4243, 43.3962] }},
{"zip_code":"48802","country":"US","city":"Alma","state":"Michigan","state_ab":"MI","county":"Gratiot","geo_location":{ "type": "Point", "coordinates": [-84.6667, 43.3893] }},
{"zip_code":"49252","country":"US","city":"Litchfield","state":"Michigan","state_ab":"MI","county":"Hillsdale","geo_location":{ "type": "Point", "coordinates": [-84.7673, 42.0369] }},
{"zip_code":"49922","country":"US","city":"Dollar Bay","state":"Michigan","state_ab":"MI","county":"Houghton","geo_location":{ "type": "Point", "coordinates": [-88.4613, 47.1203] }},
{"zip_code":"48468","country":"US","city":"Port Hope","state":"Michigan","state_ab":"MI","county":"Huron","geo_location":{ "type": "Point", "coordinates": [-82.7529, 43.928] }},
{"zip_code":"48725","country":"US","city":"Caseville","state":"Michigan","state_ab":"MI","county":"Huron","geo_location":{ "type": "Point", "coordinates": [-83.2659, 43.9429] }},
{"zip_code":"48842","country":"US","city":"Holt","state":"Michigan","state_ab":"MI","county":"Ingham","geo_location":{ "type": "Point", "coordinates": [-84.5242, 42.6394] }},
{"zip_code":"48895","country":"US","city":"Williamston","state":"Michigan","state_ab":"MI","county":"Ingham","geo_location":{ "type": "Point", "coordinates": [-84.2926, 42.6967] }},
{"zip_code":"48918","country":"US","city":"Lansing","state":"Michigan","state_ab":"MI","county":"Ingham","geo_location":{ "type": "Point", "coordinates": [-84.372, 42.5992] }},
{"zip_code":"48815","country":"US","city":"Clarksville","state":"Michigan","state_ab":"MI","county":"Ionia","geo_location":{ "type": "Point", "coordinates": [-85.2494, 42.8302] }},
{"zip_code":"49935","country":"US","city":"Iron River","state":"Michigan","state_ab":"MI","county":"Iron","geo_location":{ "type": "Point", "coordinates": [-88.646, 46.093] }},
{"zip_code":"49005","country":"US","city":"Kalamazoo","state":"Michigan","state_ab":"MI","county":"Kalamazoo","geo_location":{ "type": "Point", "coordinates": [-85.4932, 42.323] }},
{"zip_code":"49302","country":"US","city":"Alto","state":"Michigan","state_ab":"MI","county":"Kent","geo_location":{ "type": "Point", "coordinates": [-85.4256, 42.8243] }},
{"zip_code":"49315","country":"US","city":"Byron Center","state":"Michigan","state_ab":"MI","county":"Kent","geo_location":{ "type": "Point", "coordinates": [-85.7136, 42.8016] }},
{"zip_code":"49355","country":"US","city":"Ada","state":"Michigan","state_ab":"MI","county":"Kent","geo_location":{ "type": "Point", "coordinates": [-85.5503, 43.0314] }},
{"zip_code":"49418","country":"US","city":"Grandville","state":"Michigan","state_ab":"MI","county":"Kent","geo_location":{ "type": "Point", "coordinates": [-85.7619, 42.8939] }},
{"zip_code":"49508","country":"US","city":"Grand Rapids","state":"Michigan","state_ab":"MI","county":"Kent","geo_location":{ "type": "Point", "coordinates": [-85.6219, 42.8894] }},
{"zip_code":"49548","country":"US","city":"Grand Rapids","state":"Michigan","state_ab":"MI","county":"Kent","geo_location":{ "type": "Point", "coordinates": [-85.6628, 42.8697] }},
{"zip_code":"49588","country":"US","city":"Grand Rapids","state":"Michigan","state_ab":"MI","county":"Kent","geo_location":{ "type": "Point", "coordinates": [-85.5503, 43.0314] }},
{"zip_code":"49805","country":"US","city":"Allouez","state":"Michigan","state_ab":"MI","county":"Keweenaw","geo_location":{ "type": "Point", "coordinates": [-88.4129, 47.2879] }},
{"zip_code":"48428","country":"US","city":"Dryden","state":"Michigan","state_ab":"MI","county":"Lapeer","geo_location":{ "type": "Point", "coordinates": [-83.1501, 42.9378] }},
{"zip_code":"48455","country":"US","city":"Metamora","state":"Michigan","state_ab":"MI","county":"Lapeer","geo_location":{ "type": "Point", "coordinates": [-83.3184, 42.9424] }},
{"zip_code":"49238","country":"US","city":"Deerfield","state":"Michigan","state_ab":"MI","county":"Lenawee","geo_location":{ "type": "Point", "coordinates": [-83.7847, 41.8909] }},
{"zip_code":"49265","country":"US","city":"Onsted","state":"Michigan","state_ab":"MI","county":"Lenawee","geo_location":{ "type": "Point", "coordinates": [-84.1839, 42.0295] }},
{"zip_code":"49278","country":"US","city":"Rollin","state":"Michigan","state_ab":"MI","county":"Lenawee","geo_location":{ "type": "Point", "coordinates": [-84.3265, 41.9123] }},
{"zip_code":"48855","country":"US","city":"Howell","state":"Michigan","state_ab":"MI","county":"Livingston County","geo_location":{ "type": "Point", "coordinates": [-83.914, 42.6871] }},
{"zip_code":"48015","country":"US","city":"Center Line","state":"Michigan","state_ab":"MI","county":"Macomb","geo_location":{ "type": "Point", "coordinates": [-83.0248, 42.4788] }},
{"zip_code":"48042","country":"US","city":"Macomb","state":"Michigan","state_ab":"MI","county":"Macomb","geo_location":{ "type": "Point", "coordinates": [-82.9163, 42.6735] }},
{"zip_code":"48082","country":"US","city":"Saint Clair Shores","state":"Michigan","state_ab":"MI","county":"Macomb","geo_location":{ "type": "Point", "coordinates": [-82.8841, 42.5269] }},
{"zip_code":"48095","country":"US","city":"Washington","state":"Michigan","state_ab":"MI","county":"Macomb","geo_location":{ "type": "Point", "coordinates": [-83.0395, 42.7682] }},
{"zip_code":"48312","country":"US","city":"Sterling Heights","state":"Michigan","state_ab":"MI","county":"Macomb","geo_location":{ "type": "Point", "coordinates": [-83.0029, 42.5592] }},
{"zip_code":"49625","country":"US","city":"Copemish","state":"Michigan","state_ab":"MI","county":"Manistee","geo_location":{ "type": "Point", "coordinates": [-85.8879, 44.4503] }},
{"zip_code":"49885","country":"US","city":"Skandia","state":"Michigan","state_ab":"MI","county":"Marquette","geo_location":{ "type": "Point", "coordinates": [-87.2481, 46.349] }},
{"zip_code":"49405","country":"US","city":"Custer","state":"Michigan","state_ab":"MI","county":"Mason","geo_location":{ "type": "Point", "coordinates": [-86.1777, 43.9324] }},
{"zip_code":"49458","country":"US","city":"Walhalla","state":"Michigan","state_ab":"MI","county":"Mason","geo_location":{ "type": "Point", "coordinates": [-86.1042, 43.9494] }},
{"zip_code":"49342","country":"US","city":"Rodney","state":"Michigan","state_ab":"MI","county":"Mecosta","geo_location":{ "type": "Point", "coordinates": [-85.3219, 43.7379] }},
{"zip_code":"49845","country":"US","city":"Harris","state":"Michigan","state_ab":"MI","county":"Menominee","geo_location":{ "type": "Point", "coordinates": [-87.3513, 45.6922] }},
{"zip_code":"49858","country":"US","city":"Menominee","state":"Michigan","state_ab":"MI","county":"Menominee","geo_location":{ "type": "Point", "coordinates": [-87.6215, 45.1343] }},
{"zip_code":"48145","country":"US","city":"La Salle","state":"Michigan","state_ab":"MI","county":"Monroe","geo_location":{ "type": "Point", "coordinates": [-83.4715, 41.8585] }},
{"zip_code":"49445","country":"US","city":"Muskegon","state":"Michigan","state_ab":"MI","county":"Muskegon","geo_location":{ "type": "Point", "coordinates": [-86.279, 43.2952] }},
{"zip_code":"48068","country":"US","city":"Royal Oak","state":"Michigan","state_ab":"MI","county":"Oakland","geo_location":{ "type": "Point", "coordinates": [-83.3863, 42.6601] }},
{"zip_code":"48325","country":"US","city":"West Bloomfield","state":"Michigan","state_ab":"MI","county":"Oakland","geo_location":{ "type": "Point", "coordinates": [-83.3863, 42.6601] }},
{"zip_code":"48442","country":"US","city":"Holly","state":"Michigan","state_ab":"MI","county":"Oakland","geo_location":{ "type": "Point", "coordinates": [-83.6127, 42.7905] }},
{"zip_code":"48635","country":"US","city":"Lupton","state":"Michigan","state_ab":"MI","county":"Ogemaw","geo_location":{ "type": "Point", "coordinates": [-83.9905, 44.3976] }},
{"zip_code":"49948","country":"US","city":"Mass City","state":"Michigan","state_ab":"MI","county":"Ontonagon","geo_location":{ "type": "Point", "coordinates": [-89.0649, 46.7474] }},
{"zip_code":"49665","country":"US","city":"Marion","state":"Michigan","state_ab":"MI","county":"Osceola","geo_location":{ "type": "Point", "coordinates": [-85.155, 44.0463] }},
{"zip_code":"49795","country":"US","city":"Vanderbilt","state":"Michigan","state_ab":"MI","county":"Otsego","geo_location":{ "type": "Point", "coordinates": [-84.6511, 45.1532] }},
{"zip_code":"48415","country":"US","city":"Birch Run","state":"Michigan","state_ab":"MI","county":"Saginaw","geo_location":{ "type": "Point", "coordinates": [-83.7903, 43.2649] }},
{"zip_code":"48608","country":"US","city":"Saginaw","state":"Michigan","state_ab":"MI","county":"Saginaw","geo_location":{ "type": "Point", "coordinates": [-84.0326, 43.3485] }},
{"zip_code":"48002","country":"US","city":"Allenton","state":"Michigan","state_ab":"MI","county":"St. Clair","geo_location":{ "type": "Point", "coordinates": [-82.9198, 42.9388] }},
{"zip_code":"48028","country":"US","city":"Harsens Island","state":"Michigan","state_ab":"MI","county":"St. Clair","geo_location":{ "type": "Point", "coordinates": [-82.586, 42.585] }},
{"zip_code":"49032","country":"US","city":"Centreville","state":"Michigan","state_ab":"MI","county":"St. Joseph","geo_location":{ "type": "Point", "coordinates": [-85.4963, 41.9217] }},
{"zip_code":"49072","country":"US","city":"Mendon","state":"Michigan","state_ab":"MI","county":"St. Joseph","geo_location":{ "type": "Point", "coordinates": [-85.4727, 42.0143] }},
{"zip_code":"48882","country":"US","city":"Shaftsburg","state":"Michigan","state_ab":"MI","county":"Shiawassee","geo_location":{ "type": "Point", "coordinates": [-84.2959, 42.804] }},
{"zip_code":"49045","country":"US","city":"Decatur","state":"Michigan","state_ab":"MI","county":"Van Buren","geo_location":{ "type": "Point", "coordinates": [-86.0338, 42.1012] }},
{"zip_code":"48105","country":"US","city":"Ann Arbor","state":"Michigan","state_ab":"MI","county":"Washtenaw","geo_location":{ "type": "Point", "coordinates": [-83.7068, 42.3042] }},
{"zip_code":"48118","country":"US","city":"Chelsea","state":"Michigan","state_ab":"MI","county":"Washtenaw","geo_location":{ "type": "Point", "coordinates": [-84.0334, 42.3207] }},
{"zip_code":"48158","country":"US","city":"Manchester","state":"Michigan","state_ab":"MI","county":"Washtenaw","geo_location":{ "type": "Point", "coordinates": [-84.0332, 42.1555] }},
{"zip_code":"48198","country":"US","city":"Ypsilanti","state":"Michigan","state_ab":"MI","county":"Washtenaw","geo_location":{ "type": "Point", "coordinates": [-83.583, 42.2439] }},
{"zip_code":"48185","country":"US","city":"Westland","state":"Michigan","state_ab":"MI","county":"Wayne","geo_location":{ "type": "Point", "coordinates": [-83.3846, 42.3358] }},
{"zip_code":"48208","country":"US","city":"Detroit","state":"Michigan","state_ab":"MI","county":"Wayne","geo_location":{ "type": "Point", "coordinates": [-83.0927, 42.3495] }},
{"zip_code":"48222","country":"US","city":"Detroit","state":"Michigan","state_ab":"MI","county":"Wayne","geo_location":{ "type": "Point", "coordinates": [-83.1508, 42.2399] }},
{"zip_code":"48235","country":"US","city":"Detroit","state":"Michigan","state_ab":"MI","county":"Wayne","geo_location":{ "type": "Point", "coordinates": [-83.1951, 42.4261] }},
{"zip_code":"48275","country":"US","city":"Detroit","state":"Michigan","state_ab":"MI","county":"Wayne","geo_location":{ "type": "Point", "coordinates": [-83.1508, 42.2399] }},
{"zip_code":"48288","country":"US","city":"Detroit","state":"Michigan","state_ab":"MI","county":"Wayne","geo_location":{ "type": "Point", "coordinates": [-83.1508, 42.2399] }},
{"zip_code":"49638","country":"US","city":"Harrietta","state":"Michigan","state_ab":"MI","county":"Wexford","geo_location":{ "type": "Point", "coordinates": [-85.7396, 44.2972] }},
{"zip_code":"55785","country":"US","city":"Swatara","state":"Minnesota","state_ab":"MN","county":"Aitkin","geo_location":{ "type": "Point", "coordinates": [-93.7464, 46.9232] }},
{"zip_code":"55448","country":"US","city":"Minneapolis","state":"Minnesota","state_ab":"MN","county":"Anoka","geo_location":{ "type": "Point", "coordinates": [-93.3021, 45.1907] }},
{"zip_code":"56502","country":"US","city":"Detroit Lakes","state":"Minnesota","state_ab":"MN","county":"Becker","geo_location":{ "type": "Point", "coordinates": [-95.6784, 46.934] }},
{"zip_code":"56685","country":"US","city":"Waskish","state":"Minnesota","state_ab":"MN","county":"Beltrami","geo_location":{ "type": "Point", "coordinates": [-94.5037, 48.177] }},
{"zip_code":"56065","country":"US","city":"Mapleton","state":"Minnesota","state_ab":"MN","county":"Blue Earth","geo_location":{ "type": "Point", "coordinates": [-93.9542, 43.9331] }},
{"zip_code":"56078","country":"US","city":"Pemberton","state":"Minnesota","state_ab":"MN","county":"Blue Earth","geo_location":{ "type": "Point", "coordinates": [-93.7833, 44.0077] }},
{"zip_code":"55718","country":"US","city":"Carlton","state":"Minnesota","state_ab":"MN","county":"Carlton","geo_location":{ "type": "Point", "coordinates": [-92.471, 46.6484] }},
{"zip_code":"55798","country":"US","city":"Wright","state":"Minnesota","state_ab":"MN","county":"Carlton","geo_location":{ "type": "Point", "coordinates": [-93.0029, 46.6753] }},
{"zip_code":"55318","country":"US","city":"Chaska","state":"Minnesota","state_ab":"MN","county":"Carver","geo_location":{ "type": "Point", "coordinates": [-93.6083, 44.8061] }},
{"zip_code":"55552","country":"US","city":"Young America","state":"Minnesota","state_ab":"MN","county":"Carver","geo_location":{ "type": "Point", "coordinates": [-93.7665, 44.8055] }},
{"zip_code":"56452","country":"US","city":"Hackensack","state":"Minnesota","state_ab":"MN","county":"Cass","geo_location":{ "type": "Point", "coordinates": [-94.5033, 46.9884] }},
{"zip_code":"56632","country":"US","city":"Boy River","state":"Minnesota","state_ab":"MN","county":"Cass County","geo_location":{ "type": "Point", "coordinates": [-94.1085, 47.1806] }},
{"zip_code":"56672","country":"US","city":"Remer","state":"Minnesota","state_ab":"MN","county":"Cass","geo_location":{ "type": "Point", "coordinates": [-93.9196, 47.0874] }},
{"zip_code":"55615","country":"US","city":"Tofte","state":"Minnesota","state_ab":"MN","county":"Cook","geo_location":{ "type": "Point", "coordinates": [-90.7831, 47.7608] }},
{"zip_code":"56425","country":"US","city":"Baxter","state":"Minnesota","state_ab":"MN","county":"Crow Wing","geo_location":{ "type": "Point", "coordinates": [-94.2822, 46.3429] }},
{"zip_code":"56465","country":"US","city":"Merrifield","state":"Minnesota","state_ab":"MN","county":"Crow Wing","geo_location":{ "type": "Point", "coordinates": [-94.1344, 46.5393] }},
{"zip_code":"55075","country":"US","city":"South Saint Paul","state":"Minnesota","state_ab":"MN","county":"Dakota","geo_location":{ "type": "Point", "coordinates": [-93.046, 44.8881] }},
{"zip_code":"56308","country":"US","city":"Alexandria","state":"Minnesota","state_ab":"MN","county":"Douglas","geo_location":{ "type": "Point", "coordinates": [-95.382, 45.8817] }},
{"zip_code":"56025","country":"US","city":"Easton","state":"Minnesota","state_ab":"MN","county":"Faribault","geo_location":{ "type": "Point", "coordinates": [-93.934, 43.7581] }},
{"zip_code":"56092","country":"US","city":"Walters","state":"Minnesota","state_ab":"MN","county":"Faribault County","geo_location":{ "type": "Point", "coordinates": [-93.6999, 43.6267] }},
{"zip_code":"55965","country":"US","city":"Preston","state":"Minnesota","state_ab":"MN","county":"Fillmore","geo_location":{ "type": "Point", "coordinates": [-92.096, 43.6641] }},
{"zip_code":"55992","country":"US","city":"Zumbrota","state":"Minnesota","state_ab":"MN","county":"Goodhue","geo_location":{ "type": "Point", "coordinates": [-92.6719, 44.3032] }},
{"zip_code":"55305","country":"US","city":"Hopkins","state":"Minnesota","state_ab":"MN","county":"Hennepin","geo_location":{ "type": "Point", "coordinates": [-93.4372, 44.9528] }},
{"zip_code":"55345","country":"US","city":"Minnetonka","state":"Minnesota","state_ab":"MN","county":"Hennepin","geo_location":{ "type": "Point", "coordinates": [-93.485, 44.9138] }},
{"zip_code":"55408","country":"US","city":"Minneapolis","state":"Minnesota","state_ab":"MN","county":"Hennepin","geo_location":{ "type": "Point", "coordinates": [-93.2862, 44.9466] }},
{"zip_code":"55422","country":"US","city":"Minneapolis","state":"Minnesota","state_ab":"MN","county":"Hennepin","geo_location":{ "type": "Point", "coordinates": [-93.3424, 45.0096] }},
{"zip_code":"55435","country":"US","city":"Minneapolis","state":"Minnesota","state_ab":"MN","county":"Hennepin","geo_location":{ "type": "Point", "coordinates": [-93.3346, 44.8735] }},
{"zip_code":"55488","country":"US","city":"Minneapolis","state":"Minnesota","state_ab":"MN","county":"Hennepin","geo_location":{ "type": "Point", "coordinates": [-93.4719, 45.0159] }},
{"zip_code":"55578","country":"US","city":"Maple Plain","state":"Minnesota","state_ab":"MN","county":"Hennepin","geo_location":{ "type": "Point", "coordinates": [-93.4719, 45.0159] }},
{"zip_code":"55008","country":"US","city":"Cambridge","state":"Minnesota","state_ab":"MN","county":"Isanti","geo_location":{ "type": "Point", "coordinates": [-93.2889, 45.5576] }},
{"zip_code":"55745","country":"US","city":"Grand Rapids","state":"Minnesota","state_ab":"MN","county":"Itasca","geo_location":{ "type": "Point", "coordinates": [-93.9214, 47.0878] }},
{"zip_code":"73112","country":"US","city":"Oklahoma City","state":"Oklahoma","state_ab":"OK","county":"Oklahoma","geo_location":{ "type": "Point", "coordinates": [-97.5746, 35.5184] }},
{"zip_code":"73125","country":"US","city":"Oklahoma City","state":"Oklahoma","state_ab":"OK","county":"Oklahoma","geo_location":{ "type": "Point", "coordinates": [-97.5218, 35.4654] }},
{"zip_code":"73152","country":"US","city":"Oklahoma City","state":"Oklahoma","state_ab":"OK","county":"Oklahoma","geo_location":{ "type": "Point", "coordinates": [-97.4075, 35.5514] }},
{"zip_code":"73178","country":"US","city":"Oklahoma City","state":"Oklahoma","state_ab":"OK","county":"Oklahoma","geo_location":{ "type": "Point", "coordinates": [-97.4075, 35.5514] }},
{"zip_code":"74335","country":"US","city":"Cardin","state":"Oklahoma","state_ab":"OK","county":"Ottawa","geo_location":{ "type": "Point", "coordinates": [-94.8557, 36.9795] }},
{"zip_code":"74038","country":"US","city":"Jennings","state":"Oklahoma","state_ab":"OK","county":"Pawnee","geo_location":{ "type": "Point", "coordinates": [-96.5732, 36.1863] }},
{"zip_code":"74078","country":"US","city":"Stillwater","state":"Oklahoma","state_ab":"OK","county":"Payne","geo_location":{ "type": "Point", "coordinates": [-97.0705, 36.1241] }},
{"zip_code":"74425","country":"US","city":"Canadian","state":"Oklahoma","state_ab":"OK","county":"Pittsburg","geo_location":{ "type": "Point", "coordinates": [-95.6215, 35.1571] }},
{"zip_code":"74502","country":"US","city":"Mcalester","state":"Oklahoma","state_ab":"OK","county":"Pittsburg","geo_location":{ "type": "Point", "coordinates": [-95.7207, 34.9473] }},
{"zip_code":"74528","country":"US","city":"Blanco","state":"Oklahoma","state_ab":"OK","county":"Pittsburg","geo_location":{ "type": "Point", "coordinates": [-95.7283, 34.7276] }},
{"zip_code":"74825","country":"US","city":"Allen","state":"Oklahoma","state_ab":"OK","county":"Pontotoc","geo_location":{ "type": "Point", "coordinates": [-96.4151, 34.8691] }},
{"zip_code":"74865","country":"US","city":"Roff","state":"Oklahoma","state_ab":"OK","county":"Pontotoc","geo_location":{ "type": "Point", "coordinates": [-96.8423, 34.6153] }},
{"zip_code":"74852","country":"US","city":"Macomb","state":"Oklahoma","state_ab":"OK","county":"Pottawatomie","geo_location":{ "type": "Point", "coordinates": [-97.034, 35.1205] }},
{"zip_code":"74878","country":"US","city":"Wanette","state":"Oklahoma","state_ab":"OK","county":"Pottawatomie","geo_location":{ "type": "Point", "coordinates": [-97.0419, 34.9983] }},
{"zip_code":"73628","country":"US","city":"Cheyenne","state":"Oklahoma","state_ab":"OK","county":"Roger Mills","geo_location":{ "type": "Point", "coordinates": [-99.6725, 35.6081] }},
{"zip_code":"73642","country":"US","city":"Durham","state":"Oklahoma","state_ab":"OK","county":"Roger Mills","geo_location":{ "type": "Point", "coordinates": [-99.9088, 35.8364] }},
{"zip_code":"74955","country":"US","city":"Sallisaw","state":"Oklahoma","state_ab":"OK","county":"Sequoyah","geo_location":{ "type": "Point", "coordinates": [-94.779, 35.4852] }},
{"zip_code":"74012","country":"US","city":"Broken Arrow","state":"Oklahoma","state_ab":"OK","county":"Tulsa","geo_location":{ "type": "Point", "coordinates": [-95.8079, 36.0447] }},
{"zip_code":"74102","country":"US","city":"Tulsa","state":"Oklahoma","state_ab":"OK","county":"Tulsa","geo_location":{ "type": "Point", "coordinates": [-95.8042, 36.0631] }},
{"zip_code":"74115","country":"US","city":"Tulsa","state":"Oklahoma","state_ab":"OK","county":"Tulsa","geo_location":{ "type": "Point", "coordinates": [-95.9112, 36.1754] }},
{"zip_code":"74128","country":"US","city":"Tulsa","state":"Oklahoma","state_ab":"OK","county":"Tulsa","geo_location":{ "type": "Point", "coordinates": [-95.8514, 36.1459] }},
{"zip_code":"74155","country":"US","city":"Tulsa","state":"Oklahoma","state_ab":"OK","county":"Tulsa","geo_location":{ "type": "Point", "coordinates": [-96.0297, 36.1398] }},
{"zip_code":"74182","country":"US","city":"Tulsa","state":"Oklahoma","state_ab":"OK","county":"Tulsa","geo_location":{ "type": "Point", "coordinates": [-96.0297, 36.1398] }},
{"zip_code":"97905","country":"US","city":"Durkee","state":"Oregon","state_ab":"OR","county":"Baker","geo_location":{ "type": "Point", "coordinates": [-117.4129, 44.4988] }},
{"zip_code":"97015","country":"US","city":"Clackamas","state":"Oregon","state_ab":"OR","county":"Clackamas","geo_location":{ "type": "Point", "coordinates": [-122.52, 45.415] }},
{"zip_code":"97028","country":"US","city":"Government Camp","state":"Oregon","state_ab":"OR","county":"Clackamas","geo_location":{ "type": "Point", "coordinates": [-121.739, 45.2972] }},
{"zip_code":"97042","country":"US","city":"Mulino","state":"Oregon","state_ab":"OR","county":"Clackamas","geo_location":{ "type": "Point", "coordinates": [-122.5351, 45.213] }},
{"zip_code":"97055","country":"US","city":"Sandy","state":"Oregon","state_ab":"OR","county":"Clackamas","geo_location":{ "type": "Point", "coordinates": [-122.223, 45.379] }},
{"zip_code":"97068","country":"US","city":"West Linn","state":"Oregon","state_ab":"OR","county":"Clackamas","geo_location":{ "type": "Point", "coordinates": [-122.648, 45.3669] }},
{"zip_code":"97222","country":"US","city":"Portland","state":"Oregon","state_ab":"OR","county":"Clackamas","geo_location":{ "type": "Point", "coordinates": [-122.6147, 45.4373] }},
{"zip_code":"97145","country":"US","city":"Tolovana Park","state":"Oregon","state_ab":"OR","county":"Clatsop","geo_location":{ "type": "Point", "coordinates": [-123.9595, 45.8663] }},
{"zip_code":"97468","country":"US","city":"Remote","state":"Oregon","state_ab":"OR","county":"Coos","geo_location":{ "type": "Point", "coordinates": [-124.1271, 43.1388] }},
{"zip_code":"97752","country":"US","city":"Post","state":"Oregon","state_ab":"OR","county":"Crook","geo_location":{ "type": "Point", "coordinates": [-120.2998, 44.0793] }},
{"zip_code":"97415","country":"US","city":"Brookings","state":"Oregon","state_ab":"OR","county":"Curry","geo_location":{ "type": "Point", "coordinates": [-124.2492, 42.1378] }},
{"zip_code":"97712","country":"US","city":"Brothers","state":"Oregon","state_ab":"OR","county":"Deschutes","geo_location":{ "type": "Point", "coordinates": [-120.477, 43.7789] }},
{"zip_code":"97428","country":"US","city":"Curtin","state":"Oregon","state_ab":"OR","county":"Douglas","geo_location":{ "type": "Point", "coordinates": [-123.1962, 43.7476] }},
{"zip_code":"97442","country":"US","city":"Glendale","state":"Oregon","state_ab":"OR","county":"Douglas","geo_location":{ "type": "Point", "coordinates": [-123.3943, 42.7518] }},
{"zip_code":"97495","country":"US","city":"Winchester","state":"Oregon","state_ab":"OR","county":"Douglas","geo_location":{ "type": "Point", "coordinates": [-123.3055, 43.2878] }},
{"zip_code":"97738","country":"US","city":"Hines","state":"Oregon","state_ab":"OR","county":"Harney","geo_location":{ "type": "Point", "coordinates": [-119.0816, 43.5558] }},
{"zip_code":"97532","country":"US","city":"Merlin","state":"Oregon","state_ab":"OR","county":"Josephine","geo_location":{ "type": "Point", "coordinates": [-123.4393, 42.5297] }},
{"zip_code":"97622","country":"US","city":"Bly","state":"Oregon","state_ab":"OR","county":"Klamath","geo_location":{ "type": "Point", "coordinates": [-121.0806, 42.3995] }},
{"zip_code":"97635","country":"US","city":"New Pine Creek","state":"Oregon","state_ab":"OR","county":"Lake","geo_location":{ "type": "Point", "coordinates": [-120.2894, 42.0278] }},
{"zip_code":"97402","country":"US","city":"Eugene","state":"Oregon","state_ab":"OR","county":"Lane","geo_location":{ "type": "Point", "coordinates": [-123.1555, 44.0612] }},
{"zip_code":"97455","country":"US","city":"Pleasant Hill","state":"Oregon","state_ab":"OR","county":"Lane","geo_location":{ "type": "Point", "coordinates": [-122.9285, 43.9458] }},
{"zip_code":"97482","country":"US","city":"Thurston","state":"Oregon","state_ab":"OR","county":"Lane","geo_location":{ "type": "Point", "coordinates": [-122.9988, 43.8638] }},
{"zip_code":"97365","country":"US","city":"Newport","state":"Oregon","state_ab":"OR","county":"Lincoln","geo_location":{ "type": "Point", "coordinates": [-124.0509, 44.6487] }},
{"zip_code":"97918","country":"US","city":"Vale","state":"Oregon","state_ab":"OR","county":"Malheur","geo_location":{ "type": "Point", "coordinates": [-117.2674, 44.0039] }},
{"zip_code":"97002","country":"US","city":"Aurora","state":"Oregon","state_ab":"OR","county":"Marion","geo_location":{ "type": "Point", "coordinates": [-122.8039, 45.2284] }},
{"zip_code":"97312","country":"US","city":"Salem","state":"Oregon","state_ab":"OR","county":"Marion","geo_location":{ "type": "Point", "coordinates": [-123.0381, 44.9364] }},
{"zip_code":"97325","country":"US","city":"Aumsville","state":"Oregon","state_ab":"OR","county":"Marion","geo_location":{ "type": "Point", "coordinates": [-122.8517, 44.8313] }},
{"zip_code":"97352","country":"US","city":"Jefferson","state":"Oregon","state_ab":"OR","county":"Marion","geo_location":{ "type": "Point", "coordinates": [-123.006, 44.7495] }},
{"zip_code":"97392","country":"US","city":"Turner","state":"Oregon","state_ab":"OR","county":"Marion","geo_location":{ "type": "Point", "coordinates": [-122.9501, 44.8476] }},
{"zip_code":"97208","country":"US","city":"Portland","state":"Oregon","state_ab":"OR","county":"Multnomah","geo_location":{ "type": "Point", "coordinates": [-122.5648, 45.5322] }},
{"zip_code":"97338","country":"US","city":"Dallas","state":"Oregon","state_ab":"OR","county":"Polk","geo_location":{ "type": "Point", "coordinates": [-123.32, 44.9225] }},
{"zip_code":"97118","country":"US","city":"Garibaldi","state":"Oregon","state_ab":"OR","county":"Tillamook","geo_location":{ "type": "Point", "coordinates": [-123.9001, 45.5626] }},
{"zip_code":"97868","country":"US","city":"Pilot Rock","state":"Oregon","state_ab":"OR","county":"Umatilla","geo_location":{ "type": "Point", "coordinates": [-118.8483, 45.4227] }},
{"zip_code":"97882","country":"US","city":"Umatilla","state":"Oregon","state_ab":"OR","county":"Umatilla","geo_location":{ "type": "Point", "coordinates": [-119.3553, 45.8998] }},
{"zip_code":"97828","country":"US","city":"Enterprise","state":"Oregon","state_ab":"OR","county":"Wallowa","geo_location":{ "type": "Point", "coordinates": [-117.2888, 45.437] }},
{"zip_code":"97842","country":"US","city":"Imnaha","state":"Oregon","state_ab":"OR","county":"Wallowa","geo_location":{ "type": "Point", "coordinates": [-116.8257, 45.5137] }},
{"zip_code":"97132","country":"US","city":"Newberg","state":"Oregon","state_ab":"OR","county":"Yamhill","geo_location":{ "type": "Point", "coordinates": [-122.9685, 45.3099] }},
{"zip_code":"97378","country":"US","city":"Sheridan","state":"Oregon","state_ab":"OR","county":"Yamhill","geo_location":{ "type": "Point", "coordinates": [-123.4003, 45.0897] }},
{"zip_code":"17325","country":"US","city":"Gettysburg","state":"Pennsylvania","state_ab":"PA","county":"Adams","geo_location":{ "type": "Point", "coordinates": [-77.2223, 39.832] }},
{"zip_code":"15035","country":"US","city":"East Mc Keesport","state":"Pennsylvania","state_ab":"PA","county":"Allegheny","geo_location":{ "type": "Point", "coordinates": [-79.8079, 40.3839] }},
{"zip_code":"15075","country":"US","city":"Rural Ridge","state":"Pennsylvania","state_ab":"PA","county":"Allegheny","geo_location":{ "type": "Point", "coordinates": [-80.0248, 40.4344] }},
{"zip_code":"15088","country":"US","city":"West Elizabeth","state":"Pennsylvania","state_ab":"PA","county":"Allegheny","geo_location":{ "type": "Point", "coordinates": [-79.8966, 40.2716] }},
{"zip_code":"15112","country":"US","city":"East Pittsburgh","state":"Pennsylvania","state_ab":"PA","county":"Allegheny","geo_location":{ "type": "Point", "coordinates": [-79.8389, 40.4036] }},
{"zip_code":"15202","country":"US","city":"Pittsburgh","state":"Pennsylvania","state_ab":"PA","county":"Allegheny","geo_location":{ "type": "Point", "coordinates": [-80.0685, 40.5053] }},
{"zip_code":"15215","country":"US","city":"Pittsburgh","state":"Pennsylvania","state_ab":"PA","county":"Allegheny","geo_location":{ "type": "Point", "coordinates": [-79.9138, 40.5048] }},
{"zip_code":"15228","country":"US","city":"Pittsburgh","state":"Pennsylvania","state_ab":"PA","county":"Allegheny","geo_location":{ "type": "Point", "coordinates": [-80.0439, 40.3696] }},
{"zip_code":"15242","country":"US","city":"Pittsburgh","state":"Pennsylvania","state_ab":"PA","county":"Allegheny","geo_location":{ "type": "Point", "coordinates": [-80.0248, 40.4344] }},
{"zip_code":"15255","country":"US","city":"Pittsburgh","state":"Pennsylvania","state_ab":"PA","county":"Allegheny","geo_location":{ "type": "Point", "coordinates": [-80.0248, 40.4344] }},
{"zip_code":"15268","country":"US","city":"Pittsburgh","state":"Pennsylvania","state_ab":"PA","county":"Allegheny","geo_location":{ "type": "Point", "coordinates": [-80.0248, 40.4344] }},
{"zip_code":"15282","country":"US","city":"Pittsburgh","state":"Pennsylvania","state_ab":"PA","county":"Allegheny","geo_location":{ "type": "Point", "coordinates": [-80.0248, 40.4344] }},
{"zip_code":"15295","country":"US","city":"Pittsburgh","state":"Pennsylvania","state_ab":"PA","county":"Allegheny County","geo_location":{ "type": "Point", "coordinates": [-80.0108, 40.463] }},
{"zip_code":"15682","country":"US","city":"Schenley","state":"Pennsylvania","state_ab":"PA","county":"Armstrong","geo_location":{ "type": "Point", "coordinates": [-79.4516, 40.8478] }},
{"zip_code":"16218","country":"US","city":"Cowansville","state":"Pennsylvania","state_ab":"PA","county":"Armstrong","geo_location":{ "type": "Point", "coordinates": [-79.5946, 40.923] }},
{"zip_code":"16245","country":"US","city":"Oak Ridge","state":"Pennsylvania","state_ab":"PA","county":"Armstrong","geo_location":{ "type": "Point", "coordinates": [-79.4516, 40.8478] }},
{"zip_code":"16115","country":"US","city":"Darlington","state":"Pennsylvania","state_ab":"PA","county":"Beaver","geo_location":{ "type": "Point", "coordinates": [-80.4556, 40.7968] }},
{"zip_code":"16672","country":"US","city":"Riddlesburg","state":"Pennsylvania","state_ab":"PA","county":"Bedford","geo_location":{ "type": "Point", "coordinates": [-78.2493, 40.1753] }},
{"zip_code":"19512","country":"US","city":"Boyertown","state":"Pennsylvania","state_ab":"PA","county":"Berks","geo_location":{ "type": "Point", "coordinates": [-75.6604, 40.3339] }},
{"zip_code":"19538","country":"US","city":"Maxatawny","state":"Pennsylvania","state_ab":"PA","county":"Berks","geo_location":{ "type": "Point", "coordinates": [-75.7409, 40.5698] }},
{"zip_code":"19565","country":"US","city":"Wernersville","state":"Pennsylvania","state_ab":"PA","county":"Berks","geo_location":{ "type": "Point", "coordinates": [-76.0901, 40.3293] }},
{"zip_code":"19602","country":"US","city":"Reading","state":"Pennsylvania","state_ab":"PA","county":"Berks","geo_location":{ "type": "Point", "coordinates": [-75.9192, 40.3306] }},
{"zip_code":"18832","country":"US","city":"Monroeton","state":"Pennsylvania","state_ab":"PA","county":"Bradford","geo_location":{ "type": "Point", "coordinates": [-76.4872, 41.7135] }},
{"zip_code":"18845","country":"US","city":"Stevensville","state":"Pennsylvania","state_ab":"PA","county":"Bradford","geo_location":{ "type": "Point", "coordinates": [-76.1717, 41.7718] }},
{"zip_code":"18922","country":"US","city":"Forest Grove","state":"Pennsylvania","state_ab":"PA","county":"Bucks","geo_location":{ "type": "Point", "coordinates": [-75.1028, 40.3286] }},
{"zip_code":"18935","country":"US","city":"Milford Square","state":"Pennsylvania","state_ab":"PA","county":"Bucks","geo_location":{ "type": "Point", "coordinates": [-75.1028, 40.3286] }},
{"zip_code":"18962","country":"US","city":"Silverdale","state":"Pennsylvania","state_ab":"PA","county":"Bucks","geo_location":{ "type": "Point", "coordinates": [-75.2687, 40.3445] }},
{"zip_code":"19048","country":"US","city":"Langhorne","state":"Pennsylvania","state_ab":"PA","county":"Bucks","geo_location":{ "type": "Point", "coordinates": [-74.9246, 40.1735] }},
{"zip_code":"16025","country":"US","city":"Chicora","state":"Pennsylvania","state_ab":"PA","county":"Butler","geo_location":{ "type": "Point", "coordinates": [-79.7462, 40.9458] }},
{"zip_code":"16038","country":"US","city":"Harrisville","state":"Pennsylvania","state_ab":"PA","county":"Butler","geo_location":{ "type": "Point", "coordinates": [-79.9796, 41.1631] }},
{"zip_code":"16052","country":"US","city":"Prospect","state":"Pennsylvania","state_ab":"PA","county":"Butler","geo_location":{ "type": "Point", "coordinates": [-80.0679, 40.9049] }},
{"zip_code":"15925","country":"US","city":"Cassandra","state":"Pennsylvania","state_ab":"PA","county":"Cambria","geo_location":{ "type": "Point", "coordinates": [-78.6407, 40.4085] }},
{"zip_code":"15938","country":"US","city":"Lilly","state":"Pennsylvania","state_ab":"PA","county":"Cambria","geo_location":{ "type": "Point", "coordinates": [-78.6231, 40.4238] }},
{"zip_code":"15952","country":"US","city":"Salix","state":"Pennsylvania","state_ab":"PA","county":"Cambria","geo_location":{ "type": "Point", "coordinates": [-78.7816, 40.2986] }},
{"zip_code":"18212","country":"US","city":"Ashfield","state":"Pennsylvania","state_ab":"PA","county":"Carbon","geo_location":{ "type": "Point", "coordinates": [-75.7083, 40.7841] }},
{"zip_code":"16852","country":"US","city":"Madisonburg","state":"Pennsylvania","state_ab":"PA","county":"Centre","geo_location":{ "type": "Point", "coordinates": [-77.495, 40.9334] }},
{"zip_code":"16865","country":"US","city":"Pennsylvania Furnace","state":"Pennsylvania","state_ab":"PA","county":"Centre","geo_location":{ "type": "Point", "coordinates": [-77.996, 40.71] }},
{"zip_code":"19318","country":"US","city":"Chatham","state":"Pennsylvania","state_ab":"PA","county":"Chester","geo_location":{ "type": "Point", "coordinates": [-75.8118, 39.8524] }},
{"zip_code":"19345","country":"US","city":"Immaculata","state":"Pennsylvania","state_ab":"PA","county":"Chester","geo_location":{ "type": "Point", "coordinates": [-75.7193, 39.8478] }},
{"zip_code":"19358","country":"US","city":"Modena","state":"Pennsylvania","state_ab":"PA","county":"Chester","geo_location":{ "type": "Point", "coordinates": [-75.8025, 39.9621] }},
{"zip_code":"19372","country":"US","city":"Thorndale","state":"Pennsylvania","state_ab":"PA","county":"Chester","geo_location":{ "type": "Point", "coordinates": [-75.759, 39.9984] }},
{"zip_code":"19398","country":"US","city":"Southeastern","state":"Pennsylvania","state_ab":"PA","county":"Chester","geo_location":{ "type": "Point", "coordinates": [-75.7481, 39.9832] }},
{"zip_code":"19475","country":"US","city":"Spring City","state":"Pennsylvania","state_ab":"PA","county":"Chester","geo_location":{ "type": "Point", "coordinates": [-75.5697, 40.1765] }},
{"zip_code":"19488","country":"US","city":"Norristown","state":"Pennsylvania","state_ab":"PA","county":"Chester","geo_location":{ "type": "Point", "coordinates": [-75.7481, 39.9832] }},
{"zip_code":"16232","country":"US","city":"Knox","state":"Pennsylvania","state_ab":"PA","county":"Clarion","geo_location":{ "type": "Point", "coordinates": [-79.5194, 41.2245] }},
{"zip_code":"16258","country":"US","city":"Strattanville","state":"Pennsylvania","state_ab":"PA","county":"Clarion","geo_location":{ "type": "Point", "coordinates": [-79.3082, 41.1955] }},
{"zip_code":"16375","country":"US","city":"Lamartine","state":"Pennsylvania","state_ab":"PA","county":"Clarion","geo_location":{ "type": "Point", "coordinates": [-79.4538, 41.2023] }},
{"zip_code":"15848","country":"US","city":"Luthersburg","state":"Pennsylvania","state_ab":"PA","county":"Clearfield","geo_location":{ "type": "Point", "coordinates": [-78.7428, 41.0532] }},
{"zip_code":"16645","country":"US","city":"Glen Hope","state":"Pennsylvania","state_ab":"PA","county":"Clearfield","geo_location":{ "type": "Point", "coordinates": [-78.4999, 40.7984] }},
{"zip_code":"16698","country":"US","city":"Houtzdale","state":"Pennsylvania","state_ab":"PA","county":"Clearfield","geo_location":{ "type": "Point", "coordinates": [-78.4224, 40.9891] }},
{"zip_code":"16825","country":"US","city":"Bigler","state":"Pennsylvania","state_ab":"PA","county":"Clearfield","geo_location":{ "type": "Point", "coordinates": [-78.3606, 40.99] }},
{"zip_code":"16838","country":"US","city":"Grampian","state":"Pennsylvania","state_ab":"PA","county":"Clearfield","geo_location":{ "type": "Point", "coordinates": [-78.5949, 40.9818] }},
{"zip_code":"16878","country":"US","city":"West Decatur","state":"Pennsylvania","state_ab":"PA","county":"Clearfield","geo_location":{ "type": "Point", "coordinates": [-78.3129, 40.9493] }},
{"zip_code":"17738","country":"US","city":"Hyner","state":"Pennsylvania","state_ab":"PA","county":"Clinton","geo_location":{ "type": "Point", "coordinates": [-77.6185, 41.2206] }},
{"zip_code":"17778","country":"US","city":"Westport","state":"Pennsylvania","state_ab":"PA","county":"Clinton","geo_location":{ "type": "Point", "coordinates": [-77.9315, 41.2745] }},
{"zip_code":"17815","country":"US","city":"Bloomsburg","state":"Pennsylvania","state_ab":"PA","county":"Columbia","geo_location":{ "type": "Point", "coordinates": [-76.4384, 41.0115] }},
{"zip_code":"16335","country":"US","city":"Meadville","state":"Pennsylvania","state_ab":"PA","county":"Crawford","geo_location":{ "type": "Point", "coordinates": [-80.1488, 41.6338] }},
{"zip_code":"16388","country":"US","city":"Meadville","state":"Pennsylvania","state_ab":"PA","county":"Crawford","geo_location":{ "type": "Point", "coordinates": [-80.1576, 41.6596] }},
{"zip_code":"17055","country":"US","city":"Mechanicsburg","state":"Pennsylvania","state_ab":"PA","county":"Cumberland","geo_location":{ "type": "Point", "coordinates": [-77.0036, 40.179] }},
{"zip_code":"17028","country":"US","city":"Grantville","state":"Pennsylvania","state_ab":"PA","county":"Dauphin","geo_location":{ "type": "Point", "coordinates": [-76.6713, 40.3606] }},
{"zip_code":"17105","country":"US","city":"Harrisburg","state":"Pennsylvania","state_ab":"PA","county":"Dauphin","geo_location":{ "type": "Point", "coordinates": [-76.8752, 40.2785] }},
{"zip_code":"19008","country":"US","city":"Broomall","state":"Pennsylvania","state_ab":"PA","county":"Delaware","geo_location":{ "type": "Point", "coordinates": [-75.3602, 39.9747] }},
{"zip_code":"19022","country":"US","city":"Crum Lynne","state":"Pennsylvania","state_ab":"PA","county":"Delaware","geo_location":{ "type": "Point", "coordinates": [-75.3374, 39.8685] }},
{"zip_code":"19088","country":"US","city":"Wayne","state":"Pennsylvania","state_ab":"PA","county":"Delaware","geo_location":{ "type": "Point", "coordinates": [-75.406, 39.934] }},
{"zip_code":"15822","country":"US","city":"Brandy Camp","state":"Pennsylvania","state_ab":"PA","county":"Elk","geo_location":{ "type": "Point", "coordinates": [-78.6651, 41.4159] }},
{"zip_code":"16412","country":"US","city":"Edinboro","state":"Pennsylvania","state_ab":"PA","county":"Erie","geo_location":{ "type": "Point", "coordinates": [-80.1356, 41.8756] }},
{"zip_code":"16438","country":"US","city":"Union City","state":"Pennsylvania","state_ab":"PA","county":"Erie","geo_location":{ "type": "Point", "coordinates": [-79.8455, 41.8939] }},
{"zip_code":"16502","country":"US","city":"Erie","state":"Pennsylvania","state_ab":"PA","county":"Erie","geo_location":{ "type": "Point", "coordinates": [-80.0976, 42.1133] }},
{"zip_code":"16515","country":"US","city":"Erie","state":"Pennsylvania","state_ab":"PA","county":"Erie","geo_location":{ "type": "Point", "coordinates": [-80.0649, 42.1827] }},
{"zip_code":"15422","country":"US","city":"Chestnut Ridge","state":"Pennsylvania","state_ab":"PA","county":"Fayette","geo_location":{ "type": "Point", "coordinates": [-79.8116, 39.9812] }},
{"zip_code":"15435","country":"US","city":"Fairbank","state":"Pennsylvania","state_ab":"PA","county":"Fayette","geo_location":{ "type": "Point", "coordinates": [-79.8585, 39.9501] }},
{"zip_code":"15462","country":"US","city":"Melcroft","state":"Pennsylvania","state_ab":"PA","county":"Fayette","geo_location":{ "type": "Point", "coordinates": [-79.3902, 40.0569] }},
{"zip_code":"15475","country":"US","city":"Republic","state":"Pennsylvania","state_ab":"PA","county":"Fayette","geo_location":{ "type": "Point", "coordinates": [-79.8814, 39.9847] }},
{"zip_code":"15488","country":"US","city":"Waltersburg","state":"Pennsylvania","state_ab":"PA","county":"Fayette","geo_location":{ "type": "Point", "coordinates": [-79.7689, 39.9763] }},
{"zip_code":"16322","country":"US","city":"Endeavor","state":"Pennsylvania","state_ab":"PA","county":"Forest","geo_location":{ "type": "Point", "coordinates": [-79.2391, 41.4759] }},
{"zip_code":"17222","country":"US","city":"Fayetteville","state":"Pennsylvania","state_ab":"PA","county":"Franklin","geo_location":{ "type": "Point", "coordinates": [-77.531, 39.9065] }},
{"zip_code":"17235","country":"US","city":"Marion","state":"Pennsylvania","state_ab":"PA","county":"Franklin","geo_location":{ "type": "Point", "coordinates": [-77.6981, 39.8587] }},
{"zip_code":"17262","country":"US","city":"Spring Run","state":"Pennsylvania","state_ab":"PA","county":"Franklin","geo_location":{ "type": "Point", "coordinates": [-77.7092, 40.1734] }},
{"zip_code":"16685","country":"US","city":"Todd","state":"Pennsylvania","state_ab":"PA","county":"Huntingdon","geo_location":{ "type": "Point", "coordinates": [-78.0772, 40.271] }},
{"zip_code":"15705","country":"US","city":"Indiana","state":"Pennsylvania","state_ab":"PA","county":"Indiana","geo_location":{ "type": "Point", "coordinates": [-79.1294, 40.64] }},
{"zip_code":"15732","country":"US","city":"Creekside","state":"Pennsylvania","state_ab":"PA","county":"Indiana","geo_location":{ "type": "Point", "coordinates": [-79.2014, 40.7199] }},
{"zip_code":"15745","country":"US","city":"Heilwood","state":"Pennsylvania","state_ab":"PA","county":"Indiana","geo_location":{ "type": "Point", "coordinates": [-78.9186, 40.6207] }},
{"zip_code":"15758","country":"US","city":"Marchand","state":"Pennsylvania","state_ab":"PA","county":"Indiana","geo_location":{ "type": "Point", "coordinates": [-79.1294, 40.64] }},
{"zip_code":"15772","country":"US","city":"Rossiter","state":"Pennsylvania","state_ab":"PA","county":"Indiana","geo_location":{ "type": "Point", "coordinates": [-78.9414, 40.8846] }},
{"zip_code":"17082","country":"US","city":"Port Royal","state":"Pennsylvania","state_ab":"PA","county":"Juniata","geo_location":{ "type": "Point", "coordinates": [-77.431, 40.5107] }},
{"zip_code":"56735","country":"US","city":"Lancaster","state":"Minnesota","state_ab":"MN","county":"Kittson","geo_location":{ "type": "Point", "coordinates": [-96.6366, 48.9153] }},
{"zip_code":"56658","country":"US","city":"Margie","state":"Minnesota","state_ab":"MN","county":"Koochiching","geo_location":{ "type": "Point", "coordinates": [-93.8292, 48.0904] }},
{"zip_code":"56218","country":"US","city":"Boyd","state":"Minnesota","state_ab":"MN","county":"Lac qui Parle","geo_location":{ "type": "Point", "coordinates": [-95.9421, 44.8507] }},
{"zip_code":"56232","country":"US","city":"Dawson","state":"Minnesota","state_ab":"MN","county":"Lac qui Parle","geo_location":{ "type": "Point", "coordinates": [-96.015, 44.9317] }},
{"zip_code":"56272","country":"US","city":"Nassau","state":"Minnesota","state_ab":"MN","county":"Lac qui Parle County","geo_location":{ "type": "Point", "coordinates": [-96.4113, 45.1044] }},
{"zip_code":"56052","country":"US","city":"Kilkenny","state":"Minnesota","state_ab":"MN","county":"Le Sueur","geo_location":{ "type": "Point", "coordinates": [-93.5164, 44.3185] }}]}