{"value": [{"zip_code":"53104","country":"US","city":"Bristol","state":"Wisconsin","state_ab":"WI","county":"Kenosha","geo_location":{ "type": "Point", "coordinates": [-88.0478, 42.5325] }},
{"zip_code":"53144","country":"US","city":"Kenosha","state":"Wisconsin","state_ab":"WI","county":"Kenosha","geo_location":{ "type": "Point", "coordinates": [-87.8762, 42.6058] }},
{"zip_code":"53171","country":"US","city":"Somers","state":"Wisconsin","state_ab":"WI","county":"Kenosha","geo_location":{ "type": "Point", "coordinates": [-87.9032, 42.6423] }},
{"zip_code":"53504","country":"US","city":"Argyle","state":"Wisconsin","state_ab":"WI","county":"Lafayette","geo_location":{ "type": "Point", "coordinates": [-89.8598, 42.6955] }},
{"zip_code":"54444","country":"US","city":"Kempster","state":"Wisconsin","state_ab":"WI","county":"Langlade","geo_location":{ "type": "Point", "coordinates": [-89.0321, 45.2494] }},
{"zip_code":"54417","country":"US","city":"Brokaw","state":"Wisconsin","state_ab":"WI","county":"Marathon","geo_location":{ "type": "Point", "coordinates": [-89.6541, 45.0273] }},
{"zip_code":"54471","country":"US","city":"Ringle","state":"Wisconsin","state_ab":"WI","county":"Marathon","geo_location":{ "type": "Point", "coordinates": [-89.4328, 44.9238] }},
{"zip_code":"54484","country":"US","city":"Stratford","state":"Wisconsin","state_ab":"WI","county":"Marathon","geo_location":{ "type": "Point", "coordinates": [-90.0583, 44.7899] }},
{"zip_code":"54161","country":"US","city":"Pound","state":"Wisconsin","state_ab":"WI","county":"Marinette","geo_location":{ "type": "Point", "coordinates": [-88.1396, 45.1273] }},
{"zip_code":"53207","country":"US","city":"Milwaukee","state":"Wisconsin","state_ab":"WI","county":"Milwaukee","geo_location":{ "type": "Point", "coordinates": [-87.8947, 42.9751] }},
{"zip_code":"53221","country":"US","city":"Milwaukee","state":"Wisconsin","state_ab":"WI","county":"Milwaukee","geo_location":{ "type": "Point", "coordinates": [-87.9447, 42.9549] }},
{"zip_code":"53234","country":"US","city":"Milwaukee","state":"Wisconsin","state_ab":"WI","county":"Milwaukee","geo_location":{ "type": "Point", "coordinates": [-87.5697, 43.0174] }},
{"zip_code":"53274","country":"US","city":"Milwaukee","state":"Wisconsin","state_ab":"WI","county":"Milwaukee","geo_location":{ "type": "Point", "coordinates": [-87.5697, 43.0174] }},
{"zip_code":"54174","country":"US","city":"Suring","state":"Wisconsin","state_ab":"WI","county":"Oconto","geo_location":{ "type": "Point", "coordinates": [-88.3628, 45.0186] }},
{"zip_code":"54767","country":"US","city":"Spring Valley","state":"Wisconsin","state_ab":"WI","county":"Pierce","geo_location":{ "type": "Point", "coordinates": [-92.2906, 44.8356] }},
{"zip_code":"54004","country":"US","city":"Clayton","state":"Wisconsin","state_ab":"WI","county":"Polk","geo_location":{ "type": "Point", "coordinates": [-92.1395, 45.3063] }},
{"zip_code":"54921","country":"US","city":"Bancroft","state":"Wisconsin","state_ab":"WI","county":"Portage","geo_location":{ "type": "Point", "coordinates": [-89.5304, 44.3065] }},
{"zip_code":"53401","country":"US","city":"Racine","state":"Wisconsin","state_ab":"WI","county":"Racine","geo_location":{ "type": "Point", "coordinates": [-87.676, 42.7272] }},
{"zip_code":"53584","country":"US","city":"Sextonville","state":"Wisconsin","state_ab":"WI","county":"Richland","geo_location":{ "type": "Point", "coordinates": [-90.2876, 43.2794] }},
{"zip_code":"54017","country":"US","city":"New Richmond","state":"Wisconsin","state_ab":"WI","county":"St. Croix","geo_location":{ "type": "Point", "coordinates": [-92.5513, 45.1598] }},
{"zip_code":"54107","country":"US","city":"Bonduel","state":"Wisconsin","state_ab":"WI","county":"Shawano","geo_location":{ "type": "Point", "coordinates": [-88.4543, 44.6992] }},
{"zip_code":"53001","country":"US","city":"Adell","state":"Wisconsin","state_ab":"WI","county":"Sheboygan","geo_location":{ "type": "Point", "coordinates": [-88.0254, 43.6151] }},
{"zip_code":"53081","country":"US","city":"Sheboygan","state":"Wisconsin","state_ab":"WI","county":"Sheboygan","geo_location":{ "type": "Point", "coordinates": [-87.7247, 43.741] }},
{"zip_code":"54624","country":"US","city":"De Soto","state":"Wisconsin","state_ab":"WI","county":"Vernon","geo_location":{ "type": "Point", "coordinates": [-91.1333, 43.4807] }},
{"zip_code":"54651","country":"US","city":"Ontario","state":"Wisconsin","state_ab":"WI","county":"Vernon","geo_location":{ "type": "Point", "coordinates": [-90.6205, 43.7172] }},
{"zip_code":"54664","country":"US","city":"Viola","state":"Wisconsin","state_ab":"WI","county":"Vernon","geo_location":{ "type": "Point", "coordinates": [-90.6554, 43.5048] }},
{"zip_code":"54521","country":"US","city":"Eagle River","state":"Wisconsin","state_ab":"WI","county":"Vilas","geo_location":{ "type": "Point", "coordinates": [-89.2531, 45.9161] }},
{"zip_code":"54561","country":"US","city":"Star Lake","state":"Wisconsin","state_ab":"WI","county":"Vilas","geo_location":{ "type": "Point", "coordinates": [-89.4858, 46.0613] }},
{"zip_code":"53157","country":"US","city":"Pell Lake","state":"Wisconsin","state_ab":"WI","county":"Walworth","geo_location":{ "type": "Point", "coordinates": [-88.3582, 42.54] }},
{"zip_code":"53184","country":"US","city":"Walworth","state":"Wisconsin","state_ab":"WI","county":"Walworth","geo_location":{ "type": "Point", "coordinates": [-88.6027, 42.535] }},
{"zip_code":"54817","country":"US","city":"Birchwood","state":"Wisconsin","state_ab":"WI","county":"Washburn","geo_location":{ "type": "Point", "coordinates": [-91.5776, 45.6403] }},
{"zip_code":"54871","country":"US","city":"Shell Lake","state":"Wisconsin","state_ab":"WI","county":"Washburn","geo_location":{ "type": "Point", "coordinates": [-91.9606, 45.7536] }},
{"zip_code":"53027","country":"US","city":"Hartford","state":"Wisconsin","state_ab":"WI","county":"Washington","geo_location":{ "type": "Point", "coordinates": [-88.3707, 43.3157] }},
{"zip_code":"54961","country":"US","city":"New London","state":"Wisconsin","state_ab":"WI","county":"Waupaca","geo_location":{ "type": "Point", "coordinates": [-88.7554, 44.3928] }},
{"zip_code":"54934","country":"US","city":"Eureka","state":"Wisconsin","state_ab":"WI","county":"Winnebago","geo_location":{ "type": "Point", "coordinates": [-88.8397, 44.0032] }},
{"zip_code":"54947","country":"US","city":"Larsen","state":"Wisconsin","state_ab":"WI","county":"Winnebago","geo_location":{ "type": "Point", "coordinates": [-88.6963, 44.1984] }},
{"zip_code":"54404","country":"US","city":"Marshfield","state":"Wisconsin","state_ab":"WI","county":"Wood","geo_location":{ "type": "Point", "coordinates": [-90.0214, 44.4666] }},
{"zip_code":"54457","country":"US","city":"Nekoosa","state":"Wisconsin","state_ab":"WI","county":"Wood","geo_location":{ "type": "Point", "coordinates": [-89.8814, 44.282] }},
{"zip_code":"25024","country":"US","city":"Bloomingrose","state":"West Virginia","state_ab":"WV","county":"Boone","geo_location":{ "type": "Point", "coordinates": [-81.6367, 38.1412] }},
{"zip_code":"25051","country":"US","city":"Costa","state":"West Virginia","state_ab":"WV","county":"Boone","geo_location":{ "type": "Point", "coordinates": [-81.7092, 38.1591] }},
{"zip_code":"25114","country":"US","city":"Jeffrey","state":"West Virginia","state_ab":"WV","county":"Boone","geo_location":{ "type": "Point", "coordinates": [-81.717, 37.9971] }},
{"zip_code":"25154","country":"US","city":"Peytona","state":"West Virginia","state_ab":"WV","county":"Boone","geo_location":{ "type": "Point", "coordinates": [-81.7018, 38.125] }},
{"zip_code":"25181","country":"US","city":"Seth","state":"West Virginia","state_ab":"WV","county":"Boone","geo_location":{ "type": "Point", "coordinates": [-81.6393, 38.0971] }},
{"zip_code":"25204","country":"US","city":"Twilight","state":"West Virginia","state_ab":"WV","county":"Boone","geo_location":{ "type": "Point", "coordinates": [-81.6141, 37.926] }},
{"zip_code":"26621","country":"US","city":"Flatwoods","state":"West Virginia","state_ab":"WV","county":"Braxton","geo_location":{ "type": "Point", "coordinates": [-80.5747, 38.7337] }},
{"zip_code":"25541","country":"US","city":"Milton","state":"West Virginia","state_ab":"WV","county":"Cabell","geo_location":{ "type": "Point", "coordinates": [-82.1458, 38.414] }},
{"zip_code":"25707","country":"US","city":"Huntington","state":"West Virginia","state_ab":"WV","county":"Cabell","geo_location":{ "type": "Point", "coordinates": [-82.2774, 38.4134] }},
{"zip_code":"25721","country":"US","city":"Huntington","state":"West Virginia","state_ab":"WV","county":"Cabell","geo_location":{ "type": "Point", "coordinates": [-82.2774, 38.4134] }},
{"zip_code":"25774","country":"US","city":"Huntington","state":"West Virginia","state_ab":"WV","county":"Cabell","geo_location":{ "type": "Point", "coordinates": [-82.2774, 38.4134] }},
{"zip_code":"25141","country":"US","city":"Nebo","state":"West Virginia","state_ab":"WV","county":"Clay","geo_location":{ "type": "Point", "coordinates": [-81.0257, 38.6271] }},
{"zip_code":"25837","country":"US","city":"Edmond","state":"West Virginia","state_ab":"WV","county":"Fayette","geo_location":{ "type": "Point", "coordinates": [-81.0326, 38.0544] }},
{"zip_code":"25864","country":"US","city":"Layland","state":"West Virginia","state_ab":"WV","county":"Fayette","geo_location":{ "type": "Point", "coordinates": [-81.0648, 38.0413] }},
{"zip_code":"25901","country":"US","city":"Oak Hill","state":"West Virginia","state_ab":"WV","county":"Fayette","geo_location":{ "type": "Point", "coordinates": [-81.1585, 37.9594] }},
{"zip_code":"25914","country":"US","city":"Redstar","state":"West Virginia","state_ab":"WV","county":"Fayette","geo_location":{ "type": "Point", "coordinates": [-81.0648, 38.0413] }},
{"zip_code":"26674","country":"US","city":"Jodie","state":"West Virginia","state_ab":"WV","county":"Fayette","geo_location":{ "type": "Point", "coordinates": [-81.1347, 38.2083] }},
{"zip_code":"26351","country":"US","city":"Glenville","state":"West Virginia","state_ab":"WV","county":"Gilmer","geo_location":{ "type": "Point", "coordinates": [-80.8313, 38.9409] }},
{"zip_code":"26634","country":"US","city":"Perkins","state":"West Virginia","state_ab":"WV","county":"Gilmer","geo_location":{ "type": "Point", "coordinates": [-80.8313, 38.9136] }},
{"zip_code":"24977","country":"US","city":"Smoot","state":"West Virginia","state_ab":"WV","county":"Greenbrier","geo_location":{ "type": "Point", "coordinates": [-80.668, 37.8772] }},
{"zip_code":"24991","country":"US","city":"Williamsburg","state":"West Virginia","state_ab":"WV","county":"Greenbrier","geo_location":{ "type": "Point", "coordinates": [-80.4269, 37.9756] }},
{"zip_code":"25967","country":"US","city":"Hines","state":"West Virginia","state_ab":"WV","county":"Greenbrier","geo_location":{ "type": "Point", "coordinates": [-80.4269, 37.9756] }},
{"zip_code":"25981","country":"US","city":"Quinwood","state":"West Virginia","state_ab":"WV","county":"Greenbrier","geo_location":{ "type": "Point", "coordinates": [-80.4269, 37.9756] }},
{"zip_code":"25437","country":"US","city":"Points","state":"West Virginia","state_ab":"WV","county":"Hampshire","geo_location":{ "type": "Point", "coordinates": [-78.5641, 39.4572] }},
{"zip_code":"26711","country":"US","city":"Capon Bridge","state":"West Virginia","state_ab":"WV","county":"Hampshire","geo_location":{ "type": "Point", "coordinates": [-78.4644, 39.2802] }},
{"zip_code":"26801","country":"US","city":"Baker","state":"West Virginia","state_ab":"WV","county":"Hardy","geo_location":{ "type": "Point", "coordinates": [-78.7748, 39.0656] }},
{"zip_code":"25231","country":"US","city":"Advent","state":"West Virginia","state_ab":"WV","county":"Jackson","geo_location":{ "type": "Point", "coordinates": [-81.7066, 38.8249] }},
{"zip_code":"25244","country":"US","city":"Gay","state":"West Virginia","state_ab":"WV","county":"Jackson","geo_location":{ "type": "Point", "coordinates": [-81.7066, 38.8249] }},
{"zip_code":"25271","country":"US","city":"Ripley","state":"West Virginia","state_ab":"WV","county":"Jackson","geo_location":{ "type": "Point", "coordinates": [-81.702, 38.809] }},
{"zip_code":"25064","country":"US","city":"Dunbar","state":"West Virginia","state_ab":"WV","county":"Kanawha","geo_location":{ "type": "Point", "coordinates": [-81.7425, 38.3683] }},
{"zip_code":"25321","country":"US","city":"Charleston","state":"West Virginia","state_ab":"WV","county":"Kanawha","geo_location":{ "type": "Point", "coordinates": [-81.5547, 38.2968] }},
{"zip_code":"25334","country":"US","city":"Charleston","state":"West Virginia","state_ab":"WV","county":"Kanawha","geo_location":{ "type": "Point", "coordinates": [-81.5547, 38.2968] }},
{"zip_code":"25361","country":"US","city":"Charleston","state":"West Virginia","state_ab":"WV","county":"Kanawha","geo_location":{ "type": "Point", "coordinates": [-81.5547, 38.2968] }},
{"zip_code":"25387","country":"US","city":"Charleston","state":"West Virginia","state_ab":"WV","county":"Kanawha","geo_location":{ "type": "Point", "coordinates": [-81.5547, 38.2968] }},
{"zip_code":"25501","country":"US","city":"Alkol","state":"West Virginia","state_ab":"WV","county":"Lincoln","geo_location":{ "type": "Point", "coordinates": [-81.984, 38.1609] }},
{"zip_code":"25567","country":"US","city":"Sumerco","state":"West Virginia","state_ab":"WV","county":"Lincoln","geo_location":{ "type": "Point", "coordinates": [-81.8705, 38.228] }},
{"zip_code":"25617","country":"US","city":"Davin","state":"West Virginia","state_ab":"WV","county":"Logan","geo_location":{ "type": "Point", "coordinates": [-81.8057, 37.7265] }},
{"zip_code":"25644","country":"US","city":"Sarah Ann","state":"West Virginia","state_ab":"WV","county":"Logan","geo_location":{ "type": "Point", "coordinates": [-81.9024, 37.8332] }},
{"zip_code":"24821","country":"US","city":"Caretta","state":"West Virginia","state_ab":"WV","county":"McDowell","geo_location":{ "type": "Point", "coordinates": [-81.6343, 37.383] }},
{"zip_code":"24861","country":"US","city":"Maybeury","state":"West Virginia","state_ab":"WV","county":"McDowell","geo_location":{ "type": "Point", "coordinates": [-81.424, 37.4175] }},
{"zip_code":"24887","country":"US","city":"Switchback","state":"West Virginia","state_ab":"WV","county":"McDowell","geo_location":{ "type": "Point", "coordinates": [-81.6539, 37.3752] }},
{"zip_code":"26571","country":"US","city":"Farmington","state":"West Virginia","state_ab":"WV","county":"Marion","geo_location":{ "type": "Point", "coordinates": [-80.2566, 39.5029] }},
{"zip_code":"26041","country":"US","city":"Moundsville","state":"West Virginia","state_ab":"WV","county":"Marshall","geo_location":{ "type": "Point", "coordinates": [-80.731, 39.9148] }},
{"zip_code":"24731","country":"US","city":"Kegley","state":"West Virginia","state_ab":"WV","county":"Mercer","geo_location":{ "type": "Point", "coordinates": [-81.1058, 37.4164] }},
{"zip_code":"25671","country":"US","city":"Dingess","state":"West Virginia","state_ab":"WV","county":"Mingo","geo_location":{ "type": "Point", "coordinates": [-82.1951, 37.8703] }},
{"zip_code":"25697","country":"US","city":"Vulcan","state":"West Virginia","state_ab":"WV","county":"Mingo","geo_location":{ "type": "Point", "coordinates": [-82.108, 37.7431] }},
{"zip_code":"25631","country":"US","city":"Lundale","state":"West Virginia","state_ab":"WV","county":"Monongalia County","geo_location":{ "type": "Point", "coordinates": [-81.7443, 37.801] }},
{"zip_code":"26504","country":"US","city":"Morgantown","state":"West Virginia","state_ab":"WV","county":"Monongalia","geo_location":{ "type": "Point", "coordinates": [-80.093, 39.5785] }},
{"zip_code":"26531","country":"US","city":"Dellslow","state":"West Virginia","state_ab":"WV","county":"Monongalia","geo_location":{ "type": "Point", "coordinates": [-79.8958, 39.6053] }},
{"zip_code":"26544","country":"US","city":"Pentress","state":"West Virginia","state_ab":"WV","county":"Monongalia","geo_location":{ "type": "Point", "coordinates": [-80.093, 39.5785] }},
{"zip_code":"24951","country":"US","city":"Lindside","state":"West Virginia","state_ab":"WV","county":"Monroe","geo_location":{ "type": "Point", "coordinates": [-80.6203, 37.4817] }},
{"zip_code":"25411","country":"US","city":"Berkeley Springs","state":"West Virginia","state_ab":"WV","county":"Morgan","geo_location":{ "type": "Point", "coordinates": [-78.1877, 39.5526] }},
{"zip_code":"26207","country":"US","city":"Cottle","state":"West Virginia","state_ab":"WV","county":"Nicholas County","geo_location":{ "type": "Point", "coordinates": [-80.6265, 38.3462] }},
{"zip_code":"26261","country":"US","city":"Richwood","state":"West Virginia","state_ab":"WV","county":"Nicholas","geo_location":{ "type": "Point", "coordinates": [-80.5445, 38.223] }},
{"zip_code":"26814","country":"US","city":"Riverton","state":"West Virginia","state_ab":"WV","county":"Pendleton","geo_location":{ "type": "Point", "coordinates": [-79.4655, 38.6979] }},
{"zip_code":"24924","country":"US","city":"Buckeye","state":"West Virginia","state_ab":"WV","county":"Pocahontas","geo_location":{ "type": "Point", "coordinates": [-79.9906, 38.388] }},
{"zip_code":"26764","country":"US","city":"Terra Alta","state":"West Virginia","state_ab":"WV","county":"Preston","geo_location":{ "type": "Point", "coordinates": [-79.5197, 39.4306] }},
{"zip_code":"25011","country":"US","city":"Bancroft","state":"West Virginia","state_ab":"WV","county":"Putnam","geo_location":{ "type": "Point", "coordinates": [-81.841, 38.5086] }},
{"zip_code":"25851","country":"US","city":"Harper","state":"West Virginia","state_ab":"WV","county":"Raleigh","geo_location":{ "type": "Point", "coordinates": [-81.2828, 37.8025] }},
{"zip_code":"25927","country":"US","city":"Stanaford","state":"West Virginia","state_ab":"WV","county":"Raleigh","geo_location":{ "type": "Point", "coordinates": [-81.2245, 37.7489] }},
{"zip_code":"26337","country":"US","city":"Cairo","state":"West Virginia","state_ab":"WV","county":"Ritchie","geo_location":{ "type": "Point", "coordinates": [-81.1554, 39.2325] }},
{"zip_code":"26287","country":"US","city":"Parsons","state":"West Virginia","state_ab":"WV","county":"Tucker","geo_location":{ "type": "Point", "coordinates": [-79.6787, 39.096] }},
{"zip_code":"26234","country":"US","city":"Rock Cave","state":"West Virginia","state_ab":"WV","county":"Upshur","geo_location":{ "type": "Point", "coordinates": [-80.3163, 38.7811] }},
{"zip_code":"25514","country":"US","city":"Fort Gay","state":"West Virginia","state_ab":"WV","county":"Wayne","geo_location":{ "type": "Point", "coordinates": [-82.5541, 38.1335] }},
{"zip_code":"26377","country":"US","city":"Jacksonburg","state":"West Virginia","state_ab":"WV","county":"Wetzel","geo_location":{ "type": "Point", "coordinates": [-80.6437, 39.5416] }},
{"zip_code":"26104","country":"US","city":"Parkersburg","state":"West Virginia","state_ab":"WV","county":"Wood","geo_location":{ "type": "Point", "coordinates": [-81.4936, 39.2804] }},
{"zip_code":"26184","country":"US","city":"Waverly","state":"West Virginia","state_ab":"WV","county":"Wood","geo_location":{ "type": "Point", "coordinates": [-81.3819, 39.3157] }},
{"zip_code":"24834","country":"US","city":"Fanrock","state":"West Virginia","state_ab":"WV","county":"Wyoming","geo_location":{ "type": "Point", "coordinates": [-81.6305, 37.5532] }},
{"zip_code":"24847","country":"US","city":"Itmann","state":"West Virginia","state_ab":"WV","county":"Wyoming","geo_location":{ "type": "Point", "coordinates": [-81.54, 37.6033] }},
{"zip_code":"24874","country":"US","city":"Pineville","state":"West Virginia","state_ab":"WV","county":"Wyoming","geo_location":{ "type": "Point", "coordinates": [-81.5336, 37.584] }},
{"zip_code":"25811","country":"US","city":"Amigo","state":"West Virginia","state_ab":"WV","county":"Wyoming","geo_location":{ "type": "Point", "coordinates": [-81.54, 37.6033] }},
{"zip_code":"82421","country":"US","city":"Deaver","state":"Wyoming","state_ab":"WY","county":"Big Horn","geo_location":{ "type": "Point", "coordinates": [-108.5979, 44.9257] }},
{"zip_code":"82434","country":"US","city":"Otto","state":"Wyoming","state_ab":"WY","county":"Big Horn","geo_location":{ "type": "Point", "coordinates": [-108.3047, 44.4056] }},
{"zip_code":"82717","country":"US","city":"Gillette","state":"Wyoming","state_ab":"WY","county":"Campbell","geo_location":{ "type": "Point", "coordinates": [-105.4959, 44.3047] }},
{"zip_code":"82731","country":"US","city":"Weston","state":"Wyoming","state_ab":"WY","county":"Campbell","geo_location":{ "type": "Point", "coordinates": [-105.3581, 44.7705] }},
{"zip_code":"82331","country":"US","city":"Saratoga","state":"Wyoming","state_ab":"WY","county":"Carbon","geo_location":{ "type": "Point", "coordinates": [-106.754, 41.498] }},
{"zip_code":"82524","country":"US","city":"Saint Stephens","state":"Wyoming","state_ab":"WY","county":"Fremont","geo_location":{ "type": "Point", "coordinates": [-108.5719, 42.9986] }},
{"zip_code":"82834","country":"US","city":"Buffalo","state":"Wyoming","state_ab":"WY","county":"Johnson","geo_location":{ "type": "Point", "coordinates": [-106.7073, 44.3485] }},
{"zip_code":"82007","country":"US","city":"Cheyenne","state":"Wyoming","state_ab":"WY","county":"Laramie","geo_location":{ "type": "Point", "coordinates": [-104.8107, 41.1084] }},
{"zip_code":"82061","country":"US","city":"Horse Creek","state":"Wyoming","state_ab":"WY","county":"Laramie","geo_location":{ "type": "Point", "coordinates": [-105.1417, 41.4353] }},
{"zip_code":"83101","country":"US","city":"Kemmerer","state":"Wyoming","state_ab":"WY","county":"Lincoln","geo_location":{ "type": "Point", "coordinates": [-110.5283, 41.7887] }},
{"zip_code":"83114","country":"US","city":"Cokeville","state":"Wyoming","state_ab":"WY","county":"Lincoln","geo_location":{ "type": "Point", "coordinates": [-110.9164, 42.058] }},
{"zip_code":"83127","country":"US","city":"Thayne","state":"Wyoming","state_ab":"WY","county":"Lincoln","geo_location":{ "type": "Point", "coordinates": [-111.0114, 42.933] }},
{"zip_code":"82601","country":"US","city":"Casper","state":"Wyoming","state_ab":"WY","county":"Natrona","geo_location":{ "type": "Point", "coordinates": [-106.3166, 42.8458] }},
{"zip_code":"82227","country":"US","city":"Manville","state":"Wyoming","state_ab":"WY","county":"Niobrara","geo_location":{ "type": "Point", "coordinates": [-104.7024, 42.73] }},
{"zip_code":"82201","country":"US","city":"Wheatland","state":"Wyoming","state_ab":"WY","county":"Platte","geo_location":{ "type": "Point", "coordinates": [-104.9679, 42.0495] }},
{"zip_code":"82214","country":"US","city":"Guernsey","state":"Wyoming","state_ab":"WY","county":"Platte","geo_location":{ "type": "Point", "coordinates": [-104.7512, 42.2655] }},
{"zip_code":"83011","country":"US","city":"Kelly","state":"Wyoming","state_ab":"WY","county":"Teton","geo_location":{ "type": "Point", "coordinates": [-110.5442, 43.6094] }},
{"zip_code":"82937","country":"US","city":"Lyman","state":"Wyoming","state_ab":"WY","county":"Uinta","geo_location":{ "type": "Point", "coordinates": [-110.2926, 41.3291] }},
{"zip_code":"30182","country":"US","city":"Waco","state":"Georgia","state_ab":"GA","county":"Haralson","geo_location":{ "type": "Point", "coordinates": [-85.2197, 33.684] }},
{"zip_code":"31028","country":"US","city":"Centerville","state":"Georgia","state_ab":"GA","county":"Houston","geo_location":{ "type": "Point", "coordinates": [-83.6768, 32.6344] }},
{"zip_code":"31095","country":"US","city":"Warner Robins","state":"Georgia","state_ab":"GA","county":"Houston","geo_location":{ "type": "Point", "coordinates": [-83.6697, 32.4874] }},
{"zip_code":"31532","country":"US","city":"Denton","state":"Georgia","state_ab":"GA","county":"Jeff Davis","geo_location":{ "type": "Point", "coordinates": [-82.7526, 31.7226] }},
{"zip_code":"31635","country":"US","city":"Lakeland","state":"Georgia","state_ab":"GA","county":"Lanier","geo_location":{ "type": "Point", "coordinates": [-83.0889, 31.0381] }},
{"zip_code":"31132","country":"US","city":"Atlanta","state":"Georgia","state_ab":"GA","county":"Liberty County","geo_location":{ "type": "Point", "coordinates": [-84.3883, 33.7488] }},
{"zip_code":"31068","country":"US","city":"Oglethorpe","state":"Georgia","state_ab":"GA","county":"Macon","geo_location":{ "type": "Point", "coordinates": [-84.083, 32.2842] }},
{"zip_code":"30218","country":"US","city":"Gay","state":"Georgia","state_ab":"GA","county":"Meriwether","geo_location":{ "type": "Point", "coordinates": [-84.5836, 33.1274] }},
{"zip_code":"30412","country":"US","city":"Alston","state":"Georgia","state_ab":"GA","county":"Montgomery","geo_location":{ "type": "Point", "coordinates": [-82.4825, 32.0775] }},
{"zip_code":"30645","country":"US","city":"High Shoals","state":"Georgia","state_ab":"GA","county":"Morgan","geo_location":{ "type": "Point", "coordinates": [-83.5164, 33.8013] }},
{"zip_code":"30708","country":"US","city":"Cisco","state":"Georgia","state_ab":"GA","county":"Murray","geo_location":{ "type": "Point", "coordinates": [-84.6646, 34.9618] }},
{"zip_code":"31905","country":"US","city":"Fort Benning","state":"Georgia","state_ab":"GA","county":"Muscogee","geo_location":{ "type": "Point", "coordinates": [-84.9315, 32.3923] }},
{"zip_code":"31998","country":"US","city":"Columbus","state":"Georgia","state_ab":"GA","county":"Muscogee","geo_location":{ "type": "Point", "coordinates": [-84.8741, 32.491] }},
{"zip_code":"31518","country":"US","city":"Bristol","state":"Georgia","state_ab":"GA","county":"Pierce","geo_location":{ "type": "Point", "coordinates": [-82.215, 31.4833] }},
{"zip_code":"30258","country":"US","city":"Molena","state":"Georgia","state_ab":"GA","county":"Pike","geo_location":{ "type": "Point", "coordinates": [-84.4558, 32.9978] }},
{"zip_code":"30568","country":"US","city":"Rabun Gap","state":"Georgia","state_ab":"GA","county":"Rabun","geo_location":{ "type": "Point", "coordinates": [-83.3901, 34.9576] }},
{"zip_code":"30812","country":"US","city":"Gracewood","state":"Georgia","state_ab":"GA","county":"Richmond","geo_location":{ "type": "Point", "coordinates": [-82.091, 33.386] }},
{"zip_code":"30012","country":"US","city":"Conyers","state":"Georgia","state_ab":"GA","county":"Rockdale","geo_location":{ "type": "Point", "coordinates": [-84.0021, 33.7192] }},
{"zip_code":"31815","country":"US","city":"Lumpkin","state":"Georgia","state_ab":"GA","county":"Stewart","geo_location":{ "type": "Point", "coordinates": [-84.8022, 32.0435] }},
{"zip_code":"30438","country":"US","city":"Manassas","state":"Georgia","state_ab":"GA","county":"Tattnall","geo_location":{ "type": "Point", "coordinates": [-81.9983, 32.0507] }},
{"zip_code":"31055","country":"US","city":"Mc Rae","state":"Georgia","state_ab":"GA","county":"Telfair","geo_location":{ "type": "Point", "coordinates": [-82.8877, 32.0435] }},
{"zip_code":"39828","country":"US","city":"Cairo","state":"Georgia","state_ab":"GA","county":"Terrell County","geo_location":{ "type": "Point", "coordinates": [-84.2091, 30.8768] }},
{"zip_code":"31738","country":"US","city":"Coolidge","state":"Georgia","state_ab":"GA","county":"Thomas","geo_location":{ "type": "Point", "coordinates": [-83.8752, 30.9859] }},
{"zip_code":"31765","country":"US","city":"Meigs","state":"Georgia","state_ab":"GA","county":"Thomas","geo_location":{ "type": "Point", "coordinates": [-84.0824, 31.0625] }},
{"zip_code":"31778","country":"US","city":"Pavo","state":"Georgia","state_ab":"GA","county":"Thomas","geo_location":{ "type": "Point", "coordinates": [-83.7409, 30.9401] }},
{"zip_code":"31792","country":"US","city":"Thomasville","state":"Georgia","state_ab":"GA","county":"Thomas","geo_location":{ "type": "Point", "coordinates": [-83.9696, 30.8385] }},
{"zip_code":"30582","country":"US","city":"Young Harris","state":"Georgia","state_ab":"GA","county":"Towns","geo_location":{ "type": "Point", "coordinates": [-83.8688, 34.9588] }},
{"zip_code":"30285","country":"US","city":"The Rock","state":"Georgia","state_ab":"GA","county":"Upson","geo_location":{ "type": "Point", "coordinates": [-84.2424, 32.9717] }},
{"zip_code":"30025","country":"US","city":"Social Circle","state":"Georgia","state_ab":"GA","county":"Walton","geo_location":{ "type": "Point", "coordinates": [-83.6835, 33.6791] }},
{"zip_code":"31082","country":"US","city":"Sandersville","state":"Georgia","state_ab":"GA","county":"Washington","geo_location":{ "type": "Point", "coordinates": [-82.8406, 32.975] }},
{"zip_code":"31545","country":"US","city":"Jesup","state":"Georgia","state_ab":"GA","county":"Wayne","geo_location":{ "type": "Point", "coordinates": [-81.8871, 31.6043] }},
{"zip_code":"31598","country":"US","city":"Jesup","state":"Georgia","state_ab":"GA","county":"Wayne","geo_location":{ "type": "Point", "coordinates": [-81.8802, 31.5782] }},
{"zip_code":"30528","country":"US","city":"Cleveland","state":"Georgia","state_ab":"GA","county":"White","geo_location":{ "type": "Point", "coordinates": [-83.75, 34.5839] }},
{"zip_code":"30722","country":"US","city":"Dalton","state":"Georgia","state_ab":"GA","county":"Whitfield","geo_location":{ "type": "Point", "coordinates": [-84.9513, 34.7595] }},
{"zip_code":"31042","country":"US","city":"Irwinton","state":"Georgia","state_ab":"GA","county":"Wilkinson","geo_location":{ "type": "Point", "coordinates": [-83.174, 32.8088] }},
{"zip_code":"96775","country":"US","city":"Paauhau","state":"Hawaii","state_ab":"HI","county":"Hawaii","geo_location":{ "type": "Point", "coordinates": [-155.438, 19.5935] }},
{"zip_code":"96762","country":"US","city":"Laie","state":"Hawaii","state_ab":"HI","county":"Honolulu","geo_location":{ "type": "Point", "coordinates": [-157.941, 21.6253] }},
{"zip_code":"96812","country":"US","city":"Honolulu","state":"Hawaii","state_ab":"HI","county":"Honolulu","geo_location":{ "type": "Point", "coordinates": [-157.8585, 21.3061] }},
{"zip_code":"96825","country":"US","city":"Honolulu","state":"Hawaii","state_ab":"HI","county":"Honolulu","geo_location":{ "type": "Point", "coordinates": [-157.6985, 21.2987] }},
{"zip_code":"96838","country":"US","city":"Honolulu","state":"Hawaii","state_ab":"HI","county":"Honolulu","geo_location":{ "type": "Point", "coordinates": [-157.875, 21.349] }},
{"zip_code":"96722","country":"US","city":"Princeville","state":"Hawaii","state_ab":"HI","county":"Kauai","geo_location":{ "type": "Point", "coordinates": [-159.4866, 22.2192] }},
{"zip_code":"96708","country":"US","city":"Haiku","state":"Hawaii","state_ab":"HI","county":"Maui","geo_location":{ "type": "Point", "coordinates": [-156.3, 20.9071] }},
{"zip_code":"96748","country":"US","city":"Kaunakakai","state":"Hawaii","state_ab":"HI","county":"Maui","geo_location":{ "type": "Point", "coordinates": [-156.969, 21.0905] }},
{"zip_code":"96788","country":"US","city":"Pukalani","state":"Hawaii","state_ab":"HI","county":"Maui","geo_location":{ "type": "Point", "coordinates": [-156.3259, 20.8559] }},
{"zip_code":"50858","country":"US","city":"Orient","state":"Iowa","state_ab":"IA","county":"Adair","geo_location":{ "type": "Point", "coordinates": [-94.3705, 41.2192] }},
{"zip_code":"52555","country":"US","city":"Exline","state":"Iowa","state_ab":"IA","county":"Appanoose","geo_location":{ "type": "Point", "coordinates": [-92.827, 40.6414] }},
{"zip_code":"50702","country":"US","city":"Waterloo","state":"Iowa","state_ab":"IA","county":"Black Hawk","geo_location":{ "type": "Point", "coordinates": [-92.3365, 42.4731] }},
{"zip_code":"50212","country":"US","city":"Ogden","state":"Iowa","state_ab":"IA","county":"Boone","geo_location":{ "type": "Point", "coordinates": [-94.0063, 42.0351] }},
{"zip_code":"50588","country":"US","city":"Storm Lake","state":"Iowa","state_ab":"IA","county":"Buena Vista","geo_location":{ "type": "Point", "coordinates": [-95.1961, 42.6474] }},
{"zip_code":"50625","country":"US","city":"Dumont","state":"Iowa","state_ab":"IA","county":"Butler","geo_location":{ "type": "Point", "coordinates": [-92.9673, 42.7368] }},
{"zip_code":"50665","country":"US","city":"Parkersburg","state":"Iowa","state_ab":"IA","county":"Butler","geo_location":{ "type": "Point", "coordinates": [-92.7688, 42.5714] }},
{"zip_code":"50575","country":"US","city":"Pomeroy","state":"Iowa","state_ab":"IA","county":"Calhoun","geo_location":{ "type": "Point", "coordinates": [-94.6638, 42.5326] }},
{"zip_code":"50058","country":"US","city":"Coon Rapids","state":"Iowa","state_ab":"IA","county":"Carroll","geo_location":{ "type": "Point", "coordinates": [-94.68, 41.894] }},
{"zip_code":"51552","country":"US","city":"Marne","state":"Iowa","state_ab":"IA","county":"Cass","geo_location":{ "type": "Point", "coordinates": [-95.0973, 41.4547] }},
{"zip_code":"51035","country":"US","city":"Marcus","state":"Iowa","state_ab":"IA","county":"Cherokee","geo_location":{ "type": "Point", "coordinates": [-95.8034, 42.82] }},
{"zip_code":"52052","country":"US","city":"Guttenberg","state":"Iowa","state_ab":"IA","county":"Clayton","geo_location":{ "type": "Point", "coordinates": [-91.119, 42.7594] }},
{"zip_code":"51448","country":"US","city":"Kiron","state":"Iowa","state_ab":"IA","county":"Crawford","geo_location":{ "type": "Point", "coordinates": [-95.3115, 42.1794] }},
{"zip_code":"50108","country":"US","city":"Grand River","state":"Iowa","state_ab":"IA","county":"Decatur","geo_location":{ "type": "Point", "coordinates": [-93.9544, 40.8137] }},
{"zip_code":"52038","country":"US","city":"Dundee","state":"Iowa","state_ab":"IA","county":"Delaware","geo_location":{ "type": "Point", "coordinates": [-91.5477, 42.594] }},
{"zip_code":"52065","country":"US","city":"New Vienna","state":"Iowa","state_ab":"IA","county":"Dubuque","geo_location":{ "type": "Point", "coordinates": [-91.0976, 42.5678] }},
{"zip_code":"52078","country":"US","city":"Worthington","state":"Iowa","state_ab":"IA","county":"Dubuque","geo_location":{ "type": "Point", "coordinates": [-91.1069, 42.393] }},
{"zip_code":"52142","country":"US","city":"Fayette","state":"Iowa","state_ab":"IA","county":"Fayette","geo_location":{ "type": "Point", "coordinates": [-91.8139, 42.8494] }},
{"zip_code":"50458","country":"US","city":"Nora Springs","state":"Iowa","state_ab":"IA","county":"Floyd","geo_location":{ "type": "Point", "coordinates": [-93.0002, 43.1479] }},
{"zip_code":"51655","country":"US","city":"Bartlett","state":"Iowa","state_ab":"IA","county":"Fremont County","geo_location":{ "type": "Point", "coordinates": [-95.7947, 40.885] }},
{"zip_code":"51462","country":"US","city":"Scranton","state":"Iowa","state_ab":"IA","county":"Greene","geo_location":{ "type": "Point", "coordinates": [-94.5518, 42.0124] }},
{"zip_code":"50638","country":"US","city":"Grundy Center","state":"Iowa","state_ab":"IA","county":"Grundy","geo_location":{ "type": "Point", "coordinates": [-92.7773, 42.3672] }},
{"zip_code":"50432","country":"US","city":"Crystal Lake","state":"Iowa","state_ab":"IA","county":"Hancock","geo_location":{ "type": "Point", "coordinates": [-93.8007, 43.2184] }},
{"zip_code":"50122","country":"US","city":"Hubbard","state":"Iowa","state_ab":"IA","county":"Hardin","geo_location":{ "type": "Point", "coordinates": [-93.2939, 42.3022] }},
{"zip_code":"52645","country":"US","city":"New London","state":"Iowa","state_ab":"IA","county":"Henry","geo_location":{ "type": "Point", "coordinates": [-91.3986, 40.9161] }},
{"zip_code":"52155","country":"US","city":"Lime Springs","state":"Iowa","state_ab":"IA","county":"Howard","geo_location":{ "type": "Point", "coordinates": [-92.2733, 43.4556] }},
{"zip_code":"50548","country":"US","city":"Humboldt","state":"Iowa","state_ab":"IA","county":"Humboldt","geo_location":{ "type": "Point", "coordinates": [-94.2132, 42.7196] }},
{"zip_code":"52308","country":"US","city":"Millersburg","state":"Iowa","state_ab":"IA","county":"Iowa","geo_location":{ "type": "Point", "coordinates": [-92.1666, 41.5764] }},
{"zip_code":"50135","country":"US","city":"Kellogg","state":"Iowa","state_ab":"IA","county":"Jasper","geo_location":{ "type": "Point", "coordinates": [-92.9114, 41.7184] }},
{"zip_code":"52245","country":"US","city":"Iowa City","state":"Iowa","state_ab":"IA","county":"Johnson","geo_location":{ "type": "Point", "coordinates": [-91.5151, 41.6649] }},
{"zip_code":"52322","country":"US","city":"Oxford","state":"Iowa","state_ab":"IA","county":"Johnson","geo_location":{ "type": "Point", "coordinates": [-91.7724, 41.6507] }},
{"zip_code":"52205","country":"US","city":"Anamosa","state":"Iowa","state_ab":"IA","county":"Jones","geo_location":{ "type": "Point", "coordinates": [-91.2851, 42.1078] }},
{"zip_code":"52362","country":"US","city":"Wyoming","state":"Iowa","state_ab":"IA","county":"Jones","geo_location":{ "type": "Point", "coordinates": [-90.994, 42.0604] }},
{"zip_code":"52335","country":"US","city":"South English","state":"Iowa","state_ab":"IA","county":"Keokuk","geo_location":{ "type": "Point", "coordinates": [-92.068, 41.4529] }},
{"zip_code":"52568","country":"US","city":"Martinsburg","state":"Iowa","state_ab":"IA","county":"Keokuk","geo_location":{ "type": "Point", "coordinates": [-92.2715, 41.1948] }},
{"zip_code":"50522","country":"US","city":"Burt","state":"Iowa","state_ab":"IA","county":"Kossuth","geo_location":{ "type": "Point", "coordinates": [-94.2122, 43.2062] }},
{"zip_code":"52632","country":"US","city":"Keokuk","state":"Iowa","state_ab":"IA","county":"Lee","geo_location":{ "type": "Point", "coordinates": [-91.3982, 40.4094] }},
{"zip_code":"52658","country":"US","city":"Wever","state":"Iowa","state_ab":"IA","county":"Lee","geo_location":{ "type": "Point", "coordinates": [-91.2268, 40.7067] }},
{"zip_code":"52218","country":"US","city":"Coggon","state":"Iowa","state_ab":"IA","county":"Linn","geo_location":{ "type": "Point", "coordinates": [-91.5413, 42.2792] }},
{"zip_code":"50238","country":"US","city":"Russell","state":"Iowa","state_ab":"IA","county":"Lucas","geo_location":{ "type": "Point", "coordinates": [-93.1784, 40.9456] }},
{"zip_code":"51242","country":"US","city":"Lester","state":"Iowa","state_ab":"IA","county":"Lyon","geo_location":{ "type": "Point", "coordinates": [-96.3361, 43.4443] }},
{"zip_code":"50072","country":"US","city":"Earlham","state":"Iowa","state_ab":"IA","county":"Madison","geo_location":{ "type": "Point", "coordinates": [-94.1294, 41.4709] }},
{"zip_code":"52595","country":"US","city":"University Park","state":"Iowa","state_ab":"IA","county":"Mahaska","geo_location":{ "type": "Point", "coordinates": [-92.6184, 41.2864] }},
{"zip_code":"50225","country":"US","city":"Pleasantville","state":"Iowa","state_ab":"IA","county":"Marion","geo_location":{ "type": "Point", "coordinates": [-93.2712, 41.3738] }},
{"zip_code":"50252","country":"US","city":"Swan","state":"Iowa","state_ab":"IA","county":"Marion","geo_location":{ "type": "Point", "coordinates": [-93.301, 41.4636] }},
{"zip_code":"50005","country":"US","city":"Albion","state":"Iowa","state_ab":"IA","county":"Marshall","geo_location":{ "type": "Point", "coordinates": [-92.9882, 42.1143] }},
{"zip_code":"50148","country":"US","city":"Liscomb","state":"Iowa","state_ab":"IA","county":"Marshall","geo_location":{ "type": "Point", "coordinates": [-92.9833, 42.184] }},
{"zip_code":"50162","country":"US","city":"Melbourne","state":"Iowa","state_ab":"IA","county":"Marshall","geo_location":{ "type": "Point", "coordinates": [-93.0856, 41.9323] }},
{"zip_code":"50472","country":"US","city":"Saint Ansgar","state":"Iowa","state_ab":"IA","county":"Mitchell","geo_location":{ "type": "Point", "coordinates": [-92.9235, 43.4061] }},
{"zip_code":"51345","country":"US","city":"Harris","state":"Iowa","state_ab":"IA","county":"Osceola","geo_location":{ "type": "Point", "coordinates": [-95.4426, 43.4568] }},
{"zip_code":"51602","country":"US","city":"Shenandoah","state":"Iowa","state_ab":"IA","county":"Page","geo_location":{ "type": "Point", "coordinates": [-95.1493, 40.7383] }},
{"zip_code":"50562","country":"US","city":"Mallard","state":"Iowa","state_ab":"IA","county":"Palo Alto","geo_location":{ "type": "Point", "coordinates": [-94.6746, 42.9417] }},
{"zip_code":"51358","country":"US","city":"Ruthven","state":"Iowa","state_ab":"IA","county":"Palo Alto","geo_location":{ "type": "Point", "coordinates": [-94.8842, 43.1448] }},
{"zip_code":"51008","country":"US","city":"Brunsville","state":"Iowa","state_ab":"IA","county":"Plymouth","geo_location":{ "type": "Point", "coordinates": [-96.2626, 42.8093] }},
{"zip_code":"51062","country":"US","city":"Westfield","state":"Iowa","state_ab":"IA","county":"Plymouth","geo_location":{ "type": "Point", "coordinates": [-96.492, 42.6953] }},
{"zip_code":"50032","country":"US","city":"Berwick","state":"Iowa","state_ab":"IA","county":"Polk","geo_location":{ "type": "Point", "coordinates": [-93.5432, 41.6658] }},
{"zip_code":"50265","country":"US","city":"West Des Moines","state":"Iowa","state_ab":"IA","county":"Polk","geo_location":{ "type": "Point", "coordinates": [-93.7447, 41.5805] }},
{"zip_code":"50302","country":"US","city":"Des Moines","state":"Iowa","state_ab":"IA","county":"Polk","geo_location":{ "type": "Point", "coordinates": [-93.5722, 41.6727] }},
{"zip_code":"50315","country":"US","city":"Des Moines","state":"Iowa","state_ab":"IA","county":"Polk","geo_location":{ "type": "Point", "coordinates": [-93.6192, 41.5444] }},
{"zip_code":"50328","country":"US","city":"Des Moines","state":"Iowa","state_ab":"IA","county":"Polk","geo_location":{ "type": "Point", "coordinates": [-93.5722, 41.6727] }},
{"zip_code":"50368","country":"US","city":"Des Moines","state":"Iowa","state_ab":"IA","county":"Polk","geo_location":{ "type": "Point", "coordinates": [-93.5722, 41.6727] }},
{"zip_code":"50395","country":"US","city":"Des Moines","state":"Iowa","state_ab":"IA","county":"Polk","geo_location":{ "type": "Point", "coordinates": [-93.5722, 41.6727] }},
{"zip_code":"51525","country":"US","city":"Carson","state":"Iowa","state_ab":"IA","county":"Pottawattamie","geo_location":{ "type": "Point", "coordinates": [-95.3681, 41.2253] }},
{"zip_code":"52232","country":"US","city":"Hartwick","state":"Iowa","state_ab":"IA","county":"Poweshiek","geo_location":{ "type": "Point", "coordinates": [-92.3538, 41.808] }},
{"zip_code":"50845","country":"US","city":"Diagonal","state":"Iowa","state_ab":"IA","county":"Ringgold","geo_location":{ "type": "Point", "coordinates": [-94.3552, 40.8226] }},
{"zip_code":"50535","country":"US","city":"Early","state":"Iowa","state_ab":"IA","county":"Sac","geo_location":{ "type": "Point", "coordinates": [-95.1726, 42.4483] }},
{"zip_code":"52722","country":"US","city":"Bettendorf","state":"Iowa","state_ab":"IA","county":"Scott","geo_location":{ "type": "Point", "coordinates": [-90.4942, 41.5509] }},
{"zip_code":"52748","country":"US","city":"Eldridge","state":"Iowa","state_ab":"IA","county":"Scott","geo_location":{ "type": "Point", "coordinates": [-90.5634, 41.6635] }},
{"zip_code":"51565","country":"US","city":"Portsmouth","state":"Iowa","state_ab":"IA","county":"Shelby","geo_location":{ "type": "Point", "coordinates": [-95.5108, 41.6484] }},
{"zip_code":"51578","country":"US","city":"Westphalia","state":"Iowa","state_ab":"IA","county":"Shelby","geo_location":{ "type": "Point", "coordinates": [-95.3952, 41.7199] }},
{"zip_code":"51022","country":"US","city":"Granville","state":"Iowa","state_ab":"IA","county":"Sioux","geo_location":{ "type": "Point", "coordinates": [-95.8972, 42.9693] }},
{"zip_code":"50278","country":"US","city":"Zearing","state":"Iowa","state_ab":"IA","county":"Story","geo_location":{ "type": "Point", "coordinates": [-93.2928, 42.1535] }},
{"zip_code":"50612","country":"US","city":"Buckingham","state":"Iowa","state_ab":"IA","county":"Tama","geo_location":{ "type": "Point", "coordinates": [-92.4098, 42.2552] }},
{"zip_code":"50652","country":"US","city":"Lincoln","state":"Iowa","state_ab":"IA","county":"Tama","geo_location":{ "type": "Point", "coordinates": [-92.693, 42.2643] }},
{"zip_code":"52348","country":"US","city":"Vining","state":"Iowa","state_ab":"IA","county":"Tama","geo_location":{ "type": "Point", "coordinates": [-92.3757, 41.9802] }},
{"zip_code":"52542","country":"US","city":"Cantril","state":"Iowa","state_ab":"IA","county":"Van Buren","geo_location":{ "type": "Point", "coordinates": [-92.0465, 40.6546] }},
{"zip_code":"52168","country":"US","city":"Spillville","state":"Iowa","state_ab":"IA","county":"Winneshiek","geo_location":{ "type": "Point", "coordinates": [-91.9441, 43.2032] }},
{"zip_code":"51048","country":"US","city":"Pierson","state":"Iowa","state_ab":"IA","county":"Woodbury","geo_location":{ "type": "Point", "coordinates": [-95.8922, 42.5335] }},
{"zip_code":"83708","country":"US","city":"Boise","state":"Idaho","state_ab":"ID","county":"Ada","geo_location":{ "type": "Point", "coordinates": [-116.244, 43.4599] }},
{"zip_code":"83722","country":"US","city":"Boise","state":"Idaho","state_ab":"ID","county":"Ada","geo_location":{ "type": "Point", "coordinates": [-116.244, 43.4599] }},
{"zip_code":"83735","country":"US","city":"Boise","state":"Idaho","state_ab":"ID","county":"Ada","geo_location":{ "type": "Point", "coordinates": [-116.244, 43.4599] }},
{"zip_code":"83788","country":"US","city":"Boise","state":"Idaho","state_ab":"ID","county":"Ada","geo_location":{ "type": "Point", "coordinates": [-116.2823, 43.6068] }},
{"zip_code":"83632","country":"US","city":"Indian Valley","state":"Idaho","state_ab":"ID","county":"Adams","geo_location":{ "type": "Point", "coordinates": [-116.443, 44.5491] }},
{"zip_code":"83205","country":"US","city":"Pocatello","state":"Idaho","state_ab":"ID","county":"Bannock","geo_location":{ "type": "Point", "coordinates": [-112.4103, 42.8062] }},
{"zip_code":"83245","country":"US","city":"Inkom","state":"Idaho","state_ab":"ID","county":"Bannock","geo_location":{ "type": "Point", "coordinates": [-112.2465, 42.7964] }},
{"zip_code":"83272","country":"US","city":"Saint Charles","state":"Idaho","state_ab":"ID","county":"Bear Lake","geo_location":{ "type": "Point", "coordinates": [-111.3897, 42.1128] }},
{"zip_code":"83218","country":"US","city":"Basalt","state":"Idaho","state_ab":"ID","county":"Bingham","geo_location":{ "type": "Point", "coordinates": [-112.1817, 43.3043] }},
{"zip_code":"83348","country":"US","city":"Picabo","state":"Idaho","state_ab":"ID","county":"Blaine","geo_location":{ "type": "Point", "coordinates": [-114.0861, 43.3101] }},
{"zip_code":"83825","country":"US","city":"Dover","state":"Idaho","state_ab":"ID","county":"Bonner","geo_location":{ "type": "Point", "coordinates": [-116.5455, 48.3687] }},
{"zip_code":"83852","country":"US","city":"Ponderay","state":"Idaho","state_ab":"ID","county":"Bonner","geo_location":{ "type": "Point", "coordinates": [-116.7319, 48.4114] }},
{"zip_code":"83865","country":"US","city":"Colburn","state":"Idaho","state_ab":"ID","county":"Bonner","geo_location":{ "type": "Point", "coordinates": [-116.6256, 48.3633] }},
{"zip_code":"83322","country":"US","city":"Corral","state":"Idaho","state_ab":"ID","county":"Camas","geo_location":{ "type": "Point", "coordinates": [-114.7307, 43.5282] }},
{"zip_code":"83605","country":"US","city":"Caldwell","state":"Idaho","state_ab":"ID","county":"Canyon","geo_location":{ "type": "Point", "coordinates": [-116.7, 43.6627] }},
{"zip_code":"83285","country":"US","city":"Wayan","state":"Idaho","state_ab":"ID","county":"Caribou","geo_location":{ "type": "Point", "coordinates": [-111.2541, 43.0269] }},
{"zip_code":"83232","country":"US","city":"Dayton","state":"Idaho","state_ab":"ID","county":"Franklin","geo_location":{ "type": "Point", "coordinates": [-111.9858, 42.1184] }},
{"zip_code":"83438","country":"US","city":"Parker","state":"Idaho","state_ab":"ID","county":"Fremont","geo_location":{ "type": "Point", "coordinates": [-111.6017, 44.3192] }},
{"zip_code":"83542","country":"US","city":"Lucile","state":"Idaho","state_ab":"ID","county":"Idaho","geo_location":{ "type": "Point", "coordinates": [-116.2669, 45.557] }},
{"zip_code":"83425","country":"US","city":"Hamer","state":"Idaho","state_ab":"ID","county":"Jefferson","geo_location":{ "type": "Point", "coordinates": [-112.1872, 43.9308] }},
{"zip_code":"83335","country":"US","city":"Hazelton","state":"Idaho","state_ab":"ID","county":"Jerome","geo_location":{ "type": "Point", "coordinates": [-114.135, 42.5955] }},
{"zip_code":"83465","country":"US","city":"Lemhi","state":"Idaho","state_ab":"ID","county":"Lemhi","geo_location":{ "type": "Point", "coordinates": [-113.8167, 44.9681] }},
{"zip_code":"83555","country":"US","city":"Winchester","state":"Idaho","state_ab":"ID","county":"Lewis","geo_location":{ "type": "Point", "coordinates": [-116.6204, 46.2383] }},
{"zip_code":"83812","country":"US","city":"Clarkia","state":"Idaho","state_ab":"ID","county":"Shoshone","geo_location":{ "type": "Point", "coordinates": [-116.2774, 47.0445] }},
{"zip_code":"83452","country":"US","city":"Tetonia","state":"Idaho","state_ab":"ID","county":"Teton","geo_location":{ "type": "Point", "coordinates": [-111.2118, 43.7814] }},
{"zip_code":"83645","country":"US","city":"Midvale","state":"Idaho","state_ab":"ID","county":"Washington","geo_location":{ "type": "Point", "coordinates": [-116.7038, 44.442] }},
{"zip_code":"83672","country":"US","city":"Weiser","state":"Idaho","state_ab":"ID","county":"Washington","geo_location":{ "type": "Point", "coordinates": [-116.9651, 44.2522] }},
{"zip_code":"62325","country":"US","city":"Coatsburg","state":"Illinois","state_ab":"IL","county":"Adams","geo_location":{ "type": "Point", "coordinates": [-91.1747, 40.0554] }},
{"zip_code":"62338","country":"US","city":"Fowler","state":"Illinois","state_ab":"IL","county":"Adams","geo_location":{ "type": "Point", "coordinates": [-91.2452, 39.9925] }},
{"zip_code":"62365","country":"US","city":"Plainville","state":"Illinois","state_ab":"IL","county":"Adams","geo_location":{ "type": "Point", "coordinates": [-91.1436, 39.8004] }},
{"zip_code":"62262","country":"US","city":"Mulberry Grove","state":"Illinois","state_ab":"IL","county":"Bond","geo_location":{ "type": "Point", "coordinates": [-89.2463, 38.9311] }},
{"zip_code":"62275","country":"US","city":"Pocahontas","state":"Illinois","state_ab":"IL","county":"Bond","geo_location":{ "type": "Point", "coordinates": [-89.5247, 38.7846] }},
{"zip_code":"61012","country":"US","city":"Capron","state":"Illinois","state_ab":"IL","county":"Boone","geo_location":{ "type": "Point", "coordinates": [-88.7465, 42.4087] }},
{"zip_code":"61038","country":"US","city":"Garden Prairie","state":"Illinois","state_ab":"IL","county":"Boone","geo_location":{ "type": "Point", "coordinates": [-88.7437, 42.251] }},
{"zip_code":"61065","country":"US","city":"Poplar Grove","state":"Illinois","state_ab":"IL","county":"Boone","geo_location":{ "type": "Point", "coordinates": [-88.8428, 42.3594] }},
{"zip_code":"62378","country":"US","city":"Versailles","state":"Illinois","state_ab":"IL","county":"Brown","geo_location":{ "type": "Point", "coordinates": [-90.6741, 39.8883] }},
{"zip_code":"61322","country":"US","city":"Depue","state":"Illinois","state_ab":"IL","county":"Bureau","geo_location":{ "type": "Point", "coordinates": [-89.3252, 41.3092] }},
{"zip_code":"61362","country":"US","city":"Spring Valley","state":"Illinois","state_ab":"IL","county":"Bureau","geo_location":{ "type": "Point", "coordinates": [-89.2042, 41.3279] }},
{"zip_code":"61078","country":"US","city":"Shannon","state":"Illinois","state_ab":"IL","county":"Carroll","geo_location":{ "type": "Point", "coordinates": [-89.7481, 42.161] }},
{"zip_code":"61285","country":"US","city":"Thomson","state":"Illinois","state_ab":"IL","county":"Carroll","geo_location":{ "type": "Point", "coordinates": [-90.0844, 41.9816] }},
{"zip_code":"62622","country":"US","city":"Bluff Springs","state":"Illinois","state_ab":"IL","county":"Cass","geo_location":{ "type": "Point", "coordinates": [-90.3524, 39.9796] }},
{"zip_code":"61825","country":"US","city":"Champaign","state":"Illinois","state_ab":"IL","county":"Champaign","geo_location":{ "type": "Point", "coordinates": [-88.1961, 40.1399] }},
{"zip_code":"61852","country":"US","city":"Longview","state":"Illinois","state_ab":"IL","county":"Champaign","geo_location":{ "type": "Point", "coordinates": [-88.0753, 39.9012] }},
{"zip_code":"61878","country":"US","city":"Thomasboro","state":"Illinois","state_ab":"IL","county":"Champaign","geo_location":{ "type": "Point", "coordinates": [-88.183, 40.2402] }},
{"zip_code":"62442","country":"US","city":"Martinsville","state":"Illinois","state_ab":"IL","county":"Clark","geo_location":{ "type": "Point", "coordinates": [-87.8707, 39.3174] }},
{"zip_code":"60008","country":"US","city":"Rolling Meadows","state":"Illinois","state_ab":"IL","county":"Cook","geo_location":{ "type": "Point", "coordinates": [-88.0191, 42.073] }},
{"zip_code":"60022","country":"US","city":"Glencoe","state":"Illinois","state_ab":"IL","county":"Cook","geo_location":{ "type": "Point", "coordinates": [-87.7615, 42.1333] }},
{"zip_code":"60062","country":"US","city":"Northbrook","state":"Illinois","state_ab":"IL","county":"Cook","geo_location":{ "type": "Point", "coordinates": [-87.8465, 42.1254] }},
{"zip_code":"60165","country":"US","city":"Stone Park","state":"Illinois","state_ab":"IL","county":"Cook","geo_location":{ "type": "Point", "coordinates": [-87.8811, 41.903] }},
{"zip_code":"60192","country":"US","city":"Schaumburg","state":"Illinois","state_ab":"IL","county":"Cook","geo_location":{ "type": "Point", "coordinates": [-88.1161, 42.0925] }},
{"zip_code":"60202","country":"US","city":"Evanston","state":"Illinois","state_ab":"IL","county":"Cook","geo_location":{ "type": "Point", "coordinates": [-87.6865, 42.0302] }},
{"zip_code":"60305","country":"US","city":"River Forest","state":"Illinois","state_ab":"IL","county":"Cook","geo_location":{ "type": "Point", "coordinates": [-87.8159, 41.8951] }},
{"zip_code":"60398","country":"US","city":"Franklin Park","state":"Illinois","state_ab":"IL","county":"Cook County","geo_location":{ "type": "Point", "coordinates": [-87.9401, 41.9552] }},
{"zip_code":"60422","country":"US","city":"Flossmoor","state":"Illinois","state_ab":"IL","county":"Cook","geo_location":{ "type": "Point", "coordinates": [-87.6837, 41.5406] }},
{"zip_code":"60462","country":"US","city":"Orland Park","state":"Illinois","state_ab":"IL","county":"Cook","geo_location":{ "type": "Point", "coordinates": [-87.8423, 41.6194] }},
{"zip_code":"60475","country":"US","city":"Steger","state":"Illinois","state_ab":"IL","county":"Cook","geo_location":{ "type": "Point", "coordinates": [-87.6386, 41.4686] }},
{"zip_code":"60525","country":"US","city":"La Grange","state":"Illinois","state_ab":"IL","county":"Cook","geo_location":{ "type": "Point", "coordinates": [-87.8689, 41.7842] }},
{"zip_code":"60602","country":"US","city":"Chicago","state":"Illinois","state_ab":"IL","county":"Cook","geo_location":{ "type": "Point", "coordinates": [-87.6321, 41.8829] }},
{"zip_code":"60615","country":"US","city":"Chicago","state":"Illinois","state_ab":"IL","county":"Cook","geo_location":{ "type": "Point", "coordinates": [-87.6006, 41.8022] }},
{"zip_code":"60628","country":"US","city":"Chicago","state":"Illinois","state_ab":"IL","county":"Cook","geo_location":{ "type": "Point", "coordinates": [-87.6243, 41.6934] }},
{"zip_code":"60642","country":"US","city":"Chicago","state":"Illinois","state_ab":"IL","county":"Cook","geo_location":{ "type": "Point", "coordinates": [-87.6528, 41.9008] }},
{"zip_code":"60655","country":"US","city":"Chicago","state":"Illinois","state_ab":"IL","county":"Cook","geo_location":{ "type": "Point", "coordinates": [-87.7038, 41.6948] }},
{"zip_code":"60668","country":"US","city":"Chicago","state":"Illinois","state_ab":"IL","county":"Cook","geo_location":{ "type": "Point", "coordinates": [-87.6873, 41.8119] }},
{"zip_code":"60682","country":"US","city":"Chicago","state":"Illinois","state_ab":"IL","county":"Cook County","geo_location":{ "type": "Point", "coordinates": [-87.685, 41.837] }},
{"zip_code":"60695","country":"US","city":"Chicago","state":"Illinois","state_ab":"IL","county":"Cook County","geo_location":{ "type": "Point", "coordinates": [-87.6317, 41.8839] }},
{"zip_code":"62428","country":"US","city":"Greenup","state":"Illinois","state_ab":"IL","county":"Cumberland","geo_location":{ "type": "Point", "coordinates": [-88.1246, 39.274] }},
{"zip_code":"62468","country":"US","city":"Toledo","state":"Illinois","state_ab":"IL","county":"Cumberland","geo_location":{ "type": "Point", "coordinates": [-88.2468, 39.2772] }},
{"zip_code":"60112","country":"US","city":"Cortland","state":"Illinois","state_ab":"IL","county":"DeKalb","geo_location":{ "type": "Point", "coordinates": [-88.684, 41.9262] }},
{"zip_code":"60178","country":"US","city":"Sycamore","state":"Illinois","state_ab":"IL","county":"DeKalb","geo_location":{ "type": "Point", "coordinates": [-88.6928, 41.9911] }},
{"zip_code":"60552","country":"US","city":"Somonauk","state":"Illinois","state_ab":"IL","county":"DeKalb","geo_location":{ "type": "Point", "coordinates": [-88.6816, 41.6383] }},
{"zip_code":"61735","country":"US","city":"Dewitt","state":"Illinois","state_ab":"IL","county":"De Witt","geo_location":{ "type": "Point", "coordinates": [-88.7637, 40.1848] }},
{"zip_code":"61942","country":"US","city":"Newman","state":"Illinois","state_ab":"IL","county":"Douglas","geo_location":{ "type": "Point", "coordinates": [-88.0001, 39.7848] }},
{"zip_code":"60125","country":"US","city":"Carol Stream","state":"Illinois","state_ab":"IL","county":"DuPage","geo_location":{ "type": "Point", "coordinates": [-88.0887, 41.8397] }},
{"zip_code":"60138","country":"US","city":"Glen Ellyn","state":"Illinois","state_ab":"IL","county":"DuPage","geo_location":{ "type": "Point", "coordinates": [-88.0887, 41.8397] }},
{"zip_code":"60565","country":"US","city":"Naperville","state":"Illinois","state_ab":"IL","county":"DuPage","geo_location":{ "type": "Point", "coordinates": [-88.1282, 41.7328] }},
{"zip_code":"61955","country":"US","city":"Vermilion","state":"Illinois","state_ab":"IL","county":"Edgar","geo_location":{ "type": "Point", "coordinates": [-87.7502, 39.6799] }},
{"zip_code":"62815","country":"US","city":"Bone Gap","state":"Illinois","state_ab":"IL","county":"Edwards","geo_location":{ "type": "Point", "coordinates": [-88.0025, 38.449] }},
{"zip_code":"60952","country":"US","city":"Melvin","state":"Illinois","state_ab":"IL","county":"Ford","geo_location":{ "type": "Point", "coordinates": [-88.2551, 40.5714] }},
{"zip_code":"61542","country":"US","city":"Lewistown","state":"Illinois","state_ab":"IL","county":"Fulton","geo_location":{ "type": "Point", "coordinates": [-90.1563, 40.383] }},
{"zip_code":"62082","country":"US","city":"Roodhouse","state":"Illinois","state_ab":"IL","county":"Greene","geo_location":{ "type": "Point", "coordinates": [-90.3498, 39.4846] }},
{"zip_code":"62828","country":"US","city":"Dahlgren","state":"Illinois","state_ab":"IL","county":"Hamilton","geo_location":{ "type": "Point", "coordinates": [-88.6363, 38.1975] }},
{"zip_code":"61425","country":"US","city":"Carman","state":"Illinois","state_ab":"IL","county":"Henderson","geo_location":{ "type": "Point", "coordinates": [-91.0564, 40.7551] }},
{"zip_code":"61258","country":"US","city":"Hooppole","state":"Illinois","state_ab":"IL","county":"Henry","geo_location":{ "type": "Point", "coordinates": [-89.9122, 41.522] }},
{"zip_code":"60912","country":"US","city":"Beaverville","state":"Illinois","state_ab":"IL","county":"Iroquois","geo_location":{ "type": "Point", "coordinates": [-87.6217, 40.9672] }},
{"zip_code":"60938","country":"US","city":"Gilman","state":"Illinois","state_ab":"IL","county":"Iroquois","geo_location":{ "type": "Point", "coordinates": [-87.9933, 40.768] }},
{"zip_code":"62932","country":"US","city":"Elkville","state":"Illinois","state_ab":"IL","county":"Jackson","geo_location":{ "type": "Point", "coordinates": [-89.2336, 37.9155] }},
{"zip_code":"62958","country":"US","city":"Makanda","state":"Illinois","state_ab":"IL","county":"Jackson","geo_location":{ "type": "Point", "coordinates": [-89.2509, 37.6871] }},
{"zip_code":"62028","country":"US","city":"Elsah","state":"Illinois","state_ab":"IL","county":"Jersey","geo_location":{ "type": "Point", "coordinates": [-90.3541, 38.9594] }},
{"zip_code":"61025","country":"US","city":"East Dubuque","state":"Illinois","state_ab":"IL","county":"Jo Daviess","geo_location":{ "type": "Point", "coordinates": [-90.6046, 42.4875] }},
{"zip_code":"62972","country":"US","city":"Ozark","state":"Illinois","state_ab":"IL","county":"Johnson","geo_location":{ "type": "Point", "coordinates": [-88.7688, 37.5367] }},
{"zip_code":"62985","country":"US","city":"Simpson","state":"Illinois","state_ab":"IL","county":"Johnson","geo_location":{ "type": "Point", "coordinates": [-88.8014, 37.4519] }},
{"zip_code":"60512","country":"US","city":"Bristol","state":"Illinois","state_ab":"IL","county":"Kendall","geo_location":{ "type": "Point", "coordinates": [-88.4398, 41.7016] }},
{"zip_code":"60538","country":"US","city":"Montgomery","state":"Illinois","state_ab":"IL","county":"Kendall","geo_location":{ "type": "Point", "coordinates": [-88.332, 41.7177] }},
{"zip_code":"60035","country":"US","city":"Highland Park","state":"Illinois","state_ab":"IL","county":"Lake","geo_location":{ "type": "Point", "coordinates": [-87.8059, 42.1794] }},
{"zip_code":"60048","country":"US","city":"Libertyville","state":"Illinois","state_ab":"IL","county":"Lake","geo_location":{ "type": "Point", "coordinates": [-87.95, 42.281] }},
{"zip_code":"60075","country":"US","city":"Russell","state":"Illinois","state_ab":"IL","county":"Lake","geo_location":{ "type": "Point", "coordinates": [-87.6101, 42.3228] }},
{"zip_code":"60088","country":"US","city":"Great Lakes","state":"Illinois","state_ab":"IL","county":"Lake","geo_location":{ "type": "Point", "coordinates": [-87.8642, 42.3032] }},
{"zip_code":"61348","country":"US","city":"Oglesby","state":"Illinois","state_ab":"IL","county":"La Salle","geo_location":{ "type": "Point", "coordinates": [-89.0553, 41.2928] }},
{"zip_code":"62415","country":"US","city":"Birds","state":"Illinois","state_ab":"IL","county":"Lawrence","geo_location":{ "type": "Point", "coordinates": [-87.7036, 38.7103] }},
{"zip_code":"61775","country":"US","city":"Strawn","state":"Illinois","state_ab":"IL","county":"Livingston","geo_location":{ "type": "Point", "coordinates": [-88.404, 40.6476] }},
{"zip_code":"62518","country":"US","city":"Chestnut","state":"Illinois","state_ab":"IL","county":"Logan","geo_location":{ "type": "Point", "coordinates": [-89.19, 40.0582] }},
{"zip_code":"62635","country":"US","city":"Emden","state":"Illinois","state_ab":"IL","county":"Logan","geo_location":{ "type": "Point", "coordinates": [-89.4714, 40.2967] }},
{"zip_code":"61438","country":"US","city":"Good Hope","state":"Illinois","state_ab":"IL","county":"McDonough","geo_location":{ "type": "Point", "coordinates": [-90.6324, 40.5749] }},
{"zip_code":"60152","country":"US","city":"Marengo","state":"Illinois","state_ab":"IL","county":"McHenry","geo_location":{ "type": "Point", "coordinates": [-88.6074, 42.2442] }},
{"zip_code":"61722","country":"US","city":"Arrowsmith","state":"Illinois","state_ab":"IL","county":"McLean","geo_location":{ "type": "Point", "coordinates": [-88.6296, 40.412] }},
{"zip_code":"61748","country":"US","city":"Hudson","state":"Illinois","state_ab":"IL","county":"McLean","geo_location":{ "type": "Point", "coordinates": [-88.9759, 40.6205] }},
{"zip_code":"62532","country":"US","city":"Elwin","state":"Illinois","state_ab":"IL","county":"Macon","geo_location":{ "type": "Point", "coordinates": [-88.9808, 39.78] }},
{"zip_code":"62002","country":"US","city":"Alton","state":"Illinois","state_ab":"IL","county":"Madison","geo_location":{ "type": "Point", "coordinates": [-90.1568, 38.9087] }},
{"zip_code":"62095","country":"US","city":"Wood River","state":"Illinois","state_ab":"IL","county":"Madison","geo_location":{ "type": "Point", "coordinates": [-90.0875, 38.8643] }},
{"zip_code":"62882","country":"US","city":"Sandoval","state":"Illinois","state_ab":"IL","county":"Marion","geo_location":{ "type": "Point", "coordinates": [-89.114, 38.6131] }},
{"zip_code":"61375","country":"US","city":"Varna","state":"Illinois","state_ab":"IL","county":"Marshall","geo_location":{ "type": "Point", "coordinates": [-89.2483, 41.0327] }},
{"zip_code":"62675","country":"US","city":"Petersburg","state":"Illinois","state_ab":"IL","county":"Menard","geo_location":{ "type": "Point", "coordinates": [-89.8072, 39.9728] }},
{"zip_code":"62688","country":"US","city":"Tallula","state":"Illinois","state_ab":"IL","county":"Menard","geo_location":{ "type": "Point", "coordinates": [-89.8823, 39.9402] }},
{"zip_code":"61272","country":"US","city":"New Boston","state":"Illinois","state_ab":"IL","county":"Mercer","geo_location":{ "type": "Point", "coordinates": [-90.9879, 41.2153] }},
{"zip_code":"61412","country":"US","city":"Alexis","state":"Illinois","state_ab":"IL","county":"Mercer","geo_location":{ "type": "Point", "coordinates": [-90.5436, 41.0521] }},
{"zip_code":"61465","country":"US","city":"New Windsor","state":"Illinois","state_ab":"IL","county":"Mercer","geo_location":{ "type": "Point", "coordinates": [-90.4598, 41.1987] }},
{"zip_code":"62248","country":"US","city":"Hecker","state":"Illinois","state_ab":"IL","county":"Monroe","geo_location":{ "type": "Point", "coordinates": [-89.9935, 38.3044] }},
{"zip_code":"62015","country":"US","city":"Butler","state":"Illinois","state_ab":"IL","county":"Montgomery","geo_location":{ "type": "Point", "coordinates": [-89.5305, 39.2114] }},
{"zip_code":"62572","country":"US","city":"Waggoner","state":"Illinois","state_ab":"IL","county":"Montgomery","geo_location":{ "type": "Point", "coordinates": [-89.6545, 39.3688] }},
{"zip_code":"61928","country":"US","city":"Gays","state":"Illinois","state_ab":"IL","county":"Moultrie","geo_location":{ "type": "Point", "coordinates": [-88.5242, 39.4796] }},
{"zip_code":"61052","country":"US","city":"Monroe Center","state":"Illinois","state_ab":"IL","county":"Ogle","geo_location":{ "type": "Point", "coordinates": [-89.0169, 42.105] }},
{"zip_code":"61528","country":"US","city":"Edwards","state":"Illinois","state_ab":"IL","county":"Peoria","geo_location":{ "type": "Point", "coordinates": [-89.723, 40.779] }},
{"zip_code":"61605","country":"US","city":"Peoria","state":"Illinois","state_ab":"IL","county":"Peoria","geo_location":{ "type": "Point", "coordinates": [-89.6263, 40.6775] }},
{"zip_code":"61632","country":"US","city":"Peoria","state":"Illinois","state_ab":"IL","county":"Peoria","geo_location":{ "type": "Point", "coordinates": [-89.5692, 40.7653] }},
{"zip_code":"62312","country":"US","city":"Barry","state":"Illinois","state_ab":"IL","county":"Pike","geo_location":{ "type": "Point", "coordinates": [-91.0265, 39.7047] }},
{"zip_code":"62352","country":"US","city":"Milton","state":"Illinois","state_ab":"IL","county":"Pike","geo_location":{ "type": "Point", "coordinates": [-90.6443, 39.5508] }},
{"zip_code":"61335","country":"US","city":"Mc Nabb","state":"Illinois","state_ab":"IL","county":"Putnam","geo_location":{ "type": "Point", "coordinates": [-89.2187, 41.173] }},
{"zip_code":"62288","country":"US","city":"Steeleville","state":"Illinois","state_ab":"IL","county":"Randolph","geo_location":{ "type": "Point", "coordinates": [-89.6665, 38.0057] }},
{"zip_code":"62868","country":"US","city":"Noble","state":"Illinois","state_ab":"IL","county":"Richland","geo_location":{ "type": "Point", "coordinates": [-88.219, 38.7119] }},
{"zip_code":"61232","country":"US","city":"Andalusia","state":"Illinois","state_ab":"IL","county":"Rock Island","geo_location":{ "type": "Point", "coordinates": [-90.7428, 41.4401] }},
{"zip_code":"62208","country":"US","city":"Fairview Heights","state":"Illinois","state_ab":"IL","county":"St. Clair","geo_location":{ "type": "Point", "coordinates": [-90.0071, 38.596] }},
{"zip_code":"62222","country":"US","city":"Belleville","state":"Illinois","state_ab":"IL","county":"St. Clair","geo_location":{ "type": "Point", "coordinates": [-89.9835, 38.44] }},
{"zip_code":"62545","country":"US","city":"Mechanicsburg","state":"Illinois","state_ab":"IL","county":"Sangamon","geo_location":{ "type": "Point", "coordinates": [-89.4064, 39.7778] }},
{"zip_code":"62558","country":"US","city":"Pawnee","state":"Illinois","state_ab":"IL","county":"Sangamon","geo_location":{ "type": "Point", "coordinates": [-89.5678, 39.6086] }},
{"zip_code":"62662","country":"US","city":"Lowder","state":"Illinois","state_ab":"IL","county":"Sangamon","geo_location":{ "type": "Point", "coordinates": [-89.606, 39.7495] }},
{"zip_code":"62712","country":"US","city":"Springfield","state":"Illinois","state_ab":"IL","county":"Sangamon County","geo_location":{ "type": "Point", "coordinates": [-89.58, 39.7533] }},
{"zip_code":"62765","country":"US","city":"Springfield","state":"Illinois","state_ab":"IL","county":"Sangamon","geo_location":{ "type": "Point", "coordinates": [-89.606, 39.7495] }},
{"zip_code":"61452","country":"US","city":"Littleton","state":"Illinois","state_ab":"IL","county":"Schuyler","geo_location":{ "type": "Point", "coordinates": [-90.619, 40.2339] }},
{"zip_code":"61555","country":"US","city":"Pekin","state":"Illinois","state_ab":"IL","county":"Tazewell","geo_location":{ "type": "Point", "coordinates": [-89.6502, 40.5607] }},
{"zip_code":"61568","country":"US","city":"Tremont","state":"Illinois","state_ab":"IL","county":"Tazewell","geo_location":{ "type": "Point", "coordinates": [-89.4833, 40.5053] }},
{"zip_code":"62905","country":"US","city":"Alto Pass","state":"Illinois","state_ab":"IL","county":"Union","geo_location":{ "type": "Point", "coordinates": [-89.3172, 37.5681] }},
{"zip_code":"62998","country":"US","city":"Wolf Lake","state":"Illinois","state_ab":"IL","county":"Union","geo_location":{ "type": "Point", "coordinates": [-89.4408, 37.512] }},
{"zip_code":"61812","country":"US","city":"Armstrong","state":"Illinois","state_ab":"IL","county":"Vermilion","geo_location":{ "type": "Point", "coordinates": [-87.8943, 40.2175] }},
{"zip_code":"61865","country":"US","city":"Potomac","state":"Illinois","state_ab":"IL","county":"Vermilion","geo_location":{ "type": "Point", "coordinates": [-87.8232, 40.309] }},
{"zip_code":"62855","country":"US","city":"Lancaster","state":"Illinois","state_ab":"IL","county":"Wabash","geo_location":{ "type": "Point", "coordinates": [-87.8187, 38.4034] }},
{"zip_code":"61478","country":"US","city":"Smithshire","state":"Illinois","state_ab":"IL","county":"Warren","geo_location":{ "type": "Point", "coordinates": [-90.7606, 40.7579] }},
{"zip_code":"62842","country":"US","city":"Geff","state":"Illinois","state_ab":"IL","county":"Wayne","geo_location":{ "type": "Point", "coordinates": [-88.4144, 38.4413] }},
{"zip_code":"62895","country":"US","city":"Wayne City","state":"Illinois","state_ab":"IL","county":"Wayne","geo_location":{ "type": "Point", "coordinates": [-88.5833, 38.3328] }},
{"zip_code":"60408","country":"US","city":"Braidwood","state":"Illinois","state_ab":"IL","county":"Will","geo_location":{ "type": "Point", "coordinates": [-88.2231, 41.2657] }},
{"zip_code":"60435","country":"US","city":"Joliet","state":"Illinois","state_ab":"IL","county":"Will","geo_location":{ "type": "Point", "coordinates": [-88.1299, 41.5454] }},
{"zip_code":"60448","country":"US","city":"Mokena","state":"Illinois","state_ab":"IL","county":"Will","geo_location":{ "type": "Point", "coordinates": [-87.8911, 41.5342] }},
{"zip_code":"62918","country":"US","city":"Carterville","state":"Illinois","state_ab":"IL","county":"Williamson","geo_location":{ "type": "Point", "coordinates": [-89.0978, 37.7748] }},
{"zip_code":"61102","country":"US","city":"Rockford","state":"Illinois","state_ab":"IL","county":"Winnebago","geo_location":{ "type": "Point", "coordinates": [-89.1247, 42.2547] }},
{"zip_code":"61115","country":"US","city":"Machesney Park","state":"Illinois","state_ab":"IL","county":"Winnebago","geo_location":{ "type": "Point", "coordinates": [-89.0397, 42.3545] }},
{"zip_code":"46772","country":"US","city":"Monroe","state":"Indiana","state_ab":"IN","county":"Adams","geo_location":{ "type": "Point", "coordinates": [-84.8441, 40.7005] }},
{"zip_code":"46745","country":"US","city":"Hoagland","state":"Indiana","state_ab":"IN","county":"Allen","geo_location":{ "type": "Point", "coordinates": [-85.0075, 40.9524] }},
{"zip_code":"46798","country":"US","city":"Yoder","state":"Indiana","state_ab":"IN","county":"Allen","geo_location":{ "type": "Point", "coordinates": [-85.1958, 40.9371] }},
{"zip_code":"46808","country":"US","city":"Fort Wayne","state":"Indiana","state_ab":"IN","county":"Allen","geo_location":{ "type": "Point", "coordinates": [-85.1621, 41.0939] }},
{"zip_code":"46835","country":"US","city":"Fort Wayne","state":"Indiana","state_ab":"IN","county":"Allen","geo_location":{ "type": "Point", "coordinates": [-85.0685, 41.1371] }},
{"zip_code":"46862","country":"US","city":"Fort Wayne","state":"Indiana","state_ab":"IN","county":"Allen","geo_location":{ "type": "Point", "coordinates": [-85.0707, 41.0938] }},
{"zip_code":"47232","country":"US","city":"Elizabethtown","state":"Indiana","state_ab":"IN","county":"Bartholomew","geo_location":{ "type": "Point", "coordinates": [-85.8153, 39.1243] }},
{"zip_code":"47942","country":"US","city":"Earl Park","state":"Indiana","state_ab":"IN","county":"Benton","geo_location":{ "type": "Point", "coordinates": [-87.4232, 40.6945] }},
{"zip_code":"47348","country":"US","city":"Hartford City","state":"Indiana","state_ab":"IN","county":"Blackford","geo_location":{ "type": "Point", "coordinates": [-85.3758, 40.4541] }},
{"zip_code":"46075","country":"US","city":"Whitestown","state":"Indiana","state_ab":"IN","county":"Boone","geo_location":{ "type": "Point", "coordinates": [-86.3507, 40.0] }},
{"zip_code":"46978","country":"US","city":"Royal Center","state":"Indiana","state_ab":"IN","county":"Cass","geo_location":{ "type": "Point", "coordinates": [-86.5078, 40.8645] }},
{"zip_code":"46035","country":"US","city":"Colfax","state":"Indiana","state_ab":"IN","county":"Clinton","geo_location":{ "type": "Point", "coordinates": [-86.6593, 40.1956] }},
{"zip_code":"47568","country":"US","city":"Plainville","state":"Indiana","state_ab":"IN","county":"Daviess","geo_location":{ "type": "Point", "coordinates": [-87.1578, 38.7915] }},
{"zip_code":"47025","country":"US","city":"Lawrenceburg","state":"Indiana","state_ab":"IN","county":"Dearborn","geo_location":{ "type": "Point", "coordinates": [-84.8658, 39.1401] }},
{"zip_code":"47272","country":"US","city":"Saint Paul","state":"Indiana","state_ab":"IN","county":"Decatur","geo_location":{ "type": "Point", "coordinates": [-85.5994, 39.4277] }},
{"zip_code":"46705","country":"US","city":"Ashley","state":"Indiana","state_ab":"IN","county":"DeKalb","geo_location":{ "type": "Point", "coordinates": [-85.0504, 41.5347] }},
{"zip_code":"46785","country":"US","city":"Saint Joe","state":"Indiana","state_ab":"IN","county":"DeKalb","geo_location":{ "type": "Point", "coordinates": [-84.9043, 41.324] }},
{"zip_code":"47308","country":"US","city":"Muncie","state":"Indiana","state_ab":"IN","county":"Delaware","geo_location":{ "type": "Point", "coordinates": [-85.3967, 40.2279] }},
{"zip_code":"47542","country":"US","city":"Huntingburg","state":"Indiana","state_ab":"IN","county":"Dubois","geo_location":{ "type": "Point", "coordinates": [-86.9533, 38.2979] }},
{"zip_code":"47322","country":"US","city":"Bentonville","state":"Indiana","state_ab":"IN","county":"Fayette","geo_location":{ "type": "Point", "coordinates": [-85.168, 39.657] }},
{"zip_code":"47012","country":"US","city":"Brookville","state":"Indiana","state_ab":"IN","county":"Franklin","geo_location":{ "type": "Point", "coordinates": [-84.9994, 39.4213] }},
{"zip_code":"46912","country":"US","city":"Athens","state":"Indiana","state_ab":"IN","county":"Fulton","geo_location":{ "type": "Point", "coordinates": [-86.2069, 41.041] }},
{"zip_code":"46938","country":"US","city":"Jonesboro","state":"Indiana","state_ab":"IN","county":"Grant","geo_location":{ "type": "Point", "coordinates": [-85.6365, 40.4815] }},
{"zip_code":"46952","country":"US","city":"Marion","state":"Indiana","state_ab":"IN","county":"Grant","geo_location":{ "type": "Point", "coordinates": [-85.6741, 40.5743] }},
{"zip_code":"47438","country":"US","city":"Jasonville","state":"Indiana","state_ab":"IN","county":"Greene","geo_location":{ "type": "Point", "coordinates": [-87.2023, 39.1723] }},
{"zip_code":"47465","country":"US","city":"Switz City","state":"Indiana","state_ab":"IN","county":"Greene","geo_location":{ "type": "Point", "coordinates": [-87.0502, 39.0369] }},
{"zip_code":"46062","country":"US","city":"Noblesville","state":"Indiana","state_ab":"IN","county":"Hamilton County","geo_location":{ "type": "Point", "coordinates": [-86.0555, 40.0617] }},
{"zip_code":"47115","country":"US","city":"Depauw","state":"Indiana","state_ab":"IN","county":"Harrison","geo_location":{ "type": "Point", "coordinates": [-86.2109, 38.3361] }},
{"zip_code":"47142","country":"US","city":"Mauckport","state":"Indiana","state_ab":"IN","county":"Harrison","geo_location":{ "type": "Point", "coordinates": [-86.1846, 38.0437] }},
{"zip_code":"46112","country":"US","city":"Brownsburg","state":"Indiana","state_ab":"IN","county":"Hendricks","geo_location":{ "type": "Point", "coordinates": [-86.3869, 39.8466] }},
{"zip_code":"46165","country":"US","city":"North Salem","state":"Indiana","state_ab":"IN","county":"Hendricks","geo_location":{ "type": "Point", "coordinates": [-86.6388, 39.8671] }},
{"zip_code":"47362","country":"US","city":"New Castle","state":"Indiana","state_ab":"IN","county":"Henry","geo_location":{ "type": "Point", "coordinates": [-85.3663, 39.9208] }},
{"zip_code":"47388","country":"US","city":"Sulphur Springs","state":"Indiana","state_ab":"IN","county":"Henry","geo_location":{ "type": "Point", "coordinates": [-85.4434, 40.006] }},
{"zip_code":"46965","country":"US","city":"Oakford","state":"Indiana","state_ab":"IN","county":"Howard","geo_location":{ "type": "Point", "coordinates": [-86.1015, 40.4127] }},
{"zip_code":"47245","country":"US","city":"Hayden","state":"Indiana","state_ab":"IN","county":"Jennings","geo_location":{ "type": "Point", "coordinates": [-85.6199, 39.0013] }},
{"zip_code":"47528","country":"US","city":"Edwardsport","state":"Indiana","state_ab":"IN","county":"Knox","geo_location":{ "type": "Point", "coordinates": [-87.2519, 38.8106] }},
{"zip_code":"46538","country":"US","city":"Leesburg","state":"Indiana","state_ab":"IN","county":"Kosciusko","geo_location":{ "type": "Point", "coordinates": [-85.816, 41.3266] }},
{"zip_code":"46565","country":"US","city":"Shipshewana","state":"Indiana","state_ab":"IN","county":"LaGrange","geo_location":{ "type": "Point", "coordinates": [-85.5932, 41.6633] }},
{"zip_code":"46408","country":"US","city":"Gary","state":"Indiana","state_ab":"IN","county":"Lake","geo_location":{ "type": "Point", "coordinates": [-87.3588, 41.5422] }},
{"zip_code":"46345","country":"US","city":"Kingsbury","state":"Indiana","state_ab":"IN","county":"LaPorte","geo_location":{ "type": "Point", "coordinates": [-86.6997, 41.526] }},
{"zip_code":"46048","country":"US","city":"Ingalls","state":"Indiana","state_ab":"IN","county":"Madison","geo_location":{ "type": "Point", "coordinates": [-85.7981, 39.9573] }},
{"zip_code":"46202","country":"US","city":"Indianapolis","state":"Indiana","state_ab":"IN","county":"Marion","geo_location":{ "type": "Point", "coordinates": [-86.1595, 39.7851] }},
{"zip_code":"46228","country":"US","city":"Indianapolis","state":"Indiana","state_ab":"IN","county":"Marion","geo_location":{ "type": "Point", "coordinates": [-86.1951, 39.8462] }},
{"zip_code":"46242","country":"US","city":"Indianapolis","state":"Indiana","state_ab":"IN","county":"Marion","geo_location":{ "type": "Point", "coordinates": [-86.1328, 39.7795] }},
{"zip_code":"46255","country":"US","city":"Indianapolis","state":"Indiana","state_ab":"IN","county":"Marion","geo_location":{ "type": "Point", "coordinates": [-86.1328, 39.7795] }},
{"zip_code":"46268","country":"US","city":"Indianapolis","state":"Indiana","state_ab":"IN","county":"Marion","geo_location":{ "type": "Point", "coordinates": [-86.2123, 39.8682] }},
{"zip_code":"46282","country":"US","city":"Indianapolis","state":"Indiana","state_ab":"IN","county":"Marion","geo_location":{ "type": "Point", "coordinates": [-86.1328, 39.7795] }},
{"zip_code":"46295","country":"US","city":"Indianapolis","state":"Indiana","state_ab":"IN","county":"Marion","geo_location":{ "type": "Point", "coordinates": [-86.1328, 39.7795] }},
{"zip_code":"46925","country":"US","city":"Denham","state":"Indiana","state_ab":"IN","county":"Miami County","geo_location":{ "type": "Point", "coordinates": [-86.7135, 41.1519] }},
{"zip_code":"47955","country":"US","city":"Linden","state":"Indiana","state_ab":"IN","county":"Montgomery","geo_location":{ "type": "Point", "coordinates": [-86.8905, 40.1833] }},
{"zip_code":"47968","country":"US","city":"New Ross","state":"Indiana","state_ab":"IN","county":"Montgomery","geo_location":{ "type": "Point", "coordinates": [-86.7528, 39.9883] }},
{"zip_code":"46125","country":"US","city":"Eminence","state":"Indiana","state_ab":"IN","county":"Morgan","geo_location":{ "type": "Point", "coordinates": [-86.6418, 39.5066] }},
{"zip_code":"46372","country":"US","city":"Roselawn","state":"Indiana","state_ab":"IN","county":"Newton","geo_location":{ "type": "Point", "coordinates": [-87.322, 41.1434] }},
{"zip_code":"46732","country":"US","city":"Cromwell","state":"Indiana","state_ab":"IN","county":"Noble","geo_location":{ "type": "Point", "coordinates": [-85.6031, 41.3751] }},
{"zip_code":"47452","country":"US","city":"Orleans","state":"Indiana","state_ab":"IN","county":"Orange","geo_location":{ "type": "Point", "coordinates": [-86.4532, 38.6535] }},
{"zip_code":"47515","country":"US","city":"Bristow","state":"Indiana","state_ab":"IN","county":"Perry","geo_location":{ "type": "Point", "coordinates": [-86.6821, 38.1981] }},
{"zip_code":"47555","country":"US","city":"Magnet","state":"Indiana","state_ab":"IN","county":"Perry County","geo_location":{ "type": "Point", "coordinates": [-86.4842, 38.0922] }},
{"zip_code":"46385","country":"US","city":"Valparaiso","state":"Indiana","state_ab":"IN","county":"Porter","geo_location":{ "type": "Point", "coordinates": [-87.0783, 41.4706] }},
{"zip_code":"46552","country":"US","city":"New Carlisle","state":"Indiana","state_ab":"IN","county":"St. Joseph","geo_location":{ "type": "Point", "coordinates": [-86.4838, 41.7051] }},
{"zip_code":"46615","country":"US","city":"South Bend","state":"Indiana","state_ab":"IN","county":"St. Joseph","geo_location":{ "type": "Point", "coordinates": [-86.2104, 41.6741] }},
{"zip_code":"46628","country":"US","city":"South Bend","state":"Indiana","state_ab":"IN","county":"St. Joseph","geo_location":{ "type": "Point", "coordinates": [-86.2949, 41.7015] }},
{"zip_code":"47102","country":"US","city":"Austin","state":"Indiana","state_ab":"IN","county":"Scott","geo_location":{ "type": "Point", "coordinates": [-85.7962, 38.7478] }},
{"zip_code":"47838","country":"US","city":"Carlisle","state":"Indiana","state_ab":"IN","county":"Sullivan","geo_location":{ "type": "Point", "coordinates": [-87.3667, 38.9763] }},
{"zip_code":"47852","country":"US","city":"Graysville","state":"Indiana","state_ab":"IN","county":"Sullivan","geo_location":{ "type": "Point", "coordinates": [-87.4496, 39.0805] }},
{"zip_code":"47865","country":"US","city":"Paxton","state":"Indiana","state_ab":"IN","county":"Sullivan","geo_location":{ "type": "Point", "coordinates": [-87.389, 39.0185] }},
{"zip_code":"47038","country":"US","city":"Patriot","state":"Indiana","state_ab":"IN","county":"Switzerland","geo_location":{ "type": "Point", "coordinates": [-84.8515, 38.8537] }},
{"zip_code":"47902","country":"US","city":"Lafayette","state":"Indiana","state_ab":"IN","county":"Tippecanoe","geo_location":{ "type": "Point", "coordinates": [-86.8949, 40.3887] }},
{"zip_code":"47618","country":"US","city":"Inglefield","state":"Indiana","state_ab":"IN","county":"Vanderburgh","geo_location":{ "type": "Point", "coordinates": [-87.575, 37.9971] }},
{"zip_code":"47708","country":"US","city":"Evansville","state":"Indiana","state_ab":"IN","county":"Vanderburgh","geo_location":{ "type": "Point", "coordinates": [-87.572, 37.9718] }},
{"zip_code":"47722","country":"US","city":"Evansville","state":"Indiana","state_ab":"IN","county":"Vanderburgh","geo_location":{ "type": "Point", "coordinates": [-87.542, 37.9702] }},
{"zip_code":"47735","country":"US","city":"Evansville","state":"Indiana","state_ab":"IN","county":"Vanderburgh","geo_location":{ "type": "Point", "coordinates": [-87.575, 37.9971] }},
{"zip_code":"47928","country":"US","city":"Cayuga","state":"Indiana","state_ab":"IN","county":"Vermillion","geo_location":{ "type": "Point", "coordinates": [-87.459, 39.93] }},
{"zip_code":"47812","country":"US","city":"Terre Haute","state":"Indiana","state_ab":"IN","county":"Vigo","geo_location":{ "type": "Point", "coordinates": [-87.4101, 39.4336] }},
{"zip_code":"47878","country":"US","city":"Seelyville","state":"Indiana","state_ab":"IN","county":"Vigo","geo_location":{ "type": "Point", "coordinates": [-87.2665, 39.4928] }},
{"zip_code":"46992","country":"US","city":"Wabash","state":"Indiana","state_ab":"IN","county":"Wabash","geo_location":{ "type": "Point", "coordinates": [-85.8321, 40.7909] }},
{"zip_code":"47982","country":"US","city":"State Line","state":"Indiana","state_ab":"IN","county":"Warren","geo_location":{ "type": "Point", "coordinates": [-87.5265, 40.1967] }},
{"zip_code":"47335","country":"US","city":"Dublin","state":"Indiana","state_ab":"IN","county":"Wayne","geo_location":{ "type": "Point", "coordinates": [-85.2044, 39.8127] }},
{"zip_code":"47375","country":"US","city":"Richmond","state":"Indiana","state_ab":"IN","county":"Wayne","geo_location":{ "type": "Point", "coordinates": [-85.016, 39.8604] }},
{"zip_code":"47995","country":"US","city":"Wolcott","state":"Indiana","state_ab":"IN","county":"White","geo_location":{ "type": "Point", "coordinates": [-87.029, 40.7516] }},
{"zip_code":"66015","country":"US","city":"Colony","state":"Kansas","state_ab":"KS","county":"Anderson","geo_location":{ "type": "Point", "coordinates": [-95.3287, 38.0761] }},
{"zip_code":"66002","country":"US","city":"Atchison","state":"Kansas","state_ab":"KS","county":"Atchison","geo_location":{ "type": "Point", "coordinates": [-95.1304, 39.5594] }},
{"zip_code":"67562","country":"US","city":"Odin","state":"Kansas","state_ab":"KS","county":"Barton County","geo_location":{ "type": "Point", "coordinates": [-98.6416, 38.5501] }},
{"zip_code":"66738","country":"US","city":"Fulton","state":"Kansas","state_ab":"KS","county":"Bourbon","geo_location":{ "type": "Point", "coordinates": [-94.7183, 38.0134] }},
{"zip_code":"66532","country":"US","city":"Robinson","state":"Kansas","state_ab":"KS","county":"Brown","geo_location":{ "type": "Point", "coordinates": [-95.4567, 39.8182] }},
{"zip_code":"66842","country":"US","city":"Cassoday","state":"Kansas","state_ab":"KS","county":"Butler","geo_location":{ "type": "Point", "coordinates": [-96.6746, 38.0298] }},
{"zip_code":"67072","country":"US","city":"Latham","state":"Kansas","state_ab":"KS","county":"Butler","geo_location":{ "type": "Point", "coordinates": [-96.6791, 37.531] }},
{"zip_code":"67355","country":"US","city":"Niotaze","state":"Kansas","state_ab":"KS","county":"Chautauqua","geo_location":{ "type": "Point", "coordinates": [-96.0121, 37.037] }},
{"zip_code":"66725","country":"US","city":"Columbus","state":"Kansas","state_ab":"KS","county":"Cherokee","geo_location":{ "type": "Point", "coordinates": [-94.8899, 37.1699] }},
{"zip_code":"66778","country":"US","city":"Treece","state":"Kansas","state_ab":"KS","county":"Cherokee","geo_location":{ "type": "Point", "coordinates": [-94.8409, 37.0005] }},
{"zip_code":"67755","country":"US","city":"Russell Springs","state":"Kansas","state_ab":"KS","county":"Cheyenne County","geo_location":{ "type": "Point", "coordinates": [-101.2828, 38.8709] }},
{"zip_code":"67432","country":"US","city":"Clay Center","state":"Kansas","state_ab":"KS","county":"Clay","geo_location":{ "type": "Point", "coordinates": [-97.1278, 39.3844] }},
{"zip_code":"67458","country":"US","city":"Longford","state":"Kansas","state_ab":"KS","county":"Clay","geo_location":{ "type": "Point", "coordinates": [-97.2499, 39.1834] }},
{"zip_code":"67445","country":"US","city":"Glasco","state":"Kansas","state_ab":"KS","county":"Cloud","geo_location":{ "type": "Point", "coordinates": [-97.8418, 39.3621] }},
{"zip_code":"67005","country":"US","city":"Arkansas City","state":"Kansas","state_ab":"KS","county":"Cowley","geo_location":{ "type": "Point", "coordinates": [-97.0357, 37.0676] }},
{"zip_code":"66712","country":"US","city":"Arma","state":"Kansas","state_ab":"KS","county":"Crawford","geo_location":{ "type": "Point", "coordinates": [-94.6949, 37.5573] }},
{"zip_code":"67472","country":"US","city":"Oakhill","state":"Kansas","state_ab":"KS","county":"Dickinson County","geo_location":{ "type": "Point", "coordinates": [-97.3405, 39.2487] }},
{"zip_code":"67858","country":"US","city":"Kingsdown","state":"Kansas","state_ab":"KS","county":"Ford County","geo_location":{ "type": "Point", "coordinates": [-99.7525, 37.5217] }}]}