{"value": [{"zip_code":"77539","country":"US","city":"Dickinson","state":"Texas","state_ab":"TX","county":"Galveston","geo_location":{ "type": "Point", "coordinates": [-95.0345, 29.4585] }},
{"zip_code":"77553","country":"US","city":"Galveston","state":"Texas","state_ab":"TX","county":"Galveston","geo_location":{ "type": "Point", "coordinates": [-94.8002, 29.3322] }},
{"zip_code":"79739","country":"US","city":"Garden City","state":"Texas","state_ab":"TX","county":"Glasscock","geo_location":{ "type": "Point", "coordinates": [-101.5269, 31.8491] }},
{"zip_code":"77993","country":"US","city":"Weesatche","state":"Texas","state_ab":"TX","county":"Goliad","geo_location":{ "type": "Point", "coordinates": [-97.4442, 28.8358] }},
{"zip_code":"75663","country":"US","city":"Kilgore","state":"Texas","state_ab":"TX","county":"Gregg","geo_location":{ "type": "Point", "coordinates": [-94.8951, 32.387] }},
{"zip_code":"77876","country":"US","city":"Shiro","state":"Texas","state_ab":"TX","county":"Grimes","geo_location":{ "type": "Point", "coordinates": [-95.8285, 30.6752] }},
{"zip_code":"78156","country":"US","city":"Seguin","state":"Texas","state_ab":"TX","county":"Guadalupe","geo_location":{ "type": "Point", "coordinates": [-97.9712, 29.6118] }},
{"zip_code":"79250","country":"US","city":"Petersburg","state":"Texas","state_ab":"TX","county":"Hale","geo_location":{ "type": "Point", "coordinates": [-101.6046, 33.8768] }},
{"zip_code":"77656","country":"US","city":"Silsbee","state":"Texas","state_ab":"TX","county":"Hardin","geo_location":{ "type": "Point", "coordinates": [-94.1907, 30.3244] }},
{"zip_code":"77009","country":"US","city":"Houston","state":"Texas","state_ab":"TX","county":"Harris","geo_location":{ "type": "Point", "coordinates": [-95.3675, 29.7936] }},
{"zip_code":"77010","country":"US","city":"Houston","state":"Texas","state_ab":"TX","county":"Harris","geo_location":{ "type": "Point", "coordinates": [-95.3609, 29.7543] }},
{"zip_code":"77023","country":"US","city":"Houston","state":"Texas","state_ab":"TX","county":"Harris","geo_location":{ "type": "Point", "coordinates": [-95.3178, 29.7242] }},
{"zip_code":"77036","country":"US","city":"Houston","state":"Texas","state_ab":"TX","county":"Harris","geo_location":{ "type": "Point", "coordinates": [-95.5405, 29.6984] }},
{"zip_code":"77049","country":"US","city":"Houston","state":"Texas","state_ab":"TX","county":"Harris","geo_location":{ "type": "Point", "coordinates": [-95.1848, 29.8235] }},
{"zip_code":"77050","country":"US","city":"Houston","state":"Texas","state_ab":"TX","county":"Harris","geo_location":{ "type": "Point", "coordinates": [-95.2848, 29.9015] }},
{"zip_code":"77063","country":"US","city":"Houston","state":"Texas","state_ab":"TX","county":"Harris","geo_location":{ "type": "Point", "coordinates": [-95.522, 29.7348] }},
{"zip_code":"77076","country":"US","city":"Houston","state":"Texas","state_ab":"TX","county":"Harris","geo_location":{ "type": "Point", "coordinates": [-95.3834, 29.858] }},
{"zip_code":"77089","country":"US","city":"Houston","state":"Texas","state_ab":"TX","county":"Harris","geo_location":{ "type": "Point", "coordinates": [-95.2218, 29.594] }},
{"zip_code":"77090","country":"US","city":"Houston","state":"Texas","state_ab":"TX","county":"Harris","geo_location":{ "type": "Point", "coordinates": [-95.447, 30.0167] }},
{"zip_code":"77203","country":"US","city":"Houston","state":"Texas","state_ab":"TX","county":"Harris","geo_location":{ "type": "Point", "coordinates": [-95.4342, 29.834] }},
{"zip_code":"77216","country":"US","city":"Houston","state":"Texas","state_ab":"TX","county":"Harris","geo_location":{ "type": "Point", "coordinates": [-95.4342, 29.834] }},
{"zip_code":"77229","country":"US","city":"Houston","state":"Texas","state_ab":"TX","county":"Harris","geo_location":{ "type": "Point", "coordinates": [-95.4342, 29.834] }},
{"zip_code":"77230","country":"US","city":"Houston","state":"Texas","state_ab":"TX","county":"Harris","geo_location":{ "type": "Point", "coordinates": [-95.4342, 29.834] }},
{"zip_code":"77243","country":"US","city":"Houston","state":"Texas","state_ab":"TX","county":"Harris","geo_location":{ "type": "Point", "coordinates": [-95.4342, 29.834] }},
{"zip_code":"77256","country":"US","city":"Houston","state":"Texas","state_ab":"TX","county":"Harris","geo_location":{ "type": "Point", "coordinates": [-95.4342, 29.834] }},
{"zip_code":"77269","country":"US","city":"Houston","state":"Texas","state_ab":"TX","county":"Harris","geo_location":{ "type": "Point", "coordinates": [-95.4342, 29.834] }},
{"zip_code":"77270","country":"US","city":"Houston","state":"Texas","state_ab":"TX","county":"Harris","geo_location":{ "type": "Point", "coordinates": [-95.4342, 29.834] }},
{"zip_code":"77296","country":"US","city":"Houston","state":"Texas","state_ab":"TX","county":"Harris County","geo_location":{ "type": "Point", "coordinates": [-95.3641, 29.7626] }},
{"zip_code":"77346","country":"US","city":"Humble","state":"Texas","state_ab":"TX","county":"Harris","geo_location":{ "type": "Point", "coordinates": [-95.1728, 30.0042] }},
{"zip_code":"77373","country":"US","city":"Spring","state":"Texas","state_ab":"TX","county":"Harris","geo_location":{ "type": "Point", "coordinates": [-95.3773, 30.0532] }},
{"zip_code":"77410","country":"US","city":"Cypress","state":"Texas","state_ab":"TX","county":"Harris","geo_location":{ "type": "Point", "coordinates": [-95.4342, 29.834] }},
{"zip_code":"77449","country":"US","city":"Katy","state":"Texas","state_ab":"TX","county":"Harris","geo_location":{ "type": "Point", "coordinates": [-95.736, 29.8323] }},
{"zip_code":"77450","country":"US","city":"Katy","state":"Texas","state_ab":"TX","county":"Harris","geo_location":{ "type": "Point", "coordinates": [-95.7326, 29.745] }},
{"zip_code":"75650","country":"US","city":"Hallsville","state":"Texas","state_ab":"TX","county":"Harrison","geo_location":{ "type": "Point", "coordinates": [-94.5333, 32.5073] }},
{"zip_code":"78619","country":"US","city":"Driftwood","state":"Texas","state_ab":"TX","county":"Hays","geo_location":{ "type": "Point", "coordinates": [-98.0327, 30.1072] }},
{"zip_code":"78620","country":"US","city":"Dripping Springs","state":"Texas","state_ab":"TX","county":"Hays","geo_location":{ "type": "Point", "coordinates": [-98.1029, 30.2268] }},
{"zip_code":"78503","country":"US","city":"Mcallen","state":"Texas","state_ab":"TX","county":"Hidalgo","geo_location":{ "type": "Point", "coordinates": [-98.252, 26.1771] }},
{"zip_code":"78516","country":"US","city":"Alamo","state":"Texas","state_ab":"TX","county":"Hidalgo","geo_location":{ "type": "Point", "coordinates": [-98.1164, 26.1906] }},
{"zip_code":"78543","country":"US","city":"Elsa","state":"Texas","state_ab":"TX","county":"Hidalgo","geo_location":{ "type": "Point", "coordinates": [-97.9884, 26.2974] }},
{"zip_code":"78570","country":"US","city":"Mercedes","state":"Texas","state_ab":"TX","county":"Hidalgo","geo_location":{ "type": "Point", "coordinates": [-97.9185, 26.1513] }},
{"zip_code":"78596","country":"US","city":"Weslaco","state":"Texas","state_ab":"TX","county":"Hidalgo","geo_location":{ "type": "Point", "coordinates": [-97.9887, 26.1694] }},
{"zip_code":"76666","country":"US","city":"Mertens","state":"Texas","state_ab":"TX","county":"Hill","geo_location":{ "type": "Point", "coordinates": [-96.8981, 32.0275] }},
{"zip_code":"79313","country":"US","city":"Anton","state":"Texas","state_ab":"TX","county":"Hockley","geo_location":{ "type": "Point", "coordinates": [-102.1652, 33.8043] }},
{"zip_code":"79353","country":"US","city":"Pep","state":"Texas","state_ab":"TX","county":"Hockley","geo_location":{ "type": "Point", "coordinates": [-102.5656, 33.8104] }},
{"zip_code":"79380","country":"US","city":"Whitharral","state":"Texas","state_ab":"TX","county":"Hockley","geo_location":{ "type": "Point", "coordinates": [-102.3419, 33.7354] }},
{"zip_code":"75483","country":"US","city":"Sulphur Springs","state":"Texas","state_ab":"TX","county":"Hopkins","geo_location":{ "type": "Point", "coordinates": [-95.5855, 33.1686] }},
{"zip_code":"75403","country":"US","city":"Greenville","state":"Texas","state_ab":"TX","county":"Hunt","geo_location":{ "type": "Point", "coordinates": [-96.0487, 33.2185] }},
{"zip_code":"75429","country":"US","city":"Commerce","state":"Texas","state_ab":"TX","county":"Hunt","geo_location":{ "type": "Point", "coordinates": [-95.9089, 33.2377] }},
{"zip_code":"75496","country":"US","city":"Wolfe City","state":"Texas","state_ab":"TX","county":"Hunt","geo_location":{ "type": "Point", "coordinates": [-96.0691, 33.3605] }},
{"zip_code":"79083","country":"US","city":"Stinnett","state":"Texas","state_ab":"TX","county":"Hutchinson","geo_location":{ "type": "Point", "coordinates": [-101.45, 35.8377] }},
{"zip_code":"76459","country":"US","city":"Jermyn","state":"Texas","state_ab":"TX","county":"Jack","geo_location":{ "type": "Point", "coordinates": [-98.3931, 33.2636] }},
{"zip_code":"76486","country":"US","city":"Perrin","state":"Texas","state_ab":"TX","county":"Jack","geo_location":{ "type": "Point", "coordinates": [-98.044, 33.0585] }},
{"zip_code":"77629","country":"US","city":"Nome","state":"Texas","state_ab":"TX","county":"Jefferson","geo_location":{ "type": "Point", "coordinates": [-94.4189, 30.0015] }},
{"zip_code":"77643","country":"US","city":"Port Arthur","state":"Texas","state_ab":"TX","county":"Jefferson","geo_location":{ "type": "Point", "coordinates": [-93.8679, 29.9621] }},
{"zip_code":"77706","country":"US","city":"Beaumont","state":"Texas","state_ab":"TX","county":"Jefferson","geo_location":{ "type": "Point", "coordinates": [-94.1648, 30.0948] }},
{"zip_code":"77720","country":"US","city":"Beaumont","state":"Texas","state_ab":"TX","county":"Jefferson","geo_location":{ "type": "Point", "coordinates": [-94.1297, 29.8476] }},
{"zip_code":"76033","country":"US","city":"Cleburne","state":"Texas","state_ab":"TX","county":"Johnson","geo_location":{ "type": "Point", "coordinates": [-97.4103, 32.3509] }},
{"zip_code":"76059","country":"US","city":"Keene","state":"Texas","state_ab":"TX","county":"Johnson","geo_location":{ "type": "Point", "coordinates": [-97.3287, 32.3937] }},
{"zip_code":"79520","country":"US","city":"Hamlin","state":"Texas","state_ab":"TX","county":"Jones","geo_location":{ "type": "Point", "coordinates": [-100.128, 32.8799] }},
{"zip_code":"79533","country":"US","city":"Lueders","state":"Texas","state_ab":"TX","county":"Jones","geo_location":{ "type": "Point", "coordinates": [-99.5783, 32.8712] }},
{"zip_code":"78116","country":"US","city":"Gillett","state":"Texas","state_ab":"TX","county":"Karnes","geo_location":{ "type": "Point", "coordinates": [-97.8343, 29.0514] }},
{"zip_code":"75160","country":"US","city":"Terrell","state":"Texas","state_ab":"TX","county":"Kaufman","geo_location":{ "type": "Point", "coordinates": [-96.2831, 32.7515] }},
{"zip_code":"78013","country":"US","city":"Comfort","state":"Texas","state_ab":"TX","county":"Kendall","geo_location":{ "type": "Point", "coordinates": [-98.8438, 29.9791] }},
{"zip_code":"79236","country":"US","city":"Guthrie","state":"Texas","state_ab":"TX","county":"King","geo_location":{ "type": "Point", "coordinates": [-100.3359, 33.6845] }},
{"zip_code":"78363","country":"US","city":"Kingsville","state":"Texas","state_ab":"TX","county":"Kleberg","geo_location":{ "type": "Point", "coordinates": [-97.8407, 27.4229] }},
{"zip_code":"76383","country":"US","city":"Vera","state":"Texas","state_ab":"TX","county":"Knox County","geo_location":{ "type": "Point", "coordinates": [-99.8039, 33.6337] }},
{"zip_code":"75416","country":"US","city":"Blossom","state":"Texas","state_ab":"TX","county":"Lamar","geo_location":{ "type": "Point", "coordinates": [-95.3823, 33.6945] }},
{"zip_code":"75470","country":"US","city":"Petty","state":"Texas","state_ab":"TX","county":"Lamar","geo_location":{ "type": "Point", "coordinates": [-95.7891, 33.6098] }},
{"zip_code":"79326","country":"US","city":"Fieldton","state":"Texas","state_ab":"TX","county":"Lamb","geo_location":{ "type": "Point", "coordinates": [-102.206, 34.053] }},
{"zip_code":"79339","country":"US","city":"Littlefield","state":"Texas","state_ab":"TX","county":"Lamb","geo_location":{ "type": "Point", "coordinates": [-102.3207, 33.9212] }},
{"zip_code":"76550","country":"US","city":"Lampasas","state":"Texas","state_ab":"TX","county":"Lampasas","geo_location":{ "type": "Point", "coordinates": [-98.1834, 31.068] }},
{"zip_code":"77850","country":"US","city":"Concord","state":"Texas","state_ab":"TX","county":"Leon","geo_location":{ "type": "Point", "coordinates": [-95.9935, 31.3138] }},
{"zip_code":"76653","country":"US","city":"Kosse","state":"Texas","state_ab":"TX","county":"Limestone","geo_location":{ "type": "Point", "coordinates": [-96.6195, 31.3147] }},
{"zip_code":"79056","country":"US","city":"Lipscomb","state":"Texas","state_ab":"TX","county":"Lipscomb","geo_location":{ "type": "Point", "coordinates": [-100.2702, 36.223] }},
{"zip_code":"78350","country":"US","city":"Dinero","state":"Texas","state_ab":"TX","county":"Live Oak","geo_location":{ "type": "Point", "coordinates": [-98.0719, 28.4218] }},
{"zip_code":"79366","country":"US","city":"Ransom Canyon","state":"Texas","state_ab":"TX","county":"Lubbock","geo_location":{ "type": "Point", "coordinates": [-101.6908, 33.533] }},
{"zip_code":"79403","country":"US","city":"Lubbock","state":"Texas","state_ab":"TX","county":"Lubbock","geo_location":{ "type": "Point", "coordinates": [-101.8098, 33.6196] }},
{"zip_code":"79416","country":"US","city":"Lubbock","state":"Texas","state_ab":"TX","county":"Lubbock","geo_location":{ "type": "Point", "coordinates": [-101.9367, 33.5924] }},
{"zip_code":"79430","country":"US","city":"Lubbock","state":"Texas","state_ab":"TX","county":"Lubbock","geo_location":{ "type": "Point", "coordinates": [-101.8213, 33.61] }},
{"zip_code":"76640","country":"US","city":"Elm Mott","state":"Texas","state_ab":"TX","county":"McLennan","geo_location":{ "type": "Point", "coordinates": [-97.1138, 31.6725] }},
{"zip_code":"76703","country":"US","city":"Waco","state":"Texas","state_ab":"TX","county":"McLennan","geo_location":{ "type": "Point", "coordinates": [-97.2032, 31.5536] }},
{"zip_code":"76716","country":"US","city":"Waco","state":"Texas","state_ab":"TX","county":"McLennan","geo_location":{ "type": "Point", "coordinates": [-97.2032, 31.5536] }},
{"zip_code":"76796","country":"US","city":"Waco","state":"Texas","state_ab":"TX","county":"McLennan County","geo_location":{ "type": "Point", "coordinates": [-97.0823, 31.5915] }},
{"zip_code":"76820","country":"US","city":"Art","state":"Texas","state_ab":"TX","county":"Mason","geo_location":{ "type": "Point", "coordinates": [-99.0486, 30.767] }},
{"zip_code":"78853","country":"US","city":"Eagle Pass","state":"Texas","state_ab":"TX","county":"Maverick","geo_location":{ "type": "Point", "coordinates": [-100.4784, 28.679] }},
{"zip_code":"78039","country":"US","city":"La Coste","state":"Texas","state_ab":"TX","county":"Medina","geo_location":{ "type": "Point", "coordinates": [-98.8125, 29.3082] }},
{"zip_code":"78066","country":"US","city":"Rio Medina","state":"Texas","state_ab":"TX","county":"Medina","geo_location":{ "type": "Point", "coordinates": [-98.8694, 29.4612] }},
{"zip_code":"76859","country":"US","city":"Menard","state":"Texas","state_ab":"TX","county":"Menard","geo_location":{ "type": "Point", "coordinates": [-99.7847, 30.9119] }},
{"zip_code":"76523","country":"US","city":"Davilla","state":"Texas","state_ab":"TX","county":"Milam","geo_location":{ "type": "Point", "coordinates": [-97.298, 30.7824] }},
{"zip_code":"76239","country":"US","city":"Forestburg","state":"Texas","state_ab":"TX","county":"Montague","geo_location":{ "type": "Point", "coordinates": [-97.5848, 33.5398] }},
{"zip_code":"77306","country":"US","city":"Conroe","state":"Texas","state_ab":"TX","county":"Montgomery","geo_location":{ "type": "Point", "coordinates": [-95.2851, 30.2277] }},
{"zip_code":"77333","country":"US","city":"Dobbin","state":"Texas","state_ab":"TX","county":"Montgomery","geo_location":{ "type": "Point", "coordinates": [-95.7723, 30.3365] }},
{"zip_code":"77386","country":"US","city":"Spring","state":"Texas","state_ab":"TX","county":"Montgomery","geo_location":{ "type": "Point", "coordinates": [-95.4239, 30.1288] }},
{"zip_code":"79029","country":"US","city":"Dumas","state":"Texas","state_ab":"TX","county":"Moore","geo_location":{ "type": "Point", "coordinates": [-101.968, 35.8823] }},
{"zip_code":"75636","country":"US","city":"Cason","state":"Texas","state_ab":"TX","county":"Morris","geo_location":{ "type": "Point", "coordinates": [-94.8249, 33.024] }},
{"zip_code":"75946","country":"US","city":"Garrison","state":"Texas","state_ab":"TX","county":"Nacogdoches","geo_location":{ "type": "Point", "coordinates": [-94.5266, 31.8111] }},
{"zip_code":"76626","country":"US","city":"Blooming Grove","state":"Texas","state_ab":"TX","county":"Navarro","geo_location":{ "type": "Point", "coordinates": [-96.701, 32.0758] }},
{"zip_code":"76639","country":"US","city":"Dawson","state":"Texas","state_ab":"TX","county":"Navarro","geo_location":{ "type": "Point", "coordinates": [-96.7085, 31.8974] }},
{"zip_code":"76679","country":"US","city":"Purdon","state":"Texas","state_ab":"TX","county":"Navarro","geo_location":{ "type": "Point", "coordinates": [-96.5856, 31.9483] }},
{"zip_code":"75933","country":"US","city":"Call","state":"Texas","state_ab":"TX","county":"Newton","geo_location":{ "type": "Point", "coordinates": [-93.8334, 30.5741] }},
{"zip_code":"79506","country":"US","city":"Blackwell","state":"Texas","state_ab":"TX","county":"Nolan","geo_location":{ "type": "Point", "coordinates": [-100.3111, 32.082] }},
{"zip_code":"78413","country":"US","city":"Corpus Christi","state":"Texas","state_ab":"TX","county":"Nueces","geo_location":{ "type": "Point", "coordinates": [-97.3983, 27.691] }},
{"zip_code":"78426","country":"US","city":"Corpus Christi","state":"Texas","state_ab":"TX","county":"Nueces","geo_location":{ "type": "Point", "coordinates": [-97.4632, 27.777] }},
{"zip_code":"78466","country":"US","city":"Corpus Christi","state":"Texas","state_ab":"TX","county":"Nueces","geo_location":{ "type": "Point", "coordinates": [-97.4632, 27.777] }},
{"zip_code":"78480","country":"US","city":"Corpus Christi","state":"Texas","state_ab":"TX","county":"Nueces","geo_location":{ "type": "Point", "coordinates": [-97.4632, 27.777] }},
{"zip_code":"79070","country":"US","city":"Perryton","state":"Texas","state_ab":"TX","county":"Ochiltree","geo_location":{ "type": "Point", "coordinates": [-100.8156, 36.3748] }},
{"zip_code":"77630","country":"US","city":"Orange","state":"Texas","state_ab":"TX","county":"Orange","geo_location":{ "type": "Point", "coordinates": [-93.8659, 30.0709] }},
{"zip_code":"77670","country":"US","city":"Vidor","state":"Texas","state_ab":"TX","county":"Orange","geo_location":{ "type": "Point", "coordinates": [-93.9031, 30.0548] }},
{"zip_code":"76086","country":"US","city":"Weatherford","state":"Texas","state_ab":"TX","county":"Parker","geo_location":{ "type": "Point", "coordinates": [-97.7899, 32.7549] }},
{"zip_code":"79740","country":"US","city":"Girvin","state":"Texas","state_ab":"TX","county":"Pecos","geo_location":{ "type": "Point", "coordinates": [-102.4592, 31.0473] }},
{"zip_code":"75960","country":"US","city":"Moscow","state":"Texas","state_ab":"TX","county":"Polk","geo_location":{ "type": "Point", "coordinates": [-94.8544, 30.9179] }},
{"zip_code":"77360","country":"US","city":"Onalaska","state":"Texas","state_ab":"TX","county":"Polk","geo_location":{ "type": "Point", "coordinates": [-95.1056, 30.8225] }},
{"zip_code":"77399","country":"US","city":"Livingston","state":"Texas","state_ab":"TX","county":"Polk","geo_location":{ "type": "Point", "coordinates": [-94.8691, 30.8179] }},
{"zip_code":"79106","country":"US","city":"Amarillo","state":"Texas","state_ab":"TX","county":"Potter","geo_location":{ "type": "Point", "coordinates": [-101.8949, 35.1977] }},
{"zip_code":"79120","country":"US","city":"Amarillo","state":"Texas","state_ab":"TX","county":"Potter","geo_location":{ "type": "Point", "coordinates": [-101.8034, 35.1964] }},
{"zip_code":"79159","country":"US","city":"Amarillo","state":"Texas","state_ab":"TX","county":"Potter","geo_location":{ "type": "Point", "coordinates": [-102.0714, 35.216] }},
{"zip_code":"79160","country":"US","city":"Amarillo","state":"Texas","state_ab":"TX","county":"Potter","geo_location":{ "type": "Point", "coordinates": [-101.8951, 35.4015] }},
{"zip_code":"79173","country":"US","city":"Amarillo","state":"Texas","state_ab":"TX","county":"Potter County","geo_location":{ "type": "Point", "coordinates": [-101.8165, 35.1885] }},
{"zip_code":"79186","country":"US","city":"Amarillo","state":"Texas","state_ab":"TX","county":"Potter","geo_location":{ "type": "Point", "coordinates": [-101.8951, 35.4015] }},
{"zip_code":"79843","country":"US","city":"Marfa","state":"Texas","state_ab":"TX","county":"Presidio","geo_location":{ "type": "Point", "coordinates": [-104.0848, 30.293] }},
{"zip_code":"79016","country":"US","city":"Canyon","state":"Texas","state_ab":"TX","county":"Randall","geo_location":{ "type": "Point", "coordinates": [-101.8959, 34.9654] }},
{"zip_code":"79119","country":"US","city":"Amarillo","state":"Texas","state_ab":"TX","county":"Randall","geo_location":{ "type": "Point", "coordinates": [-101.9743, 35.0642] }},
{"zip_code":"78879","country":"US","city":"Rio Frio","state":"Texas","state_ab":"TX","county":"Real","geo_location":{ "type": "Point", "coordinates": [-99.7165, 29.6495] }},
{"zip_code":"79780","country":"US","city":"Saragosa","state":"Texas","state_ab":"TX","county":"Reeves","geo_location":{ "type": "Point", "coordinates": [-103.6364, 31.0428] }},
{"zip_code":"75689","country":"US","city":"Selman City","state":"Texas","state_ab":"TX","county":"Rusk","geo_location":{ "type": "Point", "coordinates": [-94.9355, 32.1826] }},
{"zip_code":"75959","country":"US","city":"Milam","state":"Texas","state_ab":"TX","county":"Sabine","geo_location":{ "type": "Point", "coordinates": [-93.8778, 31.5033] }},
{"zip_code":"77359","country":"US","city":"Oakhurst","state":"Texas","state_ab":"TX","county":"San Jacinto","geo_location":{ "type": "Point", "coordinates": [-95.3095, 30.7126] }},
{"zip_code":"78336","country":"US","city":"Aransas Pass","state":"Texas","state_ab":"TX","county":"San Patricio","geo_location":{ "type": "Point", "coordinates": [-97.1591, 27.9095] }},
{"zip_code":"78390","country":"US","city":"Taft","state":"Texas","state_ab":"TX","county":"San Patricio","geo_location":{ "type": "Point", "coordinates": [-97.3966, 27.9765] }},
{"zip_code":"76936","country":"US","city":"Eldorado","state":"Texas","state_ab":"TX","county":"Schleicher","geo_location":{ "type": "Point", "coordinates": [-100.5889, 30.8667] }},
{"zip_code":"75973","country":"US","city":"Shelbyville","state":"Texas","state_ab":"TX","county":"Shelby","geo_location":{ "type": "Point", "coordinates": [-93.9698, 31.7131] }},
{"zip_code":"75713","country":"US","city":"Tyler","state":"Texas","state_ab":"TX","county":"Smith","geo_location":{ "type": "Point", "coordinates": [-95.2899, 32.4112] }},
{"zip_code":"76950","country":"US","city":"Sonora","state":"Texas","state_ab":"TX","county":"Sutton","geo_location":{ "type": "Point", "coordinates": [-100.6307, 30.5558] }},
{"zip_code":"76006","country":"US","city":"Arlington","state":"Texas","state_ab":"TX","county":"Tarrant","geo_location":{ "type": "Point", "coordinates": [-97.0834, 32.7785] }},
{"zip_code":"76019","country":"US","city":"Arlington","state":"Texas","state_ab":"TX","county":"Tarrant","geo_location":{ "type": "Point", "coordinates": [-97.2915, 32.7714] }},
{"zip_code":"76020","country":"US","city":"Azle","state":"Texas","state_ab":"TX","county":"Tarrant","geo_location":{ "type": "Point", "coordinates": [-97.5412, 32.9035] }},
{"zip_code":"76060","country":"US","city":"Kennedale","state":"Texas","state_ab":"TX","county":"Tarrant","geo_location":{ "type": "Point", "coordinates": [-97.2139, 32.6432] }},
{"zip_code":"76099","country":"US","city":"Grapevine","state":"Texas","state_ab":"TX","county":"Tarrant","geo_location":{ "type": "Point", "coordinates": [-97.2915, 32.7714] }},
{"zip_code":"76109","country":"US","city":"Fort Worth","state":"Texas","state_ab":"TX","county":"Tarrant","geo_location":{ "type": "Point", "coordinates": [-97.3789, 32.7002] }},
{"zip_code":"76110","country":"US","city":"Fort Worth","state":"Texas","state_ab":"TX","county":"Tarrant","geo_location":{ "type": "Point", "coordinates": [-97.3375, 32.7065] }},
{"zip_code":"76123","country":"US","city":"Fort Worth","state":"Texas","state_ab":"TX","county":"Tarrant","geo_location":{ "type": "Point", "coordinates": [-97.3658, 32.6254] }},
{"zip_code":"76136","country":"US","city":"Fort Worth","state":"Texas","state_ab":"TX","county":"Tarrant","geo_location":{ "type": "Point", "coordinates": [-97.2915, 32.7714] }},
{"zip_code":"76150","country":"US","city":"Fort Worth","state":"Texas","state_ab":"TX","county":"Tarrant","geo_location":{ "type": "Point", "coordinates": [-97.2915, 32.7714] }},
{"zip_code":"76163","country":"US","city":"Fort Worth","state":"Texas","state_ab":"TX","county":"Tarrant","geo_location":{ "type": "Point", "coordinates": [-97.2915, 32.7714] }},
{"zip_code":"75456","country":"US","city":"Mount Pleasant","state":"Texas","state_ab":"TX","county":"Titus","geo_location":{ "type": "Point", "coordinates": [-94.9675, 33.1904] }},
{"zip_code":"76886","country":"US","city":"Veribest","state":"Texas","state_ab":"TX","county":"Tom Green","geo_location":{ "type": "Point", "coordinates": [-100.4949, 31.3493] }},
{"zip_code":"76909","country":"US","city":"San Angelo","state":"Texas","state_ab":"TX","county":"Tom Green","geo_location":{ "type": "Point", "coordinates": [-100.6896, 31.3958] }},
{"zip_code":"78660","country":"US","city":"Pflugerville","state":"Texas","state_ab":"TX","county":"Travis","geo_location":{ "type": "Point", "coordinates": [-97.6299, 30.4421] }},
{"zip_code":"78709","country":"US","city":"Austin","state":"Texas","state_ab":"TX","county":"Travis","geo_location":{ "type": "Point", "coordinates": [-97.7713, 30.3264] }},
{"zip_code":"78710","country":"US","city":"Austin","state":"Texas","state_ab":"TX","county":"Travis","geo_location":{ "type": "Point", "coordinates": [-97.7151, 30.352] }},
{"zip_code":"78723","country":"US","city":"Austin","state":"Texas","state_ab":"TX","county":"Travis","geo_location":{ "type": "Point", "coordinates": [-97.6849, 30.3085] }},
{"zip_code":"78736","country":"US","city":"Austin","state":"Texas","state_ab":"TX","county":"Travis","geo_location":{ "type": "Point", "coordinates": [-97.916, 30.2444] }},
{"zip_code":"78749","country":"US","city":"Austin","state":"Texas","state_ab":"TX","county":"Travis","geo_location":{ "type": "Point", "coordinates": [-97.8508, 30.2166] }},
{"zip_code":"78750","country":"US","city":"Austin","state":"Texas","state_ab":"TX","county":"Travis","geo_location":{ "type": "Point", "coordinates": [-97.7967, 30.4224] }},
{"zip_code":"78763","country":"US","city":"Austin","state":"Texas","state_ab":"TX","county":"Travis","geo_location":{ "type": "Point", "coordinates": [-97.5598, 30.3354] }},
{"zip_code":"78789","country":"US","city":"Austin","state":"Texas","state_ab":"TX","county":"Travis","geo_location":{ "type": "Point", "coordinates": [-97.7713, 30.3264] }},
{"zip_code":"75856","country":"US","city":"Pennington","state":"Texas","state_ab":"TX","county":"Trinity","geo_location":{ "type": "Point", "coordinates": [-95.2469, 31.1953] }},
{"zip_code":"77616","country":"US","city":"Fred","state":"Texas","state_ab":"TX","county":"Tyler","geo_location":{ "type": "Point", "coordinates": [-94.18, 30.5678] }},
{"zip_code":"75340","country":"US","city":"Dallas","state":"Texas","state_ab":"TX","county":"Upshur County","geo_location":{ "type": "Point", "coordinates": [-96.8641, 32.7699] }},
{"zip_code":"78840","country":"US","city":"Del Rio","state":"Texas","state_ab":"TX","county":"Val Verde","geo_location":{ "type": "Point", "coordinates": [-100.8932, 29.4102] }},
{"zip_code":"77320","country":"US","city":"Huntsville","state":"Texas","state_ab":"TX","county":"Walker","geo_location":{ "type": "Point", "coordinates": [-95.597, 30.847] }},
{"zip_code":"77423","country":"US","city":"Brookshire","state":"Texas","state_ab":"TX","county":"Waller","geo_location":{ "type": "Point", "coordinates": [-95.9755, 29.8072] }},
{"zip_code":"79779","country":"US","city":"Royalty","state":"Texas","state_ab":"TX","county":"Ward","geo_location":{ "type": "Point", "coordinates": [-103.189, 31.4594] }},
{"zip_code":"78040","country":"US","city":"Laredo","state":"Texas","state_ab":"TX","county":"Webb","geo_location":{ "type": "Point", "coordinates": [-99.4986, 27.5155] }},
{"zip_code":"77436","country":"US","city":"Egypt","state":"Texas","state_ab":"TX","county":"Wharton","geo_location":{ "type": "Point", "coordinates": [-96.228, 29.3758] }},
{"zip_code":"79003","country":"US","city":"Allison","state":"Texas","state_ab":"TX","county":"Wheeler","geo_location":{ "type": "Point", "coordinates": [-100.092, 35.642] }},
{"zip_code":"79096","country":"US","city":"Wheeler","state":"Texas","state_ab":"TX","county":"Wheeler","geo_location":{ "type": "Point", "coordinates": [-100.2568, 35.4319] }},
{"zip_code":"76303","country":"US","city":"Wichita Falls","state":"Texas","state_ab":"TX","county":"Wichita County","geo_location":{ "type": "Point", "coordinates": [-98.4609, 33.9002] }},
{"zip_code":"76369","country":"US","city":"Kamay","state":"Texas","state_ab":"TX","county":"Wichita","geo_location":{ "type": "Point", "coordinates": [-98.6877, 34.0234] }},
{"zip_code":"78569","country":"US","city":"Lyford","state":"Texas","state_ab":"TX","county":"Willacy","geo_location":{ "type": "Point", "coordinates": [-97.7817, 26.4089] }},
{"zip_code":"78633","country":"US","city":"Georgetown","state":"Texas","state_ab":"TX","county":"Williamson County","geo_location":{ "type": "Point", "coordinates": [-97.7543, 30.7177] }},
{"zip_code":"78646","country":"US","city":"Leander","state":"Texas","state_ab":"TX","county":"Williamson","geo_location":{ "type": "Point", "coordinates": [-97.6026, 30.6568] }},
{"zip_code":"78673","country":"US","city":"Walburg","state":"Texas","state_ab":"TX","county":"Williamson","geo_location":{ "type": "Point", "coordinates": [-97.5891, 30.7415] }},
{"zip_code":"78143","country":"US","city":"Pandora","state":"Texas","state_ab":"TX","county":"Wilson","geo_location":{ "type": "Point", "coordinates": [-97.8287, 29.2484] }},
{"zip_code":"76073","country":"US","city":"Paradise","state":"Texas","state_ab":"TX","county":"Wise","geo_location":{ "type": "Point", "coordinates": [-97.6974, 33.0826] }},
{"zip_code":"76460","country":"US","city":"Loving","state":"Texas","state_ab":"TX","county":"Young","geo_location":{ "type": "Point", "coordinates": [-98.5024, 33.2689] }},
{"zip_code":"78839","country":"US","city":"Crystal City","state":"Texas","state_ab":"TX","county":"Zavala","geo_location":{ "type": "Point", "coordinates": [-99.8264, 28.687] }},
{"zip_code":"84713","country":"US","city":"Beaver","state":"Utah","state_ab":"UT","county":"Beaver","geo_location":{ "type": "Point", "coordinates": [-112.6299, 38.2807] }},
{"zip_code":"84313","country":"US","city":"Grouse Creek","state":"Utah","state_ab":"UT","county":"Box Elder","geo_location":{ "type": "Point", "coordinates": [-113.854, 41.6297] }},
{"zip_code":"84340","country":"US","city":"Willard","state":"Utah","state_ab":"UT","county":"Box Elder","geo_location":{ "type": "Point", "coordinates": [-112.0317, 41.3989] }},
{"zip_code":"84326","country":"US","city":"Millville","state":"Utah","state_ab":"UT","county":"Cache","geo_location":{ "type": "Point", "coordinates": [-111.8185, 41.6759] }},
{"zip_code":"84339","country":"US","city":"Wellsville","state":"Utah","state_ab":"UT","county":"Cache","geo_location":{ "type": "Point", "coordinates": [-111.9317, 41.6343] }},
{"zip_code":"84520","country":"US","city":"East Carbon","state":"Utah","state_ab":"UT","county":"Carbon","geo_location":{ "type": "Point", "coordinates": [-110.4113, 39.5461] }},
{"zip_code":"84016","country":"US","city":"Clearfield","state":"Utah","state_ab":"UT","county":"Davis","geo_location":{ "type": "Point", "coordinates": [-111.8881, 40.893] }},
{"zip_code":"84056","country":"US","city":"Hill Afb","state":"Utah","state_ab":"UT","county":"Davis","geo_location":{ "type": "Point", "coordinates": [-111.9898, 41.1202] }},
{"zip_code":"84726","country":"US","city":"Escalante","state":"Utah","state_ab":"UT","county":"Garfield","geo_location":{ "type": "Point", "coordinates": [-111.6037, 37.7698] }},
{"zip_code":"84753","country":"US","city":"Modena","state":"Utah","state_ab":"UT","county":"Iron","geo_location":{ "type": "Point", "coordinates": [-113.9193, 37.7995] }},
{"zip_code":"84636","country":"US","city":"Holden","state":"Utah","state_ab":"UT","county":"Millard","geo_location":{ "type": "Point", "coordinates": [-112.2834, 39.0964] }},
{"zip_code":"84649","country":"US","city":"Oak City","state":"Utah","state_ab":"UT","county":"Millard","geo_location":{ "type": "Point", "coordinates": [-112.3288, 39.3729] }},
{"zip_code":"84650","country":"US","city":"Oasis","state":"Utah","state_ab":"UT","county":"Millard","geo_location":{ "type": "Point", "coordinates": [-112.6281, 39.2902] }},
{"zip_code":"84740","country":"US","city":"Junction","state":"Utah","state_ab":"UT","county":"Piute","geo_location":{ "type": "Point", "coordinates": [-112.2237, 38.2439] }},
{"zip_code":"84070","country":"US","city":"Sandy","state":"Utah","state_ab":"UT","county":"Salt Lake","geo_location":{ "type": "Point", "coordinates": [-111.8816, 40.5794] }},
{"zip_code":"84096","country":"US","city":"Herriman","state":"Utah","state_ab":"UT","county":"Salt Lake County","geo_location":{ "type": "Point", "coordinates": [-112.0325, 40.5144] }},
{"zip_code":"84106","country":"US","city":"Salt Lake City","state":"Utah","state_ab":"UT","county":"Salt Lake","geo_location":{ "type": "Point", "coordinates": [-111.8548, 40.7056] }},
{"zip_code":"84119","country":"US","city":"Salt Lake City","state":"Utah","state_ab":"UT","county":"Salt Lake","geo_location":{ "type": "Point", "coordinates": [-111.9461, 40.7016] }},
{"zip_code":"84120","country":"US","city":"Salt Lake City","state":"Utah","state_ab":"UT","county":"Salt Lake","geo_location":{ "type": "Point", "coordinates": [-112.0001, 40.695] }},
{"zip_code":"84133","country":"US","city":"Salt Lake City","state":"Utah","state_ab":"UT","county":"Salt Lake","geo_location":{ "type": "Point", "coordinates": [-111.8893, 40.769] }},
{"zip_code":"84199","country":"US","city":"Salt Lake City","state":"Utah","state_ab":"UT","county":"Salt Lake","geo_location":{ "type": "Point", "coordinates": [-111.9394, 40.7259] }},
{"zip_code":"84533","country":"US","city":"Lake Powell","state":"Utah","state_ab":"UT","county":"San Juan","geo_location":{ "type": "Point", "coordinates": [-110.2269, 37.7489] }},
{"zip_code":"84623","country":"US","city":"Chester","state":"Utah","state_ab":"UT","county":"Sanpete","geo_location":{ "type": "Point", "coordinates": [-111.4932, 39.4943] }},
{"zip_code":"84739","country":"US","city":"Joseph","state":"Utah","state_ab":"UT","county":"Sevier","geo_location":{ "type": "Point", "coordinates": [-112.2251, 38.6221] }},
{"zip_code":"84766","country":"US","city":"Sevier","state":"Utah","state_ab":"UT","county":"Sevier","geo_location":{ "type": "Point", "coordinates": [-112.3108, 38.5785] }},
{"zip_code":"84029","country":"US","city":"Grantsville","state":"Utah","state_ab":"UT","county":"Tooele","geo_location":{ "type": "Point", "coordinates": [-112.4618, 40.6005] }},
{"zip_code":"84069","country":"US","city":"Rush Valley","state":"Utah","state_ab":"UT","county":"Tooele","geo_location":{ "type": "Point", "coordinates": [-112.4659, 40.3566] }},
{"zip_code":"84083","country":"US","city":"Wendover","state":"Utah","state_ab":"UT","county":"Tooele","geo_location":{ "type": "Point", "coordinates": [-113.9918, 40.7329] }},
{"zip_code":"84030","country":"US","city":"Gusher","state":"Utah","state_ab":"UT","county":"Uintah","geo_location":{ "type": "Point", "coordinates": [-109.5478, 40.1602] }},
{"zip_code":"84003","country":"US","city":"American Fork","state":"Utah","state_ab":"UT","county":"Utah","geo_location":{ "type": "Point", "coordinates": [-111.7941, 40.3928] }},
{"zip_code":"84043","country":"US","city":"Lehi","state":"Utah","state_ab":"UT","county":"Utah","geo_location":{ "type": "Point", "coordinates": [-111.8506, 40.3958] }},
{"zip_code":"84663","country":"US","city":"Springville","state":"Utah","state_ab":"UT","county":"Utah","geo_location":{ "type": "Point", "coordinates": [-111.5987, 40.1625] }},
{"zip_code":"84779","country":"US","city":"Virgin","state":"Utah","state_ab":"UT","county":"Washington","geo_location":{ "type": "Point", "coordinates": [-113.1854, 37.2022] }},
{"zip_code":"84780","country":"US","city":"Washington","state":"Utah","state_ab":"UT","county":"Washington","geo_location":{ "type": "Point", "coordinates": [-113.505, 37.1364] }},
{"zip_code":"84403","country":"US","city":"Ogden","state":"Utah","state_ab":"UT","county":"Weber","geo_location":{ "type": "Point", "coordinates": [-111.9489, 41.1894] }},
{"zip_code":"23303","country":"US","city":"Atlantic","state":"Virginia","state_ab":"VA","county":"Accomack","geo_location":{ "type": "Point", "coordinates": [-75.5089, 37.9073] }},
{"zip_code":"23356","country":"US","city":"Greenbackville","state":"Virginia","state_ab":"VA","county":"Accomack","geo_location":{ "type": "Point", "coordinates": [-75.4029, 38.0064] }},
{"zip_code":"23396","country":"US","city":"Oak Hall","state":"Virginia","state_ab":"VA","county":"Accomack","geo_location":{ "type": "Point", "coordinates": [-75.5551, 37.9237] }},
{"zip_code":"23420","country":"US","city":"Painter","state":"Virginia","state_ab":"VA","county":"Accomack","geo_location":{ "type": "Point", "coordinates": [-75.8066, 37.5828] }},
{"zip_code":"22946","country":"US","city":"Keene","state":"Virginia","state_ab":"VA","county":"Albemarle","geo_location":{ "type": "Point", "coordinates": [-78.5699, 37.856] }},
{"zip_code":"22959","country":"US","city":"North Garden","state":"Virginia","state_ab":"VA","county":"Albemarle","geo_location":{ "type": "Point", "coordinates": [-78.6351, 37.9336] }},
{"zip_code":"24593","country":"US","city":"Spout Spring","state":"Virginia","state_ab":"VA","county":"Appomattox","geo_location":{ "type": "Point", "coordinates": [-78.9059, 37.3643] }},
{"zip_code":"22209","country":"US","city":"Arlington","state":"Virginia","state_ab":"VA","county":"Arlington","geo_location":{ "type": "Point", "coordinates": [-77.0753, 38.8926] }},
{"zip_code":"22210","country":"US","city":"Arlington","state":"Virginia","state_ab":"VA","county":"Arlington","geo_location":{ "type": "Point", "coordinates": [-77.1129, 38.8808] }},
{"zip_code":"22223","country":"US","city":"Arlington","state":"Virginia","state_ab":"VA","county":"Arlington","geo_location":{ "type": "Point", "coordinates": [-77.1129, 38.8808] }},
{"zip_code":"22843","country":"US","city":"Mount Solon","state":"Virginia","state_ab":"VA","county":"Augusta","geo_location":{ "type": "Point", "coordinates": [-79.1028, 38.3328] }},
{"zip_code":"24463","country":"US","city":"Mint Spring","state":"Virginia","state_ab":"VA","county":"Augusta","geo_location":{ "type": "Point", "coordinates": [-79.1413, 38.1797] }},
{"zip_code":"24476","country":"US","city":"Steeles Tavern","state":"Virginia","state_ab":"VA","county":"Augusta","geo_location":{ "type": "Point", "coordinates": [-79.2233, 37.9705] }},
{"zip_code":"24526","country":"US","city":"Big Island","state":"Virginia","state_ab":"VA","county":"Bedford","geo_location":{ "type": "Point", "coordinates": [-79.3827, 37.5306] }},
{"zip_code":"24050","country":"US","city":"Roanoke","state":"Virginia","state_ab":"VA","county":"Botetourt","geo_location":{ "type": "Point", "coordinates": [-79.7862, 37.5551] }},
{"zip_code":"24090","country":"US","city":"Fincastle","state":"Virginia","state_ab":"VA","county":"Botetourt","geo_location":{ "type": "Point", "coordinates": [-79.8511, 37.4911] }},
{"zip_code":"23873","country":"US","city":"Meredithville","state":"Virginia","state_ab":"VA","county":"Brunswick","geo_location":{ "type": "Point", "coordinates": [-77.9544, 36.8088] }},
{"zip_code":"24603","country":"US","city":"Big Rock","state":"Virginia","state_ab":"VA","county":"Buchanan","geo_location":{ "type": "Point", "coordinates": [-82.1968, 37.3532] }},
{"zip_code":"24656","country":"US","city":"Vansant","state":"Virginia","state_ab":"VA","county":"Buchanan","geo_location":{ "type": "Point", "coordinates": [-82.1277, 37.1738] }},
{"zip_code":"23123","country":"US","city":"New Canton","state":"Virginia","state_ab":"VA","county":"Buckingham","geo_location":{ "type": "Point", "coordinates": [-78.3112, 37.6645] }},
{"zip_code":"23936","country":"US","city":"Dillwyn","state":"Virginia","state_ab":"VA","county":"Buckingham","geo_location":{ "type": "Point", "coordinates": [-78.4349, 37.4124] }},
{"zip_code":"24513","country":"US","city":"Lynchburg","state":"Virginia","state_ab":"VA","county":"Campbell","geo_location":{ "type": "Point", "coordinates": [-79.1335, 37.2458] }},
{"zip_code":"22546","country":"US","city":"Ruther Glen","state":"Virginia","state_ab":"VA","county":"Caroline","geo_location":{ "type": "Point", "coordinates": [-77.4714, 37.9451] }},
{"zip_code":"23923","country":"US","city":"Charlotte Court House","state":"Virginia","state_ab":"VA","county":"Charlotte","geo_location":{ "type": "Point", "coordinates": [-78.6378, 37.0879] }},
{"zip_code":"23963","country":"US","city":"Red House","state":"Virginia","state_ab":"VA","county":"Charlotte","geo_location":{ "type": "Point", "coordinates": [-78.8145, 37.1914] }},
{"zip_code":"23976","country":"US","city":"Wylliesburg","state":"Virginia","state_ab":"VA","county":"Charlotte","geo_location":{ "type": "Point", "coordinates": [-78.5982, 36.8391] }},
{"zip_code":"22663","country":"US","city":"White Post","state":"Virginia","state_ab":"VA","county":"Clarke","geo_location":{ "type": "Point", "coordinates": [-78.1105, 39.058] }},
{"zip_code":"22713","country":"US","city":"Boston","state":"Virginia","state_ab":"VA","county":"Culpeper","geo_location":{ "type": "Point", "coordinates": [-78.1423, 38.5382] }},
{"zip_code":"22726","country":"US","city":"Lignum","state":"Virginia","state_ab":"VA","county":"Culpeper","geo_location":{ "type": "Point", "coordinates": [-77.83, 38.3956] }},
{"zip_code":"24256","country":"US","city":"Haysi","state":"Virginia","state_ab":"VA","county":"Dickenson","geo_location":{ "type": "Point", "coordinates": [-82.2853, 37.2206] }},
{"zip_code":"24269","country":"US","city":"Mc Clure","state":"Virginia","state_ab":"VA","county":"Dickenson","geo_location":{ "type": "Point", "coordinates": [-82.3806, 37.0814] }},
{"zip_code":"23833","country":"US","city":"Church Road","state":"Virginia","state_ab":"VA","county":"Dinwiddie","geo_location":{ "type": "Point", "coordinates": [-77.6646, 37.195] }},
{"zip_code":"22559","country":"US","city":"Supply","state":"Virginia","state_ab":"VA","county":"Essex County","geo_location":{ "type": "Point", "coordinates": [-77.1097, 38.0825] }},
{"zip_code":"22560","country":"US","city":"Tappahannock","state":"Virginia","state_ab":"VA","county":"Essex","geo_location":{ "type": "Point", "coordinates": [-76.9125, 37.9146] }},
{"zip_code":"20153","country":"US","city":"Chantilly","state":"Virginia","state_ab":"VA","county":"Fairfax","geo_location":{ "type": "Point", "coordinates": [-77.2888, 38.8318] }},
{"zip_code":"20193","country":"US","city":"Reston","state":"Virginia","state_ab":"VA","county":"Fairfax","geo_location":{ "type": "Point", "coordinates": [-77.2888, 38.8318] }},
{"zip_code":"22003","country":"US","city":"Annandale","state":"Virginia","state_ab":"VA","county":"Fairfax","geo_location":{ "type": "Point", "coordinates": [-77.2142, 38.8307] }},
{"zip_code":"22016","country":"US","city":"Calverton","state":"Virginia","state_ab":"VA","county":"Fairfax County","geo_location":{ "type": "Point", "coordinates": [-77.6707, 38.6319] }},
{"zip_code":"22043","country":"US","city":"Falls Church","state":"Virginia","state_ab":"VA","county":"Fairfax","geo_location":{ "type": "Point", "coordinates": [-77.1895, 38.8994] }},
{"zip_code":"22070","country":"US","city":"Herndon","state":"Virginia","state_ab":"VA","county":"Fairfax County","geo_location":{ "type": "Point", "coordinates": [-77.386, 38.9776] }},
{"zip_code":"22096","country":"US","city":"Reston","state":"Virginia","state_ab":"VA","county":"Fairfax","geo_location":{ "type": "Point", "coordinates": [-77.2888, 38.8318] }},
{"zip_code":"22106","country":"US","city":"Mc Lean","state":"Virginia","state_ab":"VA","county":"Fairfax","geo_location":{ "type": "Point", "coordinates": [-77.2888, 38.8318] }},
{"zip_code":"22119","country":"US","city":"Merrifield","state":"Virginia","state_ab":"VA","county":"Fairfax","geo_location":{ "type": "Point", "coordinates": [-77.2888, 38.8318] }},
{"zip_code":"22120","country":"US","city":"Merrifield","state":"Virginia","state_ab":"VA","county":"Fairfax","geo_location":{ "type": "Point", "coordinates": [-77.2888, 38.8318] }},
{"zip_code":"22159","country":"US","city":"Springfield","state":"Virginia","state_ab":"VA","county":"Fairfax","geo_location":{ "type": "Point", "coordinates": [-77.2888, 38.8318] }},
{"zip_code":"22160","country":"US","city":"Springfield","state":"Virginia","state_ab":"VA","county":"Fairfax","geo_location":{ "type": "Point", "coordinates": [-77.2888, 38.8318] }},
{"zip_code":"22199","country":"US","city":"Lorton","state":"Virginia","state_ab":"VA","county":"Fairfax","geo_location":{ "type": "Point", "coordinates": [-77.2888, 38.8318] }},
{"zip_code":"20139","country":"US","city":"Casanova","state":"Virginia","state_ab":"VA","county":"Fauquier","geo_location":{ "type": "Point", "coordinates": [-77.7025, 38.6543] }},
{"zip_code":"20140","country":"US","city":"Rectortown","state":"Virginia","state_ab":"VA","county":"Fauquier","geo_location":{ "type": "Point", "coordinates": [-77.8648, 38.9163] }},
{"zip_code":"22186","country":"US","city":"Warrenton","state":"Virginia","state_ab":"VA","county":"Fauquier County","geo_location":{ "type": "Point", "coordinates": [-77.7689, 38.7259] }},
{"zip_code":"22739","country":"US","city":"Somerville","state":"Virginia","state_ab":"VA","county":"Fauquier","geo_location":{ "type": "Point", "coordinates": [-77.5956, 38.5059] }},
{"zip_code":"23190","country":"US","city":"Woods Cross Roads","state":"Virginia","state_ab":"VA","county":"Gloucester","geo_location":{ "type": "Point", "coordinates": [-76.6362, 37.482] }},
{"zip_code":"22973","country":"US","city":"Stanardsville","state":"Virginia","state_ab":"VA","county":"Greene","geo_location":{ "type": "Point", "coordinates": [-78.482, 38.3121] }},
{"zip_code":"24539","country":"US","city":"Crystal Hill","state":"Virginia","state_ab":"VA","county":"Halifax","geo_location":{ "type": "Point", "coordinates": [-78.9179, 36.8513] }},
{"zip_code":"23059","country":"US","city":"Glen Allen","state":"Virginia","state_ab":"VA","county":"Hanover","geo_location":{ "type": "Point", "coordinates": [-77.5544, 37.7284] }},
{"zip_code":"23060","country":"US","city":"Glen Allen","state":"Virginia","state_ab":"VA","county":"Henrico","geo_location":{ "type": "Point", "coordinates": [-77.534, 37.6628] }},
{"zip_code":"23150","country":"US","city":"Sandston","state":"Virginia","state_ab":"VA","county":"Henrico","geo_location":{ "type": "Point", "coordinates": [-77.2758, 37.5157] }},
{"zip_code":"23226","country":"US","city":"Richmond","state":"Virginia","state_ab":"VA","county":"Henrico","geo_location":{ "type": "Point", "coordinates": [-77.5197, 37.5825] }},
{"zip_code":"23280","country":"US","city":"Richmond","state":"Virginia","state_ab":"VA","county":"Henrico","geo_location":{ "type": "Point", "coordinates": [-77.4684, 37.6376] }},
{"zip_code":"24089","country":"US","city":"Fieldale","state":"Virginia","state_ab":"VA","county":"Henry","geo_location":{ "type": "Point", "coordinates": [-79.9652, 36.7064] }},
{"zip_code":"23110","country":"US","city":"Mattaponi","state":"Virginia","state_ab":"VA","county":"King and Queen","geo_location":{ "type": "Point", "coordinates": [-76.8101, 37.6135] }},
{"zip_code":"23086","country":"US","city":"King William","state":"Virginia","state_ab":"VA","county":"King William","geo_location":{ "type": "Point", "coordinates": [-77.0998, 37.7202] }},
{"zip_code":"24243","country":"US","city":"Dryden","state":"Virginia","state_ab":"VA","county":"Lee","geo_location":{ "type": "Point", "coordinates": [-82.9305, 36.7818] }},
{"zip_code":"20166","country":"US","city":"Sterling","state":"Virginia","state_ab":"VA","county":"Loudoun","geo_location":{ "type": "Point", "coordinates": [-77.4723, 38.9814] }},
{"zip_code":"20180","country":"US","city":"Lovettsville","state":"Virginia","state_ab":"VA","county":"Loudoun","geo_location":{ "type": "Point", "coordinates": [-77.6596, 39.2204] }},
{"zip_code":"23020","country":"US","city":"Blakes","state":"Virginia","state_ab":"VA","county":"Mathews County","geo_location":{ "type": "Point", "coordinates": [-76.3663, 37.5067] }},
{"zip_code":"23109","country":"US","city":"Mathews","state":"Virginia","state_ab":"VA","county":"Mathews","geo_location":{ "type": "Point", "coordinates": [-76.3544, 37.4383] }},
{"zip_code":"23163","country":"US","city":"Susan","state":"Virginia","state_ab":"VA","county":"Mathews","geo_location":{ "type": "Point", "coordinates": [-76.3161, 37.3508] }},
{"zip_code":"23950","country":"US","city":"La Crosse","state":"Virginia","state_ab":"VA","county":"Mecklenburg","geo_location":{ "type": "Point", "coordinates": [-78.0754, 36.6613] }},
{"zip_code":"24580","country":"US","city":"Nelson","state":"Virginia","state_ab":"VA","county":"Mecklenburg","geo_location":{ "type": "Point", "coordinates": [-78.671, 36.5586] }},
{"zip_code":"23149","country":"US","city":"Saluda","state":"Virginia","state_ab":"VA","county":"Middlesex","geo_location":{ "type": "Point", "coordinates": [-76.5921, 37.5949] }},
{"zip_code":"23176","country":"US","city":"Wake","state":"Virginia","state_ab":"VA","county":"Middlesex","geo_location":{ "type": "Point", "coordinates": [-76.4323, 37.5681] }},
{"zip_code":"24023","country":"US","city":"Roanoke","state":"Virginia","state_ab":"VA","county":"Montgomery","geo_location":{ "type": "Point", "coordinates": [-80.4062, 37.2107] }},
{"zip_code":"24063","country":"US","city":"Blacksburg","state":"Virginia","state_ab":"VA","county":"Montgomery","geo_location":{ "type": "Point", "coordinates": [-80.3957, 37.1742] }},
{"zip_code":"22920","country":"US","city":"Afton","state":"Virginia","state_ab":"VA","county":"Nelson","geo_location":{ "type": "Point", "coordinates": [-78.841, 37.9626] }},
{"zip_code":"24553","country":"US","city":"Gladstone","state":"Virginia","state_ab":"VA","county":"Nelson","geo_location":{ "type": "Point", "coordinates": [-78.8508, 37.5473] }},
{"zip_code":"23316","country":"US","city":"Cheriton","state":"Virginia","state_ab":"VA","county":"Northampton","geo_location":{ "type": "Point", "coordinates": [-75.9619, 37.2943] }},
{"zip_code":"23419","country":"US","city":"Oyster","state":"Virginia","state_ab":"VA","county":"Northampton","geo_location":{ "type": "Point", "coordinates": [-75.9269, 37.3074] }},
{"zip_code":"23486","country":"US","city":"Willis Wharf","state":"Virginia","state_ab":"VA","county":"Northampton","geo_location":{ "type": "Point", "coordinates": [-75.8105, 37.5189] }},
{"zip_code":"22456","country":"US","city":"Edwardsville","state":"Virginia","state_ab":"VA","county":"Northumberland","geo_location":{ "type": "Point", "coordinates": [-76.4051, 37.8523] }},
{"zip_code":"22960","country":"US","city":"Orange","state":"Virginia","state_ab":"VA","county":"Orange","geo_location":{ "type": "Point", "coordinates": [-78.0461, 38.2192] }},
{"zip_code":"22650","country":"US","city":"Rileyville","state":"Virginia","state_ab":"VA","county":"Page","geo_location":{ "type": "Point", "coordinates": [-78.3873, 38.7564] }},
{"zip_code":"24076","country":"US","city":"Claudville","state":"Virginia","state_ab":"VA","county":"Patrick","geo_location":{ "type": "Point", "coordinates": [-80.3682, 36.5977] }},
{"zip_code":"24139","country":"US","city":"Pittsville","state":"Virginia","state_ab":"VA","county":"Pittsylvania","geo_location":{ "type": "Point", "coordinates": [-79.4794, 36.9716] }},
{"zip_code":"24566","country":"US","city":"Keeling","state":"Virginia","state_ab":"VA","county":"Pittsylvania","geo_location":{ "type": "Point", "coordinates": [-79.2783, 36.7156] }},
{"zip_code":"23909","country":"US","city":"Farmville","state":"Virginia","state_ab":"VA","county":"Prince Edward","geo_location":{ "type": "Point", "coordinates": [-78.3949, 37.3016] }},
{"zip_code":"22069","country":"US","city":"Haymarket","state":"Virginia","state_ab":"VA","county":"Prince William County","geo_location":{ "type": "Point", "coordinates": [-77.6468, 38.8717] }},
{"zip_code":"24126","country":"US","city":"Newbern","state":"Virginia","state_ab":"VA","county":"Pulaski","geo_location":{ "type": "Point", "coordinates": [-80.6891, 37.0692] }},
{"zip_code":"22623","country":"US","city":"Chester Gap","state":"Virginia","state_ab":"VA","county":"Rappahannock","geo_location":{ "type": "Point", "coordinates": [-78.1412, 38.8537] }},
{"zip_code":"22740","country":"US","city":"Sperryville","state":"Virginia","state_ab":"VA","county":"Rappahannock","geo_location":{ "type": "Point", "coordinates": [-78.2466, 38.6203] }},
{"zip_code":"24179","country":"US","city":"Vinton","state":"Virginia","state_ab":"VA","county":"Roanoke","geo_location":{ "type": "Point", "coordinates": [-79.8775, 37.2757] }},
{"zip_code":"24579","country":"US","city":"Natural Bridge Station","state":"Virginia","state_ab":"VA","county":"Rockbridge","geo_location":{ "type": "Point", "coordinates": [-79.525, 37.598] }},
{"zip_code":"22830","country":"US","city":"Fulks Run","state":"Virginia","state_ab":"VA","county":"Rockingham","geo_location":{ "type": "Point", "coordinates": [-78.9358, 38.6339] }},
{"zip_code":"24319","country":"US","city":"Chilhowie","state":"Virginia","state_ab":"VA","county":"Smyth","geo_location":{ "type": "Point", "coordinates": [-81.6651, 36.7719] }},
{"zip_code":"24373","country":"US","city":"Seven Mile Ford","state":"Virginia","state_ab":"VA","county":"Smyth","geo_location":{ "type": "Point", "coordinates": [-81.5492, 36.8264] }},
{"zip_code":"23859","country":"US","city":"Handsom","state":"Virginia","state_ab":"VA","county":"Southampton County","geo_location":{ "type": "Point", "coordinates": [-77.0238, 36.6088] }},
{"zip_code":"22403","country":"US","city":"Fredericksburg","state":"Virginia","state_ab":"VA","county":"Stafford","geo_location":{ "type": "Point", "coordinates": [-77.4608, 38.4173] }},
{"zip_code":"22430","country":"US","city":"Brooke","state":"Virginia","state_ab":"VA","county":"Stafford","geo_location":{ "type": "Point", "coordinates": [-77.3743, 38.3857] }},
{"zip_code":"23846","country":"US","city":"Elberon","state":"Virginia","state_ab":"VA","county":"Surry","geo_location":{ "type": "Point", "coordinates": [-76.8337, 37.0701] }},
{"zip_code":"23899","country":"US","city":"Claremont","state":"Virginia","state_ab":"VA","county":"Surry","geo_location":{ "type": "Point", "coordinates": [-76.9842, 37.199] }},
{"zip_code":"24630","country":"US","city":"North Tazewell","state":"Virginia","state_ab":"VA","county":"Tazewell","geo_location":{ "type": "Point", "coordinates": [-81.5399, 37.1756] }},
{"zip_code":"22610","country":"US","city":"Bentonville","state":"Virginia","state_ab":"VA","county":"Warren","geo_location":{ "type": "Point", "coordinates": [-78.2757, 38.8187] }},
{"zip_code":"22649","country":"US","city":"Middletown","state":"Virginia","state_ab":"VA","county":"Warren","geo_location":{ "type": "Point", "coordinates": [-78.2478, 39.0048] }},
{"zip_code":"24270","country":"US","city":"Mendota","state":"Virginia","state_ab":"VA","county":"Washington","geo_location":{ "type": "Point", "coordinates": [-82.2649, 36.7223] }},
{"zip_code":"22443","country":"US","city":"Colonial Beach","state":"Virginia","state_ab":"VA","county":"Westmoreland","geo_location":{ "type": "Point", "coordinates": [-76.9959, 38.1792] }},
{"zip_code":"22469","country":"US","city":"Hague","state":"Virginia","state_ab":"VA","county":"Westmoreland","geo_location":{ "type": "Point", "coordinates": [-76.6616, 38.0573] }},
{"zip_code":"22520","country":"US","city":"Montross","state":"Virginia","state_ab":"VA","county":"Westmoreland","geo_location":{ "type": "Point", "coordinates": [-76.7828, 38.1105] }},
{"zip_code":"24216","country":"US","city":"Appalachia","state":"Virginia","state_ab":"VA","county":"Wise","geo_location":{ "type": "Point", "coordinates": [-82.7976, 36.9438] }},
{"zip_code":"24230","country":"US","city":"Coeburn","state":"Virginia","state_ab":"VA","county":"Wise","geo_location":{ "type": "Point", "coordinates": [-82.4735, 36.9605] }},
{"zip_code":"24283","country":"US","city":"Saint Paul","state":"Virginia","state_ab":"VA","county":"Wise","geo_location":{ "type": "Point", "coordinates": [-82.3418, 36.9323] }},
{"zip_code":"24360","country":"US","city":"Max Meadows","state":"Virginia","state_ab":"VA","county":"Wythe","geo_location":{ "type": "Point", "coordinates": [-80.9244, 36.9056] }},
{"zip_code":"23693","country":"US","city":"Yorktown","state":"Virginia","state_ab":"VA","county":"York","geo_location":{ "type": "Point", "coordinates": [-76.4469, 37.1256] }},
{"zip_code":"22313","country":"US","city":"Alexandria","state":"Virginia","state_ab":"VA","county":"Alexandria (city)","geo_location":{ "type": "Point", "coordinates": [-77.0901, 38.8158] }},
{"zip_code":"24203","country":"US","city":"Bristol","state":"Virginia","state_ab":"VA","county":"Bristol (city)","geo_location":{ "type": "Point", "coordinates": [-81.9687, 36.7616] }},
{"zip_code":"22906","country":"US","city":"Charlottesville","state":"Virginia","state_ab":"VA","county":"Charlottesville (city)","geo_location":{ "type": "Point", "coordinates": [-78.4851, 38.0401] }},
{"zip_code":"24540","country":"US","city":"Danville","state":"Virginia","state_ab":"VA","county":"Danville (city)","geo_location":{ "type": "Point", "coordinates": [-79.4124, 36.6218] }},
{"zip_code":"22030","country":"US","city":"Fairfax","state":"Virginia","state_ab":"VA","county":"Fairfax (city)","geo_location":{ "type": "Point", "coordinates": [-77.3242, 38.8458] }},
{"zip_code":"24333","country":"US","city":"Galax","state":"Virginia","state_ab":"VA","county":"Galax (city)","geo_location":{ "type": "Point", "coordinates": [-80.9117, 36.6565] }},
{"zip_code":"23653","country":"US","city":"Hampton","state":"Virginia","state_ab":"VA","county":"Hampton (city)","geo_location":{ "type": "Point", "coordinates": [-76.3899, 37.0727] }},
{"zip_code":"23666","country":"US","city":"Hampton","state":"Virginia","state_ab":"VA","county":"Hampton (city)","geo_location":{ "type": "Point", "coordinates": [-76.4096, 37.0462] }},
{"zip_code":"22803","country":"US","city":"Harrisonburg","state":"Virginia","state_ab":"VA","county":"City of Harrisonburg","geo_location":{ "type": "Point", "coordinates": [-78.8325, 38.469] }},
{"zip_code":"23860","country":"US","city":"Hopewell","state":"Virginia","state_ab":"VA","county":"Hopewell (city)","geo_location":{ "type": "Point", "coordinates": [-77.295, 37.2876] }},
{"zip_code":"24450","country":"US","city":"Lexington","state":"Virginia","state_ab":"VA","county":"Lexington (city)","geo_location":{ "type": "Point", "coordinates": [-79.4581, 37.7885] }},
{"zip_code":"20113","country":"US","city":"Manassas","state":"Virginia","state_ab":"VA","county":"Manassas Park (city)","geo_location":{ "type": "Point", "coordinates": [-77.4494, 38.7709] }},
{"zip_code":"24113","country":"US","city":"Martinsville","state":"Virginia","state_ab":"VA","county":"Martinsville (city)","geo_location":{ "type": "Point", "coordinates": [-79.8652, 36.6796] }},
{"zip_code":"23600","country":"US","city":"Newport News","state":"Virginia","state_ab":"VA","county":"City of Newport News","geo_location":{ "type": "Point", "coordinates": [-76.4283, 36.9786] }},
{"zip_code":"23509","country":"US","city":"Norfolk","state":"Virginia","state_ab":"VA","county":"Norfolk (city)","geo_location":{ "type": "Point", "coordinates": [-76.2604, 36.8787] }},
{"zip_code":"23510","country":"US","city":"Norfolk","state":"Virginia","state_ab":"VA","county":"Norfolk (city)","geo_location":{ "type": "Point", "coordinates": [-76.2878, 36.8529] }},
{"zip_code":"23523","country":"US","city":"Norfolk","state":"Virginia","state_ab":"VA","county":"Norfolk (city)","geo_location":{ "type": "Point", "coordinates": [-76.2701, 36.8294] }},
{"zip_code":"23806","country":"US","city":"Petersburg","state":"Virginia","state_ab":"VA","county":"Petersburg (city)","geo_location":{ "type": "Point", "coordinates": [-77.3928, 37.2048] }},
{"zip_code":"23703","country":"US","city":"Portsmouth","state":"Virginia","state_ab":"VA","county":"Portsmouth (city)","geo_location":{ "type": "Point", "coordinates": [-76.3869, 36.8695] }},
{"zip_code":"23213","country":"US","city":"Richmond","state":"Virginia","state_ab":"VA","county":"City of Richmond","geo_location":{ "type": "Point", "coordinates": [-77.4471, 37.5593] }},
{"zip_code":"23240","country":"US","city":"Richmond","state":"Virginia","state_ab":"VA","county":"Richmond (city)","geo_location":{ "type": "Point", "coordinates": [-77.4932, 37.5242] }},
{"zip_code":"23266","country":"US","city":"Richmond","state":"Virginia","state_ab":"VA","county":"Richmond (city)","geo_location":{ "type": "Point", "coordinates": [-77.5283, 37.5679] }},
{"zip_code":"23279","country":"US","city":"Richmond","state":"Virginia","state_ab":"VA","county":"Richmond (city)","geo_location":{ "type": "Point", "coordinates": [-77.4932, 37.5242] }},
{"zip_code":"23293","country":"US","city":"Richmond","state":"Virginia","state_ab":"VA","county":"Richmond (city)","geo_location":{ "type": "Point", "coordinates": [-77.4932, 37.5242] }},
{"zip_code":"24009","country":"US","city":"Roanoke","state":"Virginia","state_ab":"VA","county":"Roanoke (city)","geo_location":{ "type": "Point", "coordinates": [-79.9579, 37.2742] }},
{"zip_code":"24010","country":"US","city":"Roanoke","state":"Virginia","state_ab":"VA","county":"Roanoke (city)","geo_location":{ "type": "Point", "coordinates": [-79.9579, 37.2742] }},
{"zip_code":"24036","country":"US","city":"Roanoke","state":"Virginia","state_ab":"VA","county":"Roanoke (city)","geo_location":{ "type": "Point", "coordinates": [-79.9579, 37.2742] }},
{"zip_code":"24153","country":"US","city":"Salem","state":"Virginia","state_ab":"VA","county":"Salem (city)","geo_location":{ "type": "Point", "coordinates": [-80.0692, 37.2853] }},
{"zip_code":"23433","country":"US","city":"Suffolk","state":"Virginia","state_ab":"VA","county":"Suffolk (city)","geo_location":{ "type": "Point", "coordinates": [-76.4929, 36.909] }},
{"zip_code":"23459","country":"US","city":"Virginia Beach","state":"Virginia","state_ab":"VA","county":"Virginia Beach (city)","geo_location":{ "type": "Point", "coordinates": [-76.0171, 36.9216] }},
{"zip_code":"23460","country":"US","city":"Virginia Beach","state":"Virginia","state_ab":"VA","county":"Virginia Beach (city)","geo_location":{ "type": "Point", "coordinates": [-76.0284, 36.808] }},
{"zip_code":"5473","country":"US","city":"North Ferrisburg","state":"Vermont","state_ab":"VT","county":"Addison","geo_location":{ "type": "Point", "coordinates": [-73.2033, 44.2515] }},
{"zip_code":"5769","country":"US","city":"Salisbury","state":"Vermont","state_ab":"VT","county":"Addison","geo_location":{ "type": "Point", "coordinates": [-73.1008, 43.9017] }},
{"zip_code":"5770","country":"US","city":"Shoreham","state":"Vermont","state_ab":"VT","county":"Addison","geo_location":{ "type": "Point", "coordinates": [-73.3054, 43.8862] }},
{"zip_code":"5253","country":"US","city":"East Dorset","state":"Vermont","state_ab":"VT","county":"Bennington","geo_location":{ "type": "Point", "coordinates": [-73.0081, 43.237] }},
{"zip_code":"5046","country":"US","city":"Groton","state":"Vermont","state_ab":"VT","county":"Caledonia","geo_location":{ "type": "Point", "coordinates": [-72.2175, 44.2204] }},
{"zip_code":"5819","country":"US","city":"Saint Johnsbury","state":"Vermont","state_ab":"VT","county":"Caledonia","geo_location":{ "type": "Point", "coordinates": [-72.0051, 44.4272] }},
{"zip_code":"5873","country":"US","city":"West Danville","state":"Vermont","state_ab":"VT","county":"Caledonia","geo_location":{ "type": "Point", "coordinates": [-72.2198, 44.4465] }},
{"zip_code":"5406","country":"US","city":"Burlington","state":"Vermont","state_ab":"VT","county":"Chittenden","geo_location":{ "type": "Point", "coordinates": [-73.0825, 44.4421] }},
{"zip_code":"5446","country":"US","city":"Colchester","state":"Vermont","state_ab":"VT","county":"Chittenden","geo_location":{ "type": "Point", "coordinates": [-73.2022, 44.536] }},
{"zip_code":"5846","country":"US","city":"Island Pond","state":"Vermont","state_ab":"VT","county":"Essex","geo_location":{ "type": "Point", "coordinates": [-71.884, 44.8095] }},
{"zip_code":"5459","country":"US","city":"Highgate Center","state":"Vermont","state_ab":"VT","county":"Franklin","geo_location":{ "type": "Point", "coordinates": [-73.0155, 44.9404] }},
{"zip_code":"5460","country":"US","city":"Highgate Springs","state":"Vermont","state_ab":"VT","county":"Franklin","geo_location":{ "type": "Point", "coordinates": [-73.1052, 44.9748] }},
{"zip_code":"5486","country":"US","city":"South Hero","state":"Vermont","state_ab":"VT","county":"Grand Isle","geo_location":{ "type": "Point", "coordinates": [-73.3113, 44.64] }},
{"zip_code":"5653","country":"US","city":"Eden Mills","state":"Vermont","state_ab":"VT","county":"Lamoille","geo_location":{ "type": "Point", "coordinates": [-72.5134, 44.6931] }},
{"zip_code":"5680","country":"US","city":"Wolcott","state":"Vermont","state_ab":"VT","county":"Lamoille","geo_location":{ "type": "Point", "coordinates": [-72.4844, 44.5558] }},
{"zip_code":"5033","country":"US","city":"Bradford","state":"Vermont","state_ab":"VT","county":"Orange","geo_location":{ "type": "Point", "coordinates": [-72.1406, 44.0006] }},
{"zip_code":"5060","country":"US","city":"Randolph","state":"Vermont","state_ab":"VT","county":"Orange","geo_location":{ "type": "Point", "coordinates": [-72.6726, 43.9444] }},
{"zip_code":"5086","country":"US","city":"West Topsham","state":"Vermont","state_ab":"VT","county":"Orange","geo_location":{ "type": "Point", "coordinates": [-72.2701, 44.1199] }},
{"zip_code":"5679","country":"US","city":"Williamstown","state":"Vermont","state_ab":"VT","county":"Orange","geo_location":{ "type": "Point", "coordinates": [-72.5381, 44.1182] }},
{"zip_code":"5820","country":"US","city":"Albany","state":"Vermont","state_ab":"VT","county":"Orleans","geo_location":{ "type": "Point", "coordinates": [-72.3646, 44.7417] }},
{"zip_code":"5833","country":"US","city":"East Charleston","state":"Vermont","state_ab":"VT","county":"Orleans","geo_location":{ "type": "Point", "coordinates": [-71.9763, 44.8299] }},
{"zip_code":"5859","country":"US","city":"North Troy","state":"Vermont","state_ab":"VT","county":"Orleans","geo_location":{ "type": "Point", "coordinates": [-72.4334, 44.9378] }},
{"zip_code":"5860","country":"US","city":"Orleans","state":"Vermont","state_ab":"VT","county":"Orleans","geo_location":{ "type": "Point", "coordinates": [-72.102, 44.8238] }},
{"zip_code":"5730","country":"US","city":"Belmont","state":"Vermont","state_ab":"VT","county":"Rutland","geo_location":{ "type": "Point", "coordinates": [-72.8257, 43.4284] }},
{"zip_code":"5743","country":"US","city":"Fair Haven","state":"Vermont","state_ab":"VT","county":"Rutland","geo_location":{ "type": "Point", "coordinates": [-73.2701, 43.6234] }},
{"zip_code":"5640","country":"US","city":"Adamant","state":"Vermont","state_ab":"VT","county":"Washington","geo_location":{ "type": "Point", "coordinates": [-72.5046, 44.3575] }},
{"zip_code":"5666","country":"US","city":"North Montpelier","state":"Vermont","state_ab":"VT","county":"Washington","geo_location":{ "type": "Point", "coordinates": [-72.585, 44.2595] }},
{"zip_code":"5303","country":"US","city":"Brattleboro","state":"Vermont","state_ab":"VT","county":"Windham","geo_location":{ "type": "Point", "coordinates": [-72.7204, 42.9947] }},
{"zip_code":"5343","country":"US","city":"Jamaica","state":"Vermont","state_ab":"VT","county":"Windham","geo_location":{ "type": "Point", "coordinates": [-72.7944, 43.1042] }},
{"zip_code":"5356","country":"US","city":"West Dover","state":"Vermont","state_ab":"VT","county":"Windham","geo_location":{ "type": "Point", "coordinates": [-72.8687, 42.9535] }},
{"zip_code":"5059","country":"US","city":"Quechee","state":"Vermont","state_ab":"VT","county":"Windsor","geo_location":{ "type": "Point", "coordinates": [-72.4331, 43.6641] }},
{"zip_code":"5073","country":"US","city":"Taftsville","state":"Vermont","state_ab":"VT","county":"Windsor","geo_location":{ "type": "Point", "coordinates": [-72.4891, 43.6309] }},
{"zip_code":"5149","country":"US","city":"Ludlow","state":"Vermont","state_ab":"VT","county":"Windsor","geo_location":{ "type": "Point", "coordinates": [-72.7002, 43.3929] }},
{"zip_code":"5150","country":"US","city":"North Springfield","state":"Vermont","state_ab":"VT","county":"Windsor","geo_location":{ "type": "Point", "coordinates": [-72.5277, 43.338] }},
{"zip_code":"99320","country":"US","city":"Benton City","state":"Washington","state_ab":"WA","county":"Benton","geo_location":{ "type": "Point", "coordinates": [-119.4913, 46.2806] }},
{"zip_code":"99346","country":"US","city":"Plymouth","state":"Washington","state_ab":"WA","county":"Benton","geo_location":{ "type": "Point", "coordinates": [-119.4023, 45.9301] }},
{"zip_code":"98343","country":"US","city":"Joyce","state":"Washington","state_ab":"WA","county":"Clallam","geo_location":{ "type": "Point", "coordinates": [-123.873, 48.1831] }},
{"zip_code":"98666","country":"US","city":"Vancouver","state":"Washington","state_ab":"WA","county":"Clark","geo_location":{ "type": "Point", "coordinates": [-122.5203, 45.8016] }},
{"zip_code":"99359","country":"US","city":"Starbuck","state":"Washington","state_ab":"WA","county":"Columbia","geo_location":{ "type": "Point", "coordinates": [-118.1024, 46.5128] }},
{"zip_code":"98626","country":"US","city":"Kelso","state":"Washington","state_ab":"WA","county":"Cowlitz","geo_location":{ "type": "Point", "coordinates": [-122.887, 46.1485] }},
{"zip_code":"99140","country":"US","city":"Keller","state":"Washington","state_ab":"WA","county":"Ferry","geo_location":{ "type": "Point", "coordinates": [-118.6547, 48.0236] }},
{"zip_code":"99166","country":"US","city":"Republic","state":"Washington","state_ab":"WA","county":"Ferry","geo_location":{ "type": "Point", "coordinates": [-118.6999, 48.6704] }},
{"zip_code":"98860","country":"US","city":"Wilson Creek","state":"Washington","state_ab":"WA","county":"Grant","geo_location":{ "type": "Point", "coordinates": [-119.1847, 47.4739] }},
{"zip_code":"98536","country":"US","city":"Copalis Crossing","state":"Washington","state_ab":"WA","county":"Grays Harbor","geo_location":{ "type": "Point", "coordinates": [-124.1352, 47.1591] }},
{"zip_code":"98550","country":"US","city":"Hoquiam","state":"Washington","state_ab":"WA","county":"Grays Harbor","geo_location":{ "type": "Point", "coordinates": [-123.8842, 46.9823] }},
{"zip_code":"98563","country":"US","city":"Montesano","state":"Washington","state_ab":"WA","county":"Grays Harbor","geo_location":{ "type": "Point", "coordinates": [-123.5006, 47.0901] }},
{"zip_code":"98239","country":"US","city":"Coupeville","state":"Washington","state_ab":"WA","county":"Island","geo_location":{ "type": "Point", "coordinates": [-122.6823, 48.2189] }},
{"zip_code":"98253","country":"US","city":"Greenbank","state":"Washington","state_ab":"WA","county":"Island","geo_location":{ "type": "Point", "coordinates": [-122.5761, 48.1004] }},
{"zip_code":"98006","country":"US","city":"Bellevue","state":"Washington","state_ab":"WA","county":"King","geo_location":{ "type": "Point", "coordinates": [-122.1552, 47.5614] }},
{"zip_code":"98019","country":"US","city":"Duvall","state":"Washington","state_ab":"WA","county":"King","geo_location":{ "type": "Point", "coordinates": [-121.9369, 47.725] }},
{"zip_code":"98033","country":"US","city":"Kirkland","state":"Washington","state_ab":"WA","county":"King","geo_location":{ "type": "Point", "coordinates": [-122.1894, 47.6786] }},
{"zip_code":"98059","country":"US","city":"Renton","state":"Washington","state_ab":"WA","county":"King","geo_location":{ "type": "Point", "coordinates": [-122.1157, 47.5058] }},
{"zip_code":"98060","country":"US","city":"Seattle","state":"Washington","state_ab":"WA","county":"King","geo_location":{ "type": "Point", "coordinates": [-121.8034, 47.4323] }},
{"zip_code":"98073","country":"US","city":"Redmond","state":"Washington","state_ab":"WA","county":"King","geo_location":{ "type": "Point", "coordinates": [-121.8034, 47.4323] }},
{"zip_code":"98109","country":"US","city":"Seattle","state":"Washington","state_ab":"WA","county":"King","geo_location":{ "type": "Point", "coordinates": [-122.3476, 47.6339] }},
{"zip_code":"98136","country":"US","city":"Seattle","state":"Washington","state_ab":"WA","county":"King","geo_location":{ "type": "Point", "coordinates": [-122.3878, 47.5398] }},
{"zip_code":"98150","country":"US","city":"Seattle","state":"Washington","state_ab":"WA","county":"King","geo_location":{ "type": "Point", "coordinates": [-121.8034, 47.4323] }},
{"zip_code":"98190","country":"US","city":"Seattle","state":"Washington","state_ab":"WA","county":"King","geo_location":{ "type": "Point", "coordinates": [-121.8034, 47.4323] }},
{"zip_code":"98110","country":"US","city":"Bainbridge Island","state":"Washington","state_ab":"WA","county":"Kitsap","geo_location":{ "type": "Point", "coordinates": [-122.538, 47.6478] }},
{"zip_code":"98370","country":"US","city":"Poulsbo","state":"Washington","state_ab":"WA","county":"Kitsap","geo_location":{ "type": "Point", "coordinates": [-122.6277, 47.7423] }},
{"zip_code":"98383","country":"US","city":"Silverdale","state":"Washington","state_ab":"WA","county":"Kitsap","geo_location":{ "type": "Point", "coordinates": [-122.6981, 47.6621] }},
{"zip_code":"98950","country":"US","city":"Vantage","state":"Washington","state_ab":"WA","county":"Kittitas","geo_location":{ "type": "Point", "coordinates": [-119.9859, 46.8714] }},
{"zip_code":"98613","country":"US","city":"Centerville","state":"Washington","state_ab":"WA","county":"Klickitat","geo_location":{ "type": "Point", "coordinates": [-120.946, 45.7032] }},
{"zip_code":"98356","country":"US","city":"Morton","state":"Washington","state_ab":"WA","county":"Lewis","geo_location":{ "type": "Point", "coordinates": [-122.2496, 46.5581] }},
{"zip_code":"98819","country":"US","city":"Conconully","state":"Washington","state_ab":"WA","county":"Okanogan","geo_location":{ "type": "Point", "coordinates": [-119.7526, 48.5469] }},
{"zip_code":"98833","country":"US","city":"Mazama","state":"Washington","state_ab":"WA","county":"Okanogan","geo_location":{ "type": "Point", "coordinates": [-120.388, 48.5977] }},
{"zip_code":"98846","country":"US","city":"Pateros","state":"Washington","state_ab":"WA","county":"Okanogan","geo_location":{ "type": "Point", "coordinates": [-119.9785, 48.034] }},
{"zip_code":"98859","country":"US","city":"Wauconda","state":"Washington","state_ab":"WA","county":"Okanogan","geo_location":{ "type": "Point", "coordinates": [-118.9469, 48.8224] }},
{"zip_code":"98590","country":"US","city":"Tokeland","state":"Washington","state_ab":"WA","county":"Pacific","geo_location":{ "type": "Point", "coordinates": [-124.046, 46.7469] }},
{"zip_code":"98640","country":"US","city":"Ocean Park","state":"Washington","state_ab":"WA","county":"Pacific","geo_location":{ "type": "Point", "coordinates": [-124.0436, 46.5029] }},
{"zip_code":"99139","country":"US","city":"Ione","state":"Washington","state_ab":"WA","county":"Pend Oreille","geo_location":{ "type": "Point", "coordinates": [-117.3647, 48.7377] }},
{"zip_code":"99153","country":"US","city":"Metaline Falls","state":"Washington","state_ab":"WA","county":"Pend Oreille","geo_location":{ "type": "Point", "coordinates": [-117.3633, 48.8597] }},
{"zip_code":"99180","country":"US","city":"Usk","state":"Washington","state_ab":"WA","county":"Pend Oreille","geo_location":{ "type": "Point", "coordinates": [-117.3189, 48.296] }},
{"zip_code":"98303","country":"US","city":"Anderson Island","state":"Washington","state_ab":"WA","county":"Pierce","geo_location":{ "type": "Point", "coordinates": [-122.7067, 47.1563] }},
{"zip_code":"98329","country":"US","city":"Gig Harbor","state":"Washington","state_ab":"WA","county":"Pierce","geo_location":{ "type": "Point", "coordinates": [-122.7, 47.3786] }},
{"zip_code":"98330","country":"US","city":"Elbe","state":"Washington","state_ab":"WA","county":"Pierce","geo_location":{ "type": "Point", "coordinates": [-122.2023, 46.7777] }},
{"zip_code":"98396","country":"US","city":"Wilkeson","state":"Washington","state_ab":"WA","county":"Pierce","geo_location":{ "type": "Point", "coordinates": [-122.037, 47.1095] }},
{"zip_code":"98406","country":"US","city":"Tacoma","state":"Washington","state_ab":"WA","county":"Pierce","geo_location":{ "type": "Point", "coordinates": [-122.4993, 47.2632] }},
{"zip_code":"98419","country":"US","city":"Tacoma","state":"Washington","state_ab":"WA","county":"Pierce County","geo_location":{ "type": "Point", "coordinates": [-122.4822, 47.2061] }},
{"zip_code":"98433","country":"US","city":"Tacoma","state":"Washington","state_ab":"WA","county":"Pierce","geo_location":{ "type": "Point", "coordinates": [-122.5891, 47.1125] }},
{"zip_code":"98446","country":"US","city":"Tacoma","state":"Washington","state_ab":"WA","county":"Pierce","geo_location":{ "type": "Point", "coordinates": [-122.3736, 47.1285] }},
{"zip_code":"98460","country":"US","city":"Tacoma","state":"Washington","state_ab":"WA","county":"Pierce","geo_location":{ "type": "Point", "coordinates": [-122.1132, 47.0662] }},
{"zip_code":"98499","country":"US","city":"Lakewood","state":"Washington","state_ab":"WA","county":"Pierce","geo_location":{ "type": "Point", "coordinates": [-122.5024, 47.1677] }},
{"zip_code":"98279","country":"US","city":"Olga","state":"Washington","state_ab":"WA","county":"San Juan","geo_location":{ "type": "Point", "coordinates": [-122.8362, 48.6555] }},
{"zip_code":"98280","country":"US","city":"Orcas","state":"Washington","state_ab":"WA","county":"San Juan","geo_location":{ "type": "Point", "coordinates": [-122.941, 48.5901] }},
{"zip_code":"98639","country":"US","city":"North Bonneville","state":"Washington","state_ab":"WA","county":"Skamania","geo_location":{ "type": "Point", "coordinates": [-122.0058, 45.6417] }},
{"zip_code":"98020","country":"US","city":"Edmonds","state":"Washington","state_ab":"WA","county":"Snohomish","geo_location":{ "type": "Point", "coordinates": [-122.3724, 47.8061] }},
{"zip_code":"98046","country":"US","city":"Lynnwood","state":"Washington","state_ab":"WA","county":"Snohomish","geo_location":{ "type": "Point", "coordinates": [-121.6823, 48.0373] }},
{"zip_code":"98213","country":"US","city":"Everett","state":"Washington","state_ab":"WA","county":"Snohomish County","geo_location":{ "type": "Point", "coordinates": [-122.2269, 47.9451] }},
{"zip_code":"98293","country":"US","city":"Startup","state":"Washington","state_ab":"WA","county":"Snohomish","geo_location":{ "type": "Point", "coordinates": [-121.7685, 47.8703] }},
{"zip_code":"99009","country":"US","city":"Elk","state":"Washington","state_ab":"WA","county":"Spokane","geo_location":{ "type": "Point", "coordinates": [-117.2963, 48.0205] }},
{"zip_code":"99023","country":"US","city":"Mica","state":"Washington","state_ab":"WA","county":"Spokane","geo_location":{ "type": "Point", "coordinates": [-117.1637, 47.5538] }},
{"zip_code":"99036","country":"US","city":"Valleyford","state":"Washington","state_ab":"WA","county":"Spokane","geo_location":{ "type": "Point", "coordinates": [-117.2686, 47.5292] }},
{"zip_code":"99203","country":"US","city":"Spokane","state":"Washington","state_ab":"WA","county":"Spokane","geo_location":{ "type": "Point", "coordinates": [-117.4041, 47.6294] }},
{"zip_code":"99216","country":"US","city":"Spokane","state":"Washington","state_ab":"WA","county":"Spokane","geo_location":{ "type": "Point", "coordinates": [-117.2193, 47.6634] }},
{"zip_code":"99256","country":"US","city":"Spokane","state":"Washington","state_ab":"WA","county":"Spokane","geo_location":{ "type": "Point", "coordinates": [-117.4317, 47.6536] }},
{"zip_code":"99126","country":"US","city":"Evans","state":"Washington","state_ab":"WA","county":"Stevens","geo_location":{ "type": "Point", "coordinates": [-118.0001, 48.7458] }},
{"zip_code":"98509","country":"US","city":"Lacey","state":"Washington","state_ab":"WA","county":"Thurston","geo_location":{ "type": "Point", "coordinates": [-122.7024, 46.9781] }},
{"zip_code":"98576","country":"US","city":"Rainier","state":"Washington","state_ab":"WA","county":"Thurston","geo_location":{ "type": "Point", "coordinates": [-122.6795, 46.8829] }},
{"zip_code":"98589","country":"US","city":"Tenino","state":"Washington","state_ab":"WA","county":"Thurston","geo_location":{ "type": "Point", "coordinates": [-122.8493, 46.8641] }},
{"zip_code":"99360","country":"US","city":"Touchet","state":"Washington","state_ab":"WA","county":"Walla Walla","geo_location":{ "type": "Point", "coordinates": [-118.663, 46.0903] }},
{"zip_code":"98226","country":"US","city":"Bellingham","state":"Washington","state_ab":"WA","county":"Whatcom","geo_location":{ "type": "Point", "coordinates": [-122.4448, 48.7974] }},
{"zip_code":"98240","country":"US","city":"Custer","state":"Washington","state_ab":"WA","county":"Whatcom","geo_location":{ "type": "Point", "coordinates": [-122.6226, 48.9374] }},
{"zip_code":"98266","country":"US","city":"Maple Falls","state":"Washington","state_ab":"WA","county":"Whatcom","geo_location":{ "type": "Point", "coordinates": [-122.1283, 48.9533] }},
{"zip_code":"99113","country":"US","city":"Colton","state":"Washington","state_ab":"WA","county":"Whitman","geo_location":{ "type": "Point", "coordinates": [-117.1692, 46.5901] }},
{"zip_code":"99179","country":"US","city":"Uniontown","state":"Washington","state_ab":"WA","county":"Whitman","geo_location":{ "type": "Point", "coordinates": [-117.0908, 46.5258] }},
{"zip_code":"99333","country":"US","city":"Hooper","state":"Washington","state_ab":"WA","county":"Whitman","geo_location":{ "type": "Point", "coordinates": [-117.6443, 46.8387] }},
{"zip_code":"98909","country":"US","city":"Yakima","state":"Washington","state_ab":"WA","county":"Yakima","geo_location":{ "type": "Point", "coordinates": [-120.795, 46.6375] }},
{"zip_code":"98923","country":"US","city":"Cowiche","state":"Washington","state_ab":"WA","county":"Yakima","geo_location":{ "type": "Point", "coordinates": [-120.7149, 46.6661] }},
{"zip_code":"98936","country":"US","city":"Moxee","state":"Washington","state_ab":"WA","county":"Yakima","geo_location":{ "type": "Point", "coordinates": [-120.3685, 46.5542] }},
{"zip_code":"54613","country":"US","city":"Arkdale","state":"Wisconsin","state_ab":"WI","county":"Adams","geo_location":{ "type": "Point", "coordinates": [-89.8962, 44.0529] }},
{"zip_code":"54806","country":"US","city":"Ashland","state":"Wisconsin","state_ab":"WI","county":"Ashland","geo_location":{ "type": "Point", "coordinates": [-90.7388, 46.5586] }},
{"zip_code":"54846","country":"US","city":"High Bridge","state":"Wisconsin","state_ab":"WI","county":"Ashland","geo_location":{ "type": "Point", "coordinates": [-90.7383, 46.3796] }},
{"zip_code":"54303","country":"US","city":"Green Bay","state":"Wisconsin","state_ab":"WI","county":"Brown","geo_location":{ "type": "Point", "coordinates": [-88.0788, 44.5522] }},
{"zip_code":"54743","country":"US","city":"Gilmanton","state":"Wisconsin","state_ab":"WI","county":"Buffalo","geo_location":{ "type": "Point", "coordinates": [-91.8064, 44.3111] }},
{"zip_code":"54756","country":"US","city":"Nelson","state":"Wisconsin","state_ab":"WI","county":"Buffalo","geo_location":{ "type": "Point", "coordinates": [-92.0007, 44.4295] }},
{"zip_code":"54110","country":"US","city":"Brillion","state":"Wisconsin","state_ab":"WI","county":"Calumet","geo_location":{ "type": "Point", "coordinates": [-88.0833, 44.1779] }},
{"zip_code":"54123","country":"US","city":"Forest Junction","state":"Wisconsin","state_ab":"WI","county":"Calumet","geo_location":{ "type": "Point", "coordinates": [-88.1515, 44.2111] }},
{"zip_code":"54729","country":"US","city":"Chippewa Falls","state":"Wisconsin","state_ab":"WI","county":"Chippewa","geo_location":{ "type": "Point", "coordinates": [-91.3195, 44.9587] }},
{"zip_code":"54420","country":"US","city":"Chili","state":"Wisconsin","state_ab":"WI","county":"Clark","geo_location":{ "type": "Point", "coordinates": [-90.36, 44.6301] }},
{"zip_code":"54446","country":"US","city":"Loyal","state":"Wisconsin","state_ab":"WI","county":"Clark","geo_location":{ "type": "Point", "coordinates": [-90.4922, 44.7272] }},
{"zip_code":"54460","country":"US","city":"Owen","state":"Wisconsin","state_ab":"WI","county":"Clark","geo_location":{ "type": "Point", "coordinates": [-90.5469, 44.9578] }},
{"zip_code":"53960","country":"US","city":"Rio","state":"Wisconsin","state_ab":"WI","county":"Columbia","geo_location":{ "type": "Point", "coordinates": [-89.2354, 43.4231] }},
{"zip_code":"54626","country":"US","city":"Eastman","state":"Wisconsin","state_ab":"WI","county":"Crawford","geo_location":{ "type": "Point", "coordinates": [-91.0193, 43.1959] }},
{"zip_code":"54640","country":"US","city":"Lynxville","state":"Wisconsin","state_ab":"WI","county":"Crawford","geo_location":{ "type": "Point", "coordinates": [-91.022, 43.2662] }},
{"zip_code":"53559","country":"US","city":"Marshall","state":"Wisconsin","state_ab":"WI","county":"Dane","geo_location":{ "type": "Point", "coordinates": [-89.0753, 43.1636] }},
{"zip_code":"53560","country":"US","city":"Mazomanie","state":"Wisconsin","state_ab":"WI","county":"Dane","geo_location":{ "type": "Point", "coordinates": [-89.7636, 43.1847] }},
{"zip_code":"53713","country":"US","city":"Madison","state":"Wisconsin","state_ab":"WI","county":"Dane","geo_location":{ "type": "Point", "coordinates": [-89.3971, 43.0372] }},
{"zip_code":"53726","country":"US","city":"Madison","state":"Wisconsin","state_ab":"WI","county":"Dane","geo_location":{ "type": "Point", "coordinates": [-89.4239, 43.0696] }},
{"zip_code":"53779","country":"US","city":"Madison","state":"Wisconsin","state_ab":"WI","county":"Dane","geo_location":{ "type": "Point", "coordinates": [-89.3242, 43.0982] }},
{"zip_code":"53780","country":"US","city":"Madison","state":"Wisconsin","state_ab":"WI","county":"Dane","geo_location":{ "type": "Point", "coordinates": [-89.4239, 43.0696] }},
{"zip_code":"53793","country":"US","city":"Madison","state":"Wisconsin","state_ab":"WI","county":"Dane","geo_location":{ "type": "Point", "coordinates": [-89.4239, 43.0696] }},
{"zip_code":"53003","country":"US","city":"Ashippun","state":"Wisconsin","state_ab":"WI","county":"Dodge","geo_location":{ "type": "Point", "coordinates": [-88.5253, 43.2175] }},
{"zip_code":"53016","country":"US","city":"Clyman","state":"Wisconsin","state_ab":"WI","county":"Dodge","geo_location":{ "type": "Point", "coordinates": [-88.7144, 43.3107] }},
{"zip_code":"53933","country":"US","city":"Fox Lake","state":"Wisconsin","state_ab":"WI","county":"Dodge","geo_location":{ "type": "Point", "coordinates": [-88.9041, 43.5815] }},
{"zip_code":"54213","country":"US","city":"Forestville","state":"Wisconsin","state_ab":"WI","county":"Door","geo_location":{ "type": "Point", "coordinates": [-87.5215, 44.6996] }},
{"zip_code":"54226","country":"US","city":"Maplewood","state":"Wisconsin","state_ab":"WI","county":"Door","geo_location":{ "type": "Point", "coordinates": [-87.006, 45.0597] }},
{"zip_code":"54820","country":"US","city":"Brule","state":"Wisconsin","state_ab":"WI","county":"Douglas","geo_location":{ "type": "Point", "coordinates": [-91.5539, 46.5763] }},
{"zip_code":"54873","country":"US","city":"Solon Springs","state":"Wisconsin","state_ab":"WI","county":"Douglas","geo_location":{ "type": "Point", "coordinates": [-91.811, 46.4173] }},
{"zip_code":"54730","country":"US","city":"Colfax","state":"Wisconsin","state_ab":"WI","county":"Dunn","geo_location":{ "type": "Point", "coordinates": [-91.7357, 44.9993] }},
{"zip_code":"54703","country":"US","city":"Eau Claire","state":"Wisconsin","state_ab":"WI","county":"Eau Claire","geo_location":{ "type": "Point", "coordinates": [-91.5159, 44.8346] }},
{"zip_code":"53919","country":"US","city":"Brandon","state":"Wisconsin","state_ab":"WI","county":"Fond du Lac","geo_location":{ "type": "Point", "coordinates": [-88.7841, 43.7258] }},
{"zip_code":"54936","country":"US","city":"Fond Du Lac","state":"Wisconsin","state_ab":"WI","county":"Fond du Lac","geo_location":{ "type": "Point", "coordinates": [-88.523, 43.7406] }},
{"zip_code":"53573","country":"US","city":"Muscoda","state":"Wisconsin","state_ab":"WI","county":"Grant","geo_location":{ "type": "Point", "coordinates": [-90.457, 43.2074] }},
{"zip_code":"53816","country":"US","city":"Mount Hope","state":"Wisconsin","state_ab":"WI","county":"Grant","geo_location":{ "type": "Point", "coordinates": [-90.8665, 42.9689] }}]}