{"value": [{"zip_code":"53520","country":"US","city":"Brodhead","state":"Wisconsin","state_ab":"WI","county":"Green","geo_location":{ "type": "Point", "coordinates": [-89.3714, 42.6111] }},
{"zip_code":"53946","country":"US","city":"Markesan","state":"Wisconsin","state_ab":"WI","county":"Green Lake","geo_location":{ "type": "Point", "coordinates": [-89.007, 43.714] }},
{"zip_code":"54923","country":"US","city":"Berlin","state":"Wisconsin","state_ab":"WI","county":"Green Lake","geo_location":{ "type": "Point", "coordinates": [-88.949, 43.9769] }},
{"zip_code":"53506","country":"US","city":"Avoca","state":"Wisconsin","state_ab":"WI","county":"Iowa","geo_location":{ "type": "Point", "coordinates": [-90.2889, 43.1571] }},
{"zip_code":"53533","country":"US","city":"Dodgeville","state":"Wisconsin","state_ab":"WI","county":"Iowa","geo_location":{ "type": "Point", "coordinates": [-90.1404, 42.9698] }},
{"zip_code":"54536","country":"US","city":"Iron Belt","state":"Wisconsin","state_ab":"WI","county":"Iron","geo_location":{ "type": "Point", "coordinates": [-90.3245, 46.3955] }},
{"zip_code":"54550","country":"US","city":"Montreal","state":"Wisconsin","state_ab":"WI","county":"Iron","geo_location":{ "type": "Point", "coordinates": [-90.3091, 46.3966] }},
{"zip_code":"53159","country":"US","city":"Powers Lake","state":"Wisconsin","state_ab":"WI","county":"Kenosha","geo_location":{ "type": "Point", "coordinates": [-88.2969, 42.5557] }},
{"zip_code":"53199","country":"US","city":"Silver Lake","state":"Wisconsin","state_ab":"WI","county":"Kenosha County","geo_location":{ "type": "Point", "coordinates": [-88.1716, 42.5548] }},
{"zip_code":"54653","country":"US","city":"Rockland","state":"Wisconsin","state_ab":"WI","county":"La Crosse","geo_location":{ "type": "Point", "coordinates": [-90.9507, 43.8411] }},
{"zip_code":"53586","country":"US","city":"Shullsburg","state":"Wisconsin","state_ab":"WI","county":"Lafayette","geo_location":{ "type": "Point", "coordinates": [-90.2266, 42.5786] }},
{"zip_code":"53599","country":"US","city":"Woodford","state":"Wisconsin","state_ab":"WI","county":"Lafayette","geo_location":{ "type": "Point", "coordinates": [-89.8622, 42.6493] }},
{"zip_code":"53803","country":"US","city":"Benton","state":"Wisconsin","state_ab":"WI","county":"Lafayette","geo_location":{ "type": "Point", "coordinates": [-90.3508, 42.5545] }},
{"zip_code":"54240","country":"US","city":"Tisch Mills","state":"Wisconsin","state_ab":"WI","county":"Manitowoc","geo_location":{ "type": "Point", "coordinates": [-87.6324, 44.2828] }},
{"zip_code":"53920","country":"US","city":"Briggsville","state":"Wisconsin","state_ab":"WI","county":"Marquette","geo_location":{ "type": "Point", "coordinates": [-89.5803, 43.6759] }},
{"zip_code":"54150","country":"US","city":"Neopit","state":"Wisconsin","state_ab":"WI","county":"Menominee","geo_location":{ "type": "Point", "coordinates": [-88.8611, 44.9873] }},
{"zip_code":"53209","country":"US","city":"Milwaukee","state":"Wisconsin","state_ab":"WI","county":"Milwaukee","geo_location":{ "type": "Point", "coordinates": [-87.9478, 43.1188] }},
{"zip_code":"53210","country":"US","city":"Milwaukee","state":"Wisconsin","state_ab":"WI","county":"Milwaukee","geo_location":{ "type": "Point", "coordinates": [-87.9715, 43.0685] }},
{"zip_code":"53223","country":"US","city":"Milwaukee","state":"Wisconsin","state_ab":"WI","county":"Milwaukee","geo_location":{ "type": "Point", "coordinates": [-87.9898, 43.1624] }},
{"zip_code":"53263","country":"US","city":"Milwaukee","state":"Wisconsin","state_ab":"WI","county":"Milwaukee","geo_location":{ "type": "Point", "coordinates": [-88.0604, 43.0746] }},
{"zip_code":"53290","country":"US","city":"Milwaukee","state":"Wisconsin","state_ab":"WI","county":"Milwaukee","geo_location":{ "type": "Point", "coordinates": [-87.914, 43.0373] }},
{"zip_code":"54666","country":"US","city":"Warrens","state":"Wisconsin","state_ab":"WI","county":"Monroe","geo_location":{ "type": "Point", "coordinates": [-90.4967, 44.157] }},
{"zip_code":"54149","country":"US","city":"Mountain","state":"Wisconsin","state_ab":"WI","county":"Oconto","geo_location":{ "type": "Point", "coordinates": [-88.4583, 45.1991] }},
{"zip_code":"54176","country":"US","city":"Underhill","state":"Wisconsin","state_ab":"WI","county":"Oconto County","geo_location":{ "type": "Point", "coordinates": [-88.1689, 44.7318] }},
{"zip_code":"54136","country":"US","city":"Kimberly","state":"Wisconsin","state_ab":"WI","county":"Outagamie","geo_location":{ "type": "Point", "coordinates": [-88.3384, 44.2701] }},
{"zip_code":"54769","country":"US","city":"Stockholm","state":"Wisconsin","state_ab":"WI","county":"Pepin","geo_location":{ "type": "Point", "coordinates": [-92.2326, 44.5084] }},
{"zip_code":"54006","country":"US","city":"Cushing","state":"Wisconsin","state_ab":"WI","county":"Polk","geo_location":{ "type": "Point", "coordinates": [-92.6241, 45.5604] }},
{"zip_code":"54020","country":"US","city":"Osceola","state":"Wisconsin","state_ab":"WI","county":"Polk","geo_location":{ "type": "Point", "coordinates": [-92.6971, 45.3218] }},
{"zip_code":"54406","country":"US","city":"Amherst","state":"Wisconsin","state_ab":"WI","county":"Portage","geo_location":{ "type": "Point", "coordinates": [-89.3035, 44.4231] }},
{"zip_code":"54473","country":"US","city":"Rosholt","state":"Wisconsin","state_ab":"WI","county":"Portage","geo_location":{ "type": "Point", "coordinates": [-89.3356, 44.6622] }},
{"zip_code":"54909","country":"US","city":"Almond","state":"Wisconsin","state_ab":"WI","county":"Portage","geo_location":{ "type": "Point", "coordinates": [-89.3584, 44.2898] }},
{"zip_code":"54459","country":"US","city":"Ogema","state":"Wisconsin","state_ab":"WI","county":"Price","geo_location":{ "type": "Point", "coordinates": [-90.2565, 45.4392] }},
{"zip_code":"53403","country":"US","city":"Racine","state":"Wisconsin","state_ab":"WI","county":"Racine","geo_location":{ "type": "Point", "coordinates": [-87.8014, 42.706] }},
{"zip_code":"53546","country":"US","city":"Janesville","state":"Wisconsin","state_ab":"WI","county":"Rock","geo_location":{ "type": "Point", "coordinates": [-89.0025, 42.6683] }},
{"zip_code":"54563","country":"US","city":"Tony","state":"Wisconsin","state_ab":"WI","county":"Rusk","geo_location":{ "type": "Point", "coordinates": [-90.9869, 45.4741] }},
{"zip_code":"54819","country":"US","city":"Bruce","state":"Wisconsin","state_ab":"WI","county":"Rusk","geo_location":{ "type": "Point", "coordinates": [-91.2906, 45.4479] }},
{"zip_code":"53959","country":"US","city":"Reedsburg","state":"Wisconsin","state_ab":"WI","county":"Sauk","geo_location":{ "type": "Point", "coordinates": [-89.9959, 43.5316] }},
{"zip_code":"54486","country":"US","city":"Tigerton","state":"Wisconsin","state_ab":"WI","county":"Shawano","geo_location":{ "type": "Point", "coordinates": [-89.0569, 44.7299] }},
{"zip_code":"54499","country":"US","city":"Wittenberg","state":"Wisconsin","state_ab":"WI","county":"Shawano","geo_location":{ "type": "Point", "coordinates": [-89.1665, 44.8232] }},
{"zip_code":"53070","country":"US","city":"Oostburg","state":"Wisconsin","state_ab":"WI","county":"Sheboygan","geo_location":{ "type": "Point", "coordinates": [-87.797, 43.6229] }},
{"zip_code":"53083","country":"US","city":"Sheboygan","state":"Wisconsin","state_ab":"WI","county":"Sheboygan","geo_location":{ "type": "Point", "coordinates": [-87.766, 43.8176] }},
{"zip_code":"54419","country":"US","city":"Chelsea","state":"Wisconsin","state_ab":"WI","county":"Taylor County","geo_location":{ "type": "Point", "coordinates": [-90.3054, 45.289] }},
{"zip_code":"54433","country":"US","city":"Gilman","state":"Wisconsin","state_ab":"WI","county":"Taylor","geo_location":{ "type": "Point", "coordinates": [-90.8257, 45.1891] }},
{"zip_code":"54770","country":"US","city":"Strum","state":"Wisconsin","state_ab":"WI","county":"Trempealeau","geo_location":{ "type": "Point", "coordinates": [-91.3833, 44.5674] }},
{"zip_code":"54639","country":"US","city":"La Farge","state":"Wisconsin","state_ab":"WI","county":"Vernon","geo_location":{ "type": "Point", "coordinates": [-90.6365, 43.6] }},
{"zip_code":"53120","country":"US","city":"East Troy","state":"Wisconsin","state_ab":"WI","county":"Walworth","geo_location":{ "type": "Point", "coordinates": [-88.4092, 42.8035] }},
{"zip_code":"54859","country":"US","city":"Minong","state":"Wisconsin","state_ab":"WI","county":"Washburn","geo_location":{ "type": "Point", "coordinates": [-91.8506, 46.1044] }},
{"zip_code":"53096","country":"US","city":"West Bend","state":"Wisconsin","state_ab":"WI","county":"Washington County","geo_location":{ "type": "Point", "coordinates": [-88.1832, 43.4252] }},
{"zip_code":"53029","country":"US","city":"Hartland","state":"Wisconsin","state_ab":"WI","county":"Waukesha","geo_location":{ "type": "Point", "coordinates": [-88.3446, 43.1172] }},
{"zip_code":"53056","country":"US","city":"Merton","state":"Wisconsin","state_ab":"WI","county":"Waukesha","geo_location":{ "type": "Point", "coordinates": [-88.3097, 43.146] }},
{"zip_code":"53069","country":"US","city":"Okauchee","state":"Wisconsin","state_ab":"WI","county":"Waukesha","geo_location":{ "type": "Point", "coordinates": [-88.4323, 43.113] }},
{"zip_code":"53119","country":"US","city":"Eagle","state":"Wisconsin","state_ab":"WI","county":"Waukesha","geo_location":{ "type": "Point", "coordinates": [-88.4674, 42.8809] }},
{"zip_code":"53146","country":"US","city":"New Berlin","state":"Wisconsin","state_ab":"WI","county":"Waukesha","geo_location":{ "type": "Point", "coordinates": [-88.1553, 42.974] }},
{"zip_code":"53186","country":"US","city":"Waukesha","state":"Wisconsin","state_ab":"WI","county":"Waukesha","geo_location":{ "type": "Point", "coordinates": [-88.2196, 42.9993] }},
{"zip_code":"54949","country":"US","city":"Manawa","state":"Wisconsin","state_ab":"WI","county":"Waupaca","geo_location":{ "type": "Point", "coordinates": [-88.9164, 44.4701] }},
{"zip_code":"54950","country":"US","city":"Marion","state":"Wisconsin","state_ab":"WI","county":"Waupaca","geo_location":{ "type": "Point", "coordinates": [-88.8767, 44.6794] }},
{"zip_code":"54990","country":"US","city":"Iola","state":"Wisconsin","state_ab":"WI","county":"Waupaca","geo_location":{ "type": "Point", "coordinates": [-88.915, 44.4619] }},
{"zip_code":"54976","country":"US","city":"Saxeville","state":"Wisconsin","state_ab":"WI","county":"Waushara","geo_location":{ "type": "Point", "coordinates": [-89.0969, 44.2093] }},
{"zip_code":"54963","country":"US","city":"Omro","state":"Wisconsin","state_ab":"WI","county":"Winnebago","geo_location":{ "type": "Point", "coordinates": [-88.7519, 44.0357] }},
{"zip_code":"26250","country":"US","city":"Belington","state":"West Virginia","state_ab":"WV","county":"Barbour","geo_location":{ "type": "Point", "coordinates": [-79.9495, 39.0244] }},
{"zip_code":"26416","country":"US","city":"Philippi","state":"West Virginia","state_ab":"WV","county":"Barbour","geo_location":{ "type": "Point", "coordinates": [-80.0492, 39.1613] }},
{"zip_code":"25413","country":"US","city":"Bunker Hill","state":"West Virginia","state_ab":"WV","county":"Berkeley","geo_location":{ "type": "Point", "coordinates": [-78.0487, 39.3276] }},
{"zip_code":"25440","country":"US","city":"Ridgeway","state":"West Virginia","state_ab":"WV","county":"Berkeley","geo_location":{ "type": "Point", "coordinates": [-78.0263, 39.4427] }},
{"zip_code":"25013","country":"US","city":"Barrett","state":"West Virginia","state_ab":"WV","county":"Boone County","geo_location":{ "type": "Point", "coordinates": [-81.6483, 37.8802] }},
{"zip_code":"25053","country":"US","city":"Danville","state":"West Virginia","state_ab":"WV","county":"Boone","geo_location":{ "type": "Point", "coordinates": [-81.8853, 38.0195] }},
{"zip_code":"25093","country":"US","city":"Gordon","state":"West Virginia","state_ab":"WV","county":"Boone","geo_location":{ "type": "Point", "coordinates": [-81.717, 37.9971] }},
{"zip_code":"25130","country":"US","city":"Madison","state":"West Virginia","state_ab":"WV","county":"Boone","geo_location":{ "type": "Point", "coordinates": [-81.7938, 38.0444] }},
{"zip_code":"25169","country":"US","city":"Ridgeview","state":"West Virginia","state_ab":"WV","county":"Boone","geo_location":{ "type": "Point", "coordinates": [-81.7725, 38.1486] }},
{"zip_code":"25206","country":"US","city":"Van","state":"West Virginia","state_ab":"WV","county":"Boone","geo_location":{ "type": "Point", "coordinates": [-81.7022, 37.9712] }},
{"zip_code":"25529","country":"US","city":"Julian","state":"West Virginia","state_ab":"WV","county":"Boone","geo_location":{ "type": "Point", "coordinates": [-81.8642, 38.1264] }},
{"zip_code":"26623","country":"US","city":"Frametown","state":"West Virginia","state_ab":"WV","county":"Braxton","geo_location":{ "type": "Point", "coordinates": [-80.8589, 38.6305] }},
{"zip_code":"26030","country":"US","city":"Beech Bottom","state":"West Virginia","state_ab":"WV","county":"Brooke","geo_location":{ "type": "Point", "coordinates": [-80.6513, 40.2259] }},
{"zip_code":"26070","country":"US","city":"Wellsburg","state":"West Virginia","state_ab":"WV","county":"Brooke","geo_location":{ "type": "Point", "coordinates": [-80.5961, 40.2548] }},
{"zip_code":"25710","country":"US","city":"Huntington","state":"West Virginia","state_ab":"WV","county":"Cabell","geo_location":{ "type": "Point", "coordinates": [-82.2774, 38.4134] }},
{"zip_code":"25723","country":"US","city":"Huntington","state":"West Virginia","state_ab":"WV","county":"Cabell","geo_location":{ "type": "Point", "coordinates": [-82.2774, 38.4134] }},
{"zip_code":"25776","country":"US","city":"Huntington","state":"West Virginia","state_ab":"WV","county":"Cabell","geo_location":{ "type": "Point", "coordinates": [-82.2774, 38.4134] }},
{"zip_code":"26339","country":"US","city":"Center Point","state":"West Virginia","state_ab":"WV","county":"Doddridge","geo_location":{ "type": "Point", "coordinates": [-80.6352, 39.4125] }},
{"zip_code":"26456","country":"US","city":"West Union","state":"West Virginia","state_ab":"WV","county":"Doddridge","geo_location":{ "type": "Point", "coordinates": [-80.7911, 39.2762] }},
{"zip_code":"25040","country":"US","city":"Charlton Heights","state":"West Virginia","state_ab":"WV","county":"Fayette","geo_location":{ "type": "Point", "coordinates": [-81.0648, 38.0413] }},
{"zip_code":"25840","country":"US","city":"Fayetteville","state":"West Virginia","state_ab":"WV","county":"Fayette","geo_location":{ "type": "Point", "coordinates": [-81.0943, 38.064] }},
{"zip_code":"25866","country":"US","city":"Lochgelly","state":"West Virginia","state_ab":"WV","county":"Fayette","geo_location":{ "type": "Point", "coordinates": [-81.0648, 38.0413] }},
{"zip_code":"25879","country":"US","city":"Minden","state":"West Virginia","state_ab":"WV","county":"Fayette","geo_location":{ "type": "Point", "coordinates": [-81.115, 37.9758] }},
{"zip_code":"25880","country":"US","city":"Mount Hope","state":"West Virginia","state_ab":"WV","county":"Fayette","geo_location":{ "type": "Point", "coordinates": [-81.2058, 37.8782] }},
{"zip_code":"26430","country":"US","city":"Sand Fork","state":"West Virginia","state_ab":"WV","county":"Gilmer","geo_location":{ "type": "Point", "coordinates": [-80.8313, 38.9136] }},
{"zip_code":"26443","country":"US","city":"Troy","state":"West Virginia","state_ab":"WV","county":"Gilmer","geo_location":{ "type": "Point", "coordinates": [-80.7549, 39.0839] }},
{"zip_code":"26636","country":"US","city":"Rosedale","state":"West Virginia","state_ab":"WV","county":"Gilmer","geo_location":{ "type": "Point", "coordinates": [-80.8313, 38.9136] }},
{"zip_code":"26739","country":"US","city":"Mount Storm","state":"West Virginia","state_ab":"WV","county":"Grant","geo_location":{ "type": "Point", "coordinates": [-79.2255, 39.2652] }},
{"zip_code":"26816","country":"US","city":"Arthur","state":"West Virginia","state_ab":"WV","county":"Grant County","geo_location":{ "type": "Point", "coordinates": [-79.0978, 39.1012] }},
{"zip_code":"24966","country":"US","city":"Renick","state":"West Virginia","state_ab":"WV","county":"Greenbrier","geo_location":{ "type": "Point", "coordinates": [-80.3653, 37.9922] }},
{"zip_code":"26056","country":"US","city":"New Manchester","state":"West Virginia","state_ab":"WV","county":"Hancock","geo_location":{ "type": "Point", "coordinates": [-80.5928, 40.5162] }},
{"zip_code":"26366","country":"US","city":"Haywood","state":"West Virginia","state_ab":"WV","county":"Harrison","geo_location":{ "type": "Point", "coordinates": [-80.3489, 39.3745] }},
{"zip_code":"26173","country":"US","city":"Sherman","state":"West Virginia","state_ab":"WV","county":"Jackson","geo_location":{ "type": "Point", "coordinates": [-81.7095, 38.9519] }},
{"zip_code":"25026","country":"US","city":"Blue Creek","state":"West Virginia","state_ab":"WV","county":"Kanawha","geo_location":{ "type": "Point", "coordinates": [-81.3928, 38.4908] }},
{"zip_code":"25039","country":"US","city":"Cedar Grove","state":"West Virginia","state_ab":"WV","county":"Kanawha","geo_location":{ "type": "Point", "coordinates": [-81.5982, 38.2792] }},
{"zip_code":"25079","country":"US","city":"Falling Rock","state":"West Virginia","state_ab":"WV","county":"Kanawha","geo_location":{ "type": "Point", "coordinates": [-81.3984, 38.4951] }},
{"zip_code":"25103","country":"US","city":"Hansford","state":"West Virginia","state_ab":"WV","county":"Kanawha","geo_location":{ "type": "Point", "coordinates": [-81.3929, 38.207] }},
{"zip_code":"25143","country":"US","city":"Nitro","state":"West Virginia","state_ab":"WV","county":"Kanawha","geo_location":{ "type": "Point", "coordinates": [-81.8293, 38.4193] }},
{"zip_code":"25156","country":"US","city":"Pinch","state":"West Virginia","state_ab":"WV","county":"Kanawha","geo_location":{ "type": "Point", "coordinates": [-81.4611, 38.402] }},
{"zip_code":"25309","country":"US","city":"Charleston","state":"West Virginia","state_ab":"WV","county":"Kanawha","geo_location":{ "type": "Point", "coordinates": [-81.7568, 38.3108] }},
{"zip_code":"25323","country":"US","city":"Charleston","state":"West Virginia","state_ab":"WV","county":"Kanawha","geo_location":{ "type": "Point", "coordinates": [-81.5547, 38.2968] }},
{"zip_code":"25336","country":"US","city":"Charleston","state":"West Virginia","state_ab":"WV","county":"Kanawha","geo_location":{ "type": "Point", "coordinates": [-81.5547, 38.2968] }},
{"zip_code":"25350","country":"US","city":"Charleston","state":"West Virginia","state_ab":"WV","county":"Kanawha","geo_location":{ "type": "Point", "coordinates": [-81.5547, 38.2968] }},
{"zip_code":"25389","country":"US","city":"Charleston","state":"West Virginia","state_ab":"WV","county":"Kanawha","geo_location":{ "type": "Point", "coordinates": [-81.6394, 38.354] }},
{"zip_code":"25183","country":"US","city":"Sharples","state":"West Virginia","state_ab":"WV","county":"Logan","geo_location":{ "type": "Point", "coordinates": [-81.9024, 37.8332] }},
{"zip_code":"25606","country":"US","city":"Accoville","state":"West Virginia","state_ab":"WV","county":"Logan","geo_location":{ "type": "Point", "coordinates": [-81.9024, 37.8332] }},
{"zip_code":"25646","country":"US","city":"Stollings","state":"West Virginia","state_ab":"WV","county":"Logan","geo_location":{ "type": "Point", "coordinates": [-81.9639, 37.8303] }},
{"zip_code":"24810","country":"US","city":"Ashland","state":"West Virginia","state_ab":"WV","county":"McDowell County","geo_location":{ "type": "Point", "coordinates": [-81.3854, 37.4183] }},
{"zip_code":"24836","country":"US","city":"Gary","state":"West Virginia","state_ab":"WV","county":"McDowell","geo_location":{ "type": "Point", "coordinates": [-81.5544, 37.3658] }},
{"zip_code":"24850","country":"US","city":"Jolo","state":"West Virginia","state_ab":"WV","county":"McDowell","geo_location":{ "type": "Point", "coordinates": [-81.8316, 37.3324] }},
{"zip_code":"24889","country":"US","city":"Twin Branch","state":"West Virginia","state_ab":"WV","county":"McDowell","geo_location":{ "type": "Point", "coordinates": [-81.6539, 37.3752] }},
{"zip_code":"26559","country":"US","city":"Barrackville","state":"West Virginia","state_ab":"WV","county":"Marion","geo_location":{ "type": "Point", "coordinates": [-80.1725, 39.5052] }},
{"zip_code":"26560","country":"US","city":"Baxter","state":"West Virginia","state_ab":"WV","county":"Marion","geo_location":{ "type": "Point", "coordinates": [-80.2185, 39.5143] }},
{"zip_code":"26586","country":"US","city":"Montana Mines","state":"West Virginia","state_ab":"WV","county":"Marion","geo_location":{ "type": "Point", "coordinates": [-80.0897, 39.5191] }},
{"zip_code":"25260","country":"US","city":"Mason","state":"West Virginia","state_ab":"WV","county":"Mason","geo_location":{ "type": "Point", "coordinates": [-82.0282, 39.0064] }},
{"zip_code":"25503","country":"US","city":"Ashton","state":"West Virginia","state_ab":"WV","county":"Mason","geo_location":{ "type": "Point", "coordinates": [-82.1123, 38.6032] }},
{"zip_code":"24733","country":"US","city":"Lashmeet","state":"West Virginia","state_ab":"WV","county":"Mercer","geo_location":{ "type": "Point", "coordinates": [-81.2138, 37.442] }},
{"zip_code":"26726","country":"US","city":"Keyser","state":"West Virginia","state_ab":"WV","county":"Mineral","geo_location":{ "type": "Point", "coordinates": [-78.8926, 39.4527] }},
{"zip_code":"26753","country":"US","city":"Ridgeley","state":"West Virginia","state_ab":"WV","county":"Mineral","geo_location":{ "type": "Point", "coordinates": [-78.7887, 39.5636] }},
{"zip_code":"25686","country":"US","city":"Newtown","state":"West Virginia","state_ab":"WV","county":"Mingo","geo_location":{ "type": "Point", "coordinates": [-82.108, 37.7431] }},
{"zip_code":"26506","country":"US","city":"Morgantown","state":"West Virginia","state_ab":"WV","county":"Monongalia","geo_location":{ "type": "Point", "coordinates": [-79.9627, 39.6453] }},
{"zip_code":"26533","country":"US","city":"Everettville","state":"West Virginia","state_ab":"WV","county":"Monongalia","geo_location":{ "type": "Point", "coordinates": [-80.093, 39.5785] }},
{"zip_code":"26546","country":"US","city":"Pursglove","state":"West Virginia","state_ab":"WV","county":"Monongalia","geo_location":{ "type": "Point", "coordinates": [-80.035, 39.6746] }},
{"zip_code":"24980","country":"US","city":"Sweet Springs","state":"West Virginia","state_ab":"WV","county":"Monroe County","geo_location":{ "type": "Point", "coordinates": [-80.3008, 37.6107] }},
{"zip_code":"24993","country":"US","city":"Wolfcreek","state":"West Virginia","state_ab":"WV","county":"Monroe","geo_location":{ "type": "Point", "coordinates": [-80.5397, 37.552] }},
{"zip_code":"26610","country":"US","city":"Birch River","state":"West Virginia","state_ab":"WV","county":"Nicholas","geo_location":{ "type": "Point", "coordinates": [-80.7459, 38.4914] }},
{"zip_code":"26676","country":"US","city":"Leivasy","state":"West Virginia","state_ab":"WV","county":"Nicholas","geo_location":{ "type": "Point", "coordinates": [-80.6827, 38.1558] }},
{"zip_code":"26690","country":"US","city":"Swiss","state":"West Virginia","state_ab":"WV","county":"Nicholas","geo_location":{ "type": "Point", "coordinates": [-81.1273, 38.2255] }},
{"zip_code":"26003","country":"US","city":"Wheeling","state":"West Virginia","state_ab":"WV","county":"Ohio","geo_location":{ "type": "Point", "coordinates": [-80.6476, 40.1027] }},
{"zip_code":"26209","country":"US","city":"Snowshoe","state":"West Virginia","state_ab":"WV","county":"Pocahontas","geo_location":{ "type": "Point", "coordinates": [-79.9906, 38.388] }},
{"zip_code":"25620","country":"US","city":"Emmett","state":"West Virginia","state_ab":"WV","county":"Preston County","geo_location":{ "type": "Point", "coordinates": [-81.8271, 37.6824] }},
{"zip_code":"26519","country":"US","city":"Albright","state":"West Virginia","state_ab":"WV","county":"Preston","geo_location":{ "type": "Point", "coordinates": [-79.6358, 39.5701] }},
{"zip_code":"26520","country":"US","city":"Arthurdale","state":"West Virginia","state_ab":"WV","county":"Preston","geo_location":{ "type": "Point", "coordinates": [-79.6882, 39.4581] }},
{"zip_code":"26713","country":"US","city":"Corinth","state":"West Virginia","state_ab":"WV","county":"Preston County","geo_location":{ "type": "Point", "coordinates": [-79.5008, 39.4338] }},
{"zip_code":"25569","country":"US","city":"Teays","state":"West Virginia","state_ab":"WV","county":"Putnam","geo_location":{ "type": "Point", "coordinates": [-81.8805, 38.4754] }},
{"zip_code":"25813","country":"US","city":"Beaver","state":"West Virginia","state_ab":"WV","county":"Raleigh","geo_location":{ "type": "Point", "coordinates": [-81.0731, 37.7516] }},
{"zip_code":"25839","country":"US","city":"Fairdale","state":"West Virginia","state_ab":"WV","county":"Raleigh","geo_location":{ "type": "Point", "coordinates": [-81.3716, 37.7689] }},
{"zip_code":"25853","country":"US","city":"Helen","state":"West Virginia","state_ab":"WV","county":"Raleigh","geo_location":{ "type": "Point", "coordinates": [-81.3138, 37.6375] }},
{"zip_code":"26263","country":"US","city":"Dryfork","state":"West Virginia","state_ab":"WV","county":"Randolph","geo_location":{ "type": "Point", "coordinates": [-79.4376, 38.9489] }},
{"zip_code":"26276","country":"US","city":"Kerens","state":"West Virginia","state_ab":"WV","county":"Randolph","geo_location":{ "type": "Point", "coordinates": [-79.7754, 39.0299] }},
{"zip_code":"25246","country":"US","city":"Harmony","state":"West Virginia","state_ab":"WV","county":"Roane County","geo_location":{ "type": "Point", "coordinates": [-81.5076, 38.6921] }},
{"zip_code":"25259","country":"US","city":"Looneyville","state":"West Virginia","state_ab":"WV","county":"Roane","geo_location":{ "type": "Point", "coordinates": [-81.2822, 38.6641] }},
{"zip_code":"25286","country":"US","city":"Walton","state":"West Virginia","state_ab":"WV","county":"Roane","geo_location":{ "type": "Point", "coordinates": [-81.3958, 38.6023] }},
{"zip_code":"25969","country":"US","city":"Jumping Branch","state":"West Virginia","state_ab":"WV","county":"Summers","geo_location":{ "type": "Point", "coordinates": [-81.0018, 37.6188] }},
{"zip_code":"26289","country":"US","city":"Red Creek","state":"West Virginia","state_ab":"WV","county":"Tucker","geo_location":{ "type": "Point", "coordinates": [-79.5637, 39.1179] }},
{"zip_code":"26290","country":"US","city":"Saint George","state":"West Virginia","state_ab":"WV","county":"Tucker County","geo_location":{ "type": "Point", "coordinates": [-79.7024, 39.1666] }},
{"zip_code":"26146","country":"US","city":"Friendly","state":"West Virginia","state_ab":"WV","county":"Tyler","geo_location":{ "type": "Point", "coordinates": [-81.0572, 39.4961] }},
{"zip_code":"26210","country":"US","city":"Adrian","state":"West Virginia","state_ab":"WV","county":"Upshur","geo_location":{ "type": "Point", "coordinates": [-80.2269, 38.8993] }},
{"zip_code":"26236","country":"US","city":"Selbyville","state":"West Virginia","state_ab":"WV","county":"Upshur","geo_location":{ "type": "Point", "coordinates": [-80.2269, 38.8993] }},
{"zip_code":"25530","country":"US","city":"Kenova","state":"West Virginia","state_ab":"WV","county":"Wayne","geo_location":{ "type": "Point", "coordinates": [-82.5255, 38.3569] }},
{"zip_code":"25570","country":"US","city":"Wayne","state":"West Virginia","state_ab":"WV","county":"Wayne","geo_location":{ "type": "Point", "coordinates": [-82.4339, 38.2258] }},
{"zip_code":"25699","country":"US","city":"Wilsondale","state":"West Virginia","state_ab":"WV","county":"Wayne","geo_location":{ "type": "Point", "coordinates": [-82.4183, 38.1321] }},
{"zip_code":"25709","country":"US","city":"Huntington","state":"West Virginia","state_ab":"WV","county":"Wayne","geo_location":{ "type": "Point", "coordinates": [-82.4183, 38.1321] }},
{"zip_code":"26159","country":"US","city":"Paden City","state":"West Virginia","state_ab":"WV","county":"Wetzel","geo_location":{ "type": "Point", "coordinates": [-80.9265, 39.6044] }},
{"zip_code":"26186","country":"US","city":"Wileyville","state":"West Virginia","state_ab":"WV","county":"Wetzel","geo_location":{ "type": "Point", "coordinates": [-80.6667, 39.5755] }},
{"zip_code":"26160","country":"US","city":"Palestine","state":"West Virginia","state_ab":"WV","county":"Wirt","geo_location":{ "type": "Point", "coordinates": [-81.428, 38.9741] }},
{"zip_code":"26106","country":"US","city":"Parkersburg","state":"West Virginia","state_ab":"WV","county":"Wood","geo_location":{ "type": "Point", "coordinates": [-81.4979, 39.2183] }},
{"zip_code":"26120","country":"US","city":"Mineral Wells","state":"West Virginia","state_ab":"WV","county":"Wood","geo_location":{ "type": "Point", "coordinates": [-81.4979, 39.2183] }},
{"zip_code":"26133","country":"US","city":"Belleville","state":"West Virginia","state_ab":"WV","county":"Wood","geo_location":{ "type": "Point", "coordinates": [-81.6923, 39.1314] }},
{"zip_code":"24719","country":"US","city":"Covel","state":"West Virginia","state_ab":"WV","county":"Wyoming","geo_location":{ "type": "Point", "coordinates": [-81.54, 37.6033] }},
{"zip_code":"24823","country":"US","city":"Coal Mountain","state":"West Virginia","state_ab":"WV","county":"Wyoming","geo_location":{ "type": "Point", "coordinates": [-81.7079, 37.6885] }},
{"zip_code":"24849","country":"US","city":"Jesse","state":"West Virginia","state_ab":"WV","county":"Wyoming","geo_location":{ "type": "Point", "coordinates": [-81.5628, 37.6608] }},
{"zip_code":"25826","country":"US","city":"Corinne","state":"West Virginia","state_ab":"WV","county":"Wyoming","geo_location":{ "type": "Point", "coordinates": [-81.54, 37.6033] }},
{"zip_code":"25916","country":"US","city":"Sabine","state":"West Virginia","state_ab":"WV","county":"Wyoming","geo_location":{ "type": "Point", "coordinates": [-81.54, 37.6033] }},
{"zip_code":"25943","country":"US","city":"Wyco","state":"West Virginia","state_ab":"WV","county":"Wyoming","geo_location":{ "type": "Point", "coordinates": [-81.54, 37.6033] }},
{"zip_code":"82063","country":"US","city":"Jelm","state":"Wyoming","state_ab":"WY","county":"Albany","geo_location":{ "type": "Point", "coordinates": [-106.0763, 41.0539] }},
{"zip_code":"82410","country":"US","city":"Basin","state":"Wyoming","state_ab":"WY","county":"Big Horn","geo_location":{ "type": "Point", "coordinates": [-108.0438, 44.3788] }},
{"zip_code":"82229","country":"US","city":"Shawnee","state":"Wyoming","state_ab":"WY","county":"Converse","geo_location":{ "type": "Point", "coordinates": [-105.0633, 42.7877] }},
{"zip_code":"82720","country":"US","city":"Hulett","state":"Wyoming","state_ab":"WY","county":"Crook","geo_location":{ "type": "Point", "coordinates": [-104.6174, 44.7352] }},
{"zip_code":"82513","country":"US","city":"Dubois","state":"Wyoming","state_ab":"WY","county":"Fremont","geo_location":{ "type": "Point", "coordinates": [-109.6492, 43.5451] }},
{"zip_code":"82243","country":"US","city":"Veteran","state":"Wyoming","state_ab":"WY","county":"Goshen","geo_location":{ "type": "Point", "coordinates": [-104.3709, 41.9821] }},
{"zip_code":"82009","country":"US","city":"Cheyenne","state":"Wyoming","state_ab":"WY","county":"Laramie","geo_location":{ "type": "Point", "coordinates": [-104.8023, 41.1836] }},
{"zip_code":"82010","country":"US","city":"Cheyenne","state":"Wyoming","state_ab":"WY","county":"Laramie","geo_location":{ "type": "Point", "coordinates": [-104.6664, 41.3274] }},
{"zip_code":"82050","country":"US","city":"Albin","state":"Wyoming","state_ab":"WY","county":"Laramie","geo_location":{ "type": "Point", "coordinates": [-104.1505, 41.4342] }},
{"zip_code":"83116","country":"US","city":"Diamondville","state":"Wyoming","state_ab":"WY","county":"Lincoln","geo_location":{ "type": "Point", "coordinates": [-110.54, 41.7839] }},
{"zip_code":"82630","country":"US","city":"Arminto","state":"Wyoming","state_ab":"WY","county":"Natrona","geo_location":{ "type": "Point", "coordinates": [-106.807, 42.9662] }},
{"zip_code":"82643","country":"US","city":"Midwest","state":"Wyoming","state_ab":"WY","county":"Natrona","geo_location":{ "type": "Point", "coordinates": [-106.2668, 43.4108] }},
{"zip_code":"82423","country":"US","city":"Frannie","state":"Wyoming","state_ab":"WY","county":"Park","geo_location":{ "type": "Point", "coordinates": [-108.6221, 44.9718] }},
{"zip_code":"82450","country":"US","city":"Wapiti","state":"Wyoming","state_ab":"WY","county":"Park","geo_location":{ "type": "Point", "coordinates": [-109.4155, 44.4631] }},
{"zip_code":"82836","country":"US","city":"Dayton","state":"Wyoming","state_ab":"WY","county":"Sheridan","geo_location":{ "type": "Point", "coordinates": [-107.3026, 44.878] }},
{"zip_code":"82926","country":"US","city":"Rock Springs","state":"Wyoming","state_ab":"WY","county":"Sweetwater County","geo_location":{ "type": "Point", "coordinates": [-109.4363, 42.0508] }},
{"zip_code":"83013","country":"US","city":"Moran","state":"Wyoming","state_ab":"WY","county":"Teton","geo_location":{ "type": "Point", "coordinates": [-110.5532, 43.9509] }},
{"zip_code":"82939","country":"US","city":"Mountain View","state":"Wyoming","state_ab":"WY","county":"Uinta","geo_location":{ "type": "Point", "coordinates": [-110.3372, 41.2335] }},
{"zip_code":"31804","country":"US","city":"Cataula","state":"Georgia","state_ab":"GA","county":"Harris","geo_location":{ "type": "Point", "coordinates": [-84.9207, 32.6242] }},
{"zip_code":"31831","country":"US","city":"Waverly Hall","state":"Georgia","state_ab":"GA","county":"Harris","geo_location":{ "type": "Point", "coordinates": [-84.7425, 32.6793] }},
{"zip_code":"30517","country":"US","city":"Braselton","state":"Georgia","state_ab":"GA","county":"Jackson","geo_location":{ "type": "Point", "coordinates": [-83.7812, 34.1389] }},
{"zip_code":"30454","country":"US","city":"Rockledge","state":"Georgia","state_ab":"GA","county":"Laurens","geo_location":{ "type": "Point", "coordinates": [-82.7479, 32.3915] }},
{"zip_code":"31301","country":"US","city":"Allenhurst","state":"Georgia","state_ab":"GA","county":"Liberty","geo_location":{ "type": "Point", "coordinates": [-81.6186, 31.7741] }},
{"zip_code":"31314","country":"US","city":"Fort Stewart","state":"Georgia","state_ab":"GA","county":"Liberty","geo_location":{ "type": "Point", "coordinates": [-81.6318, 31.8701] }},
{"zip_code":"30597","country":"US","city":"Dahlonega","state":"Georgia","state_ab":"GA","county":"Lumpkin","geo_location":{ "type": "Point", "coordinates": [-83.9809, 34.5277] }},
{"zip_code":"31327","country":"US","city":"Sapelo Island","state":"Georgia","state_ab":"GA","county":"McIntosh","geo_location":{ "type": "Point", "coordinates": [-81.3819, 31.4951] }},
{"zip_code":"31057","country":"US","city":"Marshallville","state":"Georgia","state_ab":"GA","county":"Macon","geo_location":{ "type": "Point", "coordinates": [-83.9435, 32.452] }},
{"zip_code":"30647","country":"US","city":"Ila","state":"Georgia","state_ab":"GA","county":"Madison","geo_location":{ "type": "Point", "coordinates": [-83.2881, 34.1202] }},
{"zip_code":"39817","country":"US","city":"Bainbridge","state":"Georgia","state_ab":"GA","county":"Miller County","geo_location":{ "type": "Point", "coordinates": [-84.5934, 30.9381] }},
{"zip_code":"31004","country":"US","city":"Bolingbroke","state":"Georgia","state_ab":"GA","county":"Monroe","geo_location":{ "type": "Point", "coordinates": [-83.8006, 32.947] }},
{"zip_code":"30711","country":"US","city":"Crandall","state":"Georgia","state_ab":"GA","county":"Murray","geo_location":{ "type": "Point", "coordinates": [-84.7645, 34.9412] }},
{"zip_code":"30724","country":"US","city":"Eton","state":"Georgia","state_ab":"GA","county":"Murray","geo_location":{ "type": "Point", "coordinates": [-84.7779, 34.7878] }},
{"zip_code":"30751","country":"US","city":"Tennga","state":"Georgia","state_ab":"GA","county":"Murray","geo_location":{ "type": "Point", "coordinates": [-84.7352, 34.9814] }},
{"zip_code":"31907","country":"US","city":"Columbus","state":"Georgia","state_ab":"GA","county":"Muscogee","geo_location":{ "type": "Point", "coordinates": [-84.898, 32.4779] }},
{"zip_code":"30014","country":"US","city":"Covington","state":"Georgia","state_ab":"GA","county":"Newton","geo_location":{ "type": "Point", "coordinates": [-83.8496, 33.5293] }},
{"zip_code":"30054","country":"US","city":"Oxford","state":"Georgia","state_ab":"GA","county":"Newton","geo_location":{ "type": "Point", "coordinates": [-83.874, 33.6706] }},
{"zip_code":"30621","country":"US","city":"Bishop","state":"Georgia","state_ab":"GA","county":"Oconee","geo_location":{ "type": "Point", "coordinates": [-83.4777, 33.8081] }},
{"zip_code":"30131","country":"US","city":"Cumming","state":"Georgia","state_ab":"GA","county":"Paulding County","geo_location":{ "type": "Point", "coordinates": [-84.0951, 34.2041] }},
{"zip_code":"30157","country":"US","city":"Dallas","state":"Georgia","state_ab":"GA","county":"Paulding","geo_location":{ "type": "Point", "coordinates": [-84.8621, 33.9045] }},
{"zip_code":"30104","country":"US","city":"Aragon","state":"Georgia","state_ab":"GA","county":"Polk","geo_location":{ "type": "Point", "coordinates": [-85.0696, 34.0666] }},
{"zip_code":"31754","country":"US","city":"Georgetown","state":"Georgia","state_ab":"GA","county":"Quitman","geo_location":{ "type": "Point", "coordinates": [-85.0711, 31.8848] }},
{"zip_code":"31767","country":"US","city":"Morris","state":"Georgia","state_ab":"GA","county":"Quitman","geo_location":{ "type": "Point", "coordinates": [-85.0245, 31.8814] }},
{"zip_code":"30904","country":"US","city":"Augusta","state":"Georgia","state_ab":"GA","county":"Richmond","geo_location":{ "type": "Point", "coordinates": [-82.0131, 33.4737] }},
{"zip_code":"30094","country":"US","city":"Conyers","state":"Georgia","state_ab":"GA","county":"Rockdale","geo_location":{ "type": "Point", "coordinates": [-84.0683, 33.6111] }},
{"zip_code":"30207","country":"US","city":"Conyers","state":"Georgia","state_ab":"GA","county":"Rockdale County","geo_location":{ "type": "Point", "coordinates": [-84.0198, 33.6831] }},
{"zip_code":"30467","country":"US","city":"Sylvania","state":"Georgia","state_ab":"GA","county":"Screven","geo_location":{ "type": "Point", "coordinates": [-81.6287, 32.7439] }},
{"zip_code":"30557","country":"US","city":"Martin","state":"Georgia","state_ab":"GA","county":"Stephens","geo_location":{ "type": "Point", "coordinates": [-83.1686, 34.5155] }},
{"zip_code":"30427","country":"US","city":"Glennville","state":"Georgia","state_ab":"GA","county":"Tattnall","geo_location":{ "type": "Point", "coordinates": [-81.9483, 31.9467] }},
{"zip_code":"31727","country":"US","city":"Brookfield","state":"Georgia","state_ab":"GA","county":"Tift","geo_location":{ "type": "Point", "coordinates": [-83.5037, 31.4417] }},
{"zip_code":"31794","country":"US","city":"Tifton","state":"Georgia","state_ab":"GA","county":"Tift","geo_location":{ "type": "Point", "coordinates": [-83.4999, 31.4639] }},
{"zip_code":"30261","country":"US","city":"Lagrange","state":"Georgia","state_ab":"GA","county":"Troup","geo_location":{ "type": "Point", "coordinates": [-85.049, 33.0457] }},
{"zip_code":"31714","country":"US","city":"Ashburn","state":"Georgia","state_ab":"GA","county":"Turner","geo_location":{ "type": "Point", "coordinates": [-83.6608, 31.7059] }},
{"zip_code":"31017","country":"US","city":"Danville","state":"Georgia","state_ab":"GA","county":"Twiggs","geo_location":{ "type": "Point", "coordinates": [-83.3033, 32.593] }},
{"zip_code":"31044","country":"US","city":"Jeffersonville","state":"Georgia","state_ab":"GA","county":"Twiggs","geo_location":{ "type": "Point", "coordinates": [-83.3859, 32.7411] }},
{"zip_code":"31097","country":"US","city":"Yatesville","state":"Georgia","state_ab":"GA","county":"Upson","geo_location":{ "type": "Point", "coordinates": [-84.1593, 32.9156] }},
{"zip_code":"30571","country":"US","city":"Sautee Nacoochee","state":"Georgia","state_ab":"GA","county":"White","geo_location":{ "type": "Point", "coordinates": [-83.6931, 34.7162] }},
{"zip_code":"31071","country":"US","city":"Pineview","state":"Georgia","state_ab":"GA","county":"Wilcox","geo_location":{ "type": "Point", "coordinates": [-83.5158, 32.0907] }},
{"zip_code":"31084","country":"US","city":"Seville","state":"Georgia","state_ab":"GA","county":"Wilcox","geo_location":{ "type": "Point", "coordinates": [-83.3946, 31.989] }},
{"zip_code":"31031","country":"US","city":"Gordon","state":"Georgia","state_ab":"GA","county":"Wilkinson","geo_location":{ "type": "Point", "coordinates": [-83.3029, 32.8813] }},
{"zip_code":"31781","country":"US","city":"Poulan","state":"Georgia","state_ab":"GA","county":"Worth","geo_location":{ "type": "Point", "coordinates": [-83.7843, 31.5384] }},
{"zip_code":"96737","country":"US","city":"Ocean View","state":"Hawaii","state_ab":"HI","county":"Hawaii","geo_location":{ "type": "Point", "coordinates": [-155.7258, 19.1002] }},
{"zip_code":"96764","country":"US","city":"Laupahoehoe","state":"Hawaii","state_ab":"HI","county":"Hawaii","geo_location":{ "type": "Point", "coordinates": [-155.2323, 19.9802] }},
{"zip_code":"96777","country":"US","city":"Pahala","state":"Hawaii","state_ab":"HI","county":"Hawaii","geo_location":{ "type": "Point", "coordinates": [-155.4815, 19.2079] }},
{"zip_code":"96791","country":"US","city":"Waialua","state":"Hawaii","state_ab":"HI","county":"Honolulu","geo_location":{ "type": "Point", "coordinates": [-158.1267, 21.5766] }},
{"zip_code":"96801","country":"US","city":"Honolulu","state":"Hawaii","state_ab":"HI","county":"Honolulu","geo_location":{ "type": "Point", "coordinates": [-157.8294, 21.3278] }},
{"zip_code":"96814","country":"US","city":"Honolulu","state":"Hawaii","state_ab":"HI","county":"Honolulu","geo_location":{ "type": "Point", "coordinates": [-157.8439, 21.2998] }},
{"zip_code":"96827","country":"US","city":"Honolulu","state":"Hawaii","state_ab":"HI","county":"Honolulu","geo_location":{ "type": "Point", "coordinates": [-157.8643, 21.3172] }},
{"zip_code":"96841","country":"US","city":"Honolulu","state":"Hawaii","state_ab":"HI","county":"Honolulu","geo_location":{ "type": "Point", "coordinates": [-157.8594, 21.3103] }},
{"zip_code":"96854","country":"US","city":"Wheeler Army Airfield","state":"Hawaii","state_ab":"HI","county":"Honolulu","geo_location":{ "type": "Point", "coordinates": [-158.0351, 21.4877] }},
{"zip_code":"96751","country":"US","city":"Kealia","state":"Hawaii","state_ab":"HI","county":"Kauai","geo_location":{ "type": "Point", "coordinates": [-159.3085, 22.106] }},
{"zip_code":"52544","country":"US","city":"Centerville","state":"Iowa","state_ab":"IA","county":"Appanoose","geo_location":{ "type": "Point", "coordinates": [-92.8728, 40.7326] }},
{"zip_code":"52571","country":"US","city":"Moravia","state":"Iowa","state_ab":"IA","county":"Appanoose","geo_location":{ "type": "Point", "coordinates": [-92.8534, 40.8825] }},
{"zip_code":"52351","country":"US","city":"Walford","state":"Iowa","state_ab":"IA","county":"Benton","geo_location":{ "type": "Point", "coordinates": [-91.8369, 41.877] }},
{"zip_code":"50614","country":"US","city":"Cedar Falls","state":"Iowa","state_ab":"IA","county":"Black Hawk","geo_location":{ "type": "Point", "coordinates": [-92.3095, 42.4698] }},
{"zip_code":"50667","country":"US","city":"Raymond","state":"Iowa","state_ab":"IA","county":"Black Hawk","geo_location":{ "type": "Point", "coordinates": [-92.2162, 42.4672] }},
{"zip_code":"50704","country":"US","city":"Waterloo","state":"Iowa","state_ab":"IA","county":"Black Hawk","geo_location":{ "type": "Point", "coordinates": [-92.3095, 42.4698] }},
{"zip_code":"50641","country":"US","city":"Hazleton","state":"Iowa","state_ab":"IA","county":"Buchanan","geo_location":{ "type": "Point", "coordinates": [-91.9105, 42.6076] }},
{"zip_code":"50551","country":"US","city":"Jolley","state":"Iowa","state_ab":"IA","county":"Calhoun","geo_location":{ "type": "Point", "coordinates": [-94.757, 42.4871] }},
{"zip_code":"51451","country":"US","city":"Lanesboro","state":"Iowa","state_ab":"IA","county":"Carroll","geo_location":{ "type": "Point", "coordinates": [-94.6917, 42.1845] }},
{"zip_code":"52337","country":"US","city":"Stanwood","state":"Iowa","state_ab":"IA","county":"Cedar","geo_location":{ "type": "Point", "coordinates": [-91.1662, 41.8963] }},
{"zip_code":"51037","country":"US","city":"Meriden","state":"Iowa","state_ab":"IA","county":"Cherokee","geo_location":{ "type": "Point", "coordinates": [-95.6408, 42.7874] }},
{"zip_code":"52157","country":"US","city":"Mc Gregor","state":"Iowa","state_ab":"IA","county":"Clayton","geo_location":{ "type": "Point", "coordinates": [-91.1887, 43.0237] }},
{"zip_code":"52751","country":"US","city":"Grand Mound","state":"Iowa","state_ab":"IA","county":"Clinton","geo_location":{ "type": "Point", "coordinates": [-90.6695, 41.8501] }},
{"zip_code":"52777","country":"US","city":"Wheatland","state":"Iowa","state_ab":"IA","county":"Clinton","geo_location":{ "type": "Point", "coordinates": [-90.8402, 41.8259] }},
{"zip_code":"52584","country":"US","city":"Pulaski","state":"Iowa","state_ab":"IA","county":"Davis","geo_location":{ "type": "Point", "coordinates": [-92.258, 40.6941] }},
{"zip_code":"50654","country":"US","city":"Masonville","state":"Iowa","state_ab":"IA","county":"Delaware","geo_location":{ "type": "Point", "coordinates": [-91.5642, 42.4573] }},
{"zip_code":"52041","country":"US","city":"Earlville","state":"Iowa","state_ab":"IA","county":"Delaware","geo_location":{ "type": "Point", "coordinates": [-91.2597, 42.5001] }},
{"zip_code":"51347","country":"US","city":"Lake Park","state":"Iowa","state_ab":"IA","county":"Dickinson","geo_location":{ "type": "Point", "coordinates": [-95.3216, 43.4452] }},
{"zip_code":"52001","country":"US","city":"Dubuque","state":"Iowa","state_ab":"IA","county":"Dubuque","geo_location":{ "type": "Point", "coordinates": [-90.6819, 42.515] }},
{"zip_code":"51334","country":"US","city":"Estherville","state":"Iowa","state_ab":"IA","county":"Emmet","geo_location":{ "type": "Point", "coordinates": [-94.818, 43.4017] }},
{"zip_code":"50681","country":"US","city":"Westgate","state":"Iowa","state_ab":"IA","county":"Fayette","geo_location":{ "type": "Point", "coordinates": [-92.0122, 42.7812] }},
{"zip_code":"52171","country":"US","city":"Waucoma","state":"Iowa","state_ab":"IA","county":"Fayette","geo_location":{ "type": "Point", "coordinates": [-92.0302, 43.0433] }},
{"zip_code":"50227","country":"US","city":"Popejoy","state":"Iowa","state_ab":"IA","county":"Franklin","geo_location":{ "type": "Point", "coordinates": [-93.4279, 42.5974] }},
{"zip_code":"50164","country":"US","city":"Menlo","state":"Iowa","state_ab":"IA","county":"Guthrie","geo_location":{ "type": "Point", "coordinates": [-94.409, 41.5348] }},
{"zip_code":"50034","country":"US","city":"Blairsburg","state":"Iowa","state_ab":"IA","county":"Hamilton","geo_location":{ "type": "Point", "coordinates": [-93.6594, 42.4937] }},
{"zip_code":"50447","country":"US","city":"Kanawha","state":"Iowa","state_ab":"IA","county":"Hancock","geo_location":{ "type": "Point", "coordinates": [-93.7728, 42.9434] }},
{"zip_code":"50601","country":"US","city":"Ackley","state":"Iowa","state_ab":"IA","county":"Hardin","geo_location":{ "type": "Point", "coordinates": [-93.0608, 42.5527] }},
{"zip_code":"50627","country":"US","city":"Eldora","state":"Iowa","state_ab":"IA","county":"Hardin","geo_location":{ "type": "Point", "coordinates": [-93.1037, 42.3572] }},
{"zip_code":"52647","country":"US","city":"Olds","state":"Iowa","state_ab":"IA","county":"Henry","geo_location":{ "type": "Point", "coordinates": [-91.5444, 41.147] }},
{"zip_code":"50577","country":"US","city":"Renwick","state":"Iowa","state_ab":"IA","county":"Humboldt","geo_location":{ "type": "Point", "coordinates": [-94.0074, 42.8491] }},
{"zip_code":"50591","country":"US","city":"Thor","state":"Iowa","state_ab":"IA","county":"Humboldt","geo_location":{ "type": "Point", "coordinates": [-94.039, 42.6889] }},
{"zip_code":"52054","country":"US","city":"La Motte","state":"Iowa","state_ab":"IA","county":"Jackson","geo_location":{ "type": "Point", "coordinates": [-90.6177, 42.3044] }},
{"zip_code":"52207","country":"US","city":"Baldwin","state":"Iowa","state_ab":"IA","county":"Jackson","geo_location":{ "type": "Point", "coordinates": [-90.82, 42.0732] }},
{"zip_code":"50137","country":"US","city":"Killduff","state":"Iowa","state_ab":"IA","county":"Jasper","geo_location":{ "type": "Point", "coordinates": [-92.9391, 41.6594] }},
{"zip_code":"52557","country":"US","city":"Fairfield","state":"Iowa","state_ab":"IA","county":"Jefferson","geo_location":{ "type": "Point", "coordinates": [-91.9682, 41.0166] }},
{"zip_code":"50511","country":"US","city":"Algona","state":"Iowa","state_ab":"IA","county":"Kossuth","geo_location":{ "type": "Point", "coordinates": [-94.2306, 43.066] }},
{"zip_code":"52324","country":"US","city":"Palo","state":"Iowa","state_ab":"IA","county":"Linn","geo_location":{ "type": "Point", "coordinates": [-91.7877, 42.0365] }},
{"zip_code":"52401","country":"US","city":"Cedar Rapids","state":"Iowa","state_ab":"IA","county":"Linn","geo_location":{ "type": "Point", "coordinates": [-91.6554, 41.9743] }},
{"zip_code":"52737","country":"US","city":"Columbus City","state":"Iowa","state_ab":"IA","county":"Louisa","geo_location":{ "type": "Point", "coordinates": [-91.3747, 41.2593] }},
{"zip_code":"50151","country":"US","city":"Lucas","state":"Iowa","state_ab":"IA","county":"Lucas","geo_location":{ "type": "Point", "coordinates": [-93.4836, 41.0585] }},
{"zip_code":"50214","country":"US","city":"Otley","state":"Iowa","state_ab":"IA","county":"Marion","geo_location":{ "type": "Point", "coordinates": [-93.0348, 41.4518] }},
{"zip_code":"51541","country":"US","city":"Henderson","state":"Iowa","state_ab":"IA","county":"Mills","geo_location":{ "type": "Point", "coordinates": [-95.4586, 41.1254] }},
{"zip_code":"51554","country":"US","city":"Mineola","state":"Iowa","state_ab":"IA","county":"Mills","geo_location":{ "type": "Point", "coordinates": [-95.7005, 41.1414] }},
{"zip_code":"50461","country":"US","city":"Osage","state":"Iowa","state_ab":"IA","county":"Mitchell","geo_location":{ "type": "Point", "coordinates": [-92.8144, 43.2872] }},
{"zip_code":"51051","country":"US","city":"Rodney","state":"Iowa","state_ab":"IA","county":"Monona","geo_location":{ "type": "Point", "coordinates": [-95.9769, 42.198] }},
{"zip_code":"52531","country":"US","city":"Albia","state":"Iowa","state_ab":"IA","county":"Monroe","geo_location":{ "type": "Point", "coordinates": [-92.7946, 41.0287] }},
{"zip_code":"50847","country":"US","city":"Grant","state":"Iowa","state_ab":"IA","county":"Montgomery","geo_location":{ "type": "Point", "coordinates": [-94.9842, 41.1427] }},
{"zip_code":"51231","country":"US","city":"Archer","state":"Iowa","state_ab":"IA","county":"O'Brien","geo_location":{ "type": "Point", "coordinates": [-95.7417, 43.1179] }},
{"zip_code":"51631","country":"US","city":"Braddyville","state":"Iowa","state_ab":"IA","county":"Page","geo_location":{ "type": "Point", "coordinates": [-94.9956, 40.5991] }},
{"zip_code":"51024","country":"US","city":"Hinton","state":"Iowa","state_ab":"IA","county":"Plymouth","geo_location":{ "type": "Point", "coordinates": [-96.305, 42.604] }},
{"zip_code":"50007","country":"US","city":"Alleman","state":"Iowa","state_ab":"IA","county":"Polk","geo_location":{ "type": "Point", "coordinates": [-93.6063, 41.8159] }},
{"zip_code":"50021","country":"US","city":"Ankeny","state":"Iowa","state_ab":"IA","county":"Polk","geo_location":{ "type": "Point", "coordinates": [-93.5682, 41.7212] }},
{"zip_code":"50111","country":"US","city":"Grimes","state":"Iowa","state_ab":"IA","county":"Polk","geo_location":{ "type": "Point", "coordinates": [-93.7821, 41.7018] }},
{"zip_code":"50304","country":"US","city":"Des Moines","state":"Iowa","state_ab":"IA","county":"Polk","geo_location":{ "type": "Point", "coordinates": [-93.5722, 41.6727] }},
{"zip_code":"50317","country":"US","city":"Des Moines","state":"Iowa","state_ab":"IA","county":"Polk","geo_location":{ "type": "Point", "coordinates": [-93.5296, 41.6122] }},
{"zip_code":"50331","country":"US","city":"Des Moines","state":"Iowa","state_ab":"IA","county":"Polk","geo_location":{ "type": "Point", "coordinates": [-93.5722, 41.6727] }},
{"zip_code":"50397","country":"US","city":"Des Moines","state":"Iowa","state_ab":"IA","county":"Polk","geo_location":{ "type": "Point", "coordinates": [-93.5722, 41.6727] }},
{"zip_code":"51501","country":"US","city":"Council Bluffs","state":"Iowa","state_ab":"IA","county":"Pottawattamie","geo_location":{ "type": "Point", "coordinates": [-95.8751, 41.2324] }},
{"zip_code":"50177","country":"US","city":"Grinnell","state":"Iowa","state_ab":"IA","county":"Poweshiek","geo_location":{ "type": "Point", "coordinates": [-92.532, 41.6857] }},
{"zip_code":"52221","country":"US","city":"Guernsey","state":"Iowa","state_ab":"IA","county":"Poweshiek","geo_location":{ "type": "Point", "coordinates": [-92.3479, 41.6378] }},
{"zip_code":"50074","country":"US","city":"Ellston","state":"Iowa","state_ab":"IA","county":"Ringgold","geo_location":{ "type": "Point", "coordinates": [-94.0841, 40.8505] }},
{"zip_code":"52801","country":"US","city":"Davenport","state":"Iowa","state_ab":"IA","county":"Scott","geo_location":{ "type": "Point", "coordinates": [-90.5745, 41.5208] }},
{"zip_code":"51437","country":"US","city":"Carnarvon","state":"Iowa","state_ab":"IA","county":"Shelby County","geo_location":{ "type": "Point", "coordinates": [-95.0908, 42.2536] }},
{"zip_code":"51527","country":"US","city":"Defiance","state":"Iowa","state_ab":"IA","county":"Shelby","geo_location":{ "type": "Point", "coordinates": [-95.3537, 41.8053] }},
{"zip_code":"51011","country":"US","city":"Chatsworth","state":"Iowa","state_ab":"IA","county":"Sioux","geo_location":{ "type": "Point", "coordinates": [-96.5145, 42.9163] }},
{"zip_code":"51244","country":"US","city":"Matlock","state":"Iowa","state_ab":"IA","county":"Sioux","geo_location":{ "type": "Point", "coordinates": [-95.9151, 43.215] }},
{"zip_code":"50124","country":"US","city":"Huxley","state":"Iowa","state_ab":"IA","county":"Story","geo_location":{ "type": "Point", "coordinates": [-93.6024, 41.8994] }},
{"zip_code":"50201","country":"US","city":"Nevada","state":"Iowa","state_ab":"IA","county":"Story","geo_location":{ "type": "Point", "coordinates": [-93.4462, 42.019] }},
{"zip_code":"50254","country":"US","city":"Thayer","state":"Iowa","state_ab":"IA","county":"Union","geo_location":{ "type": "Point", "coordinates": [-94.0686, 41.0029] }},
{"zip_code":"50861","country":"US","city":"Shannon City","state":"Iowa","state_ab":"IA","county":"Union","geo_location":{ "type": "Point", "coordinates": [-94.2501, 40.9366] }},
{"zip_code":"50047","country":"US","city":"Carlisle","state":"Iowa","state_ab":"IA","county":"Warren","geo_location":{ "type": "Point", "coordinates": [-93.4921, 41.4814] }},
{"zip_code":"50061","country":"US","city":"Cumming","state":"Iowa","state_ab":"IA","county":"Warren","geo_location":{ "type": "Point", "coordinates": [-93.7539, 41.4849] }},
{"zip_code":"50241","country":"US","city":"Saint Marys","state":"Iowa","state_ab":"IA","county":"Warren","geo_location":{ "type": "Point", "coordinates": [-93.7369, 41.3084] }},
{"zip_code":"52247","country":"US","city":"Kalona","state":"Iowa","state_ab":"IA","county":"Washington","geo_location":{ "type": "Point", "coordinates": [-91.7057, 41.4823] }},
{"zip_code":"52621","country":"US","city":"Crawfordsville","state":"Iowa","state_ab":"IA","county":"Washington","geo_location":{ "type": "Point", "coordinates": [-91.5414, 41.2093] }},
{"zip_code":"50524","country":"US","city":"Clare","state":"Iowa","state_ab":"IA","county":"Webster","geo_location":{ "type": "Point", "coordinates": [-94.308, 42.5954] }},
{"zip_code":"52131","country":"US","city":"Burr Oak","state":"Iowa","state_ab":"IA","county":"Winneshiek","geo_location":{ "type": "Point", "coordinates": [-91.7656, 43.4787] }},
{"zip_code":"52144","country":"US","city":"Fort Atkinson","state":"Iowa","state_ab":"IA","county":"Winneshiek","geo_location":{ "type": "Point", "coordinates": [-91.9134, 43.1339] }},
{"zip_code":"51101","country":"US","city":"Sioux City","state":"Iowa","state_ab":"IA","county":"Woodbury","geo_location":{ "type": "Point", "coordinates": [-96.4029, 42.4972] }},
{"zip_code":"50434","country":"US","city":"Fertile","state":"Iowa","state_ab":"IA","county":"Worth","geo_location":{ "type": "Point", "coordinates": [-93.285, 43.2992] }},
{"zip_code":"50421","country":"US","city":"Belmond","state":"Iowa","state_ab":"IA","county":"Wright","geo_location":{ "type": "Point", "coordinates": [-93.62, 42.8511] }},
{"zip_code":"83634","country":"US","city":"Kuna","state":"Idaho","state_ab":"ID","county":"Ada","geo_location":{ "type": "Point", "coordinates": [-116.3819, 43.487] }},
{"zip_code":"83711","country":"US","city":"Boise","state":"Idaho","state_ab":"ID","county":"Ada","geo_location":{ "type": "Point", "coordinates": [-116.244, 43.4599] }},
{"zip_code":"83724","country":"US","city":"Boise","state":"Idaho","state_ab":"ID","county":"Ada","geo_location":{ "type": "Point", "coordinates": [-116.1952, 43.6195] }},
{"zip_code":"83234","country":"US","city":"Downey","state":"Idaho","state_ab":"ID","county":"Bannock","geo_location":{ "type": "Point", "coordinates": [-112.109, 42.4181] }},
{"zip_code":"83261","country":"US","city":"Paris","state":"Idaho","state_ab":"ID","county":"Bear Lake","geo_location":{ "type": "Point", "coordinates": [-111.4208, 42.2242] }},
{"zip_code":"83287","country":"US","city":"Fish Haven","state":"Idaho","state_ab":"ID","county":"Bear Lake","geo_location":{ "type": "Point", "coordinates": [-111.4633, 42.0459] }},
{"zip_code":"83221","country":"US","city":"Blackfoot","state":"Idaho","state_ab":"ID","county":"Bingham","geo_location":{ "type": "Point", "coordinates": [-112.3615, 43.1943] }},
{"zip_code":"83274","country":"US","city":"Shelley","state":"Idaho","state_ab":"ID","county":"Bingham","geo_location":{ "type": "Point", "coordinates": [-112.1075, 43.3769] }},
{"zip_code":"83841","country":"US","city":"Laclede","state":"Idaho","state_ab":"ID","county":"Bonner","geo_location":{ "type": "Point", "coordinates": [-116.8246, 48.1791] }},
{"zip_code":"83401","country":"US","city":"Idaho Falls","state":"Idaho","state_ab":"ID","county":"Bonneville","geo_location":{ "type": "Point", "coordinates": [-111.8919, 43.5518] }},
{"zip_code":"83427","country":"US","city":"Iona","state":"Idaho","state_ab":"ID","county":"Bonneville","geo_location":{ "type": "Point", "coordinates": [-111.8543, 43.4073] }},
{"zip_code":"83454","country":"US","city":"Ucon","state":"Idaho","state_ab":"ID","county":"Bonneville","geo_location":{ "type": "Point", "coordinates": [-111.9573, 43.5936] }},
{"zip_code":"83337","country":"US","city":"Hill City","state":"Idaho","state_ab":"ID","county":"Camas","geo_location":{ "type": "Point", "coordinates": [-114.8017, 43.3277] }},
{"zip_code":"83607","country":"US","city":"Caldwell","state":"Idaho","state_ab":"ID","county":"Canyon","geo_location":{ "type": "Point", "coordinates": [-116.7501, 43.6186] }},
{"zip_code":"83687","country":"US","city":"Nampa","state":"Idaho","state_ab":"ID","county":"Canyon","geo_location":{ "type": "Point", "coordinates": [-116.536, 43.5937] }},
{"zip_code":"83311","country":"US","city":"Albion","state":"Idaho","state_ab":"ID","county":"Cassia","geo_location":{ "type": "Point", "coordinates": [-113.5567, 42.3896] }},
{"zip_code":"83544","country":"US","city":"Orofino","state":"Idaho","state_ab":"ID","county":"Clearwater","geo_location":{ "type": "Point", "coordinates": [-116.2404, 46.4952] }},
{"zip_code":"83827","country":"US","city":"Elk River","state":"Idaho","state_ab":"ID","county":"Clearwater","geo_location":{ "type": "Point", "coordinates": [-116.2145, 46.7796] }},
{"zip_code":"83647","country":"US","city":"Mountain Home","state":"Idaho","state_ab":"ID","county":"Elmore","geo_location":{ "type": "Point", "coordinates": [-115.6963, 43.1392] }},
{"zip_code":"83531","country":"US","city":"Fenn","state":"Idaho","state_ab":"ID","county":"Idaho","geo_location":{ "type": "Point", "coordinates": [-115.5574, 45.8893] }},
{"zip_code":"83801","country":"US","city":"Athol","state":"Idaho","state_ab":"ID","county":"Kootenai","geo_location":{ "type": "Point", "coordinates": [-116.7318, 47.9267] }},
{"zip_code":"83814","country":"US","city":"Coeur D Alene","state":"Idaho","state_ab":"ID","county":"Kootenai","geo_location":{ "type": "Point", "coordinates": [-116.785, 47.6928] }},
{"zip_code":"83854","country":"US","city":"Post Falls","state":"Idaho","state_ab":"ID","county":"Kootenai","geo_location":{ "type": "Point", "coordinates": [-116.9353, 47.7205] }},
{"zip_code":"83467","country":"US","city":"Salmon","state":"Idaho","state_ab":"ID","county":"Lemhi","geo_location":{ "type": "Point", "coordinates": [-113.8784, 45.1571] }},
{"zip_code":"83324","country":"US","city":"Dietrich","state":"Idaho","state_ab":"ID","county":"Lincoln","geo_location":{ "type": "Point", "coordinates": [-114.2664, 42.9125] }},
{"zip_code":"83441","country":"US","city":"Rexburg","state":"Idaho","state_ab":"ID","county":"Madison","geo_location":{ "type": "Point", "coordinates": [-111.691, 43.7761] }},
{"zip_code":"83661","country":"US","city":"Payette","state":"Idaho","state_ab":"ID","county":"Payette","geo_location":{ "type": "Point", "coordinates": [-116.9203, 44.0782] }},
{"zip_code":"95307","country":"US","city":"Ceres","state":"California","state_ab":"CA","county":"Stanislaus","geo_location":{ "type": "Point", "coordinates": [-120.9496, 37.5833] }},
{"zip_code":"95361","country":"US","city":"Oakdale","state":"California","state_ab":"CA","county":"Stanislaus","geo_location":{ "type": "Point", "coordinates": [-120.8377, 37.7741] }},
{"zip_code":"95387","country":"US","city":"Westley","state":"California","state_ab":"CA","county":"Stanislaus","geo_location":{ "type": "Point", "coordinates": [-121.2255, 37.5452] }},
{"zip_code":"95527","country":"US","city":"Burnt Ranch","state":"California","state_ab":"CA","county":"Trinity","geo_location":{ "type": "Point", "coordinates": [-123.4113, 40.7897] }},
{"zip_code":"96041","country":"US","city":"Hayfork","state":"California","state_ab":"CA","county":"Trinity","geo_location":{ "type": "Point", "coordinates": [-123.1634, 40.5504] }},
{"zip_code":"93237","country":"US","city":"Kaweah","state":"California","state_ab":"CA","county":"Tulare","geo_location":{ "type": "Point", "coordinates": [-118.9029, 36.4727] }},
{"zip_code":"93277","country":"US","city":"Visalia","state":"California","state_ab":"CA","county":"Tulare","geo_location":{ "type": "Point", "coordinates": [-119.3065, 36.3114] }},
{"zip_code":"93291","country":"US","city":"Visalia","state":"California","state_ab":"CA","county":"Tulare","geo_location":{ "type": "Point", "coordinates": [-119.301, 36.3551] }},
{"zip_code":"95321","country":"US","city":"Groveland","state":"California","state_ab":"CA","county":"Tuolumne","geo_location":{ "type": "Point", "coordinates": [-120.1037, 37.8298] }},
{"zip_code":"95347","country":"US","city":"Moccasin","state":"California","state_ab":"CA","county":"Tuolumne","geo_location":{ "type": "Point", "coordinates": [-120.2988, 37.8108] }},
{"zip_code":"91361","country":"US","city":"Westlake Village","state":"California","state_ab":"CA","county":"Ventura","geo_location":{ "type": "Point", "coordinates": [-118.8383, 34.1472] }},
{"zip_code":"93004","country":"US","city":"Ventura","state":"California","state_ab":"CA","county":"Ventura","geo_location":{ "type": "Point", "coordinates": [-119.1651, 34.2788] }},
{"zip_code":"93031","country":"US","city":"Oxnard","state":"California","state_ab":"CA","county":"Ventura","geo_location":{ "type": "Point", "coordinates": [-119.1343, 34.0324] }},
{"zip_code":"93044","country":"US","city":"Port Hueneme","state":"California","state_ab":"CA","county":"Ventura","geo_location":{ "type": "Point", "coordinates": [-119.1343, 34.0324] }},
{"zip_code":"93097","country":"US","city":"Simi Valley","state":"California","state_ab":"CA","county":"Ventura County","geo_location":{ "type": "Point", "coordinates": [-118.7806, 34.2693] }},
{"zip_code":"95617","country":"US","city":"Davis","state":"California","state_ab":"CA","county":"Yolo","geo_location":{ "type": "Point", "coordinates": [-121.7253, 38.5494] }},
{"zip_code":"95697","country":"US","city":"Yolo","state":"California","state_ab":"CA","county":"Yolo","geo_location":{ "type": "Point", "coordinates": [-121.8066, 38.7343] }},
{"zip_code":"95901","country":"US","city":"Marysville","state":"California","state_ab":"CA","county":"Yuba","geo_location":{ "type": "Point", "coordinates": [-121.5105, 39.1663] }},
{"zip_code":"95981","country":"US","city":"Strawberry Valley","state":"California","state_ab":"CA","county":"Yuba","geo_location":{ "type": "Point", "coordinates": [-121.045, 39.687] }},
{"zip_code":"80031","country":"US","city":"Westminster","state":"Colorado","state_ab":"CO","county":"Adams","geo_location":{ "type": "Point", "coordinates": [-105.0345, 39.8753] }},
{"zip_code":"80017","country":"US","city":"Aurora","state":"Colorado","state_ab":"CO","county":"Arapahoe","geo_location":{ "type": "Point", "coordinates": [-104.7881, 39.6948] }},
{"zip_code":"80044","country":"US","city":"Aurora","state":"Colorado","state_ab":"CO","county":"Arapahoe","geo_location":{ "type": "Point", "coordinates": [-104.4083, 39.7388] }},
{"zip_code":"80121","country":"US","city":"Littleton","state":"Colorado","state_ab":"CO","county":"Arapahoe","geo_location":{ "type": "Point", "coordinates": [-104.9532, 39.6111] }},
{"zip_code":"80161","country":"US","city":"Littleton","state":"Colorado","state_ab":"CO","county":"Arapahoe","geo_location":{ "type": "Point", "coordinates": [-104.4083, 39.7388] }},
{"zip_code":"81087","country":"US","city":"Vilas","state":"Colorado","state_ab":"CO","county":"Baca","geo_location":{ "type": "Point", "coordinates": [-102.4437, 37.373] }},
{"zip_code":"80301","country":"US","city":"Boulder","state":"Colorado","state_ab":"CO","county":"Boulder","geo_location":{ "type": "Point", "coordinates": [-105.2143, 40.0497] }},
{"zip_code":"80314","country":"US","city":"Boulder","state":"Colorado","state_ab":"CO","county":"Boulder","geo_location":{ "type": "Point", "coordinates": [-105.3735, 40.0878] }},
{"zip_code":"80471","country":"US","city":"Pinecliffe","state":"Colorado","state_ab":"CO","county":"Boulder","geo_location":{ "type": "Point", "coordinates": [-105.4593, 39.9474] }},
{"zip_code":"81201","country":"US","city":"Salida","state":"Colorado","state_ab":"CO","county":"Chaffee","geo_location":{ "type": "Point", "coordinates": [-105.9978, 38.5259] }},
{"zip_code":"81227","country":"US","city":"Monarch","state":"Colorado","state_ab":"CO","county":"Chaffee","geo_location":{ "type": "Point", "coordinates": [-106.2434, 38.5458] }},
{"zip_code":"80444","country":"US","city":"Georgetown","state":"Colorado","state_ab":"CO","county":"Clear Creek","geo_location":{ "type": "Point", "coordinates": [-105.7606, 39.7257] }},
{"zip_code":"81124","country":"US","city":"Capulin","state":"Colorado","state_ab":"CO","county":"Conejos","geo_location":{ "type": "Point", "coordinates": [-106.1279, 37.3042] }},
{"zip_code":"81151","country":"US","city":"Sanford","state":"Colorado","state_ab":"CO","county":"Conejos","geo_location":{ "type": "Point", "coordinates": [-105.9286, 37.2087] }},
{"zip_code":"81034","country":"US","city":"Crowley","state":"Colorado","state_ab":"CO","county":"Crowley","geo_location":{ "type": "Point", "coordinates": [-103.78, 38.3179] }},
{"zip_code":"81421","country":"US","city":"Maher","state":"Colorado","state_ab":"CO","county":"Delta","geo_location":{ "type": "Point", "coordinates": [-107.9398, 38.9429] }},
{"zip_code":"80211","country":"US","city":"Denver","state":"Colorado","state_ab":"CO","county":"Denver","geo_location":{ "type": "Point", "coordinates": [-105.0204, 39.7665] }},
{"zip_code":"80224","country":"US","city":"Denver","state":"Colorado","state_ab":"CO","county":"Denver","geo_location":{ "type": "Point", "coordinates": [-104.9108, 39.688] }},
{"zip_code":"80237","country":"US","city":"Denver","state":"Colorado","state_ab":"CO","county":"Denver","geo_location":{ "type": "Point", "coordinates": [-104.8987, 39.6431] }},
{"zip_code":"80251","country":"US","city":"Denver","state":"Colorado","state_ab":"CO","county":"Denver","geo_location":{ "type": "Point", "coordinates": [-104.4083, 39.7388] }},
{"zip_code":"80264","country":"US","city":"Denver","state":"Colorado","state_ab":"CO","county":"Denver","geo_location":{ "type": "Point", "coordinates": [-104.9863, 39.7426] }},
{"zip_code":"80291","country":"US","city":"Denver","state":"Colorado","state_ab":"CO","county":"Denver","geo_location":{ "type": "Point", "coordinates": [-104.9876, 39.7439] }},
{"zip_code":"80134","country":"US","city":"Parker","state":"Colorado","state_ab":"CO","county":"Douglas","geo_location":{ "type": "Point", "coordinates": [-104.8447, 39.4895] }},
{"zip_code":"80107","country":"US","city":"Elizabeth","state":"Colorado","state_ab":"CO","county":"Elbert","geo_location":{ "type": "Point", "coordinates": [-104.592, 39.3836] }},
{"zip_code":"80817","country":"US","city":"Fountain","state":"Colorado","state_ab":"CO","county":"El Paso","geo_location":{ "type": "Point", "coordinates": [-104.7005, 38.6996] }},
{"zip_code":"80831","country":"US","city":"Peyton","state":"Colorado","state_ab":"CO","county":"El Paso","geo_location":{ "type": "Point", "coordinates": [-104.5472, 38.9541] }},
{"zip_code":"80907","country":"US","city":"Colorado Springs","state":"Colorado","state_ab":"CO","county":"El Paso","geo_location":{ "type": "Point", "coordinates": [-104.817, 38.876] }},
{"zip_code":"80921","country":"US","city":"Colorado Springs","state":"Colorado","state_ab":"CO","county":"El Paso","geo_location":{ "type": "Point", "coordinates": [-104.814, 39.0487] }},
{"zip_code":"80934","country":"US","city":"Colorado Springs","state":"Colorado","state_ab":"CO","county":"El Paso","geo_location":{ "type": "Point", "coordinates": [-104.562, 38.8247] }},
{"zip_code":"80947","country":"US","city":"Colorado Springs","state":"Colorado","state_ab":"CO","county":"El Paso","geo_location":{ "type": "Point", "coordinates": [-104.562, 38.8247] }},
{"zip_code":"81601","country":"US","city":"Glenwood Springs","state":"Colorado","state_ab":"CO","county":"Garfield","geo_location":{ "type": "Point", "coordinates": [-107.3252, 39.5296] }},
{"zip_code":"81241","country":"US","city":"Pitkin","state":"Colorado","state_ab":"CO","county":"Gunnison","geo_location":{ "type": "Point", "coordinates": [-106.5146, 38.6179] }},
{"zip_code":"81434","country":"US","city":"Somerset","state":"Colorado","state_ab":"CO","county":"Gunnison","geo_location":{ "type": "Point", "coordinates": [-107.3781, 38.9468] }},
{"zip_code":"80004","country":"US","city":"Arvada","state":"Colorado","state_ab":"CO","county":"Jefferson","geo_location":{ "type": "Point", "coordinates": [-105.1177, 39.8141] }},
{"zip_code":"80457","country":"US","city":"Kittredge","state":"Colorado","state_ab":"CO","county":"Jefferson","geo_location":{ "type": "Point", "coordinates": [-105.2782, 39.6481] }},
{"zip_code":"81021","country":"US","city":"Arlington","state":"Colorado","state_ab":"CO","county":"Kiowa","geo_location":{ "type": "Point", "coordinates": [-103.3697, 38.4068] }},
{"zip_code":"81137","country":"US","city":"Ignacio","state":"Colorado","state_ab":"CO","county":"La Plata","geo_location":{ "type": "Point", "coordinates": [-107.6395, 37.1264] }},
{"zip_code":"80521","country":"US","city":"Fort Collins","state":"Colorado","state_ab":"CO","county":"Larimer","geo_location":{ "type": "Point", "coordinates": [-105.1039, 40.5813] }},
{"zip_code":"80547","country":"US","city":"Timnath","state":"Colorado","state_ab":"CO","county":"Larimer","geo_location":{ "type": "Point", "coordinates": [-105.0175, 40.7087] }},
{"zip_code":"81074","country":"US","city":"Starkville","state":"Colorado","state_ab":"CO","county":"Las Animas","geo_location":{ "type": "Point", "coordinates": [-104.5232, 37.121] }},
{"zip_code":"80804","country":"US","city":"Arriba","state":"Colorado","state_ab":"CO","county":"Lincoln","geo_location":{ "type": "Point", "coordinates": [-103.271, 39.3025] }},
{"zip_code":"80741","country":"US","city":"Merino","state":"Colorado","state_ab":"CO","county":"Logan","geo_location":{ "type": "Point", "coordinates": [-103.4719, 40.5708] }},
{"zip_code":"81524","country":"US","city":"Loma","state":"Colorado","state_ab":"CO","county":"Mesa","geo_location":{ "type": "Point", "coordinates": [-108.8149, 39.2279] }},
{"zip_code":"81331","country":"US","city":"Pleasant View","state":"Colorado","state_ab":"CO","county":"Montezuma","geo_location":{ "type": "Point", "coordinates": [-108.8095, 37.5888] }},
{"zip_code":"80701","country":"US","city":"Fort Morgan","state":"Colorado","state_ab":"CO","county":"Morgan","geo_location":{ "type": "Point", "coordinates": [-103.8031, 40.2541] }},
{"zip_code":"81654","country":"US","city":"Snowmass","state":"Colorado","state_ab":"CO","county":"Pitkin","geo_location":{ "type": "Point", "coordinates": [-107.0303, 39.2258] }},
{"zip_code":"81047","country":"US","city":"Holly","state":"Colorado","state_ab":"CO","county":"Prowers","geo_location":{ "type": "Point", "coordinates": [-102.1415, 38.0205] }},
{"zip_code":"81007","country":"US","city":"Pueblo","state":"Colorado","state_ab":"CO","county":"Pueblo","geo_location":{ "type": "Point", "coordinates": [-104.7792, 38.387] }},
{"zip_code":"81641","country":"US","city":"Meeker","state":"Colorado","state_ab":"CO","county":"Rio Blanco","geo_location":{ "type": "Point", "coordinates": [-107.8925, 40.0387] }},
{"zip_code":"80497","country":"US","city":"Silverthorne","state":"Colorado","state_ab":"CO","county":"Summit","geo_location":{ "type": "Point", "coordinates": [-106.108, 39.6411] }},
{"zip_code":"80534","country":"US","city":"Johnstown","state":"Colorado","state_ab":"CO","county":"Weld","geo_location":{ "type": "Point", "coordinates": [-104.9236, 40.3355] }},
{"zip_code":"80611","country":"US","city":"Briggsdale","state":"Colorado","state_ab":"CO","county":"Weld","geo_location":{ "type": "Point", "coordinates": [-104.2871, 40.6392] }},
{"zip_code":"80624","country":"US","city":"Gill","state":"Colorado","state_ab":"CO","county":"Weld","geo_location":{ "type": "Point", "coordinates": [-104.5, 40.4696] }},
{"zip_code":"80651","country":"US","city":"Platteville","state":"Colorado","state_ab":"CO","county":"Weld","geo_location":{ "type": "Point", "coordinates": [-104.8028, 40.2131] }},
{"zip_code":"80754","country":"US","city":"Stoneham","state":"Colorado","state_ab":"CO","county":"Weld","geo_location":{ "type": "Point", "coordinates": [-103.6387, 40.687] }},
{"zip_code":"80727","country":"US","city":"Eckley","state":"Colorado","state_ab":"CO","county":"Yuma","geo_location":{ "type": "Point", "coordinates": [-102.4828, 40.1138] }},
{"zip_code":"6491","country":"US","city":"Stevenson","state":"Connecticut","state_ab":"CT","county":"Fairfield","geo_location":{ "type": "Point", "coordinates": [-73.1872, 41.3866] }},
{"zip_code":"6604","country":"US","city":"Bridgeport","state":"Connecticut","state_ab":"CT","county":"Fairfield","geo_location":{ "type": "Point", "coordinates": [-73.2019, 41.1796] }},
{"zip_code":"6811","country":"US","city":"Danbury","state":"Connecticut","state_ab":"CT","county":"Fairfield","geo_location":{ "type": "Point", "coordinates": [-73.4716, 41.424] }},
{"zip_code":"6824","country":"US","city":"Fairfield","state":"Connecticut","state_ab":"CT","county":"Fairfield County","geo_location":{ "type": "Point", "coordinates": [-73.2681, 41.1692] }},
{"zip_code":"6851","country":"US","city":"Norwalk","state":"Connecticut","state_ab":"CT","county":"Fairfield","geo_location":{ "type": "Point", "coordinates": [-73.4058, 41.1323] }},
{"zip_code":"6877","country":"US","city":"Ridgefield","state":"Connecticut","state_ab":"CT","county":"Fairfield","geo_location":{ "type": "Point", "coordinates": [-73.4973, 41.2977] }},
{"zip_code":"6901","country":"US","city":"Stamford","state":"Connecticut","state_ab":"CT","county":"Fairfield","geo_location":{ "type": "Point", "coordinates": [-73.539, 41.0531] }},
{"zip_code":"6914","country":"US","city":"Stamford","state":"Connecticut","state_ab":"CT","county":"Fairfield","geo_location":{ "type": "Point", "coordinates": [-73.3637, 41.3089] }},
{"zip_code":"6927","country":"US","city":"Stamford","state":"Connecticut","state_ab":"CT","county":"Fairfield","geo_location":{ "type": "Point", "coordinates": [-73.3637, 41.3089] }},
{"zip_code":"6011","country":"US","city":"Bristol","state":"Connecticut","state_ab":"CT","county":"Hartford","geo_location":{ "type": "Point", "coordinates": [-72.7188, 41.7918] }},
{"zip_code":"6037","country":"US","city":"Kensington","state":"Connecticut","state_ab":"CT","county":"Hartford","geo_location":{ "type": "Point", "coordinates": [-72.77, 41.6029] }},
{"zip_code":"6051","country":"US","city":"New Britain","state":"Connecticut","state_ab":"CT","county":"Hartford","geo_location":{ "type": "Point", "coordinates": [-72.7722, 41.6667] }},
{"zip_code":"6064","country":"US","city":"Poquonock","state":"Connecticut","state_ab":"CT","county":"Hartford","geo_location":{ "type": "Point", "coordinates": [-72.7188, 41.7918] }},
{"zip_code":"6091","country":"US","city":"West Hartland","state":"Connecticut","state_ab":"CT","county":"Hartford","geo_location":{ "type": "Point", "coordinates": [-72.9921, 42.0034] }},
{"zip_code":"6101","country":"US","city":"Hartford","state":"Connecticut","state_ab":"CT","county":"Hartford","geo_location":{ "type": "Point", "coordinates": [-72.6771, 41.7801] }},
{"zip_code":"6114","country":"US","city":"Hartford","state":"Connecticut","state_ab":"CT","county":"Hartford","geo_location":{ "type": "Point", "coordinates": [-72.6807, 41.7403] }},
{"zip_code":"6127","country":"US","city":"West Hartford","state":"Connecticut","state_ab":"CT","county":"Hartford","geo_location":{ "type": "Point", "coordinates": [-72.7188, 41.7918] }},
{"zip_code":"6141","country":"US","city":"Hartford","state":"Connecticut","state_ab":"CT","county":"Hartford","geo_location":{ "type": "Point", "coordinates": [-72.7188, 41.7918] }},
{"zip_code":"6154","country":"US","city":"Hartford","state":"Connecticut","state_ab":"CT","county":"Hartford","geo_location":{ "type": "Point", "coordinates": [-72.6867, 41.7715] }},
{"zip_code":"6167","country":"US","city":"Hartford","state":"Connecticut","state_ab":"CT","county":"Hartford","geo_location":{ "type": "Point", "coordinates": [-72.7188, 41.7918] }},
{"zip_code":"6024","country":"US","city":"East Canaan","state":"Connecticut","state_ab":"CT","county":"Litchfield","geo_location":{ "type": "Point", "coordinates": [-73.2913, 42.0158] }},
{"zip_code":"6787","country":"US","city":"Thomaston","state":"Connecticut","state_ab":"CT","county":"Litchfield","geo_location":{ "type": "Point", "coordinates": [-73.0886, 41.6786] }},
{"zip_code":"6424","country":"US","city":"East Hampton","state":"Connecticut","state_ab":"CT","county":"Middlesex","geo_location":{ "type": "Point", "coordinates": [-72.5093, 41.5761] }},
{"zip_code":"6411","country":"US","city":"Cheshire","state":"Connecticut","state_ab":"CT","county":"New Haven","geo_location":{ "type": "Point", "coordinates": [-72.9222, 41.5501] }},
{"zip_code":"6437","country":"US","city":"Guilford","state":"Connecticut","state_ab":"CT","county":"New Haven","geo_location":{ "type": "Point", "coordinates": [-72.6968, 41.3154] }},
{"zip_code":"6451","country":"US","city":"Meriden","state":"Connecticut","state_ab":"CT","county":"New Haven","geo_location":{ "type": "Point", "coordinates": [-72.8189, 41.5401] }},
{"zip_code":"6477","country":"US","city":"Orange","state":"Connecticut","state_ab":"CT","county":"New Haven","geo_location":{ "type": "Point", "coordinates": [-73.0287, 41.2815] }},
{"zip_code":"6501","country":"US","city":"New Haven","state":"Connecticut","state_ab":"CT","county":"New Haven","geo_location":{ "type": "Point", "coordinates": [-72.9275, 41.3657] }},
{"zip_code":"6514","country":"US","city":"Hamden","state":"Connecticut","state_ab":"CT","county":"New Haven","geo_location":{ "type": "Point", "coordinates": [-72.9361, 41.362] }},
{"zip_code":"6721","country":"US","city":"Waterbury","state":"Connecticut","state_ab":"CT","county":"New Haven","geo_location":{ "type": "Point", "coordinates": [-72.9275, 41.3657] }},
{"zip_code":"6334","country":"US","city":"Bozrah","state":"Connecticut","state_ab":"CT","county":"New London","geo_location":{ "type": "Point", "coordinates": [-72.1711, 41.5465] }},
{"zip_code":"6077","country":"US","city":"Staffordville","state":"Connecticut","state_ab":"CT","county":"Tolland","geo_location":{ "type": "Point", "coordinates": [-72.2577, 41.9916] }},
{"zip_code":"6231","country":"US","city":"Amston","state":"Connecticut","state_ab":"CT","county":"Tolland","geo_location":{ "type": "Point", "coordinates": [-72.3646, 41.629] }},
{"zip_code":"6244","country":"US","city":"East Woodstock","state":"Connecticut","state_ab":"CT","county":"Windham","geo_location":{ "type": "Point", "coordinates": [-71.981, 41.9843] }},
{"zip_code":"6374","country":"US","city":"Plainfield","state":"Connecticut","state_ab":"CT","county":"Windham","geo_location":{ "type": "Point", "coordinates": [-71.922, 41.6775] }},
{"zip_code":"6387","country":"US","city":"Wauregan","state":"Connecticut","state_ab":"CT","county":"Windham","geo_location":{ "type": "Point", "coordinates": [-71.9133, 41.7445] }},
{"zip_code":"20011","country":"US","city":"Washington","state":"District of Columbia","state_ab":"DC","county":"District of Columbia","geo_location":{ "type": "Point", "coordinates": [-77.0203, 38.9518] }},
{"zip_code":"20024","country":"US","city":"Washington","state":"District of Columbia","state_ab":"DC","county":"District of Columbia","geo_location":{ "type": "Point", "coordinates": [-77.016, 38.8759] }},
{"zip_code":"20037","country":"US","city":"Washington","state":"District of Columbia","state_ab":"DC","county":"District of Columbia","geo_location":{ "type": "Point", "coordinates": [-77.0504, 38.9014] }},
{"zip_code":"20051","country":"US","city":"Washington","state":"District of Columbia","state_ab":"DC","county":"District of Columbia","geo_location":{ "type": "Point", "coordinates": [-77.0146, 38.8933] }},
{"zip_code":"20064","country":"US","city":"Washington","state":"District of Columbia","state_ab":"DC","county":"District of Columbia","geo_location":{ "type": "Point", "coordinates": [-76.9963, 38.9332] }},
{"zip_code":"20077","country":"US","city":"Washington","state":"District of Columbia","state_ab":"DC","county":"District of Columbia","geo_location":{ "type": "Point", "coordinates": [-77.0146, 38.8933] }},
{"zip_code":"20091","country":"US","city":"Washington","state":"District of Columbia","state_ab":"DC","county":"District of Columbia","geo_location":{ "type": "Point", "coordinates": [-77.0146, 38.8933] }},
{"zip_code":"20204","country":"US","city":"Washington","state":"District of Columbia","state_ab":"DC","county":"District of Columbia","geo_location":{ "type": "Point", "coordinates": [-77.0146, 38.8933] }},
{"zip_code":"20217","country":"US","city":"Washington","state":"District of Columbia","state_ab":"DC","county":"District of Columbia","geo_location":{ "type": "Point", "coordinates": [-77.0146, 38.8933] }},
{"zip_code":"20231","country":"US","city":"Washington","state":"District of Columbia","state_ab":"DC","county":"District of Columbia","geo_location":{ "type": "Point", "coordinates": [-77.0146, 38.8933] }},
{"zip_code":"20244","country":"US","city":"Washington","state":"District of Columbia","state_ab":"DC","county":"District of Columbia","geo_location":{ "type": "Point", "coordinates": [-77.0146, 38.8933] }},
{"zip_code":"20307","country":"US","city":"Washington","state":"District of Columbia","state_ab":"DC","county":"District of Columbia","geo_location":{ "type": "Point", "coordinates": [-77.0146, 38.8933] }},
{"zip_code":"20374","country":"US","city":"Washington","state":"District of Columbia","state_ab":"DC","county":"District of Columbia","geo_location":{ "type": "Point", "coordinates": [-77.0022, 38.8555] }},
{"zip_code":"20411","country":"US","city":"Washington","state":"District of Columbia","state_ab":"DC","county":"District of Columbia","geo_location":{ "type": "Point", "coordinates": [-77.0221, 38.884] }},
{"zip_code":"20424","country":"US","city":"Washington","state":"District of Columbia","state_ab":"DC","county":"District of Columbia","geo_location":{ "type": "Point", "coordinates": [-77.0146, 38.8933] }},
{"zip_code":"20437","country":"US","city":"Washington","state":"District of Columbia","state_ab":"DC","county":"District of Columbia","geo_location":{ "type": "Point", "coordinates": [-77.0485, 38.9028] }},
{"zip_code":"20451","country":"US","city":"Washington","state":"District of Columbia","state_ab":"DC","county":"District of Columbia","geo_location":{ "type": "Point", "coordinates": [-77.0444, 38.8977] }},
{"zip_code":"20501","country":"US","city":"Washington","state":"District of Columbia","state_ab":"DC","county":"District of Columbia","geo_location":{ "type": "Point", "coordinates": [-77.0362, 38.8987] }},
{"zip_code":"20527","country":"US","city":"Washington","state":"District of Columbia","state_ab":"DC","county":"District of Columbia","geo_location":{ "type": "Point", "coordinates": [-77.0361, 38.9029] }},
{"zip_code":"20541","country":"US","city":"Washington","state":"District of Columbia","state_ab":"DC","county":"District of Columbia","geo_location":{ "type": "Point", "coordinates": [-77.0047, 38.8874] }},
{"zip_code":"20554","country":"US","city":"Washington","state":"District of Columbia","state_ab":"DC","county":"District of Columbia","geo_location":{ "type": "Point", "coordinates": [-77.0146, 38.8933] }},
{"zip_code":"20581","country":"US","city":"Washington","state":"District of Columbia","state_ab":"DC","county":"District of Columbia","geo_location":{ "type": "Point", "coordinates": [-77.0146, 38.8933] }},
{"zip_code":"20594","country":"US","city":"Washington","state":"District of Columbia","state_ab":"DC","county":"District of Columbia","geo_location":{ "type": "Point", "coordinates": [-77.0184, 38.8849] }},
{"zip_code":"56944","country":"US","city":"Washington","state":"District of Columbia","state_ab":"DC","county":"District of Columbia","geo_location":{ "type": "Point", "coordinates": [-77.0365, 38.8952] }},
{"zip_code":"19901","country":"US","city":"Dover","state":"Delaware","state_ab":"DE","county":"Kent","geo_location":{ "type": "Point", "coordinates": [-75.4955, 39.1564] }},
{"zip_code":"19954","country":"US","city":"Houston","state":"Delaware","state_ab":"DE","county":"Kent","geo_location":{ "type": "Point", "coordinates": [-75.5064, 38.9114] }},
{"zip_code":"19707","country":"US","city":"Hockessin","state":"Delaware","state_ab":"DE","county":"New Castle","geo_location":{ "type": "Point", "coordinates": [-75.6889, 39.776] }},
{"zip_code":"19721","country":"US","city":"New Castle","state":"Delaware","state_ab":"DE","county":"New Castle","geo_location":{ "type": "Point", "coordinates": [-75.597, 39.5645] }},
{"zip_code":"19734","country":"US","city":"Townsend","state":"Delaware","state_ab":"DE","county":"New Castle","geo_location":{ "type": "Point", "coordinates": [-75.6834, 39.3819] }},
{"zip_code":"19891","country":"US","city":"Wilmington","state":"Delaware","state_ab":"DE","county":"New Castle","geo_location":{ "type": "Point", "coordinates": [-75.597, 39.5645] }},
{"zip_code":"19941","country":"US","city":"Ellendale","state":"Delaware","state_ab":"DE","county":"Sussex","geo_location":{ "type": "Point", "coordinates": [-75.4056, 38.8057] }},
{"zip_code":"19967","country":"US","city":"Millville","state":"Delaware","state_ab":"DE","county":"Sussex","geo_location":{ "type": "Point", "coordinates": [-75.2423, 38.7005] }},
{"zip_code":"32601","country":"US","city":"Gainesville","state":"Florida","state_ab":"FL","county":"Alachua","geo_location":{ "type": "Point", "coordinates": [-82.325, 29.6489] }},
{"zip_code":"32614","country":"US","city":"Gainesville","state":"Florida","state_ab":"FL","county":"Alachua","geo_location":{ "type": "Point", "coordinates": [-82.3539, 29.6813] }},
{"zip_code":"32627","country":"US","city":"Gainesville","state":"Florida","state_ab":"FL","county":"Alachua","geo_location":{ "type": "Point", "coordinates": [-82.3539, 29.6813] }},
{"zip_code":"32641","country":"US","city":"Gainesville","state":"Florida","state_ab":"FL","county":"Alachua","geo_location":{ "type": "Point", "coordinates": [-82.2014, 29.6824] }},
{"zip_code":"32654","country":"US","city":"Island Grove","state":"Florida","state_ab":"FL","county":"Alachua","geo_location":{ "type": "Point", "coordinates": [-82.3539, 29.6813] }},
{"zip_code":"32667","country":"US","city":"Micanopy","state":"Florida","state_ab":"FL","county":"Alachua","geo_location":{ "type": "Point", "coordinates": [-82.3053, 29.5122] }},
{"zip_code":"32694","country":"US","city":"Waldo","state":"Florida","state_ab":"FL","county":"Alachua","geo_location":{ "type": "Point", "coordinates": [-82.1608, 29.7871] }},
{"zip_code":"32087","country":"US","city":"Sanderson","state":"Florida","state_ab":"FL","county":"Baker","geo_location":{ "type": "Point", "coordinates": [-82.334, 30.291] }},
{"zip_code":"32407","country":"US","city":"Panama City Beach","state":"Florida","state_ab":"FL","county":"Bay","geo_location":{ "type": "Point", "coordinates": [-85.8136, 30.2007] }},
{"zip_code":"32461","country":"US","city":"Rosemary Bch","state":"Florida","state_ab":"FL","county":"Bay","geo_location":{ "type": "Point", "coordinates": [-85.961, 30.2578] }},
{"zip_code":"32911","country":"US","city":"Palm Bay","state":"Florida","state_ab":"FL","county":"Brevard","geo_location":{ "type": "Point", "coordinates": [-80.6862, 28.3067] }},
{"zip_code":"32924","country":"US","city":"Cocoa","state":"Florida","state_ab":"FL","county":"Brevard","geo_location":{ "type": "Point", "coordinates": [-80.6862, 28.3067] }},
{"zip_code":"32937","country":"US","city":"Satellite Beach","state":"Florida","state_ab":"FL","county":"Brevard","geo_location":{ "type": "Point", "coordinates": [-80.602, 28.178] }},
{"zip_code":"32951","country":"US","city":"Melbourne Beach","state":"Florida","state_ab":"FL","county":"Brevard","geo_location":{ "type": "Point", "coordinates": [-80.5389, 28.0219] }},
{"zip_code":"33024","country":"US","city":"Hollywood","state":"Florida","state_ab":"FL","county":"Broward","geo_location":{ "type": "Point", "coordinates": [-80.2489, 26.0296] }}]}