{"value": [{"zip_code":"34137","country":"US","city":"Copeland","state":"Florida","state_ab":"FL","county":"Collier","geo_location":{ "type": "Point", "coordinates": [-81.3891, 26.1433] }},
{"zip_code":"34267","country":"US","city":"Fort Ogden","state":"Florida","state_ab":"FL","county":"DeSoto","geo_location":{ "type": "Point", "coordinates": [-81.8099, 27.1861] }},
{"zip_code":"32207","country":"US","city":"Jacksonville","state":"Florida","state_ab":"FL","county":"Duval","geo_location":{ "type": "Point", "coordinates": [-81.6321, 30.2908] }},
{"zip_code":"32221","country":"US","city":"Jacksonville","state":"Florida","state_ab":"FL","county":"Duval","geo_location":{ "type": "Point", "coordinates": [-81.8202, 30.2837] }},
{"zip_code":"32234","country":"US","city":"Jacksonville","state":"Florida","state_ab":"FL","county":"Duval","geo_location":{ "type": "Point", "coordinates": [-81.9686, 30.2757] }},
{"zip_code":"32247","country":"US","city":"Jacksonville","state":"Florida","state_ab":"FL","county":"Duval","geo_location":{ "type": "Point", "coordinates": [-81.6831, 30.3449] }},
{"zip_code":"32504","country":"US","city":"Pensacola","state":"Florida","state_ab":"FL","county":"Escambia","geo_location":{ "type": "Point", "coordinates": [-87.1872, 30.4873] }},
{"zip_code":"32597","country":"US","city":"Pensacola","state":"Florida","state_ab":"FL","county":"Escambia","geo_location":{ "type": "Point", "coordinates": [-87.2757, 30.5297] }},
{"zip_code":"32324","country":"US","city":"Chattahoochee","state":"Florida","state_ab":"FL","county":"Gadsden","geo_location":{ "type": "Point", "coordinates": [-84.828, 30.6834] }},
{"zip_code":"32351","country":"US","city":"Quincy","state":"Florida","state_ab":"FL","county":"Gadsden","geo_location":{ "type": "Point", "coordinates": [-84.6094, 30.5867] }},
{"zip_code":"33471","country":"US","city":"Moore Haven","state":"Florida","state_ab":"FL","county":"Glades","geo_location":{ "type": "Point", "coordinates": [-81.2188, 26.8327] }},
{"zip_code":"33934","country":"US","city":"Immokalee","state":"Florida","state_ab":"FL","county":"Hendry County","geo_location":{ "type": "Point", "coordinates": [-81.4423, 26.4168] }},
{"zip_code":"34601","country":"US","city":"Brooksville","state":"Florida","state_ab":"FL","county":"Hernando","geo_location":{ "type": "Point", "coordinates": [-82.3737, 28.5658] }},
{"zip_code":"34614","country":"US","city":"Brooksville","state":"Florida","state_ab":"FL","county":"Hernando","geo_location":{ "type": "Point", "coordinates": [-82.5236, 28.6622] }},
{"zip_code":"33857","country":"US","city":"Lorida","state":"Florida","state_ab":"FL","county":"Highlands","geo_location":{ "type": "Point", "coordinates": [-81.1965, 27.415] }},
{"zip_code":"33871","country":"US","city":"Sebring","state":"Florida","state_ab":"FL","county":"Highlands","geo_location":{ "type": "Point", "coordinates": [-81.4079, 27.4858] }},
{"zip_code":"33534","country":"US","city":"Gibsonton","state":"Florida","state_ab":"FL","county":"Hillsborough","geo_location":{ "type": "Point", "coordinates": [-82.3698, 27.8411] }},
{"zip_code":"33547","country":"US","city":"Lithia","state":"Florida","state_ab":"FL","county":"Hillsborough","geo_location":{ "type": "Point", "coordinates": [-82.1357, 27.8293] }},
{"zip_code":"33587","country":"US","city":"Sydney","state":"Florida","state_ab":"FL","county":"Hillsborough","geo_location":{ "type": "Point", "coordinates": [-82.4388, 27.872] }},
{"zip_code":"33611","country":"US","city":"Tampa","state":"Florida","state_ab":"FL","county":"Hillsborough","geo_location":{ "type": "Point", "coordinates": [-82.5067, 27.8914] }},
{"zip_code":"33624","country":"US","city":"Tampa","state":"Florida","state_ab":"FL","county":"Hillsborough","geo_location":{ "type": "Point", "coordinates": [-82.5268, 28.079] }},
{"zip_code":"33637","country":"US","city":"Tampa","state":"Florida","state_ab":"FL","county":"Hillsborough","geo_location":{ "type": "Point", "coordinates": [-82.3659, 28.0338] }},
{"zip_code":"33651","country":"US","city":"Tampa","state":"Florida","state_ab":"FL","county":"Hillsborough","geo_location":{ "type": "Point", "coordinates": [-82.4388, 27.872] }},
{"zip_code":"33664","country":"US","city":"Tampa","state":"Florida","state_ab":"FL","county":"Hillsborough","geo_location":{ "type": "Point", "coordinates": [-82.4388, 27.872] }},
{"zip_code":"33677","country":"US","city":"Tampa","state":"Florida","state_ab":"FL","county":"Hillsborough","geo_location":{ "type": "Point", "coordinates": [-82.4388, 27.872] }},
{"zip_code":"32957","country":"US","city":"Roseland","state":"Florida","state_ab":"FL","county":"Indian River","geo_location":{ "type": "Point", "coordinates": [-80.5726, 27.709] }},
{"zip_code":"32971","country":"US","city":"Winter Beach","state":"Florida","state_ab":"FL","county":"Indian River","geo_location":{ "type": "Point", "coordinates": [-80.5726, 27.709] }},
{"zip_code":"32337","country":"US","city":"Lloyd","state":"Florida","state_ab":"FL","county":"Jefferson","geo_location":{ "type": "Point", "coordinates": [-83.8402, 30.3422] }},
{"zip_code":"34731","country":"US","city":"Fruitland Park","state":"Florida","state_ab":"FL","county":"Lake","geo_location":{ "type": "Point", "coordinates": [-81.8998, 28.8639] }},
{"zip_code":"34797","country":"US","city":"Yalaha","state":"Florida","state_ab":"FL","county":"Lake","geo_location":{ "type": "Point", "coordinates": [-81.8263, 28.7444] }},
{"zip_code":"33907","country":"US","city":"Fort Myers","state":"Florida","state_ab":"FL","county":"Lee","geo_location":{ "type": "Point", "coordinates": [-81.8736, 26.5681] }},
{"zip_code":"33921","country":"US","city":"Boca Grande","state":"Florida","state_ab":"FL","county":"Lee","geo_location":{ "type": "Point", "coordinates": [-82.2611, 26.7545] }},
{"zip_code":"33974","country":"US","city":"Lehigh Acres","state":"Florida","state_ab":"FL","county":"Lee County","geo_location":{ "type": "Point", "coordinates": [-81.5954, 26.5677] }},
{"zip_code":"32311","country":"US","city":"Tallahassee","state":"Florida","state_ab":"FL","county":"Leon","geo_location":{ "type": "Point", "coordinates": [-84.187, 30.4156] }},
{"zip_code":"32621","country":"US","city":"Bronson","state":"Florida","state_ab":"FL","county":"Levy","geo_location":{ "type": "Point", "coordinates": [-82.6356, 29.461] }},
{"zip_code":"34201","country":"US","city":"Bradenton","state":"Florida","state_ab":"FL","county":"Manatee","geo_location":{ "type": "Point", "coordinates": [-82.4705, 27.4047] }},
{"zip_code":"34281","country":"US","city":"Bradenton","state":"Florida","state_ab":"FL","county":"Manatee","geo_location":{ "type": "Point", "coordinates": [-82.4387, 27.4272] }},
{"zip_code":"32634","country":"US","city":"Fairfield","state":"Florida","state_ab":"FL","county":"Marion","geo_location":{ "type": "Point", "coordinates": [-82.2765, 29.3509] }},
{"zip_code":"34421","country":"US","city":"Belleview","state":"Florida","state_ab":"FL","county":"Marion","geo_location":{ "type": "Point", "coordinates": [-82.0875, 29.2407] }},
{"zip_code":"34474","country":"US","city":"Ocala","state":"Florida","state_ab":"FL","county":"Marion","geo_location":{ "type": "Point", "coordinates": [-82.2095, 29.1565] }},
{"zip_code":"34991","country":"US","city":"Palm City","state":"Florida","state_ab":"FL","county":"Martin","geo_location":{ "type": "Point", "coordinates": [-80.4542, 27.1102] }},
{"zip_code":"33017","country":"US","city":"Hialeah","state":"Florida","state_ab":"FL","county":"Miami-Dade","geo_location":{ "type": "Point", "coordinates": [-80.4582, 25.5584] }},
{"zip_code":"33031","country":"US","city":"Homestead","state":"Florida","state_ab":"FL","county":"Miami-Dade","geo_location":{ "type": "Point", "coordinates": [-80.5075, 25.5323] }},
{"zip_code":"33107","country":"US","city":"Miami","state":"Florida","state_ab":"FL","county":"Miami-Dade","geo_location":{ "type": "Point", "coordinates": [-80.4582, 25.5584] }},
{"zip_code":"33121","country":"US","city":"Miami","state":"Florida","state_ab":"FL","county":"Miami-Dade","geo_location":{ "type": "Point", "coordinates": [-80.4582, 25.5584] }},
{"zip_code":"33134","country":"US","city":"Miami","state":"Florida","state_ab":"FL","county":"Miami-Dade","geo_location":{ "type": "Point", "coordinates": [-80.2714, 25.768] }},
{"zip_code":"33147","country":"US","city":"Miami","state":"Florida","state_ab":"FL","county":"Miami-Dade","geo_location":{ "type": "Point", "coordinates": [-80.2366, 25.8507] }},
{"zip_code":"33161","country":"US","city":"Miami","state":"Florida","state_ab":"FL","county":"Miami-Dade","geo_location":{ "type": "Point", "coordinates": [-80.1758, 25.8934] }},
{"zip_code":"33174","country":"US","city":"Miami","state":"Florida","state_ab":"FL","county":"Miami-Dade","geo_location":{ "type": "Point", "coordinates": [-80.3611, 25.7628] }},
{"zip_code":"33187","country":"US","city":"Miami","state":"Florida","state_ab":"FL","county":"Miami-Dade","geo_location":{ "type": "Point", "coordinates": [-80.507, 25.596] }},
{"zip_code":"32041","country":"US","city":"Yulee","state":"Florida","state_ab":"FL","county":"Nassau","geo_location":{ "type": "Point", "coordinates": [-81.5902, 30.6233] }},
{"zip_code":"32531","country":"US","city":"Baker","state":"Florida","state_ab":"FL","county":"Okaloosa","geo_location":{ "type": "Point", "coordinates": [-86.677, 30.8316] }},
{"zip_code":"32544","country":"US","city":"Hurlburt Field","state":"Florida","state_ab":"FL","county":"Okaloosa","geo_location":{ "type": "Point", "coordinates": [-86.6985, 30.4229] }},
{"zip_code":"32751","country":"US","city":"Maitland","state":"Florida","state_ab":"FL","county":"Orange","geo_location":{ "type": "Point", "coordinates": [-81.3646, 28.6255] }},
{"zip_code":"32777","country":"US","city":"Tangerine","state":"Florida","state_ab":"FL","county":"Orange","geo_location":{ "type": "Point", "coordinates": [-81.2608, 28.5663] }},
{"zip_code":"32801","country":"US","city":"Orlando","state":"Florida","state_ab":"FL","county":"Orange","geo_location":{ "type": "Point", "coordinates": [-81.3727, 28.5399] }},
{"zip_code":"32814","country":"US","city":"Orlando","state":"Florida","state_ab":"FL","county":"Orange","geo_location":{ "type": "Point", "coordinates": [-81.3265, 28.5702] }},
{"zip_code":"32827","country":"US","city":"Orlando","state":"Florida","state_ab":"FL","county":"Orange","geo_location":{ "type": "Point", "coordinates": [-81.343, 28.4317] }},
{"zip_code":"32854","country":"US","city":"Orlando","state":"Florida","state_ab":"FL","county":"Orange","geo_location":{ "type": "Point", "coordinates": [-81.2608, 28.5663] }},
{"zip_code":"32867","country":"US","city":"Orlando","state":"Florida","state_ab":"FL","county":"Orange","geo_location":{ "type": "Point", "coordinates": [-81.2608, 28.5663] }},
{"zip_code":"34744","country":"US","city":"Kissimmee","state":"Florida","state_ab":"FL","county":"Osceola","geo_location":{ "type": "Point", "coordinates": [-81.3681, 28.3078] }},
{"zip_code":"34771","country":"US","city":"Saint Cloud","state":"Florida","state_ab":"FL","county":"Osceola","geo_location":{ "type": "Point", "coordinates": [-81.2003, 28.273] }},
{"zip_code":"33404","country":"US","city":"West Palm Beach","state":"Florida","state_ab":"FL","county":"Palm Beach","geo_location":{ "type": "Point", "coordinates": [-80.0638, 26.7832] }},
{"zip_code":"33417","country":"US","city":"West Palm Beach","state":"Florida","state_ab":"FL","county":"Palm Beach","geo_location":{ "type": "Point", "coordinates": [-80.1248, 26.7197] }},
{"zip_code":"33431","country":"US","city":"Boca Raton","state":"Florida","state_ab":"FL","county":"Palm Beach","geo_location":{ "type": "Point", "coordinates": [-80.0975, 26.3799] }},
{"zip_code":"33444","country":"US","city":"Delray Beach","state":"Florida","state_ab":"FL","county":"Palm Beach","geo_location":{ "type": "Point", "coordinates": [-80.0793, 26.4564] }},
{"zip_code":"33484","country":"US","city":"Delray Beach","state":"Florida","state_ab":"FL","county":"Palm Beach","geo_location":{ "type": "Point", "coordinates": [-80.1346, 26.4543] }},
{"zip_code":"33497","country":"US","city":"Boca Raton","state":"Florida","state_ab":"FL","county":"Palm Beach","geo_location":{ "type": "Point", "coordinates": [-80.4303, 26.6459] }},
{"zip_code":"33574","country":"US","city":"Saint Leo","state":"Florida","state_ab":"FL","county":"Pasco","geo_location":{ "type": "Point", "coordinates": [-82.2693, 28.3348] }},
{"zip_code":"34654","country":"US","city":"New Port Richey","state":"Florida","state_ab":"FL","county":"Pasco","geo_location":{ "type": "Point", "coordinates": [-82.6264, 28.3022] }},
{"zip_code":"34667","country":"US","city":"Hudson","state":"Florida","state_ab":"FL","county":"Pasco","geo_location":{ "type": "Point", "coordinates": [-82.6757, 28.3648] }},
{"zip_code":"33701","country":"US","city":"Saint Petersburg","state":"Florida","state_ab":"FL","county":"Pinellas","geo_location":{ "type": "Point", "coordinates": [-82.6386, 27.7723] }},
{"zip_code":"33714","country":"US","city":"Saint Petersburg","state":"Florida","state_ab":"FL","county":"Pinellas","geo_location":{ "type": "Point", "coordinates": [-82.6776, 27.8176] }},
{"zip_code":"6897","country":"US","city":"Wilton","state":"Connecticut","state_ab":"CT","county":"Fairfield","geo_location":{ "type": "Point", "coordinates": [-73.4383, 41.2018] }},
{"zip_code":"6907","country":"US","city":"Stamford","state":"Connecticut","state_ab":"CT","county":"Fairfield","geo_location":{ "type": "Point", "coordinates": [-73.5203, 41.0942] }},
{"zip_code":"6921","country":"US","city":"Stamford","state":"Connecticut","state_ab":"CT","county":"Fairfield","geo_location":{ "type": "Point", "coordinates": [-73.538, 41.0499] }},
{"zip_code":"6107","country":"US","city":"West Hartford","state":"Connecticut","state_ab":"CT","county":"Hartford","geo_location":{ "type": "Point", "coordinates": [-72.7532, 41.7556] }},
{"zip_code":"6134","country":"US","city":"Hartford","state":"Connecticut","state_ab":"CT","county":"Hartford","geo_location":{ "type": "Point", "coordinates": [-72.7188, 41.7918] }},
{"zip_code":"6147","country":"US","city":"Hartford","state":"Connecticut","state_ab":"CT","county":"Hartford","geo_location":{ "type": "Point", "coordinates": [-72.7188, 41.7918] }},
{"zip_code":"6161","country":"US","city":"Hartford","state":"Connecticut","state_ab":"CT","county":"Hartford","geo_location":{ "type": "Point", "coordinates": [-72.6718, 41.766] }},
{"zip_code":"6444","country":"US","city":"Marion","state":"Connecticut","state_ab":"CT","county":"Hartford","geo_location":{ "type": "Point", "coordinates": [-72.7188, 41.7918] }},
{"zip_code":"6031","country":"US","city":"Falls Village","state":"Connecticut","state_ab":"CT","county":"Litchfield","geo_location":{ "type": "Point", "coordinates": [-73.3517, 41.9578] }},
{"zip_code":"6057","country":"US","city":"New Hartford","state":"Connecticut","state_ab":"CT","county":"Litchfield","geo_location":{ "type": "Point", "coordinates": [-73.0104, 41.8468] }},
{"zip_code":"6754","country":"US","city":"Cornwall Bridge","state":"Connecticut","state_ab":"CT","county":"Litchfield","geo_location":{ "type": "Point", "coordinates": [-73.3019, 41.7444] }},
{"zip_code":"6781","country":"US","city":"Pequabuck","state":"Connecticut","state_ab":"CT","county":"Litchfield","geo_location":{ "type": "Point", "coordinates": [-72.9915, 41.6699] }},
{"zip_code":"6794","country":"US","city":"Washington Depot","state":"Connecticut","state_ab":"CT","county":"Litchfield","geo_location":{ "type": "Point", "coordinates": [-73.3274, 41.6559] }},
{"zip_code":"6417","country":"US","city":"Deep River","state":"Connecticut","state_ab":"CT","county":"Middlesex","geo_location":{ "type": "Point", "coordinates": [-72.4486, 41.3765] }},
{"zip_code":"6457","country":"US","city":"Middletown","state":"Connecticut","state_ab":"CT","county":"Middlesex","geo_location":{ "type": "Point", "coordinates": [-72.6652, 41.5569] }},
{"zip_code":"6471","country":"US","city":"North Branford","state":"Connecticut","state_ab":"CT","county":"New Haven","geo_location":{ "type": "Point", "coordinates": [-72.7809, 41.3323] }},
{"zip_code":"6507","country":"US","city":"New Haven","state":"Connecticut","state_ab":"CT","county":"New Haven","geo_location":{ "type": "Point", "coordinates": [-72.9275, 41.3657] }},
{"zip_code":"6521","country":"US","city":"New Haven","state":"Connecticut","state_ab":"CT","county":"New Haven","geo_location":{ "type": "Point", "coordinates": [-72.9275, 41.3657] }},
{"zip_code":"6534","country":"US","city":"New Haven","state":"Connecticut","state_ab":"CT","county":"New Haven","geo_location":{ "type": "Point", "coordinates": [-72.9275, 41.3657] }},
{"zip_code":"6701","country":"US","city":"Waterbury","state":"Connecticut","state_ab":"CT","county":"New Haven","geo_location":{ "type": "Point", "coordinates": [-72.9275, 41.3657] }},
{"zip_code":"6071","country":"US","city":"Somers","state":"Connecticut","state_ab":"CT","county":"Tolland","geo_location":{ "type": "Point", "coordinates": [-72.4583, 41.9978] }},
{"zip_code":"6084","country":"US","city":"Tolland","state":"Connecticut","state_ab":"CT","county":"Tolland","geo_location":{ "type": "Point", "coordinates": [-72.3718, 41.8696] }},
{"zip_code":"6237","country":"US","city":"Columbia","state":"Connecticut","state_ab":"CT","county":"Tolland","geo_location":{ "type": "Point", "coordinates": [-72.3072, 41.6973] }},
{"zip_code":"6251","country":"US","city":"Mansfield Depot","state":"Connecticut","state_ab":"CT","county":"Tolland","geo_location":{ "type": "Point", "coordinates": [-72.3065, 41.7993] }},
{"zip_code":"6264","country":"US","city":"Scotland","state":"Connecticut","state_ab":"CT","county":"Windham","geo_location":{ "type": "Point", "coordinates": [-72.087, 41.6958] }},
{"zip_code":"6277","country":"US","city":"Thompson","state":"Connecticut","state_ab":"CT","county":"Windham","geo_location":{ "type": "Point", "coordinates": [-71.8376, 41.9803] }},
{"zip_code":"6354","country":"US","city":"Moosup","state":"Connecticut","state_ab":"CT","county":"Windham","geo_location":{ "type": "Point", "coordinates": [-71.885, 41.721] }},
{"zip_code":"20004","country":"US","city":"Washington","state":"District of Columbia","state_ab":"DC","county":"District of Columbia","geo_location":{ "type": "Point", "coordinates": [-77.0263, 38.893] }},
{"zip_code":"20017","country":"US","city":"Washington","state":"District of Columbia","state_ab":"DC","county":"District of Columbia","geo_location":{ "type": "Point", "coordinates": [-76.994, 38.9367] }},
{"zip_code":"20044","country":"US","city":"Washington","state":"District of Columbia","state_ab":"DC","county":"District of Columbia","geo_location":{ "type": "Point", "coordinates": [-77.0146, 38.8933] }},
{"zip_code":"20057","country":"US","city":"Washington","state":"District of Columbia","state_ab":"DC","county":"District of Columbia","geo_location":{ "type": "Point", "coordinates": [-77.0146, 38.8933] }},
{"zip_code":"20071","country":"US","city":"Washington","state":"District of Columbia","state_ab":"DC","county":"District of Columbia","geo_location":{ "type": "Point", "coordinates": [-77.0146, 38.8933] }},
{"zip_code":"20084","country":"US","city":"Washington","state":"District of Columbia","state_ab":"DC","county":"District of Columbia","geo_location":{ "type": "Point", "coordinates": [-76.9948, 38.9164] }},
{"zip_code":"20097","country":"US","city":"Washington","state":"District of Columbia","state_ab":"DC","county":"District of Columbia","geo_location":{ "type": "Point", "coordinates": [-77.0146, 38.8933] }},
{"zip_code":"20211","country":"US","city":"Washington","state":"District of Columbia","state_ab":"DC","county":"District of Columbia","geo_location":{ "type": "Point", "coordinates": [-77.0146, 38.8933] }},
{"zip_code":"20224","country":"US","city":"Washington","state":"District of Columbia","state_ab":"DC","county":"District of Columbia","geo_location":{ "type": "Point", "coordinates": [-77.0146, 38.8933] }},
{"zip_code":"20237","country":"US","city":"Washington","state":"District of Columbia","state_ab":"DC","county":"District of Columbia","geo_location":{ "type": "Point", "coordinates": [-77.0367, 38.895] }},
{"zip_code":"20251","country":"US","city":"Washington","state":"District of Columbia","state_ab":"DC","county":"District of Columbia","geo_location":{ "type": "Point", "coordinates": [-77.0146, 38.8933] }},
{"zip_code":"20277","country":"US","city":"Washington","state":"District of Columbia","state_ab":"DC","county":"District of Columbia","geo_location":{ "type": "Point", "coordinates": [-77.0146, 38.8933] }},
{"zip_code":"20301","country":"US","city":"Washington","state":"District of Columbia","state_ab":"DC","county":"District of Columbia","geo_location":{ "type": "Point", "coordinates": [-77.0311, 38.8894] }},
{"zip_code":"20314","country":"US","city":"Washington","state":"District of Columbia","state_ab":"DC","county":"District of Columbia","geo_location":{ "type": "Point", "coordinates": [-77.0146, 38.8933] }},
{"zip_code":"20394","country":"US","city":"Washington","state":"District of Columbia","state_ab":"DC","county":"District of Columbia","geo_location":{ "type": "Point", "coordinates": [-77.0146, 38.8933] }},
{"zip_code":"20404","country":"US","city":"Washington","state":"District of Columbia","state_ab":"DC","county":"District of Columbia","geo_location":{ "type": "Point", "coordinates": [-77.0089, 38.8992] }},
{"zip_code":"20431","country":"US","city":"Washington","state":"District of Columbia","state_ab":"DC","county":"District of Columbia","geo_location":{ "type": "Point", "coordinates": [-77.0428, 38.8986] }},
{"zip_code":"20444","country":"US","city":"Washington","state":"District of Columbia","state_ab":"DC","county":"District of Columbia","geo_location":{ "type": "Point", "coordinates": [-77.0146, 38.8933] }},
{"zip_code":"20507","country":"US","city":"Washington","state":"District of Columbia","state_ab":"DC","county":"District of Columbia","geo_location":{ "type": "Point", "coordinates": [-77.0146, 38.8933] }},
{"zip_code":"20521","country":"US","city":"Washington","state":"District of Columbia","state_ab":"DC","county":"District of Columbia","geo_location":{ "type": "Point", "coordinates": [-77.0146, 38.8933] }},
{"zip_code":"20534","country":"US","city":"Washington","state":"District of Columbia","state_ab":"DC","county":"District of Columbia","geo_location":{ "type": "Point", "coordinates": [-77.0125, 38.8941] }},
{"zip_code":"20547","country":"US","city":"Washington","state":"District of Columbia","state_ab":"DC","county":"District of Columbia","geo_location":{ "type": "Point", "coordinates": [-77.0146, 38.8933] }},
{"zip_code":"19934","country":"US","city":"Camden Wyoming","state":"Delaware","state_ab":"DE","county":"Kent","geo_location":{ "type": "Point", "coordinates": [-75.5966, 39.0991] }},
{"zip_code":"19961","country":"US","city":"Little Creek","state":"Delaware","state_ab":"DE","county":"Kent","geo_location":{ "type": "Point", "coordinates": [-75.4483, 39.1663] }},
{"zip_code":"19701","country":"US","city":"Bear","state":"Delaware","state_ab":"DE","county":"New Castle","geo_location":{ "type": "Point", "coordinates": [-75.6747, 39.6102] }},
{"zip_code":"19714","country":"US","city":"Newark","state":"Delaware","state_ab":"DE","county":"New Castle","geo_location":{ "type": "Point", "coordinates": [-75.597, 39.5645] }},
{"zip_code":"19804","country":"US","city":"Wilmington","state":"Delaware","state_ab":"DE","county":"New Castle","geo_location":{ "type": "Point", "coordinates": [-75.6184, 39.7168] }},
{"zip_code":"19884","country":"US","city":"Wilmington","state":"Delaware","state_ab":"DE","county":"New Castle","geo_location":{ "type": "Point", "coordinates": [-75.597, 39.5645] }},
{"zip_code":"19897","country":"US","city":"Wilmington","state":"Delaware","state_ab":"DE","county":"New Castle","geo_location":{ "type": "Point", "coordinates": [-75.597, 39.5645] }},
{"zip_code":"19947","country":"US","city":"Georgetown","state":"Delaware","state_ab":"DE","county":"Sussex","geo_location":{ "type": "Point", "coordinates": [-75.3932, 38.679] }},
{"zip_code":"32607","country":"US","city":"Gainesville","state":"Florida","state_ab":"FL","county":"Alachua","geo_location":{ "type": "Point", "coordinates": [-82.4033, 29.6456] }},
{"zip_code":"32401","country":"US","city":"Panama City","state":"Florida","state_ab":"FL","county":"Bay","geo_location":{ "type": "Point", "coordinates": [-85.6494, 30.1606] }},
{"zip_code":"32904","country":"US","city":"Melbourne","state":"Florida","state_ab":"FL","county":"Brevard","geo_location":{ "type": "Point", "coordinates": [-80.678, 28.0673] }},
{"zip_code":"32931","country":"US","city":"Cocoa Beach","state":"Florida","state_ab":"FL","county":"Brevard","geo_location":{ "type": "Point", "coordinates": [-80.6121, 28.3325] }},
{"zip_code":"33004","country":"US","city":"Dania","state":"Florida","state_ab":"FL","county":"Broward","geo_location":{ "type": "Point", "coordinates": [-80.1447, 26.0476] }},
{"zip_code":"33071","country":"US","city":"Pompano Beach","state":"Florida","state_ab":"FL","county":"Broward","geo_location":{ "type": "Point", "coordinates": [-80.2601, 26.2435] }},
{"zip_code":"33084","country":"US","city":"Pembroke Pines","state":"Florida","state_ab":"FL","county":"Broward","geo_location":{ "type": "Point", "coordinates": [-80.1298, 26.2891] }},
{"zip_code":"33097","country":"US","city":"Pompano Beach","state":"Florida","state_ab":"FL","county":"Broward","geo_location":{ "type": "Point", "coordinates": [-80.4483, 26.1457] }},
{"zip_code":"33301","country":"US","city":"Fort Lauderdale","state":"Florida","state_ab":"FL","county":"Broward","geo_location":{ "type": "Point", "coordinates": [-80.1288, 26.1216] }},
{"zip_code":"33314","country":"US","city":"Fort Lauderdale","state":"Florida","state_ab":"FL","county":"Broward","geo_location":{ "type": "Point", "coordinates": [-80.2246, 26.0697] }},
{"zip_code":"33327","country":"US","city":"Weston","state":"Florida","state_ab":"FL","county":"Broward","geo_location":{ "type": "Point", "coordinates": [-80.417, 26.1136] }},
{"zip_code":"33394","country":"US","city":"Fort Lauderdale","state":"Florida","state_ab":"FL","county":"Broward","geo_location":{ "type": "Point", "coordinates": [-80.139, 26.1221] }},
{"zip_code":"33947","country":"US","city":"Rotonda West","state":"Florida","state_ab":"FL","county":"Charlotte","geo_location":{ "type": "Point", "coordinates": [-82.2691, 26.8842] }},
{"zip_code":"39204","country":"US","city":"Jackson","state":"Mississippi","state_ab":"MS","county":"Hinds","geo_location":{ "type": "Point", "coordinates": [-90.2306, 32.2832] }},
{"zip_code":"39217","country":"US","city":"Jackson","state":"Mississippi","state_ab":"MS","county":"Hinds","geo_location":{ "type": "Point", "coordinates": [-90.2081, 32.2974] }},
{"zip_code":"39271","country":"US","city":"Jackson","state":"Mississippi","state_ab":"MS","county":"Hinds","geo_location":{ "type": "Point", "coordinates": [-90.3972, 32.3113] }},
{"zip_code":"39284","country":"US","city":"Jackson","state":"Mississippi","state_ab":"MS","county":"Hinds","geo_location":{ "type": "Point", "coordinates": [-90.3972, 32.3113] }},
{"zip_code":"38924","country":"US","city":"Cruger","state":"Mississippi","state_ab":"MS","county":"Holmes","geo_location":{ "type": "Point", "coordinates": [-90.2316, 33.311] }},
{"zip_code":"38847","country":"US","city":"Golden","state":"Mississippi","state_ab":"MS","county":"Itawamba","geo_location":{ "type": "Point", "coordinates": [-88.1842, 34.4812] }},
{"zip_code":"39567","country":"US","city":"Pascagoula","state":"Mississippi","state_ab":"MS","county":"Jackson","geo_location":{ "type": "Point", "coordinates": [-88.4894, 30.5342] }},
{"zip_code":"39581","country":"US","city":"Pascagoula","state":"Mississippi","state_ab":"MS","county":"Jackson","geo_location":{ "type": "Point", "coordinates": [-88.5289, 30.3664] }},
{"zip_code":"39437","country":"US","city":"Ellisville","state":"Mississippi","state_ab":"MS","county":"Jones","geo_location":{ "type": "Point", "coordinates": [-89.2231, 31.5797] }},
{"zip_code":"39477","country":"US","city":"Sandersville","state":"Mississippi","state_ab":"MS","county":"Jones","geo_location":{ "type": "Point", "coordinates": [-89.0414, 31.7909] }},
{"zip_code":"38601","country":"US","city":"Abbeville","state":"Mississippi","state_ab":"MS","county":"Lafayette","geo_location":{ "type": "Point", "coordinates": [-89.4475, 34.4719] }},
{"zip_code":"38874","country":"US","city":"Toccopola","state":"Mississippi","state_ab":"MS","county":"Lafayette","geo_location":{ "type": "Point", "coordinates": [-89.2519, 34.2265] }},
{"zip_code":"39307","country":"US","city":"Meridian","state":"Mississippi","state_ab":"MS","county":"Lauderdale","geo_location":{ "type": "Point", "coordinates": [-88.7436, 32.3736] }},
{"zip_code":"39051","country":"US","city":"Carthage","state":"Mississippi","state_ab":"MS","county":"Leake","geo_location":{ "type": "Point", "coordinates": [-89.5241, 32.7852] }},
{"zip_code":"38821","country":"US","city":"Amory","state":"Mississippi","state_ab":"MS","county":"Monroe","geo_location":{ "type": "Point", "coordinates": [-88.4709, 33.9844] }},
{"zip_code":"39747","country":"US","city":"Kilmichael","state":"Mississippi","state_ab":"MS","county":"Montgomery","geo_location":{ "type": "Point", "coordinates": [-89.5696, 33.4165] }},
{"zip_code":"39361","country":"US","city":"Shuqualak","state":"Mississippi","state_ab":"MS","county":"Noxubee","geo_location":{ "type": "Point", "coordinates": [-88.5594, 32.9769] }},
{"zip_code":"39464","country":"US","city":"Ovett","state":"Mississippi","state_ab":"MS","county":"Perry","geo_location":{ "type": "Point", "coordinates": [-89.0396, 31.4738] }},
{"zip_code":"39657","country":"US","city":"Osyka","state":"Mississippi","state_ab":"MS","county":"Pike","geo_location":{ "type": "Point", "coordinates": [-90.479, 31.0217] }},
{"zip_code":"38964","country":"US","city":"Vance","state":"Mississippi","state_ab":"MS","county":"Quitman","geo_location":{ "type": "Point", "coordinates": [-90.3752, 34.0936] }},
{"zip_code":"39167","country":"US","city":"Star","state":"Mississippi","state_ab":"MS","county":"Rankin","geo_location":{ "type": "Point", "coordinates": [-90.0615, 32.0961] }},
{"zip_code":"39114","country":"US","city":"Mendenhall","state":"Mississippi","state_ab":"MS","county":"Simpson","geo_location":{ "type": "Point", "coordinates": [-89.8095, 31.9494] }},
{"zip_code":"38771","country":"US","city":"Ruleville","state":"Mississippi","state_ab":"MS","county":"Sunflower","geo_location":{ "type": "Point", "coordinates": [-90.5527, 33.7241] }},
{"zip_code":"38627","country":"US","city":"Etta","state":"Mississippi","state_ab":"MS","county":"Union","geo_location":{ "type": "Point", "coordinates": [-89.1767, 34.4352] }},
{"zip_code":"39181","country":"US","city":"Vicksburg","state":"Mississippi","state_ab":"MS","county":"Warren","geo_location":{ "type": "Point", "coordinates": [-90.8642, 32.3486] }},
{"zip_code":"38704","country":"US","city":"Greenville","state":"Mississippi","state_ab":"MS","county":"Washington","geo_location":{ "type": "Point", "coordinates": [-90.9185, 33.2534] }},
{"zip_code":"38731","country":"US","city":"Chatham","state":"Mississippi","state_ab":"MS","county":"Washington","geo_location":{ "type": "Point", "coordinates": [-91.0883, 33.0854] }},
{"zip_code":"38744","country":"US","city":"Glen Allan","state":"Mississippi","state_ab":"MS","county":"Washington","geo_location":{ "type": "Point", "coordinates": [-91.0092, 33.0254] }},
{"zip_code":"39631","country":"US","city":"Centreville","state":"Mississippi","state_ab":"MS","county":"Wilkinson","geo_location":{ "type": "Point", "coordinates": [-91.096, 31.0893] }},
{"zip_code":"39194","country":"US","city":"Yazoo City","state":"Mississippi","state_ab":"MS","county":"Yazoo","geo_location":{ "type": "Point", "coordinates": [-90.4031, 32.8594] }},
{"zip_code":"59031","country":"US","city":"Garryowen","state":"Montana","state_ab":"MT","county":"Big Horn","geo_location":{ "type": "Point", "coordinates": [-107.4817, 45.5187] }},
{"zip_code":"59547","country":"US","city":"Zurich","state":"Montana","state_ab":"MT","county":"Blaine","geo_location":{ "type": "Point", "coordinates": [-108.8939, 48.3605] }},
{"zip_code":"59071","country":"US","city":"Roscoe","state":"Montana","state_ab":"MT","county":"Carbon","geo_location":{ "type": "Point", "coordinates": [-109.5658, 45.268] }},
{"zip_code":"59404","country":"US","city":"Great Falls","state":"Montana","state_ab":"MT","county":"Cascade","geo_location":{ "type": "Point", "coordinates": [-111.3405, 47.5098] }},
{"zip_code":"59301","country":"US","city":"Miles City","state":"Montana","state_ab":"MT","county":"Custer","geo_location":{ "type": "Point", "coordinates": [-105.8332, 46.4075] }},
{"zip_code":"59354","country":"US","city":"Willard","state":"Montana","state_ab":"MT","county":"Fallon","geo_location":{ "type": "Point", "coordinates": [-104.4467, 46.1141] }},
{"zip_code":"59457","country":"US","city":"Lewistown","state":"Montana","state_ab":"MT","county":"Fergus","geo_location":{ "type": "Point", "coordinates": [-109.4203, 47.0563] }},
{"zip_code":"59471","country":"US","city":"Roy","state":"Montana","state_ab":"MT","county":"Fergus","geo_location":{ "type": "Point", "coordinates": [-108.8634, 47.3678] }},
{"zip_code":"59921","country":"US","city":"Lake Mc Donald","state":"Montana","state_ab":"MT","county":"Flathead","geo_location":{ "type": "Point", "coordinates": [-113.9497, 48.2989] }},
{"zip_code":"59714","country":"US","city":"Belgrade","state":"Montana","state_ab":"MT","county":"Gallatin","geo_location":{ "type": "Point", "coordinates": [-111.1439, 45.7801] }},
{"zip_code":"59741","country":"US","city":"Manhattan","state":"Montana","state_ab":"MT","county":"Gallatin","geo_location":{ "type": "Point", "coordinates": [-111.3146, 45.798] }},
{"zip_code":"59417","country":"US","city":"Browning","state":"Montana","state_ab":"MT","county":"Glacier","geo_location":{ "type": "Point", "coordinates": [-112.7936, 48.6491] }},
{"zip_code":"59521","country":"US","city":"Box Elder","state":"Montana","state_ab":"MT","county":"Hill","geo_location":{ "type": "Point", "coordinates": [-109.8205, 48.2841] }},
{"zip_code":"59624","country":"US","city":"Helena","state":"Montana","state_ab":"MT","county":"Lewis and Clark","geo_location":{ "type": "Point", "coordinates": [-112.0624, 46.61] }},
{"zip_code":"59934","country":"US","city":"Trego","state":"Montana","state_ab":"MT","county":"Lincoln","geo_location":{ "type": "Point", "coordinates": [-115.331, 48.4457] }},
{"zip_code":"59754","country":"US","city":"Twin Bridges","state":"Montana","state_ab":"MT","county":"Madison","geo_location":{ "type": "Point", "coordinates": [-112.3495, 45.5311] }},
{"zip_code":"59804","country":"US","city":"Missoula","state":"Montana","state_ab":"MT","county":"Missoula","geo_location":{ "type": "Point", "coordinates": [-114.1698, 46.8467] }},
{"zip_code":"59017","country":"US","city":"Cat Creek","state":"Montana","state_ab":"MT","county":"Petroleum County","geo_location":{ "type": "Point", "coordinates": [-108.2994, 47.1866] }},
{"zip_code":"59084","country":"US","city":"Teigen","state":"Montana","state_ab":"MT","county":"Petroleum","geo_location":{ "type": "Point", "coordinates": [-108.2812, 47.1736] }},
{"zip_code":"59314","country":"US","city":"Biddle","state":"Montana","state_ab":"MT","county":"Powder River","geo_location":{ "type": "Point", "coordinates": [-105.6305, 45.3911] }},
{"zip_code":"59341","country":"US","city":"Mildred","state":"Montana","state_ab":"MT","county":"Prairie","geo_location":{ "type": "Point", "coordinates": [-105.3452, 46.861] }},
{"zip_code":"59871","country":"US","city":"Sula","state":"Montana","state_ab":"MT","county":"Ravalli","geo_location":{ "type": "Point", "coordinates": [-113.8748, 45.8433] }},
{"zip_code":"59004","country":"US","city":"Ashland","state":"Montana","state_ab":"MT","county":"Rosebud","geo_location":{ "type": "Point", "coordinates": [-106.992, 46.018] }},
{"zip_code":"59327","country":"US","city":"Forsyth","state":"Montana","state_ab":"MT","county":"Rosebud","geo_location":{ "type": "Point", "coordinates": [-106.6991, 46.2819] }},
{"zip_code":"59831","country":"US","city":"Dixon","state":"Montana","state_ab":"MT","county":"Sanders","geo_location":{ "type": "Point", "coordinates": [-114.3056, 47.3131] }},
{"zip_code":"59844","country":"US","city":"Heron","state":"Montana","state_ab":"MT","county":"Sanders","geo_location":{ "type": "Point", "coordinates": [-115.9407, 48.0537] }},
{"zip_code":"59211","country":"US","city":"Antelope","state":"Montana","state_ab":"MT","county":"Sheridan","geo_location":{ "type": "Point", "coordinates": [-104.4529, 48.6968] }},
{"zip_code":"59701","country":"US","city":"Butte","state":"Montana","state_ab":"MT","county":"Silver Bow","geo_location":{ "type": "Point", "coordinates": [-112.5988, 45.9979] }},
{"zip_code":"59727","country":"US","city":"Divide","state":"Montana","state_ab":"MT","county":"Silver Bow","geo_location":{ "type": "Point", "coordinates": [-112.809, 45.803] }},
{"zip_code":"59057","country":"US","city":"Molt","state":"Montana","state_ab":"MT","county":"Stillwater","geo_location":{ "type": "Point", "coordinates": [-108.9731, 45.8615] }},
{"zip_code":"59444","country":"US","city":"Galata","state":"Montana","state_ab":"MT","county":"Toole","geo_location":{ "type": "Point", "coordinates": [-111.4704, 48.8111] }},
{"zip_code":"59484","country":"US","city":"Sweet Grass","state":"Montana","state_ab":"MT","county":"Toole","geo_location":{ "type": "Point", "coordinates": [-111.849, 48.9401] }},
{"zip_code":"59044","country":"US","city":"Laurel","state":"Montana","state_ab":"MT","county":"Yellowstone","geo_location":{ "type": "Point", "coordinates": [-108.769, 45.6745] }},
{"zip_code":"59107","country":"US","city":"Billings","state":"Montana","state_ab":"MT","county":"Yellowstone","geo_location":{ "type": "Point", "coordinates": [-108.3934, 45.8252] }},
{"zip_code":"28664","country":"US","city":"Plumtree","state":"North Carolina","state_ab":"NC","county":"Avery","geo_location":{ "type": "Point", "coordinates": [-82.0037, 36.0441] }},
{"zip_code":"27814","country":"US","city":"Blounts Creek","state":"North Carolina","state_ab":"NC","county":"Beaufort","geo_location":{ "type": "Point", "coordinates": [-76.925, 35.382] }},
{"zip_code":"27957","country":"US","city":"Merry Hill","state":"North Carolina","state_ab":"NC","county":"Bertie","geo_location":{ "type": "Point", "coordinates": [-76.7776, 36.0871] }},
{"zip_code":"28404","country":"US","city":"Wilmington","state":"North Carolina","state_ab":"NC","county":"Brunswick","geo_location":{ "type": "Point", "coordinates": [-78.0713, 33.9263] }},
{"zip_code":"28701","country":"US","city":"Alexander","state":"North Carolina","state_ab":"NC","county":"Buncombe","geo_location":{ "type": "Point", "coordinates": [-82.6311, 35.7064] }},
{"zip_code":"28804","country":"US","city":"Asheville","state":"North Carolina","state_ab":"NC","county":"Buncombe","geo_location":{ "type": "Point", "coordinates": [-82.5646, 35.6374] }},
{"zip_code":"28637","country":"US","city":"Hildebran","state":"North Carolina","state_ab":"NC","county":"Burke","geo_location":{ "type": "Point", "coordinates": [-81.4194, 35.718] }},
{"zip_code":"28107","country":"US","city":"Midland","state":"North Carolina","state_ab":"NC","county":"Cabarrus","geo_location":{ "type": "Point", "coordinates": [-80.5319, 35.2477] }},
{"zip_code":"28611","country":"US","city":"Collettsville","state":"North Carolina","state_ab":"NC","county":"Caldwell","geo_location":{ "type": "Point", "coordinates": [-81.7266, 35.9946] }},
{"zip_code":"27311","country":"US","city":"Pelham","state":"North Carolina","state_ab":"NC","county":"Caswell","geo_location":{ "type": "Point", "coordinates": [-79.4736, 36.4899] }},
{"zip_code":"27207","country":"US","city":"Bear Creek","state":"North Carolina","state_ab":"NC","county":"Chatham","geo_location":{ "type": "Point", "coordinates": [-79.3726, 35.6129] }},
{"zip_code":"28781","country":"US","city":"Topton","state":"North Carolina","state_ab":"NC","county":"Cherokee","geo_location":{ "type": "Point", "coordinates": [-83.6461, 35.2151] }},
{"zip_code":"28017","country":"US","city":"Boiling Springs","state":"North Carolina","state_ab":"NC","county":"Cleveland","geo_location":{ "type": "Point", "coordinates": [-81.6914, 35.2549] }},
{"zip_code":"28431","country":"US","city":"Chadbourn","state":"North Carolina","state_ab":"NC","county":"Columbus","geo_location":{ "type": "Point", "coordinates": [-78.8267, 34.3223] }},
{"zip_code":"28561","country":"US","city":"New Bern","state":"North Carolina","state_ab":"NC","county":"Craven","geo_location":{ "type": "Point", "coordinates": [-77.0759, 35.1037] }},
{"zip_code":"28301","country":"US","city":"Fayetteville","state":"North Carolina","state_ab":"NC","county":"Cumberland","geo_location":{ "type": "Point", "coordinates": [-78.8836, 35.0743] }},
{"zip_code":"28314","country":"US","city":"Fayetteville","state":"North Carolina","state_ab":"NC","county":"Cumberland","geo_location":{ "type": "Point", "coordinates": [-79.008, 35.0583] }},
{"zip_code":"27917","country":"US","city":"Barco","state":"North Carolina","state_ab":"NC","county":"Currituck","geo_location":{ "type": "Point", "coordinates": [-75.9793, 36.3588] }},
{"zip_code":"27351","country":"US","city":"Southmont","state":"North Carolina","state_ab":"NC","county":"Davidson","geo_location":{ "type": "Point", "coordinates": [-80.2836, 35.6605] }},
{"zip_code":"27014","country":"US","city":"Cooleemee","state":"North Carolina","state_ab":"NC","county":"Davie","geo_location":{ "type": "Point", "coordinates": [-80.5483, 35.8192] }},
{"zip_code":"28341","country":"US","city":"Faison","state":"North Carolina","state_ab":"NC","county":"Duplin","geo_location":{ "type": "Point", "coordinates": [-78.118, 35.1199] }},
{"zip_code":"28521","country":"US","city":"Chinquapin","state":"North Carolina","state_ab":"NC","county":"Duplin","geo_location":{ "type": "Point", "coordinates": [-77.7636, 34.8276] }},
{"zip_code":"27711","country":"US","city":"Durham","state":"North Carolina","state_ab":"NC","county":"Durham","geo_location":{ "type": "Point", "coordinates": [-78.8577, 36.0512] }},
{"zip_code":"27801","country":"US","city":"Rocky Mount","state":"North Carolina","state_ab":"NC","county":"Edgecombe","geo_location":{ "type": "Point", "coordinates": [-77.7608, 35.9427] }},
{"zip_code":"27881","country":"US","city":"Speed","state":"North Carolina","state_ab":"NC","county":"Edgecombe","geo_location":{ "type": "Point", "coordinates": [-77.5855, 35.9159] }},
{"zip_code":"27094","country":"US","city":"Rural Hall","state":"North Carolina","state_ab":"NC","county":"Forsyth","geo_location":{ "type": "Point", "coordinates": [-80.2073, 36.0275] }},
{"zip_code":"27104","country":"US","city":"Winston Salem","state":"North Carolina","state_ab":"NC","county":"Forsyth","geo_location":{ "type": "Point", "coordinates": [-80.3224, 36.092] }},
{"zip_code":"27117","country":"US","city":"Winston Salem","state":"North Carolina","state_ab":"NC","county":"Forsyth","geo_location":{ "type": "Point", "coordinates": [-80.2073, 36.0275] }},
{"zip_code":"27157","country":"US","city":"Winston Salem","state":"North Carolina","state_ab":"NC","county":"Forsyth","geo_location":{ "type": "Point", "coordinates": [-80.2073, 36.0275] }},
{"zip_code":"27261","country":"US","city":"High Point","state":"North Carolina","state_ab":"NC","county":"Guilford","geo_location":{ "type": "Point", "coordinates": [-80.0244, 36.0807] }},
{"zip_code":"27377","country":"US","city":"Whitsett","state":"North Carolina","state_ab":"NC","county":"Guilford","geo_location":{ "type": "Point", "coordinates": [-79.5972, 36.033] }},
{"zip_code":"27401","country":"US","city":"Greensboro","state":"North Carolina","state_ab":"NC","county":"Guilford","geo_location":{ "type": "Point", "coordinates": [-79.7682, 36.0697] }},
{"zip_code":"27427","country":"US","city":"Greensboro","state":"North Carolina","state_ab":"NC","county":"Guilford","geo_location":{ "type": "Point", "coordinates": [-80.0244, 36.0807] }},
{"zip_code":"28727","country":"US","city":"Edneyville","state":"North Carolina","state_ab":"NC","county":"Henderson","geo_location":{ "type": "Point", "coordinates": [-82.5032, 35.3223] }},
{"zip_code":"28677","country":"US","city":"Statesville","state":"North Carolina","state_ab":"NC","county":"Iredell","geo_location":{ "type": "Point", "coordinates": [-80.894, 35.799] }},
{"zip_code":"27504","country":"US","city":"Benson","state":"North Carolina","state_ab":"NC","county":"Johnston","geo_location":{ "type": "Point", "coordinates": [-78.5421, 35.4037] }},
{"zip_code":"27557","country":"US","city":"Middlesex","state":"North Carolina","state_ab":"NC","county":"Johnston","geo_location":{ "type": "Point", "coordinates": [-78.2062, 35.7665] }},
{"zip_code":"28741","country":"US","city":"Highlands","state":"North Carolina","state_ab":"NC","county":"Macon","geo_location":{ "type": "Point", "coordinates": [-83.216, 35.0705] }},
{"zip_code":"28754","country":"US","city":"Mars Hill","state":"North Carolina","state_ab":"NC","county":"Madison","geo_location":{ "type": "Point", "coordinates": [-82.5254, 35.8528] }},
{"zip_code":"27841","country":"US","city":"Hassell","state":"North Carolina","state_ab":"NC","county":"Martin","geo_location":{ "type": "Point", "coordinates": [-77.2763, 35.9086] }},
{"zip_code":"28031","country":"US","city":"Cornelius","state":"North Carolina","state_ab":"NC","county":"Mecklenburg","geo_location":{ "type": "Point", "coordinates": [-80.8726, 35.4733] }},
{"zip_code":"28134","country":"US","city":"Pineville","state":"North Carolina","state_ab":"NC","county":"Mecklenburg","geo_location":{ "type": "Point", "coordinates": [-80.8859, 35.0709] }},
{"zip_code":"28211","country":"US","city":"Charlotte","state":"North Carolina","state_ab":"NC","county":"Mecklenburg","geo_location":{ "type": "Point", "coordinates": [-80.7932, 35.1677] }},
{"zip_code":"28224","country":"US","city":"Charlotte","state":"North Carolina","state_ab":"NC","county":"Mecklenburg","geo_location":{ "type": "Point", "coordinates": [-80.8042, 35.26] }},
{"zip_code":"28237","country":"US","city":"Charlotte","state":"North Carolina","state_ab":"NC","county":"Mecklenburg","geo_location":{ "type": "Point", "coordinates": [-80.8042, 35.26] }},
{"zip_code":"28277","country":"US","city":"Charlotte","state":"North Carolina","state_ab":"NC","county":"Mecklenburg","geo_location":{ "type": "Point", "coordinates": [-80.8195, 35.0552] }},
{"zip_code":"27247","country":"US","city":"Ether","state":"North Carolina","state_ab":"NC","county":"Montgomery","geo_location":{ "type": "Point", "coordinates": [-79.7834, 35.4514] }},
{"zip_code":"28327","country":"US","city":"Carthage","state":"North Carolina","state_ab":"NC","county":"Moore","geo_location":{ "type": "Point", "coordinates": [-79.3969, 35.3061] }},
{"zip_code":"28394","country":"US","city":"Vass","state":"North Carolina","state_ab":"NC","county":"Moore","geo_location":{ "type": "Point", "coordinates": [-79.2562, 35.2171] }},
{"zip_code":"27854","country":"US","city":"Milwaukee","state":"North Carolina","state_ab":"NC","county":"Northampton","geo_location":{ "type": "Point", "coordinates": [-77.3867, 36.3631] }},
{"zip_code":"27867","country":"US","city":"Potecasi","state":"North Carolina","state_ab":"NC","county":"Northampton","geo_location":{ "type": "Point", "coordinates": [-77.4831, 36.3561] }},
{"zip_code":"28547","country":"US","city":"Camp Lejeune","state":"North Carolina","state_ab":"NC","county":"Onslow","geo_location":{ "type": "Point", "coordinates": [-77.3614, 34.6909] }},
{"zip_code":"28574","country":"US","city":"Richlands","state":"North Carolina","state_ab":"NC","county":"Onslow","geo_location":{ "type": "Point", "coordinates": [-77.5863, 34.8624] }},
{"zip_code":"27517","country":"US","city":"Chapel Hill","state":"North Carolina","state_ab":"NC","county":"Orange","geo_location":{ "type": "Point", "coordinates": [-79.0035, 35.9182] }},
{"zip_code":"28587","country":"US","city":"Vandemere","state":"North Carolina","state_ab":"NC","county":"Pamlico","geo_location":{ "type": "Point", "coordinates": [-76.6604, 35.1913] }},
{"zip_code":"28457","country":"US","city":"Rocky Point","state":"North Carolina","state_ab":"NC","county":"Pender","geo_location":{ "type": "Point", "coordinates": [-77.9234, 34.4344] }},
{"zip_code":"28471","country":"US","city":"Watha","state":"North Carolina","state_ab":"NC","county":"Pender","geo_location":{ "type": "Point", "coordinates": [-78.0074, 34.6207] }},
{"zip_code":"27944","country":"US","city":"Hertford","state":"North Carolina","state_ab":"NC","county":"Perquimans","geo_location":{ "type": "Point", "coordinates": [-76.3731, 36.1685] }},
{"zip_code":"27827","country":"US","city":"Falkland","state":"North Carolina","state_ab":"NC","county":"Pitt","geo_location":{ "type": "Point", "coordinates": [-77.5132, 35.6966] }},
{"zip_code":"28367","country":"US","city":"Norman","state":"North Carolina","state_ab":"NC","county":"Richmond","geo_location":{ "type": "Point", "coordinates": [-79.7379, 35.1627] }},
{"zip_code":"27027","country":"US","city":"Mayodan","state":"North Carolina","state_ab":"NC","county":"Rockingham","geo_location":{ "type": "Point", "coordinates": [-79.9567, 36.4277] }},
{"zip_code":"27054","country":"US","city":"Woodleaf","state":"North Carolina","state_ab":"NC","county":"Rowan","geo_location":{ "type": "Point", "coordinates": [-80.6051, 35.7901] }},
{"zip_code":"28071","country":"US","city":"Gold Hill","state":"North Carolina","state_ab":"NC","county":"Rowan","geo_location":{ "type": "Point", "coordinates": [-80.3346, 35.5498] }},
{"zip_code":"28147","country":"US","city":"Salisbury","state":"North Carolina","state_ab":"NC","county":"Rowan","geo_location":{ "type": "Point", "coordinates": [-80.5615, 35.6817] }},
{"zip_code":"28444","country":"US","city":"Harrells","state":"North Carolina","state_ab":"NC","county":"Sampson","geo_location":{ "type": "Point", "coordinates": [-78.243, 34.6769] }},
{"zip_code":"28097","country":"US","city":"Locust","state":"North Carolina","state_ab":"NC","county":"Stanly","geo_location":{ "type": "Point", "coordinates": [-80.4211, 35.2704] }},
{"zip_code":"27041","country":"US","city":"Pilot Mountain","state":"North Carolina","state_ab":"NC","county":"Surry","geo_location":{ "type": "Point", "coordinates": [-80.4921, 36.4109] }},
{"zip_code":"28174","country":"US","city":"Wingate","state":"North Carolina","state_ab":"NC","county":"Union","geo_location":{ "type": "Point", "coordinates": [-80.4476, 34.9847] }},
{"zip_code":"27544","country":"US","city":"Kittrell","state":"North Carolina","state_ab":"NC","county":"Vance","geo_location":{ "type": "Point", "coordinates": [-78.4241, 36.2042] }},
{"zip_code":"27584","country":"US","city":"Townsville","state":"North Carolina","state_ab":"NC","county":"Vance","geo_location":{ "type": "Point", "coordinates": [-78.4009, 36.5181] }},
{"zip_code":"27571","country":"US","city":"Rolesville","state":"North Carolina","state_ab":"NC","county":"Wake","geo_location":{ "type": "Point", "coordinates": [-78.4658, 35.9156] }},
{"zip_code":"27597","country":"US","city":"Zebulon","state":"North Carolina","state_ab":"NC","county":"Wake","geo_location":{ "type": "Point", "coordinates": [-78.3174, 35.8321] }},
{"zip_code":"27607","country":"US","city":"Raleigh","state":"North Carolina","state_ab":"NC","county":"Wake","geo_location":{ "type": "Point", "coordinates": [-78.6877, 35.8014] }},
{"zip_code":"27621","country":"US","city":"Raleigh","state":"North Carolina","state_ab":"NC","county":"Wake","geo_location":{ "type": "Point", "coordinates": [-78.6253, 35.7977] }},
{"zip_code":"27634","country":"US","city":"Raleigh","state":"North Carolina","state_ab":"NC","county":"Wake","geo_location":{ "type": "Point", "coordinates": [-78.6253, 35.7977] }},
{"zip_code":"27661","country":"US","city":"Raleigh","state":"North Carolina","state_ab":"NC","county":"Wake","geo_location":{ "type": "Point", "coordinates": [-78.6253, 35.7977] }},
{"zip_code":"28691","country":"US","city":"Valle Crucis","state":"North Carolina","state_ab":"NC","county":"Watauga","geo_location":{ "type": "Point", "coordinates": [-81.7789, 36.2092] }},
{"zip_code":"27531","country":"US","city":"Goldsboro","state":"North Carolina","state_ab":"NC","county":"Wayne","geo_location":{ "type": "Point", "coordinates": [-77.9644, 35.343] }},
{"zip_code":"28624","country":"US","city":"Ferguson","state":"North Carolina","state_ab":"NC","county":"Wilkes","geo_location":{ "type": "Point", "coordinates": [-81.3864, 36.1283] }},
{"zip_code":"28651","country":"US","city":"Millers Creek","state":"North Carolina","state_ab":"NC","county":"Wilkes","geo_location":{ "type": "Point", "coordinates": [-81.2485, 36.2119] }},
{"zip_code":"27894","country":"US","city":"Wilson","state":"North Carolina","state_ab":"NC","county":"Wilson","geo_location":{ "type": "Point", "coordinates": [-77.9043, 35.7158] }},
{"zip_code":"28714","country":"US","city":"Burnsville","state":"North Carolina","state_ab":"NC","county":"Yancey","geo_location":{ "type": "Point", "coordinates": [-82.2876, 35.903] }},
{"zip_code":"58351","country":"US","city":"Minnewaukan","state":"North Dakota","state_ab":"ND","county":"Benson","geo_location":{ "type": "Point", "coordinates": [-99.2743, 48.0698] }},
{"zip_code":"58711","country":"US","city":"Antler","state":"North Dakota","state_ab":"ND","county":"Bottineau","geo_location":{ "type": "Point", "coordinates": [-101.3338, 48.9585] }},
{"zip_code":"58737","country":"US","city":"Flaxton","state":"North Dakota","state_ab":"ND","county":"Burke","geo_location":{ "type": "Point", "coordinates": [-102.3823, 48.8772] }},
{"zip_code":"58494","country":"US","city":"Wing","state":"North Dakota","state_ab":"ND","county":"Burleigh","geo_location":{ "type": "Point", "coordinates": [-100.3072, 47.1519] }},
{"zip_code":"58504","country":"US","city":"Bismarck","state":"North Dakota","state_ab":"ND","county":"Burleigh","geo_location":{ "type": "Point", "coordinates": [-100.678, 46.7231] }},
{"zip_code":"58014","country":"US","city":"Chaffee","state":"North Dakota","state_ab":"ND","county":"Cass","geo_location":{ "type": "Point", "coordinates": [-97.3524, 46.775] }},
{"zip_code":"58104","country":"US","city":"Fargo","state":"North Dakota","state_ab":"ND","county":"Cass","geo_location":{ "type": "Point", "coordinates": [-96.8397, 46.7932] }},
{"zip_code":"58311","country":"US","city":"Alsen","state":"North Dakota","state_ab":"ND","county":"Cavalier","geo_location":{ "type": "Point", "coordinates": [-98.5795, 48.6525] }},
{"zip_code":"58441","country":"US","city":"Fullerton","state":"North Dakota","state_ab":"ND","county":"Dickey","geo_location":{ "type": "Point", "coordinates": [-98.3882, 46.1951] }},
{"zip_code":"58544","country":"US","city":"Hazelton","state":"North Dakota","state_ab":"ND","county":"Emmons","geo_location":{ "type": "Point", "coordinates": [-100.2733, 46.4875] }},
{"zip_code":"58621","country":"US","city":"Beach","state":"North Dakota","state_ab":"ND","county":"Golden Valley","geo_location":{ "type": "Point", "coordinates": [-103.9843, 46.9324] }},
{"zip_code":"58207","country":"US","city":"Grand Forks","state":"North Dakota","state_ab":"ND","county":"Grand Forks","geo_location":{ "type": "Point", "coordinates": [-97.3944, 47.9335] }},
{"zip_code":"58647","country":"US","city":"New England","state":"North Dakota","state_ab":"ND","county":"Hettinger","geo_location":{ "type": "Point", "coordinates": [-102.8358, 46.5128] }},
{"zip_code":"58454","country":"US","city":"Jud","state":"North Dakota","state_ab":"ND","county":"LaMoure","geo_location":{ "type": "Point", "coordinates": [-98.8667, 46.5511] }},
{"zip_code":"58634","country":"US","city":"Grassy Butte","state":"North Dakota","state_ab":"ND","county":"McKenzie","geo_location":{ "type": "Point", "coordinates": [-103.2944, 47.4431] }},
{"zip_code":"58854","country":"US","city":"Watford City","state":"North Dakota","state_ab":"ND","county":"McKenzie","geo_location":{ "type": "Point", "coordinates": [-103.2582, 47.8043] }},
{"zip_code":"58531","country":"US","city":"Coleharbor","state":"North Dakota","state_ab":"ND","county":"McLean","geo_location":{ "type": "Point", "coordinates": [-101.2332, 47.5196] }},
{"zip_code":"58571","country":"US","city":"Stanton","state":"North Dakota","state_ab":"ND","county":"Mercer","geo_location":{ "type": "Point", "coordinates": [-101.3899, 47.3128] }},
{"zip_code":"58377","country":"US","city":"Starkweather","state":"North Dakota","state_ab":"ND","county":"Ramsey","geo_location":{ "type": "Point", "coordinates": [-98.8539, 48.4488] }},
{"zip_code":"58027","country":"US","city":"Enderlin","state":"North Dakota","state_ab":"ND","county":"Ransom","geo_location":{ "type": "Point", "coordinates": [-97.6106, 46.6079] }},
{"zip_code":"58054","country":"US","city":"Lisbon","state":"North Dakota","state_ab":"ND","county":"Ransom","geo_location":{ "type": "Point", "coordinates": [-97.6369, 46.456] }},
{"zip_code":"58001","country":"US","city":"Abercrombie","state":"North Dakota","state_ab":"ND","county":"Richland","geo_location":{ "type": "Point", "coordinates": [-96.7278, 46.4479] }},
{"zip_code":"58041","country":"US","city":"Hankinson","state":"North Dakota","state_ab":"ND","county":"Richland","geo_location":{ "type": "Point", "coordinates": [-96.8991, 46.0558] }},
{"zip_code":"58081","country":"US","city":"Wyndmere","state":"North Dakota","state_ab":"ND","county":"Richland","geo_location":{ "type": "Point", "coordinates": [-97.1289, 46.2891] }},
{"zip_code":"58067","country":"US","city":"Rutland","state":"North Dakota","state_ab":"ND","county":"Sargent","geo_location":{ "type": "Point", "coordinates": [-97.5483, 46.0738] }},
{"zip_code":"58401","country":"US","city":"Jamestown","state":"North Dakota","state_ab":"ND","county":"Stutsman","geo_location":{ "type": "Point", "coordinates": [-98.7455, 46.921] }},
{"zip_code":"58467","country":"US","city":"Medina","state":"North Dakota","state_ab":"ND","county":"Stutsman","geo_location":{ "type": "Point", "coordinates": [-99.3106, 46.892] }},
{"zip_code":"58481","country":"US","city":"Spiritwood","state":"North Dakota","state_ab":"ND","county":"Stutsman","geo_location":{ "type": "Point", "coordinates": [-98.5219, 46.9865] }},
{"zip_code":"58324","country":"US","city":"Cando","state":"North Dakota","state_ab":"ND","county":"Towner","geo_location":{ "type": "Point", "coordinates": [-99.2319, 48.5001] }},
{"zip_code":"58274","country":"US","city":"Portland","state":"North Dakota","state_ab":"ND","county":"Traill","geo_location":{ "type": "Point", "coordinates": [-97.3843, 47.5015] }},
{"zip_code":"58261","country":"US","city":"Minto","state":"North Dakota","state_ab":"ND","county":"Walsh","geo_location":{ "type": "Point", "coordinates": [-97.3144, 48.26] }},
{"zip_code":"58337","country":"US","city":"Hamberg","state":"North Dakota","state_ab":"ND","county":"Wells","geo_location":{ "type": "Point", "coordinates": [-99.6677, 47.5874] }},
{"zip_code":"58801","country":"US","city":"Williston","state":"North Dakota","state_ab":"ND","county":"Williams","geo_location":{ "type": "Point", "coordinates": [-103.649, 48.2257] }},
{"zip_code":"69214","country":"US","city":"Johnstown","state":"Nebraska","state_ab":"NE","county":"Brown","geo_location":{ "type": "Point", "coordinates": [-99.9305, 42.4657] }},
{"zip_code":"68624","country":"US","city":"Bellwood","state":"Nebraska","state_ab":"NE","county":"Butler","geo_location":{ "type": "Point", "coordinates": [-97.2747, 41.3474] }},
{"zip_code":"68727","country":"US","city":"Coleridge","state":"Nebraska","state_ab":"NE","county":"Cedar","geo_location":{ "type": "Point", "coordinates": [-97.1786, 42.523] }},
{"zip_code":"69201","country":"US","city":"Valentine","state":"Nebraska","state_ab":"NE","county":"Cherry","geo_location":{ "type": "Point", "coordinates": [-100.6215, 42.8062] }},
{"zip_code":"68934","country":"US","city":"Deweese","state":"Nebraska","state_ab":"NE","county":"Clay","geo_location":{ "type": "Point", "coordinates": [-98.14, 40.354] }},
{"zip_code":"68004","country":"US","city":"Bancroft","state":"Nebraska","state_ab":"NE","county":"Cuming","geo_location":{ "type": "Point", "coordinates": [-96.6171, 42.0267] }},
{"zip_code":"68741","country":"US","city":"Hubbard","state":"Nebraska","state_ab":"NE","county":"Dakota","geo_location":{ "type": "Point", "coordinates": [-96.6031, 42.3576] }},
{"zip_code":"68031","country":"US","city":"Hooper","state":"Nebraska","state_ab":"NE","county":"Dodge","geo_location":{ "type": "Point", "coordinates": [-96.5232, 41.6414] }},
{"zip_code":"68044","country":"US","city":"Nickerson","state":"Nebraska","state_ab":"NE","county":"Dodge","geo_location":{ "type": "Point", "coordinates": [-96.4441, 41.5491] }},
{"zip_code":"68057","country":"US","city":"Scribner","state":"Nebraska","state_ab":"NE","county":"Dodge","geo_location":{ "type": "Point", "coordinates": [-96.6441, 41.663] }},
{"zip_code":"68664","country":"US","city":"Snyder","state":"Nebraska","state_ab":"NE","county":"Dodge","geo_location":{ "type": "Point", "coordinates": [-96.7873, 41.6485] }},
{"zip_code":"68107","country":"US","city":"Omaha","state":"Nebraska","state_ab":"NE","county":"Douglas","geo_location":{ "type": "Point", "coordinates": [-95.9559, 41.2068] }},
{"zip_code":"68134","country":"US","city":"Omaha","state":"Nebraska","state_ab":"NE","county":"Douglas","geo_location":{ "type": "Point", "coordinates": [-96.0546, 41.2949] }},
{"zip_code":"69021","country":"US","city":"Benkelman","state":"Nebraska","state_ab":"NE","county":"Dundy","geo_location":{ "type": "Point", "coordinates": [-101.5344, 40.098] }},
{"zip_code":"68354","country":"US","city":"Fairmont","state":"Nebraska","state_ab":"NE","county":"Fillmore","geo_location":{ "type": "Point", "coordinates": [-97.5873, 40.6404] }},
{"zip_code":"68444","country":"US","city":"Strang","state":"Nebraska","state_ab":"NE","county":"Fillmore","geo_location":{ "type": "Point", "coordinates": [-97.5521, 40.3981] }},
{"zip_code":"68947","country":"US","city":"Hildreth","state":"Nebraska","state_ab":"NE","county":"Franklin","geo_location":{ "type": "Point", "coordinates": [-99.0571, 40.3217] }},
{"zip_code":"68301","country":"US","city":"Adams","state":"Nebraska","state_ab":"NE","county":"Gage","geo_location":{ "type": "Point", "coordinates": [-96.5396, 40.4576] }},
{"zip_code":"68381","country":"US","city":"Liberty","state":"Nebraska","state_ab":"NE","county":"Gage","geo_location":{ "type": "Point", "coordinates": [-96.4804, 40.0801] }},
{"zip_code":"68831","country":"US","city":"Dannebrog","state":"Nebraska","state_ab":"NE","county":"Howard","geo_location":{ "type": "Point", "coordinates": [-98.5546, 41.1192] }},
{"zip_code":"68404","country":"US","city":"Martell","state":"Nebraska","state_ab":"NE","county":"Lancaster","geo_location":{ "type": "Point", "coordinates": [-96.7442, 40.6514] }},
{"zip_code":"68507","country":"US","city":"Lincoln","state":"Nebraska","state_ab":"NE","county":"Lancaster","geo_location":{ "type": "Point", "coordinates": [-96.6289, 40.8473] }},
{"zip_code":"68521","country":"US","city":"Lincoln","state":"Nebraska","state_ab":"NE","county":"Lancaster","geo_location":{ "type": "Point", "coordinates": [-96.711, 40.851] }},
{"zip_code":"69151","country":"US","city":"Maxwell","state":"Nebraska","state_ab":"NE","county":"Lincoln","geo_location":{ "type": "Point", "coordinates": [-100.527, 41.0588] }},
{"zip_code":"68701","country":"US","city":"Norfolk","state":"Nebraska","state_ab":"NE","county":"Madison","geo_location":{ "type": "Point", "coordinates": [-97.4229, 42.0329] }},
{"zip_code":"68781","country":"US","city":"Tilden","state":"Nebraska","state_ab":"NE","county":"Madison","geo_location":{ "type": "Point", "coordinates": [-97.8223, 42.0496] }},
{"zip_code":"69331","country":"US","city":"Angora","state":"Nebraska","state_ab":"NE","county":"Morrill","geo_location":{ "type": "Point", "coordinates": [-103.085, 41.8934] }},
{"zip_code":"68961","country":"US","city":"Nelson","state":"Nebraska","state_ab":"NE","county":"Nuckolls","geo_location":{ "type": "Point", "coordinates": [-98.0684, 40.2011] }},
{"zip_code":"68974","country":"US","city":"Ruskin","state":"Nebraska","state_ab":"NE","county":"Nuckolls","geo_location":{ "type": "Point", "coordinates": [-97.872, 40.1383] }},
{"zip_code":"68417","country":"US","city":"Otoe","state":"Nebraska","state_ab":"NE","county":"Otoe","geo_location":{ "type": "Point", "coordinates": [-96.1329, 40.7355] }},
{"zip_code":"68767","country":"US","city":"Pierce","state":"Nebraska","state_ab":"NE","county":"Pierce","geo_location":{ "type": "Point", "coordinates": [-97.5256, 42.1943] }},
{"zip_code":"68651","country":"US","city":"Osceola","state":"Nebraska","state_ab":"NE","county":"Polk","geo_location":{ "type": "Point", "coordinates": [-97.5571, 41.1966] }},
{"zip_code":"69034","country":"US","city":"Indianola","state":"Nebraska","state_ab":"NE","county":"Red Willow","geo_location":{ "type": "Point", "coordinates": [-100.4298, 40.2357] }},
{"zip_code":"68431","country":"US","city":"Rulo","state":"Nebraska","state_ab":"NE","county":"Richardson","geo_location":{ "type": "Point", "coordinates": [-95.4292, 40.0536] }},
{"zip_code":"68457","country":"US","city":"Verdon","state":"Nebraska","state_ab":"NE","county":"Richardson","geo_location":{ "type": "Point", "coordinates": [-95.7162, 40.1425] }},
{"zip_code":"68714","country":"US","city":"Bassett","state":"Nebraska","state_ab":"NE","county":"Rock","geo_location":{ "type": "Point", "coordinates": [-99.5387, 42.5763] }},
{"zip_code":"68341","country":"US","city":"De Witt","state":"Nebraska","state_ab":"NE","county":"Saline","geo_location":{ "type": "Point", "coordinates": [-96.9338, 40.3944] }},
{"zip_code":"68147","country":"US","city":"Bellevue","state":"Nebraska","state_ab":"NE","county":"Sarpy","geo_location":{ "type": "Point", "coordinates": [-95.9553, 41.1758] }},
{"zip_code":"68017","country":"US","city":"Ceresco","state":"Nebraska","state_ab":"NE","county":"Saunders","geo_location":{ "type": "Point", "coordinates": [-96.6398, 41.0681] }},
{"zip_code":"69357","country":"US","city":"Mitchell","state":"Nebraska","state_ab":"NE","county":"Scotts Bluff","geo_location":{ "type": "Point", "coordinates": [-103.796, 41.9459] }},
{"zip_code":"68314","country":"US","city":"Bee","state":"Nebraska","state_ab":"NE","county":"Seward","geo_location":{ "type": "Point", "coordinates": [-97.0745, 41.0007] }},
{"zip_code":"68817","country":"US","city":"Ashton","state":"Nebraska","state_ab":"NE","county":"Sherman","geo_location":{ "type": "Point", "coordinates": [-98.8034, 41.2672] }},
{"zip_code":"68844","country":"US","city":"Hazard","state":"Nebraska","state_ab":"NE","county":"Sherman","geo_location":{ "type": "Point", "coordinates": [-99.0719, 41.0934] }},
{"zip_code":"68871","country":"US","city":"Rockville","state":"Nebraska","state_ab":"NE","county":"Sherman","geo_location":{ "type": "Point", "coordinates": [-98.8578, 41.1108] }},
{"zip_code":"68327","country":"US","city":"Chester","state":"Nebraska","state_ab":"NE","county":"Thayer","geo_location":{ "type": "Point", "coordinates": [-97.6197, 40.029] }},
{"zip_code":"68071","country":"US","city":"Winnebago","state":"Nebraska","state_ab":"NE","county":"Thurston","geo_location":{ "type": "Point", "coordinates": [-96.4685, 42.2339] }},
{"zip_code":"68637","country":"US","city":"Ericson","state":"Nebraska","state_ab":"NE","county":"Wheeler","geo_location":{ "type": "Point", "coordinates": [-98.6453, 41.7828] }},
{"zip_code":"68367","country":"US","city":"Gresham","state":"Nebraska","state_ab":"NE","county":"York","geo_location":{ "type": "Point", "coordinates": [-97.4079, 41.021] }},
{"zip_code":"3227","country":"US","city":"Center Sandwich","state":"New Hampshire","state_ab":"NH","county":"Carroll","geo_location":{ "type": "Point", "coordinates": [-71.4506, 43.8162] }},
{"zip_code":"3254","country":"US","city":"Moultonborough","state":"New Hampshire","state_ab":"NH","county":"Carroll","geo_location":{ "type": "Point", "coordinates": [-71.3922, 43.7281] }},
{"zip_code":"3847","country":"US","city":"Kearsarge","state":"New Hampshire","state_ab":"NH","county":"Carroll","geo_location":{ "type": "Point", "coordinates": [-71.2577, 43.8839] }},
{"zip_code":"3861","country":"US","city":"Lee","state":"New Hampshire","state_ab":"NH","county":"Carroll County","geo_location":{ "type": "Point", "coordinates": [-70.9969, 43.1192] }},
{"zip_code":"3447","country":"US","city":"Fitzwilliam","state":"New Hampshire","state_ab":"NH","county":"Cheshire","geo_location":{ "type": "Point", "coordinates": [-72.145, 42.7611] }},
{"zip_code":"3461","country":"US","city":"Rindge","state":"New Hampshire","state_ab":"NH","county":"Cheshire","geo_location":{ "type": "Point", "coordinates": [-72.019, 42.7544] }},
{"zip_code":"3241","country":"US","city":"Hebron","state":"New Hampshire","state_ab":"NH","county":"Grafton","geo_location":{ "type": "Point", "coordinates": [-71.827, 43.7186] }},
{"zip_code":"3771","country":"US","city":"Monroe","state":"New Hampshire","state_ab":"NH","county":"Grafton","geo_location":{ "type": "Point", "coordinates": [-72.025, 44.2734] }},
{"zip_code":"3784","country":"US","city":"West Lebanon","state":"New Hampshire","state_ab":"NH","county":"Grafton","geo_location":{ "type": "Point", "coordinates": [-72.3007, 43.644] }},
{"zip_code":"3047","country":"US","city":"Greenfield","state":"New Hampshire","state_ab":"NH","county":"Hillsborough","geo_location":{ "type": "Point", "coordinates": [-71.8728, 42.9493] }},
{"zip_code":"3061","country":"US","city":"Nashua","state":"New Hampshire","state_ab":"NH","county":"Hillsborough","geo_location":{ "type": "Point", "coordinates": [-71.6539, 42.9521] }},
{"zip_code":"3111","country":"US","city":"Manchester","state":"New Hampshire","state_ab":"NH","county":"Hillsborough","geo_location":{ "type": "Point", "coordinates": [-71.6539, 42.9521] }},
{"zip_code":"3281","country":"US","city":"Weare","state":"New Hampshire","state_ab":"NH","county":"Hillsborough","geo_location":{ "type": "Point", "coordinates": [-71.7038, 43.0714] }},
{"zip_code":"3304","country":"US","city":"Bow","state":"New Hampshire","state_ab":"NH","county":"Merrimack","geo_location":{ "type": "Point", "coordinates": [-71.5448, 43.1388] }},
{"zip_code":"213","country":"US","city":"Portsmouth","state":"New Hampshire","state_ab":"NH","county":"Rockingham","geo_location":{ "type": "Point", "coordinates": [-71.0132, 43.0059] }},
{"zip_code":"3034","country":"US","city":"Candia","state":"New Hampshire","state_ab":"NH","county":"Rockingham","geo_location":{ "type": "Point", "coordinates": [-71.3049, 43.0585] }},
{"zip_code":"3087","country":"US","city":"Windham","state":"New Hampshire","state_ab":"NH","county":"Rockingham","geo_location":{ "type": "Point", "coordinates": [-71.3067, 42.8051] }},
{"zip_code":"3874","country":"US","city":"Seabrook","state":"New Hampshire","state_ab":"NH","county":"Rockingham","geo_location":{ "type": "Point", "coordinates": [-70.8646, 42.8854] }},
{"zip_code":"3821","country":"US","city":"Dover","state":"New Hampshire","state_ab":"NH","county":"Strafford","geo_location":{ "type": "Point", "coordinates": [-71.0284, 43.3267] }},
{"zip_code":"3887","country":"US","city":"Union","state":"New Hampshire","state_ab":"NH","county":"Strafford","geo_location":{ "type": "Point", "coordinates": [-71.063, 43.4861] }},
{"zip_code":"3601","country":"US","city":"Acworth","state":"New Hampshire","state_ab":"NH","county":"Sullivan","geo_location":{ "type": "Point", "coordinates": [-72.3001, 43.196] }},
{"zip_code":"8037","country":"US","city":"Hammonton","state":"New Jersey","state_ab":"NJ","county":"Atlantic","geo_location":{ "type": "Point", "coordinates": [-74.7728, 39.638] }},
{"zip_code":"8217","country":"US","city":"Elwood","state":"New Jersey","state_ab":"NJ","county":"Atlantic","geo_location":{ "type": "Point", "coordinates": [-74.72, 39.5737] }},
{"zip_code":"8231","country":"US","city":"Oceanville","state":"New Jersey","state_ab":"NJ","county":"Atlantic","geo_location":{ "type": "Point", "coordinates": [-74.6086, 39.5092] }},
{"zip_code":"8244","country":"US","city":"Somers Point","state":"New Jersey","state_ab":"NJ","county":"Atlantic","geo_location":{ "type": "Point", "coordinates": [-74.6008, 39.3223] }},
{"zip_code":"8411","country":"US","city":"Atlantic City","state":"New Jersey","state_ab":"NJ","county":"Atlantic County","geo_location":{ "type": "Point", "coordinates": [-74.4311, 39.359] }},
{"zip_code":"7074","country":"US","city":"Moonachie","state":"New Jersey","state_ab":"NJ","county":"Bergen","geo_location":{ "type": "Point", "coordinates": [-74.0566, 40.8394] }},
{"zip_code":"7407","country":"US","city":"Elmwood Park","state":"New Jersey","state_ab":"NJ","county":"Bergen","geo_location":{ "type": "Point", "coordinates": [-74.1209, 40.9069] }},
{"zip_code":"7601","country":"US","city":"Hackensack","state":"New Jersey","state_ab":"NJ","county":"Bergen","geo_location":{ "type": "Point", "coordinates": [-74.0503, 40.8882] }},
{"zip_code":"7627","country":"US","city":"Demarest","state":"New Jersey","state_ab":"NJ","county":"Bergen","geo_location":{ "type": "Point", "coordinates": [-73.9602, 40.9548] }},
{"zip_code":"7641","country":"US","city":"Haworth","state":"New Jersey","state_ab":"NJ","county":"Bergen","geo_location":{ "type": "Point", "coordinates": [-73.9874, 40.9608] }},
{"zip_code":"8011","country":"US","city":"Birmingham","state":"New Jersey","state_ab":"NJ","county":"Burlington","geo_location":{ "type": "Point", "coordinates": [-74.7114, 39.976] }},
{"zip_code":"8064","country":"US","city":"New Lisbon","state":"New Jersey","state_ab":"NJ","county":"Burlington","geo_location":{ "type": "Point", "coordinates": [-74.7251, 39.8624] }},
{"zip_code":"8077","country":"US","city":"Riverton","state":"New Jersey","state_ab":"NJ","county":"Burlington","geo_location":{ "type": "Point", "coordinates": [-74.9952, 40.002] }},
{"zip_code":"8554","country":"US","city":"Roebling","state":"New Jersey","state_ab":"NJ","county":"Burlington","geo_location":{ "type": "Point", "coordinates": [-74.7772, 40.1154] }},
{"zip_code":"8091","country":"US","city":"West Berlin","state":"New Jersey","state_ab":"NJ","county":"Camden","geo_location":{ "type": "Point", "coordinates": [-74.9255, 39.8051] }},
{"zip_code":"8101","country":"US","city":"Camden","state":"New Jersey","state_ab":"NJ","county":"Camden","geo_location":{ "type": "Point", "coordinates": [-74.9383, 39.8024] }},
{"zip_code":"8204","country":"US","city":"Cape May","state":"New Jersey","state_ab":"NJ","county":"Cape May","geo_location":{ "type": "Point", "coordinates": [-74.9214, 38.9711] }},
{"zip_code":"8321","country":"US","city":"Fortescue","state":"New Jersey","state_ab":"NJ","county":"Cumberland","geo_location":{ "type": "Point", "coordinates": [-75.1403, 39.2189] }},
{"zip_code":"8361","country":"US","city":"Vineland","state":"New Jersey","state_ab":"NJ","county":"Cumberland","geo_location":{ "type": "Point", "coordinates": [-74.9653, 39.4655] }},
{"zip_code":"7007","country":"US","city":"Caldwell","state":"New Jersey","state_ab":"NJ","county":"Essex","geo_location":{ "type": "Point", "coordinates": [-74.2452, 40.7918] }},
{"zip_code":"7021","country":"US","city":"Essex Fells","state":"New Jersey","state_ab":"NJ","county":"Essex","geo_location":{ "type": "Point", "coordinates": [-74.2797, 40.8279] }},
{"zip_code":"7111","country":"US","city":"Irvington","state":"New Jersey","state_ab":"NJ","county":"Essex","geo_location":{ "type": "Point", "coordinates": [-74.2313, 40.7261] }},
{"zip_code":"7191","country":"US","city":"Newark","state":"New Jersey","state_ab":"NJ","county":"Essex","geo_location":{ "type": "Point", "coordinates": [-74.2452, 40.7918] }},
{"zip_code":"8051","country":"US","city":"Mantua","state":"New Jersey","state_ab":"NJ","county":"Gloucester","geo_location":{ "type": "Point", "coordinates": [-75.1785, 39.787] }},
{"zip_code":"7047","country":"US","city":"North Bergen","state":"New Jersey","state_ab":"NJ","county":"Hudson","geo_location":{ "type": "Point", "coordinates": [-74.0258, 40.7939] }},
{"zip_code":"7087","country":"US","city":"Union City","state":"New Jersey","state_ab":"NJ","county":"Hudson","geo_location":{ "type": "Point", "coordinates": [-74.0323, 40.7674] }},
{"zip_code":"7304","country":"US","city":"Jersey City","state":"New Jersey","state_ab":"NJ","county":"Hudson","geo_location":{ "type": "Point", "coordinates": [-74.0754, 40.718] }},
{"zip_code":"8541","country":"US","city":"Princeton","state":"New Jersey","state_ab":"NJ","county":"Mercer","geo_location":{ "type": "Point", "coordinates": [-74.712, 40.2805] }},
{"zip_code":"8604","country":"US","city":"Trenton","state":"New Jersey","state_ab":"NJ","county":"Mercer","geo_location":{ "type": "Point", "coordinates": [-74.712, 40.2805] }},
{"zip_code":"8824","country":"US","city":"Kendall Park","state":"New Jersey","state_ab":"NJ","county":"Middlesex","geo_location":{ "type": "Point", "coordinates": [-74.5529, 40.4208] }},
{"zip_code":"8837","country":"US","city":"Edison","state":"New Jersey","state_ab":"NJ","county":"Middlesex","geo_location":{ "type": "Point", "coordinates": [-74.3375, 40.5325] }},
{"zip_code":"8877","country":"US","city":"South River","state":"New Jersey","state_ab":"NJ","county":"Middlesex","geo_location":{ "type": "Point", "coordinates": [-74.4173, 40.43] }},
{"zip_code":"8901","country":"US","city":"New Brunswick","state":"New Jersey","state_ab":"NJ","county":"Middlesex","geo_location":{ "type": "Point", "coordinates": [-74.4482, 40.4891] }},
{"zip_code":"7704","country":"US","city":"Fair Haven","state":"New Jersey","state_ab":"NJ","county":"Monmouth","geo_location":{ "type": "Point", "coordinates": [-74.0389, 40.3599] }},
{"zip_code":"7717","country":"US","city":"Avon By The Sea","state":"New Jersey","state_ab":"NJ","county":"Monmouth","geo_location":{ "type": "Point", "coordinates": [-74.0167, 40.1918] }},
{"zip_code":"7731","country":"US","city":"Howell","state":"New Jersey","state_ab":"NJ","county":"Monmouth","geo_location":{ "type": "Point", "coordinates": [-74.2137, 40.1481] }},
{"zip_code":"7757","country":"US","city":"Oceanport","state":"New Jersey","state_ab":"NJ","county":"Monmouth","geo_location":{ "type": "Point", "coordinates": [-74.0164, 40.3157] }},
{"zip_code":"8501","country":"US","city":"Allentown","state":"New Jersey","state_ab":"NJ","county":"Monmouth","geo_location":{ "type": "Point", "coordinates": [-74.5909, 40.1589] }},
{"zip_code":"8514","country":"US","city":"Cream Ridge","state":"New Jersey","state_ab":"NJ","county":"Monmouth","geo_location":{ "type": "Point", "coordinates": [-74.465, 40.1399] }},
{"zip_code":"7034","country":"US","city":"Lake Hiawatha","state":"New Jersey","state_ab":"NJ","county":"Morris","geo_location":{ "type": "Point", "coordinates": [-74.383, 40.8825] }},
{"zip_code":"7834","country":"US","city":"Denville","state":"New Jersey","state_ab":"NJ","county":"Morris","geo_location":{ "type": "Point", "coordinates": [-74.4844, 40.8897] }},
{"zip_code":"7847","country":"US","city":"Kenvil","state":"New Jersey","state_ab":"NJ","county":"Morris","geo_location":{ "type": "Point", "coordinates": [-74.621, 40.8819] }},
{"zip_code":"8527","country":"US","city":"Jackson","state":"New Jersey","state_ab":"NJ","county":"Ocean","geo_location":{ "type": "Point", "coordinates": [-74.3017, 40.121] }},
{"zip_code":"8721","country":"US","city":"Bayville","state":"New Jersey","state_ab":"NJ","county":"Ocean","geo_location":{ "type": "Point", "coordinates": [-74.1905, 39.9147] }},
{"zip_code":"8734","country":"US","city":"Lanoka Harbor","state":"New Jersey","state_ab":"NJ","county":"Ocean","geo_location":{ "type": "Point", "coordinates": [-74.1668, 39.862] }},
{"zip_code":"7421","country":"US","city":"Hewitt","state":"New Jersey","state_ab":"NJ","county":"Passaic","geo_location":{ "type": "Point", "coordinates": [-74.3686, 41.1709] }},
{"zip_code":"7474","country":"US","city":"Wayne","state":"New Jersey","state_ab":"NJ","county":"Passaic","geo_location":{ "type": "Point", "coordinates": [-74.3048, 41.0114] }},
{"zip_code":"7511","country":"US","city":"Totowa","state":"New Jersey","state_ab":"NJ","county":"Passaic","geo_location":{ "type": "Point", "coordinates": [-74.3048, 41.0114] }},
{"zip_code":"7524","country":"US","city":"Paterson","state":"New Jersey","state_ab":"NJ","county":"Passaic","geo_location":{ "type": "Point", "coordinates": [-74.1555, 40.9309] }},
{"zip_code":"8347","country":"US","city":"Norma","state":"New Jersey","state_ab":"NJ","county":"Salem","geo_location":{ "type": "Point", "coordinates": [-75.082, 39.4998] }},
{"zip_code":"7924","country":"US","city":"Bernardsville","state":"New Jersey","state_ab":"NJ","county":"Somerset","geo_location":{ "type": "Point", "coordinates": [-74.5778, 40.7225] }},
{"zip_code":"7977","country":"US","city":"Peapack","state":"New Jersey","state_ab":"NJ","county":"Somerset","geo_location":{ "type": "Point", "coordinates": [-74.6541, 40.7079] }},
{"zip_code":"7461","country":"US","city":"Sussex","state":"New Jersey","state_ab":"NJ","county":"Sussex","geo_location":{ "type": "Point", "coordinates": [-74.5992, 41.2292] }},
{"zip_code":"7821","country":"US","city":"Andover","state":"New Jersey","state_ab":"NJ","county":"Sussex","geo_location":{ "type": "Point", "coordinates": [-74.7524, 40.9614] }},
{"zip_code":"7874","country":"US","city":"Stanhope","state":"New Jersey","state_ab":"NJ","county":"Sussex","geo_location":{ "type": "Point", "coordinates": [-74.7004, 40.9217] }},
{"zip_code":"7061","country":"US","city":"Plainfield","state":"New Jersey","state_ab":"NJ","county":"Union","geo_location":{ "type": "Point", "coordinates": [-74.2997, 40.6657] }},
{"zip_code":"7201","country":"US","city":"Elizabeth","state":"New Jersey","state_ab":"NJ","county":"Union","geo_location":{ "type": "Point", "coordinates": [-74.2043, 40.6717] }},
{"zip_code":"87047","country":"US","city":"Sandia Park","state":"New Mexico","state_ab":"NM","county":"Bernalillo","geo_location":{ "type": "Point", "coordinates": [-106.3238, 35.1683] }},
{"zip_code":"87111","country":"US","city":"Albuquerque","state":"New Mexico","state_ab":"NM","county":"Bernalillo","geo_location":{ "type": "Point", "coordinates": [-106.5222, 35.1347] }},
{"zip_code":"87191","country":"US","city":"Albuquerque","state":"New Mexico","state_ab":"NM","county":"Bernalillo","geo_location":{ "type": "Point", "coordinates": [-106.6729, 35.0443] }},
{"zip_code":"87201","country":"US","city":"Albuquerque","state":"New Mexico","state_ab":"NM","county":"Bernalillo","geo_location":{ "type": "Point", "coordinates": [-106.6729, 35.0443] }},
{"zip_code":"87821","country":"US","city":"Datil","state":"New Mexico","state_ab":"NM","county":"Catron","geo_location":{ "type": "Point", "coordinates": [-108.0183, 34.0427] }},
{"zip_code":"87007","country":"US","city":"Casa Blanca","state":"New Mexico","state_ab":"NM","county":"Cibola","geo_location":{ "type": "Point", "coordinates": [-107.4339, 35.0352] }},
{"zip_code":"87021","country":"US","city":"Milan","state":"New Mexico","state_ab":"NM","county":"Cibola","geo_location":{ "type": "Point", "coordinates": [-107.8937, 35.1925] }},
{"zip_code":"87357","country":"US","city":"Pinehill","state":"New Mexico","state_ab":"NM","county":"Cibola","geo_location":{ "type": "Point", "coordinates": [-108.0565, 34.963] }},
{"zip_code":"88101","country":"US","city":"Clovis","state":"New Mexico","state_ab":"NM","county":"Curry","geo_location":{ "type": "Point", "coordinates": [-103.2214, 34.4126] }},
{"zip_code":"87937","country":"US","city":"Hatch","state":"New Mexico","state_ab":"NM","county":"Doña Ana","geo_location":{ "type": "Point", "coordinates": [-107.159, 32.6583] }},
{"zip_code":"88011","country":"US","city":"Las Cruces","state":"New Mexico","state_ab":"NM","county":"Doña Ana","geo_location":{ "type": "Point", "coordinates": [-106.6683, 32.3244] }},
{"zip_code":"88024","country":"US","city":"Berino","state":"New Mexico","state_ab":"NM","county":"Doña Ana","geo_location":{ "type": "Point", "coordinates": [-106.631, 32.0682] }},
{"zip_code":"88051","country":"US","city":"Mule Creek","state":"New Mexico","state_ab":"NM","county":"Grant","geo_location":{ "type": "Point", "coordinates": [-108.9032, 33.1071] }},
{"zip_code":"88114","country":"US","city":"Crossroads","state":"New Mexico","state_ab":"NM","county":"Lea","geo_location":{ "type": "Point", "coordinates": [-103.3564, 33.5272] }},
{"zip_code":"88231","country":"US","city":"Eunice","state":"New Mexico","state_ab":"NM","county":"Lea","geo_location":{ "type": "Point", "coordinates": [-103.1594, 32.4392] }},
{"zip_code":"88244","country":"US","city":"Hobbs","state":"New Mexico","state_ab":"NM","county":"Lea","geo_location":{ "type": "Point", "coordinates": [-103.4338, 32.7854] }},
{"zip_code":"87317","country":"US","city":"Gamerco","state":"New Mexico","state_ab":"NM","county":"McKinley","geo_location":{ "type": "Point", "coordinates": [-108.7626, 35.5763] }},
{"zip_code":"88347","country":"US","city":"Sacramento","state":"New Mexico","state_ab":"NM","county":"Otero","geo_location":{ "type": "Point", "coordinates": [-105.6211, 32.8052] }},
{"zip_code":"88411","country":"US","city":"Bard","state":"New Mexico","state_ab":"NM","county":"Quay","geo_location":{ "type": "Point", "coordinates": [-103.1605, 35.1303] }},
{"zip_code":"87511","country":"US","city":"Alcalde","state":"New Mexico","state_ab":"NM","county":"Rio Arriba","geo_location":{ "type": "Point", "coordinates": [-106.0777, 36.0647] }},
{"zip_code":"87537","country":"US","city":"Hernandez","state":"New Mexico","state_ab":"NM","county":"Rio Arriba","geo_location":{ "type": "Point", "coordinates": [-106.1396, 36.0738] }},
{"zip_code":"87551","country":"US","city":"Los Ojos","state":"New Mexico","state_ab":"NM","county":"Rio Arriba","geo_location":{ "type": "Point", "coordinates": [-106.5157, 36.7289] }},
{"zip_code":"87124","country":"US","city":"Rio Rancho","state":"New Mexico","state_ab":"NM","county":"Sandoval","geo_location":{ "type": "Point", "coordinates": [-106.6818, 35.2493] }},
{"zip_code":"87421","country":"US","city":"Waterflow","state":"New Mexico","state_ab":"NM","county":"San Juan","geo_location":{ "type": "Point", "coordinates": [-108.5186, 36.7637] }},
{"zip_code":"87461","country":"US","city":"Sanostee","state":"New Mexico","state_ab":"NM","county":"San Juan","geo_location":{ "type": "Point", "coordinates": [-108.2335, 36.5002] }},
{"zip_code":"87731","country":"US","city":"Montezuma","state":"New Mexico","state_ab":"NM","county":"San Miguel","geo_location":{ "type": "Point", "coordinates": [-105.2532, 35.6499] }},
{"zip_code":"87524","country":"US","city":"Costilla","state":"New Mexico","state_ab":"NM","county":"Taos","geo_location":{ "type": "Point", "coordinates": [-105.6723, 36.9324] }},
{"zip_code":"87564","country":"US","city":"San Cristobal","state":"New Mexico","state_ab":"NM","county":"Taos","geo_location":{ "type": "Point", "coordinates": [-105.636, 36.6116] }},
{"zip_code":"87577","country":"US","city":"Tres Piedras","state":"New Mexico","state_ab":"NM","county":"Taos","geo_location":{ "type": "Point", "coordinates": [-105.6292, 36.5045] }},
{"zip_code":"87061","country":"US","city":"Torreon","state":"New Mexico","state_ab":"NM","county":"Torrance","geo_location":{ "type": "Point", "coordinates": [-106.3247, 34.6948] }},
{"zip_code":"88321","country":"US","city":"Encino","state":"New Mexico","state_ab":"NM","county":"Torrance","geo_location":{ "type": "Point", "coordinates": [-105.4839, 34.615] }},
{"zip_code":"88424","country":"US","city":"Grenville","state":"New Mexico","state_ab":"NM","county":"Union","geo_location":{ "type": "Point", "coordinates": [-103.5055, 36.3698] }},
{"zip_code":"88437","country":"US","city":"Seneca","state":"New Mexico","state_ab":"NM","county":"Union","geo_location":{ "type": "Point", "coordinates": [-103.0894, 36.6279] }},
{"zip_code":"87034","country":"US","city":"Pueblo Of Acoma","state":"New Mexico","state_ab":"NM","county":"Valencia","geo_location":{ "type": "Point", "coordinates": [-106.8078, 34.6975] }},
{"zip_code":"88901","country":"US","city":"The Lakes","state":"Nevada","state_ab":"NV","county":"Clark","geo_location":{ "type": "Point", "coordinates": [-114.8197, 36.3225] }},
{"zip_code":"89014","country":"US","city":"Henderson","state":"Nevada","state_ab":"NV","county":"Clark","geo_location":{ "type": "Point", "coordinates": [-115.078, 36.0564] }},
{"zip_code":"89027","country":"US","city":"Mesquite","state":"Nevada","state_ab":"NV","county":"Clark","geo_location":{ "type": "Point", "coordinates": [-114.1235, 36.8113] }},
{"zip_code":"89054","country":"US","city":"Sloan","state":"Nevada","state_ab":"NV","county":"Clark County","geo_location":{ "type": "Point", "coordinates": [-115.2058, 35.935] }},
{"zip_code":"89067","country":"US","city":"Moapa","state":"Nevada","state_ab":"NV","county":"Clark County","geo_location":{ "type": "Point", "coordinates": [-114.6656, 36.6591] }},
{"zip_code":"89081","country":"US","city":"North Las Vegas","state":"Nevada","state_ab":"NV","county":"Clark County","geo_location":{ "type": "Point", "coordinates": [-115.1068, 36.2583] }},
{"zip_code":"89104","country":"US","city":"Las Vegas","state":"Nevada","state_ab":"NV","county":"Clark","geo_location":{ "type": "Point", "coordinates": [-115.1092, 36.152] }},
{"zip_code":"89117","country":"US","city":"Las Vegas","state":"Nevada","state_ab":"NV","county":"Clark","geo_location":{ "type": "Point", "coordinates": [-115.2755, 36.1302] }},
{"zip_code":"89131","country":"US","city":"Las Vegas","state":"Nevada","state_ab":"NV","county":"Clark","geo_location":{ "type": "Point", "coordinates": [-115.2419, 36.2956] }},
{"zip_code":"89144","country":"US","city":"Las Vegas","state":"Nevada","state_ab":"NV","county":"Clark","geo_location":{ "type": "Point", "coordinates": [-115.3183, 36.1781] }},
{"zip_code":"89157","country":"US","city":"Las Vegas","state":"Nevada","state_ab":"NV","county":"Clark County","geo_location":{ "type": "Point", "coordinates": [-115.193, 36.1695] }},
{"zip_code":"89801","country":"US","city":"Elko","state":"Nevada","state_ab":"NV","county":"Elko","geo_location":{ "type": "Point", "coordinates": [-115.5344, 40.9056] }},
{"zip_code":"89414","country":"US","city":"Golconda","state":"Nevada","state_ab":"NV","county":"Humboldt","geo_location":{ "type": "Point", "coordinates": [-117.3349, 40.9683] }},
{"zip_code":"89001","country":"US","city":"Alamo","state":"Nevada","state_ab":"NV","county":"Lincoln","geo_location":{ "type": "Point", "coordinates": [-115.308, 37.3259] }},
{"zip_code":"89427","country":"US","city":"Schurz","state":"Nevada","state_ab":"NV","county":"Mineral","geo_location":{ "type": "Point", "coordinates": [-118.7756, 38.9575] }},
{"zip_code":"89041","country":"US","city":"Pahrump","state":"Nevada","state_ab":"NV","county":"Nye","geo_location":{ "type": "Point", "coordinates": [-116.0048, 36.6558] }},
{"zip_code":"89441","country":"US","city":"Sparks","state":"Nevada","state_ab":"NV","county":"Washoe County","geo_location":{ "type": "Point", "coordinates": [-119.6954, 39.6582] }},
{"zip_code":"89494","country":"US","city":"Sparks","state":"Nevada","state_ab":"NV","county":"Washoe County","geo_location":{ "type": "Point", "coordinates": [-119.7358, 39.5565] }}]}