{"value": [{"zip_code":"75486","country":"US","city":"Sumner","state":"Texas","state_ab":"TX","county":"Lamar","geo_location":{ "type": "Point", "coordinates": [-95.6807, 33.7589] }},
{"zip_code":"79369","country":"US","city":"Spade","state":"Texas","state_ab":"TX","county":"Lamb","geo_location":{ "type": "Point", "coordinates": [-102.1564, 33.9256] }},
{"zip_code":"76539","country":"US","city":"Kempner","state":"Texas","state_ab":"TX","county":"Lampasas","geo_location":{ "type": "Point", "coordinates": [-98.0099, 31.0887] }},
{"zip_code":"77853","country":"US","city":"Dime Box","state":"Texas","state_ab":"TX","county":"Lee","geo_location":{ "type": "Point", "coordinates": [-96.8248, 30.3579] }},
{"zip_code":"75833","country":"US","city":"Centerville","state":"Texas","state_ab":"TX","county":"Leon","geo_location":{ "type": "Point", "coordinates": [-95.9213, 31.272] }},
{"zip_code":"75846","country":"US","city":"Jewett","state":"Texas","state_ab":"TX","county":"Leon","geo_location":{ "type": "Point", "coordinates": [-96.1918, 31.3739] }},
{"zip_code":"79046","country":"US","city":"Higgins","state":"Texas","state_ab":"TX","county":"Lipscomb","geo_location":{ "type": "Point", "coordinates": [-100.0952, 36.1365] }},
{"zip_code":"78609","country":"US","city":"Buchanan Dam","state":"Texas","state_ab":"TX","county":"Llano","geo_location":{ "type": "Point", "coordinates": [-98.4295, 30.7538] }},
{"zip_code":"79329","country":"US","city":"Idalou","state":"Texas","state_ab":"TX","county":"Lubbock","geo_location":{ "type": "Point", "coordinates": [-101.6786, 33.6504] }},
{"zip_code":"79406","country":"US","city":"Lubbock","state":"Texas","state_ab":"TX","county":"Lubbock","geo_location":{ "type": "Point", "coordinates": [-101.8778, 33.5819] }},
{"zip_code":"79499","country":"US","city":"Lubbock","state":"Texas","state_ab":"TX","county":"Lubbock","geo_location":{ "type": "Point", "coordinates": [-101.8213, 33.61] }},
{"zip_code":"79383","country":"US","city":"New Home","state":"Texas","state_ab":"TX","county":"Lynn","geo_location":{ "type": "Point", "coordinates": [-101.9203, 33.3451] }},
{"zip_code":"76836","country":"US","city":"Doole","state":"Texas","state_ab":"TX","county":"McCulloch","geo_location":{ "type": "Point", "coordinates": [-99.3472, 31.2172] }},
{"zip_code":"76630","country":"US","city":"Bruceville","state":"Texas","state_ab":"TX","county":"McLennan","geo_location":{ "type": "Point", "coordinates": [-97.2342, 31.3267] }},
{"zip_code":"76643","country":"US","city":"Hewitt","state":"Texas","state_ab":"TX","county":"McLennan","geo_location":{ "type": "Point", "coordinates": [-97.1966, 31.4582] }},
{"zip_code":"76706","country":"US","city":"Waco","state":"Texas","state_ab":"TX","county":"McLennan","geo_location":{ "type": "Point", "coordinates": [-97.1198, 31.5171] }},
{"zip_code":"76799","country":"US","city":"Waco","state":"Texas","state_ab":"TX","county":"McLennan","geo_location":{ "type": "Point", "coordinates": [-97.1615, 31.5411] }},
{"zip_code":"79783","country":"US","city":"Tarzan","state":"Texas","state_ab":"TX","county":"Martin","geo_location":{ "type": "Point", "coordinates": [-101.9607, 32.3575] }},
{"zip_code":"77440","country":"US","city":"Elmaton","state":"Texas","state_ab":"TX","county":"Matagorda","geo_location":{ "type": "Point", "coordinates": [-96.1434, 28.876] }},
{"zip_code":"78016","country":"US","city":"Devine","state":"Texas","state_ab":"TX","county":"Medina","geo_location":{ "type": "Point", "coordinates": [-98.909, 29.1521] }},
{"zip_code":"78056","country":"US","city":"Mico","state":"Texas","state_ab":"TX","county":"Medina","geo_location":{ "type": "Point", "coordinates": [-98.8821, 29.591] }},
{"zip_code":"79703","country":"US","city":"Midland","state":"Texas","state_ab":"TX","county":"Midland","geo_location":{ "type": "Point", "coordinates": [-102.1369, 31.9721] }},
{"zip_code":"76230","country":"US","city":"Bowie","state":"Texas","state_ab":"TX","county":"Montague","geo_location":{ "type": "Point", "coordinates": [-97.8373, 33.5568] }},
{"zip_code":"76270","country":"US","city":"Sunset","state":"Texas","state_ab":"TX","county":"Montague","geo_location":{ "type": "Point", "coordinates": [-97.7709, 33.4539] }},
{"zip_code":"77286","country":"US","city":"Houston","state":"Texas","state_ab":"TX","county":"Montgomery County","geo_location":{ "type": "Point", "coordinates": [-95.3679, 29.6745] }},
{"zip_code":"79086","country":"US","city":"Sunray","state":"Texas","state_ab":"TX","county":"Moore","geo_location":{ "type": "Point", "coordinates": [-101.8123, 36.0097] }},
{"zip_code":"75963","country":"US","city":"Nacogdoches","state":"Texas","state_ab":"TX","county":"Nacogdoches","geo_location":{ "type": "Point", "coordinates": [-94.6641, 31.6046] }},
{"zip_code":"75109","country":"US","city":"Corsicana","state":"Texas","state_ab":"TX","county":"Navarro","geo_location":{ "type": "Point", "coordinates": [-96.4199, 31.9937] }},
{"zip_code":"75110","country":"US","city":"Corsicana","state":"Texas","state_ab":"TX","county":"Navarro","geo_location":{ "type": "Point", "coordinates": [-96.4762, 32.0868] }},
{"zip_code":"78339","country":"US","city":"Banquete","state":"Texas","state_ab":"TX","county":"Nueces","geo_location":{ "type": "Point", "coordinates": [-97.7922, 27.8051] }},
{"zip_code":"78380","country":"US","city":"Robstown","state":"Texas","state_ab":"TX","county":"Nueces","geo_location":{ "type": "Point", "coordinates": [-97.6995, 27.7984] }},
{"zip_code":"78403","country":"US","city":"Corpus Christi","state":"Texas","state_ab":"TX","county":"Nueces","geo_location":{ "type": "Point", "coordinates": [-97.4632, 27.777] }},
{"zip_code":"78416","country":"US","city":"Corpus Christi","state":"Texas","state_ab":"TX","county":"Nueces","geo_location":{ "type": "Point", "coordinates": [-97.4347, 27.7536] }},
{"zip_code":"78469","country":"US","city":"Corpus Christi","state":"Texas","state_ab":"TX","county":"Nueces","geo_location":{ "type": "Point", "coordinates": [-97.4632, 27.777] }},
{"zip_code":"78470","country":"US","city":"Corpus Christi","state":"Texas","state_ab":"TX","county":"Nueces","geo_location":{ "type": "Point", "coordinates": [-97.4632, 27.777] }},
{"zip_code":"79033","country":"US","city":"Farnsworth","state":"Texas","state_ab":"TX","county":"Ochiltree","geo_location":{ "type": "Point", "coordinates": [-100.9843, 36.2963] }},
{"zip_code":"76449","country":"US","city":"Graford","state":"Texas","state_ab":"TX","county":"Palo Pinto","geo_location":{ "type": "Point", "coordinates": [-98.337, 32.9242] }},
{"zip_code":"76463","country":"US","city":"Mingus","state":"Texas","state_ab":"TX","county":"Palo Pinto","geo_location":{ "type": "Point", "coordinates": [-98.4219, 32.5381] }},
{"zip_code":"75639","country":"US","city":"De Berry","state":"Texas","state_ab":"TX","county":"Panola","geo_location":{ "type": "Point", "coordinates": [-94.1356, 32.2543] }},
{"zip_code":"76490","country":"US","city":"Whitt","state":"Texas","state_ab":"TX","county":"Parker","geo_location":{ "type": "Point", "coordinates": [-98.021, 32.9555] }},
{"zip_code":"79730","country":"US","city":"Coyanosa","state":"Texas","state_ab":"TX","county":"Pecos","geo_location":{ "type": "Point", "coordinates": [-103.0538, 31.2295] }},
{"zip_code":"79743","country":"US","city":"Imperial","state":"Texas","state_ab":"TX","county":"Pecos","geo_location":{ "type": "Point", "coordinates": [-102.7109, 31.2373] }},
{"zip_code":"77350","country":"US","city":"Leggett","state":"Texas","state_ab":"TX","county":"Polk","geo_location":{ "type": "Point", "coordinates": [-94.8561, 30.8568] }},
{"zip_code":"79123","country":"US","city":"Amarillo","state":"Texas","state_ab":"TX","county":"Potter","geo_location":{ "type": "Point", "coordinates": [-101.8951, 35.4015] }},
{"zip_code":"79163","country":"US","city":"Amarillo","state":"Texas","state_ab":"TX","county":"Potter","geo_location":{ "type": "Point", "coordinates": [-101.8951, 35.4015] }},
{"zip_code":"79176","country":"US","city":"Amarillo","state":"Texas","state_ab":"TX","county":"Potter County","geo_location":{ "type": "Point", "coordinates": [-101.8165, 35.1885] }},
{"zip_code":"79189","country":"US","city":"Amarillo","state":"Texas","state_ab":"TX","county":"Potter","geo_location":{ "type": "Point", "coordinates": [-101.8951, 35.4015] }},
{"zip_code":"79846","country":"US","city":"Redford","state":"Texas","state_ab":"TX","county":"Presidio","geo_location":{ "type": "Point", "coordinates": [-104.0055, 29.4702] }},
{"zip_code":"79109","country":"US","city":"Amarillo","state":"Texas","state_ab":"TX","county":"Randall","geo_location":{ "type": "Point", "coordinates": [-101.8868, 35.1663] }},
{"zip_code":"79110","country":"US","city":"Amarillo","state":"Texas","state_ab":"TX","county":"Randall","geo_location":{ "type": "Point", "coordinates": [-101.8641, 35.1545] }},
{"zip_code":"75550","country":"US","city":"Annona","state":"Texas","state_ab":"TX","county":"Red River","geo_location":{ "type": "Point", "coordinates": [-94.8992, 33.5535] }},
{"zip_code":"79770","country":"US","city":"Orla","state":"Texas","state_ab":"TX","county":"Reeves","geo_location":{ "type": "Point", "coordinates": [-103.9297, 31.864] }},
{"zip_code":"78340","country":"US","city":"Bayside","state":"Texas","state_ab":"TX","county":"Refugio","geo_location":{ "type": "Point", "coordinates": [-97.2106, 28.0968] }},
{"zip_code":"78393","country":"US","city":"Woodsboro","state":"Texas","state_ab":"TX","county":"Refugio","geo_location":{ "type": "Point", "coordinates": [-97.3192, 28.2232] }},
{"zip_code":"79059","country":"US","city":"Miami","state":"Texas","state_ab":"TX","county":"Roberts","geo_location":{ "type": "Point", "coordinates": [-100.7027, 35.7193] }},
{"zip_code":"76629","country":"US","city":"Bremond","state":"Texas","state_ab":"TX","county":"Robertson","geo_location":{ "type": "Point", "coordinates": [-96.6697, 31.156] }},
{"zip_code":"75189","country":"US","city":"Royse City","state":"Texas","state_ab":"TX","county":"Rockwall","geo_location":{ "type": "Point", "coordinates": [-96.3648, 32.9628] }},
{"zip_code":"75653","country":"US","city":"Henderson","state":"Texas","state_ab":"TX","county":"Rusk","geo_location":{ "type": "Point", "coordinates": [-94.8845, 32.2047] }},
{"zip_code":"75666","country":"US","city":"Laird Hill","state":"Texas","state_ab":"TX","county":"Rusk","geo_location":{ "type": "Point", "coordinates": [-94.9288, 32.3019] }},
{"zip_code":"75680","country":"US","city":"Minden","state":"Texas","state_ab":"TX","county":"Rusk","geo_location":{ "type": "Point", "coordinates": [-94.7129, 32.0028] }},
{"zip_code":"79549","country":"US","city":"Snyder","state":"Texas","state_ab":"TX","county":"Scurry","geo_location":{ "type": "Point", "coordinates": [-100.9175, 32.7451] }},
{"zip_code":"79550","country":"US","city":"Snyder","state":"Texas","state_ab":"TX","county":"Scurry","geo_location":{ "type": "Point", "coordinates": [-100.9153, 32.7477] }},
{"zip_code":"75703","country":"US","city":"Tyler","state":"Texas","state_ab":"TX","county":"Smith","geo_location":{ "type": "Point", "coordinates": [-95.3031, 32.2768] }},
{"zip_code":"76010","country":"US","city":"Arlington","state":"Texas","state_ab":"TX","county":"Tarrant","geo_location":{ "type": "Point", "coordinates": [-97.0826, 32.7204] }},
{"zip_code":"76036","country":"US","city":"Crowley","state":"Texas","state_ab":"TX","county":"Tarrant","geo_location":{ "type": "Point", "coordinates": [-97.3703, 32.5814] }},
{"zip_code":"76063","country":"US","city":"Mansfield","state":"Texas","state_ab":"TX","county":"Tarrant","geo_location":{ "type": "Point", "coordinates": [-97.1416, 32.5773] }},
{"zip_code":"76113","country":"US","city":"Fort Worth","state":"Texas","state_ab":"TX","county":"Tarrant","geo_location":{ "type": "Point", "coordinates": [-97.2915, 32.7714] }},
{"zip_code":"76126","country":"US","city":"Fort Worth","state":"Texas","state_ab":"TX","county":"Tarrant","geo_location":{ "type": "Point", "coordinates": [-97.5448, 32.64] }},
{"zip_code":"76140","country":"US","city":"Fort Worth","state":"Texas","state_ab":"TX","county":"Tarrant","geo_location":{ "type": "Point", "coordinates": [-97.2735, 32.6192] }},
{"zip_code":"76166","country":"US","city":"Fort Worth","state":"Texas","state_ab":"TX","county":"Tarrant County","geo_location":{ "type": "Point", "coordinates": [-97.3362, 32.7539] }},
{"zip_code":"76179","country":"US","city":"Fort Worth","state":"Texas","state_ab":"TX","county":"Tarrant","geo_location":{ "type": "Point", "coordinates": [-97.4257, 32.9074] }},
{"zip_code":"76180","country":"US","city":"North Richland Hills","state":"Texas","state_ab":"TX","county":"Tarrant","geo_location":{ "type": "Point", "coordinates": [-97.225, 32.84] }},
{"zip_code":"76193","country":"US","city":"Fort Worth","state":"Texas","state_ab":"TX","county":"Tarrant","geo_location":{ "type": "Point", "coordinates": [-97.2915, 32.7714] }},
{"zip_code":"79536","country":"US","city":"Merkel","state":"Texas","state_ab":"TX","county":"Taylor","geo_location":{ "type": "Point", "coordinates": [-99.9924, 32.4444] }},
{"zip_code":"79563","country":"US","city":"Tye","state":"Texas","state_ab":"TX","county":"Taylor","geo_location":{ "type": "Point", "coordinates": [-99.8684, 32.4477] }},
{"zip_code":"79316","country":"US","city":"Brownfield","state":"Texas","state_ab":"TX","county":"Terry","geo_location":{ "type": "Point", "coordinates": [-102.2762, 33.1698] }},
{"zip_code":"76359","country":"US","city":"Elbert","state":"Texas","state_ab":"TX","county":"Throckmorton County","geo_location":{ "type": "Point", "coordinates": [-99.0552, 33.0157] }},
{"zip_code":"76939","country":"US","city":"Knickerbocker","state":"Texas","state_ab":"TX","county":"Tom Green","geo_location":{ "type": "Point", "coordinates": [-100.592, 31.2501] }},
{"zip_code":"76940","country":"US","city":"Mereta","state":"Texas","state_ab":"TX","county":"Tom Green","geo_location":{ "type": "Point", "coordinates": [-100.1349, 31.4518] }},
{"zip_code":"78713","country":"US","city":"Austin","state":"Texas","state_ab":"TX","county":"Travis","geo_location":{ "type": "Point", "coordinates": [-97.8433, 30.4686] }},
{"zip_code":"78726","country":"US","city":"Austin","state":"Texas","state_ab":"TX","county":"Travis","geo_location":{ "type": "Point", "coordinates": [-97.8326, 30.43] }},
{"zip_code":"78739","country":"US","city":"Austin","state":"Texas","state_ab":"TX","county":"Travis","geo_location":{ "type": "Point", "coordinates": [-97.8784, 30.172] }},
{"zip_code":"78753","country":"US","city":"Austin","state":"Texas","state_ab":"TX","county":"Travis","geo_location":{ "type": "Point", "coordinates": [-97.6827, 30.3649] }},
{"zip_code":"78766","country":"US","city":"Austin","state":"Texas","state_ab":"TX","county":"Travis","geo_location":{ "type": "Point", "coordinates": [-97.6233, 30.4422] }},
{"zip_code":"78779","country":"US","city":"Austin","state":"Texas","state_ab":"TX","county":"Travis","geo_location":{ "type": "Point", "coordinates": [-97.7713, 30.3264] }},
{"zip_code":"78780","country":"US","city":"Austin","state":"Texas","state_ab":"TX","county":"Travis","geo_location":{ "type": "Point", "coordinates": [-97.7713, 30.3264] }},
{"zip_code":"75936","country":"US","city":"Chester","state":"Texas","state_ab":"TX","county":"Tyler","geo_location":{ "type": "Point", "coordinates": [-94.5554, 30.9447] }},
{"zip_code":"75990","country":"US","city":"Woodville","state":"Texas","state_ab":"TX","county":"Tyler","geo_location":{ "type": "Point", "coordinates": [-94.3545, 30.7927] }},
{"zip_code":"77660","country":"US","city":"Spurger","state":"Texas","state_ab":"TX","county":"Tyler","geo_location":{ "type": "Point", "coordinates": [-94.1663, 30.6387] }},
{"zip_code":"75640","country":"US","city":"Diana","state":"Texas","state_ab":"TX","county":"Upshur","geo_location":{ "type": "Point", "coordinates": [-94.7032, 32.7698] }},
{"zip_code":"78870","country":"US","city":"Knippa","state":"Texas","state_ab":"TX","county":"Uvalde","geo_location":{ "type": "Point", "coordinates": [-99.6372, 29.2911] }},
{"zip_code":"78843","country":"US","city":"Laughlin A F B","state":"Texas","state_ab":"TX","county":"Val Verde","geo_location":{ "type": "Point", "coordinates": [-100.7927, 29.3564] }},
{"zip_code":"77903","country":"US","city":"Victoria","state":"Texas","state_ab":"TX","county":"Victoria","geo_location":{ "type": "Point", "coordinates": [-96.9741, 28.7949] }},
{"zip_code":"77349","country":"US","city":"Huntsville","state":"Texas","state_ab":"TX","county":"Walker","geo_location":{ "type": "Point", "coordinates": [-95.5953, 30.7813] }},
{"zip_code":"77466","country":"US","city":"Pattison","state":"Texas","state_ab":"TX","county":"Waller","geo_location":{ "type": "Point", "coordinates": [-96.0073, 29.8173] }},
{"zip_code":"79756","country":"US","city":"Monahans","state":"Texas","state_ab":"TX","county":"Ward","geo_location":{ "type": "Point", "coordinates": [-102.9003, 31.5813] }},
{"zip_code":"77426","country":"US","city":"Chappell Hill","state":"Texas","state_ab":"TX","county":"Washington","geo_location":{ "type": "Point", "coordinates": [-96.2347, 30.1833] }},
{"zip_code":"77880","country":"US","city":"Washington","state":"Texas","state_ab":"TX","county":"Washington","geo_location":{ "type": "Point", "coordinates": [-96.2249, 30.3182] }},
{"zip_code":"78043","country":"US","city":"Laredo","state":"Texas","state_ab":"TX","county":"Webb","geo_location":{ "type": "Point", "coordinates": [-99.2176, 27.5879] }},
{"zip_code":"77453","country":"US","city":"Lane City","state":"Texas","state_ab":"TX","county":"Wharton","geo_location":{ "type": "Point", "coordinates": [-96.0142, 29.1704] }},
{"zip_code":"76306","country":"US","city":"Wichita Falls","state":"Texas","state_ab":"TX","county":"Wichita","geo_location":{ "type": "Point", "coordinates": [-98.5145, 33.9519] }},
{"zip_code":"76360","country":"US","city":"Electra","state":"Texas","state_ab":"TX","county":"Wichita","geo_location":{ "type": "Point", "coordinates": [-98.9155, 34.0362] }},
{"zip_code":"76373","country":"US","city":"Oklaunion","state":"Texas","state_ab":"TX","county":"Wilbarger","geo_location":{ "type": "Point", "coordinates": [-99.107, 34.1456] }},
{"zip_code":"78160","country":"US","city":"Stockdale","state":"Texas","state_ab":"TX","county":"Wilson","geo_location":{ "type": "Point", "coordinates": [-97.9351, 29.2319] }},
{"zip_code":"76023","country":"US","city":"Boyd","state":"Texas","state_ab":"TX","county":"Wise","geo_location":{ "type": "Point", "coordinates": [-97.5868, 33.0594] }},
{"zip_code":"75783","country":"US","city":"Quitman","state":"Texas","state_ab":"TX","county":"Wood","geo_location":{ "type": "Point", "coordinates": [-95.4302, 32.8049] }},
{"zip_code":"76450","country":"US","city":"Graham","state":"Texas","state_ab":"TX","county":"Young","geo_location":{ "type": "Point", "coordinates": [-98.5832, 33.0993] }},
{"zip_code":"78829","country":"US","city":"Batesville","state":"Texas","state_ab":"TX","county":"Zavala","geo_location":{ "type": "Point", "coordinates": [-99.6115, 28.9286] }},
{"zip_code":"84316","country":"US","city":"Howell","state":"Utah","state_ab":"UT","county":"Box Elder","geo_location":{ "type": "Point", "coordinates": [-112.3968, 41.7733] }},
{"zip_code":"84329","country":"US","city":"Park Valley","state":"Utah","state_ab":"UT","county":"Box Elder","geo_location":{ "type": "Point", "coordinates": [-113.3478, 41.8551] }},
{"zip_code":"84330","country":"US","city":"Plymouth","state":"Utah","state_ab":"UT","county":"Box Elder","geo_location":{ "type": "Point", "coordinates": [-112.1388, 41.8831] }},
{"zip_code":"84046","country":"US","city":"Manila","state":"Utah","state_ab":"UT","county":"Daggett","geo_location":{ "type": "Point", "coordinates": [-109.7235, 40.9685] }},
{"zip_code":"84073","country":"US","city":"Talmage","state":"Utah","state_ab":"UT","county":"Duchesne","geo_location":{ "type": "Point", "coordinates": [-110.436, 40.3207] }},
{"zip_code":"84523","country":"US","city":"Ferron","state":"Utah","state_ab":"UT","county":"Emery","geo_location":{ "type": "Point", "coordinates": [-111.1467, 39.0692] }},
{"zip_code":"84716","country":"US","city":"Boulder","state":"Utah","state_ab":"UT","county":"Garfield","geo_location":{ "type": "Point", "coordinates": [-111.4266, 37.9166] }},
{"zip_code":"84756","country":"US","city":"Newcastle","state":"Utah","state_ab":"UT","county":"Iron","geo_location":{ "type": "Point", "coordinates": [-113.6272, 37.6924] }},
{"zip_code":"84639","country":"US","city":"Levan","state":"Utah","state_ab":"UT","county":"Juab","geo_location":{ "type": "Point", "coordinates": [-111.9438, 39.5215] }},
{"zip_code":"84729","country":"US","city":"Glendale","state":"Utah","state_ab":"UT","county":"Kane","geo_location":{ "type": "Point", "coordinates": [-112.6035, 37.3219] }},
{"zip_code":"84640","country":"US","city":"Lynndyl","state":"Utah","state_ab":"UT","county":"Millard","geo_location":{ "type": "Point", "coordinates": [-112.3979, 39.4943] }},
{"zip_code":"84743","country":"US","city":"Kingston","state":"Utah","state_ab":"UT","county":"Piute","geo_location":{ "type": "Point", "coordinates": [-112.2049, 38.2158] }},
{"zip_code":"84086","country":"US","city":"Woodruff","state":"Utah","state_ab":"UT","county":"Rich","geo_location":{ "type": "Point", "coordinates": [-111.1868, 41.4888] }},
{"zip_code":"84006","country":"US","city":"Bingham Canyon","state":"Utah","state_ab":"UT","county":"Salt Lake","geo_location":{ "type": "Point", "coordinates": [-112.0977, 40.5646] }},
{"zip_code":"84020","country":"US","city":"Draper","state":"Utah","state_ab":"UT","county":"Salt Lake","geo_location":{ "type": "Point", "coordinates": [-111.881, 40.5046] }},
{"zip_code":"84109","country":"US","city":"Salt Lake City","state":"Utah","state_ab":"UT","county":"Salt Lake","geo_location":{ "type": "Point", "coordinates": [-111.8142, 40.7043] }},
{"zip_code":"84110","country":"US","city":"Salt Lake City","state":"Utah","state_ab":"UT","county":"Salt Lake","geo_location":{ "type": "Point", "coordinates": [-111.9083, 40.6681] }},
{"zip_code":"84123","country":"US","city":"Salt Lake City","state":"Utah","state_ab":"UT","county":"Salt Lake","geo_location":{ "type": "Point", "coordinates": [-111.9193, 40.6596] }},
{"zip_code":"84136","country":"US","city":"Salt Lake City","state":"Utah","state_ab":"UT","county":"Salt Lake","geo_location":{ "type": "Point", "coordinates": [-111.8879, 40.7685] }},
{"zip_code":"84150","country":"US","city":"Salt Lake City","state":"Utah","state_ab":"UT","county":"Salt Lake","geo_location":{ "type": "Point", "coordinates": [-111.9083, 40.6681] }},
{"zip_code":"84189","country":"US","city":"Salt Lake City","state":"Utah","state_ab":"UT","county":"Salt Lake","geo_location":{ "type": "Point", "coordinates": [-111.9083, 40.6681] }},
{"zip_code":"84190","country":"US","city":"Salt Lake City","state":"Utah","state_ab":"UT","county":"Salt Lake","geo_location":{ "type": "Point", "coordinates": [-111.9083, 40.6681] }},
{"zip_code":"84510","country":"US","city":"Aneth","state":"Utah","state_ab":"UT","county":"San Juan","geo_location":{ "type": "Point", "coordinates": [-110.2269, 37.7489] }},
{"zip_code":"84536","country":"US","city":"Monument Valley","state":"Utah","state_ab":"UT","county":"San Juan","geo_location":{ "type": "Point", "coordinates": [-110.4273, 37.0614] }},
{"zip_code":"84730","country":"US","city":"Glenwood","state":"Utah","state_ab":"UT","county":"Sevier","geo_location":{ "type": "Point", "coordinates": [-111.9628, 38.7667] }},
{"zip_code":"84033","country":"US","city":"Henefer","state":"Utah","state_ab":"UT","county":"Summit","geo_location":{ "type": "Point", "coordinates": [-111.5011, 41.0186] }},
{"zip_code":"84060","country":"US","city":"Park City","state":"Utah","state_ab":"UT","county":"Summit","geo_location":{ "type": "Point", "coordinates": [-111.5018, 40.6524] }},
{"zip_code":"84059","country":"US","city":"Orem","state":"Utah","state_ab":"UT","county":"Utah","geo_location":{ "type": "Point", "coordinates": [-111.536, 40.177] }},
{"zip_code":"84626","country":"US","city":"Elberta","state":"Utah","state_ab":"UT","county":"Utah","geo_location":{ "type": "Point", "coordinates": [-111.536, 40.177] }},
{"zip_code":"84653","country":"US","city":"Salem","state":"Utah","state_ab":"UT","county":"Utah","geo_location":{ "type": "Point", "coordinates": [-111.5998, 40.0113] }},
{"zip_code":"84770","country":"US","city":"Saint George","state":"Utah","state_ab":"UT","county":"Washington","geo_location":{ "type": "Point", "coordinates": [-113.3554, 37.3068] }},
{"zip_code":"84783","country":"US","city":"Dammeron Valley","state":"Utah","state_ab":"UT","county":"Washington","geo_location":{ "type": "Point", "coordinates": [-113.6586, 37.2849] }},
{"zip_code":"23306","country":"US","city":"Belle Haven","state":"Virginia","state_ab":"VA","county":"Accomack","geo_location":{ "type": "Point", "coordinates": [-75.8694, 37.5645] }},
{"zip_code":"23359","country":"US","city":"Hallwood","state":"Virginia","state_ab":"VA","county":"Accomack","geo_location":{ "type": "Point", "coordinates": [-75.6041, 37.8837] }},
{"zip_code":"23399","country":"US","city":"Jenkins Bridge","state":"Virginia","state_ab":"VA","county":"Accomack","geo_location":{ "type": "Point", "coordinates": [-75.6168, 37.9162] }},
{"zip_code":"23409","country":"US","city":"Mears","state":"Virginia","state_ab":"VA","county":"Accomack","geo_location":{ "type": "Point", "coordinates": [-75.6354, 37.8692] }},
{"zip_code":"23410","country":"US","city":"Melfa","state":"Virginia","state_ab":"VA","county":"Accomack","geo_location":{ "type": "Point", "coordinates": [-75.7454, 37.6407] }},
{"zip_code":"23423","country":"US","city":"Quinby","state":"Virginia","state_ab":"VA","county":"Accomack","geo_location":{ "type": "Point", "coordinates": [-75.7412, 37.5423] }},
{"zip_code":"22909","country":"US","city":"Charlottesville","state":"Virginia","state_ab":"VA","county":"Albemarle","geo_location":{ "type": "Point", "coordinates": [-78.4482, 38.0245] }},
{"zip_code":"22936","country":"US","city":"Earlysville","state":"Virginia","state_ab":"VA","county":"Albemarle","geo_location":{ "type": "Point", "coordinates": [-78.4919, 38.1578] }},
{"zip_code":"23939","country":"US","city":"Evergreen","state":"Virginia","state_ab":"VA","county":"Appomattox","geo_location":{ "type": "Point", "coordinates": [-78.8065, 37.3772] }},
{"zip_code":"22213","country":"US","city":"Arlington","state":"Virginia","state_ab":"VA","county":"Arlington","geo_location":{ "type": "Point", "coordinates": [-77.1633, 38.8954] }},
{"zip_code":"22226","country":"US","city":"Arlington","state":"Virginia","state_ab":"VA","county":"Arlington","geo_location":{ "type": "Point", "coordinates": [-77.1028, 38.8834] }},
{"zip_code":"22240","country":"US","city":"Arlington","state":"Virginia","state_ab":"VA","county":"Arlington","geo_location":{ "type": "Point", "coordinates": [-77.0518, 38.8566] }},
{"zip_code":"24440","country":"US","city":"Greenville","state":"Virginia","state_ab":"VA","county":"Augusta","geo_location":{ "type": "Point", "coordinates": [-79.1359, 38.0018] }},
{"zip_code":"24479","country":"US","city":"Swoope","state":"Virginia","state_ab":"VA","county":"Augusta","geo_location":{ "type": "Point", "coordinates": [-79.1873, 38.1591] }},
{"zip_code":"22549","country":"US","city":"Shiloh","state":"Virginia","state_ab":"VA","county":"Bath County","geo_location":{ "type": "Point", "coordinates": [-77.1112, 38.2213] }},
{"zip_code":"24556","country":"US","city":"Goode","state":"Virginia","state_ab":"VA","county":"Bedford","geo_location":{ "type": "Point", "coordinates": [-79.4039, 37.3755] }},
{"zip_code":"24570","country":"US","city":"Lowry","state":"Virginia","state_ab":"VA","county":"Bedford","geo_location":{ "type": "Point", "coordinates": [-79.4271, 37.3484] }},
{"zip_code":"24066","country":"US","city":"Buchanan","state":"Virginia","state_ab":"VA","county":"Botetourt","geo_location":{ "type": "Point", "coordinates": [-79.7123, 37.5479] }},
{"zip_code":"24130","country":"US","city":"Oriskany","state":"Virginia","state_ab":"VA","county":"Botetourt","geo_location":{ "type": "Point", "coordinates": [-79.7862, 37.5551] }},
{"zip_code":"23876","country":"US","city":"Rawlings","state":"Virginia","state_ab":"VA","county":"Brunswick","geo_location":{ "type": "Point", "coordinates": [-77.8237, 36.953] }},
{"zip_code":"23889","country":"US","city":"Warfield","state":"Virginia","state_ab":"VA","county":"Brunswick","geo_location":{ "type": "Point", "coordinates": [-77.7673, 36.9011] }},
{"zip_code":"24620","country":"US","city":"Hurley","state":"Virginia","state_ab":"VA","county":"Buchanan","geo_location":{ "type": "Point", "coordinates": [-82.0262, 37.4017] }},
{"zip_code":"24646","country":"US","city":"Rowe","state":"Virginia","state_ab":"VA","county":"Buchanan","geo_location":{ "type": "Point", "coordinates": [-82.0274, 37.1276] }},
{"zip_code":"24569","country":"US","city":"Long Island","state":"Virginia","state_ab":"VA","county":"Campbell","geo_location":{ "type": "Point", "coordinates": [-79.1219, 37.0644] }},
{"zip_code":"22446","country":"US","city":"Corbin","state":"Virginia","state_ab":"VA","county":"Caroline","geo_location":{ "type": "Point", "coordinates": [-77.4082, 38.1718] }},
{"zip_code":"23113","country":"US","city":"Midlothian","state":"Virginia","state_ab":"VA","county":"Chesterfield","geo_location":{ "type": "Point", "coordinates": [-77.6429, 37.5109] }},
{"zip_code":"23836","country":"US","city":"Chester","state":"Virginia","state_ab":"VA","county":"Chesterfield","geo_location":{ "type": "Point", "coordinates": [-77.3386, 37.3475] }},
{"zip_code":"22729","country":"US","city":"Mitchells","state":"Virginia","state_ab":"VA","county":"Culpeper","geo_location":{ "type": "Point", "coordinates": [-78.0105, 38.3744] }},
{"zip_code":"24220","country":"US","city":"Birchleaf","state":"Virginia","state_ab":"VA","county":"Dickenson","geo_location":{ "type": "Point", "coordinates": [-82.2433, 37.1394] }},
{"zip_code":"23850","country":"US","city":"Ford","state":"Virginia","state_ab":"VA","county":"Dinwiddie","geo_location":{ "type": "Point", "coordinates": [-77.7364, 37.1349] }},
{"zip_code":"22509","country":"US","city":"Loretto","state":"Virginia","state_ab":"VA","county":"Essex","geo_location":{ "type": "Point", "coordinates": [-77.0485, 38.0789] }},
{"zip_code":"20170","country":"US","city":"Herndon","state":"Virginia","state_ab":"VA","county":"Fairfax","geo_location":{ "type": "Point", "coordinates": [-77.3675, 38.9839] }},
{"zip_code":"20196","country":"US","city":"Reston","state":"Virginia","state_ab":"VA","county":"Fairfax","geo_location":{ "type": "Point", "coordinates": [-77.2888, 38.8318] }},
{"zip_code":"22020","country":"US","city":"Centreville","state":"Virginia","state_ab":"VA","county":"Fairfax County","geo_location":{ "type": "Point", "coordinates": [-77.448, 38.8406] }},
{"zip_code":"22033","country":"US","city":"Fairfax","state":"Virginia","state_ab":"VA","county":"Fairfax","geo_location":{ "type": "Point", "coordinates": [-77.3885, 38.8776] }},
{"zip_code":"22060","country":"US","city":"Fort Belvoir","state":"Virginia","state_ab":"VA","county":"Fairfax","geo_location":{ "type": "Point", "coordinates": [-77.1433, 38.6947] }},
{"zip_code":"22109","country":"US","city":"Mc Lean","state":"Virginia","state_ab":"VA","county":"Fairfax","geo_location":{ "type": "Point", "coordinates": [-77.229, 38.9202] }},
{"zip_code":"22150","country":"US","city":"Springfield","state":"Virginia","state_ab":"VA","county":"Fairfax","geo_location":{ "type": "Point", "coordinates": [-77.1866, 38.7797] }},
{"zip_code":"22303","country":"US","city":"Alexandria","state":"Virginia","state_ab":"VA","county":"Fairfax","geo_location":{ "type": "Point", "coordinates": [-77.0814, 38.7912] }},
{"zip_code":"20116","country":"US","city":"Marshall","state":"Virginia","state_ab":"VA","county":"Fauquier","geo_location":{ "type": "Point", "coordinates": [-77.8601, 38.8537] }},
{"zip_code":"20130","country":"US","city":"Paris","state":"Virginia","state_ab":"VA","county":"Fauquier","geo_location":{ "type": "Point", "coordinates": [-77.9546, 39.0048] }},
{"zip_code":"22019","country":"US","city":"Catlett","state":"Virginia","state_ab":"VA","county":"Fauquier County","geo_location":{ "type": "Point", "coordinates": [-77.6506, 38.6352] }},
{"zip_code":"22176","country":"US","city":"Upperville","state":"Virginia","state_ab":"VA","county":"Fauquier County","geo_location":{ "type": "Point", "coordinates": [-77.8531, 39.0065] }},
{"zip_code":"22639","country":"US","city":"Hume","state":"Virginia","state_ab":"VA","county":"Fauquier","geo_location":{ "type": "Point", "coordinates": [-77.9949, 38.8273] }},
{"zip_code":"24079","country":"US","city":"Copper Hill","state":"Virginia","state_ab":"VA","county":"Floyd","geo_location":{ "type": "Point", "coordinates": [-80.1525, 37.0556] }},
{"zip_code":"22963","country":"US","city":"Palmyra","state":"Virginia","state_ab":"VA","county":"Fluvanna","geo_location":{ "type": "Point", "coordinates": [-78.3386, 37.8931] }},
{"zip_code":"24093","country":"US","city":"Glen Lyn","state":"Virginia","state_ab":"VA","county":"Giles","geo_location":{ "type": "Point", "coordinates": [-80.8634, 37.3669] }},
{"zip_code":"23050","country":"US","city":"Dutton","state":"Virginia","state_ab":"VA","county":"Gloucester","geo_location":{ "type": "Point", "coordinates": [-76.454, 37.5001] }},
{"zip_code":"23063","country":"US","city":"Goochland","state":"Virginia","state_ab":"VA","county":"Goochland","geo_location":{ "type": "Point", "coordinates": [-78.0112, 37.7688] }},
{"zip_code":"23153","country":"US","city":"Sandy Hook","state":"Virginia","state_ab":"VA","county":"Goochland","geo_location":{ "type": "Point", "coordinates": [-77.9405, 37.7799] }},
{"zip_code":"24363","country":"US","city":"Mouth Of Wilson","state":"Virginia","state_ab":"VA","county":"Grayson","geo_location":{ "type": "Point", "coordinates": [-81.3955, 36.6104] }},
{"zip_code":"24596","country":"US","city":"Turbeville","state":"Virginia","state_ab":"VA","county":"Halifax County","geo_location":{ "type": "Point", "coordinates": [-78.9221, 36.7717] }},
{"zip_code":"23229","country":"US","city":"Richmond","state":"Virginia","state_ab":"VA","county":"Henrico","geo_location":{ "type": "Point", "coordinates": [-77.5704, 37.5957] }},
{"zip_code":"23230","country":"US","city":"Richmond","state":"Virginia","state_ab":"VA","county":"Henrico","geo_location":{ "type": "Point", "coordinates": [-77.4952, 37.5921] }},
{"zip_code":"24413","country":"US","city":"Blue Grass","state":"Virginia","state_ab":"VA","county":"Highland","geo_location":{ "type": "Point", "coordinates": [-79.5613, 38.5152] }},
{"zip_code":"23023","country":"US","city":"Bruington","state":"Virginia","state_ab":"VA","county":"King and Queen","geo_location":{ "type": "Point", "coordinates": [-76.9402, 37.7801] }},
{"zip_code":"23126","country":"US","city":"Newtown","state":"Virginia","state_ab":"VA","county":"King and Queen","geo_location":{ "type": "Point", "coordinates": [-77.1449, 37.9226] }},
{"zip_code":"23216","country":"US","city":"Richmond","state":"Virginia","state_ab":"VA","county":"King and Queen County","geo_location":{ "type": "Point", "coordinates": [-77.4471, 37.5593] }},
{"zip_code":"23009","country":"US","city":"Aylett","state":"Virginia","state_ab":"VA","county":"King William","geo_location":{ "type": "Point", "coordinates": [-77.1885, 37.8221] }},
{"zip_code":"22523","country":"US","city":"Morattico","state":"Virginia","state_ab":"VA","county":"Lancaster","geo_location":{ "type": "Point", "coordinates": [-76.6093, 37.7928] }},
{"zip_code":"22576","country":"US","city":"Weems","state":"Virginia","state_ab":"VA","county":"Lancaster","geo_location":{ "type": "Point", "coordinates": [-76.4313, 37.6847] }},
{"zip_code":"20103","country":"US","city":"Dulles","state":"Virginia","state_ab":"VA","county":"Loudoun","geo_location":{ "type": "Point", "coordinates": [-77.45, 38.9962] }},
{"zip_code":"20129","country":"US","city":"Paeonian Springs","state":"Virginia","state_ab":"VA","county":"Loudoun","geo_location":{ "type": "Point", "coordinates": [-77.6097, 39.1603] }},
{"zip_code":"22190","country":"US","city":"Waterford","state":"Virginia","state_ab":"VA","county":"Loudoun County","geo_location":{ "type": "Point", "coordinates": [-77.6197, 39.1999] }},
{"zip_code":"22730","country":"US","city":"Oakpark","state":"Virginia","state_ab":"VA","county":"Madison","geo_location":{ "type": "Point", "coordinates": [-78.1628, 38.3674] }},
{"zip_code":"22743","country":"US","city":"Syria","state":"Virginia","state_ab":"VA","county":"Madison","geo_location":{ "type": "Point", "coordinates": [-78.3229, 38.4972] }},
{"zip_code":"22989","country":"US","city":"Woodberry Forest","state":"Virginia","state_ab":"VA","county":"Madison","geo_location":{ "type": "Point", "coordinates": [-78.1225, 38.2912] }},
{"zip_code":"23076","country":"US","city":"Hudgins","state":"Virginia","state_ab":"VA","county":"Mathews","geo_location":{ "type": "Point", "coordinates": [-76.3089, 37.4766] }},
{"zip_code":"24529","country":"US","city":"Buffalo Junction","state":"Virginia","state_ab":"VA","county":"Mecklenburg","geo_location":{ "type": "Point", "coordinates": [-78.6093, 36.6168] }},
{"zip_code":"23179","country":"US","city":"Warner","state":"Virginia","state_ab":"VA","county":"Middlesex County","geo_location":{ "type": "Point", "coordinates": [-76.6469, 37.6514] }},
{"zip_code":"23180","country":"US","city":"Water View","state":"Virginia","state_ab":"VA","county":"Middlesex","geo_location":{ "type": "Point", "coordinates": [-76.6227, 37.7105] }},
{"zip_code":"22949","country":"US","city":"Lovingston","state":"Virginia","state_ab":"VA","county":"Nelson","geo_location":{ "type": "Point", "coordinates": [-78.8684, 37.7924] }},
{"zip_code":"22976","country":"US","city":"Tyro","state":"Virginia","state_ab":"VA","county":"Nelson","geo_location":{ "type": "Point", "coordinates": [-79.0693, 37.8391] }},
{"zip_code":"23089","country":"US","city":"Lanexa","state":"Virginia","state_ab":"VA","county":"New Kent","geo_location":{ "type": "Point", "coordinates": [-76.9027, 37.4194] }},
{"zip_code":"23140","country":"US","city":"Providence Forge","state":"Virginia","state_ab":"VA","county":"New Kent","geo_location":{ "type": "Point", "coordinates": [-77.0711, 37.4259] }},
{"zip_code":"22473","country":"US","city":"Heathsville","state":"Virginia","state_ab":"VA","county":"Northumberland","geo_location":{ "type": "Point", "coordinates": [-76.4178, 37.9072] }},
{"zip_code":"22433","country":"US","city":"Burr Hill","state":"Virginia","state_ab":"VA","county":"Orange","geo_location":{ "type": "Point", "coordinates": [-77.8719, 38.3446] }},
{"zip_code":"22923","country":"US","city":"Barboursville","state":"Virginia","state_ab":"VA","county":"Orange","geo_location":{ "type": "Point", "coordinates": [-78.3098, 38.2095] }},
{"zip_code":"24053","country":"US","city":"Ararat","state":"Virginia","state_ab":"VA","county":"Patrick","geo_location":{ "type": "Point", "coordinates": [-80.5093, 36.6139] }},
{"zip_code":"24530","country":"US","city":"Callands","state":"Virginia","state_ab":"VA","county":"Pittsylvania","geo_location":{ "type": "Point", "coordinates": [-79.6288, 36.7647] }},
{"zip_code":"23139","country":"US","city":"Powhatan","state":"Virginia","state_ab":"VA","county":"Powhatan","geo_location":{ "type": "Point", "coordinates": [-77.8798, 37.5564] }},
{"zip_code":"23966","country":"US","city":"Rice","state":"Virginia","state_ab":"VA","county":"Prince Edward","geo_location":{ "type": "Point", "coordinates": [-78.2793, 37.2721] }},
{"zip_code":"20143","country":"US","city":"Catharpin","state":"Virginia","state_ab":"VA","county":"Prince William","geo_location":{ "type": "Point", "coordinates": [-77.5669, 38.8455] }},
{"zip_code":"20156","country":"US","city":"Gainesville","state":"Virginia","state_ab":"VA","county":"Prince William","geo_location":{ "type": "Point", "coordinates": [-77.4669, 38.7219] }},
{"zip_code":"20169","country":"US","city":"Haymarket","state":"Virginia","state_ab":"VA","county":"Prince William","geo_location":{ "type": "Point", "coordinates": [-77.6445, 38.8674] }},
{"zip_code":"22123","country":"US","city":"Nokesville","state":"Virginia","state_ab":"VA","county":"Prince William County","geo_location":{ "type": "Point", "coordinates": [-77.5611, 38.6919] }},
{"zip_code":"24129","country":"US","city":"New River","state":"Virginia","state_ab":"VA","county":"Pulaski","geo_location":{ "type": "Point", "coordinates": [-80.6081, 37.0964] }},
{"zip_code":"22640","country":"US","city":"Huntly","state":"Virginia","state_ab":"VA","county":"Rappahannock","geo_location":{ "type": "Point", "coordinates": [-78.1165, 38.8129] }},
{"zip_code":"22716","country":"US","city":"Castleton","state":"Virginia","state_ab":"VA","county":"Rappahannock","geo_location":{ "type": "Point", "coordinates": [-78.1208, 38.6032] }},
{"zip_code":"22460","country":"US","city":"Farnham","state":"Virginia","state_ab":"VA","county":"Richmond","geo_location":{ "type": "Point", "coordinates": [-76.605, 37.874] }},
{"zip_code":"24439","country":"US","city":"Goshen","state":"Virginia","state_ab":"VA","county":"Rockbridge","geo_location":{ "type": "Point", "coordinates": [-79.4773, 37.9878] }},
{"zip_code":"22820","country":"US","city":"Criders","state":"Virginia","state_ab":"VA","county":"Rockingham","geo_location":{ "type": "Point", "coordinates": [-78.9974, 38.7497] }},
{"zip_code":"22833","country":"US","city":"Lacey Spring","state":"Virginia","state_ab":"VA","county":"Rockingham","geo_location":{ "type": "Point", "coordinates": [-78.8552, 38.5284] }},
{"zip_code":"22846","country":"US","city":"Penn Laird","state":"Virginia","state_ab":"VA","county":"Rockingham","geo_location":{ "type": "Point", "coordinates": [-78.7795, 38.375] }},
{"zip_code":"24260","country":"US","city":"Honaker","state":"Virginia","state_ab":"VA","county":"Russell","geo_location":{ "type": "Point", "coordinates": [-82.0246, 37.0395] }},
{"zip_code":"22626","country":"US","city":"Fishers Hill","state":"Virginia","state_ab":"VA","county":"Shenandoah","geo_location":{ "type": "Point", "coordinates": [-78.4038, 38.9834] }},
{"zip_code":"22406","country":"US","city":"Fredericksburg","state":"Virginia","state_ab":"VA","county":"Stafford","geo_location":{ "type": "Point", "coordinates": [-77.5349, 38.3796] }},
{"zip_code":"23890","country":"US","city":"Waverly","state":"Virginia","state_ab":"VA","county":"Sussex","geo_location":{ "type": "Point", "coordinates": [-77.1055, 37.025] }},
{"zip_code":"24606","country":"US","city":"Boissevain","state":"Virginia","state_ab":"VA","county":"Tazewell","geo_location":{ "type": "Point", "coordinates": [-81.5634, 37.1355] }},
{"zip_code":"24619","country":"US","city":"Horsepen","state":"Virginia","state_ab":"VA","county":"Tazewell","geo_location":{ "type": "Point", "coordinates": [-81.5634, 37.1355] }},
{"zip_code":"24219","country":"US","city":"Big Stone Gap","state":"Virginia","state_ab":"VA","county":"Wise","geo_location":{ "type": "Point", "coordinates": [-82.7627, 36.8581] }},
{"zip_code":"24246","country":"US","city":"East Stone Gap","state":"Virginia","state_ab":"VA","county":"Wise","geo_location":{ "type": "Point", "coordinates": [-82.7375, 36.8644] }},
{"zip_code":"24323","country":"US","city":"Crockett","state":"Virginia","state_ab":"VA","county":"Wythe","geo_location":{ "type": "Point", "coordinates": [-81.2089, 36.8768] }},
{"zip_code":"24350","country":"US","city":"Ivanhoe","state":"Virginia","state_ab":"VA","county":"Wythe","geo_location":{ "type": "Point", "coordinates": [-80.9779, 36.8272] }},
{"zip_code":"23090","country":"US","city":"Lightfoot","state":"Virginia","state_ab":"VA","county":"York","geo_location":{ "type": "Point", "coordinates": [-76.4456, 37.2359] }},
{"zip_code":"23696","country":"US","city":"Seaford","state":"Virginia","state_ab":"VA","county":"York","geo_location":{ "type": "Point", "coordinates": [-76.429, 37.1885] }},
{"zip_code":"22910","country":"US","city":"Charlottesville","state":"Virginia","state_ab":"VA","county":"Charlottesville (city)","geo_location":{ "type": "Point", "coordinates": [-78.4851, 38.0401] }},
{"zip_code":"23320","country":"US","city":"Chesapeake","state":"Virginia","state_ab":"VA","county":"Chesapeake (city)","geo_location":{ "type": "Point", "coordinates": [-76.2384, 36.7352] }},
{"zip_code":"24426","country":"US","city":"Covington","state":"Virginia","state_ab":"VA","county":"Covington (city)","geo_location":{ "type": "Point", "coordinates": [-79.987, 37.7802] }},
{"zip_code":"24543","country":"US","city":"Danville","state":"Virginia","state_ab":"VA","county":"Danville (city)","geo_location":{ "type": "Point", "coordinates": [-79.411, 36.5927] }},
{"zip_code":"22046","country":"US","city":"Falls Church","state":"Virginia","state_ab":"VA","county":"Falls Church (city)","geo_location":{ "type": "Point", "coordinates": [-77.1802, 38.8856] }},
{"zip_code":"23630","country":"US","city":"Hampton","state":"Virginia","state_ab":"VA","county":"Hampton (city)","geo_location":{ "type": "Point", "coordinates": [-76.3899, 37.0727] }},
{"zip_code":"23669","country":"US","city":"Hampton","state":"Virginia","state_ab":"VA","county":"Hampton (city)","geo_location":{ "type": "Point", "coordinates": [-76.3426, 37.0436] }},
{"zip_code":"23670","country":"US","city":"Hampton","state":"Virginia","state_ab":"VA","county":"Hampton (city)","geo_location":{ "type": "Point", "coordinates": [-76.3899, 37.0727] }},
{"zip_code":"24503","country":"US","city":"Lynchburg","state":"Virginia","state_ab":"VA","county":"Lynchburg (city)","geo_location":{ "type": "Point", "coordinates": [-79.205, 37.4376] }},
{"zip_code":"22110","country":"US","city":"Manassas","state":"Virginia","state_ab":"VA","county":"City of Manassas","geo_location":{ "type": "Point", "coordinates": [-77.4901, 38.7678] }},
{"zip_code":"23603","country":"US","city":"Newport News","state":"Virginia","state_ab":"VA","county":"Newport News (city)","geo_location":{ "type": "Point", "coordinates": [-76.5821, 37.1989] }},
{"zip_code":"23500","country":"US","city":"Norfolk","state":"Virginia","state_ab":"VA","county":"City of Norfolk","geo_location":{ "type": "Point", "coordinates": [-76.2855, 36.8466] }},
{"zip_code":"23513","country":"US","city":"Norfolk","state":"Virginia","state_ab":"VA","county":"Norfolk (city)","geo_location":{ "type": "Point", "coordinates": [-76.2396, 36.8914] }},
{"zip_code":"24273","country":"US","city":"Norton","state":"Virginia","state_ab":"VA","county":"Norton (city)","geo_location":{ "type": "Point", "coordinates": [-82.6249, 36.9378] }},
{"zip_code":"24143","country":"US","city":"Radford","state":"Virginia","state_ab":"VA","county":"Radford (city)","geo_location":{ "type": "Point", "coordinates": [-80.5629, 37.1226] }},
{"zip_code":"23203","country":"US","city":"Richmond","state":"Virginia","state_ab":"VA","county":"City of Richmond","geo_location":{ "type": "Point", "coordinates": [-77.4471, 37.5593] }},
{"zip_code":"23269","country":"US","city":"Richmond","state":"Virginia","state_ab":"VA","county":"Richmond (city)","geo_location":{ "type": "Point", "coordinates": [-77.4932, 37.5242] }},
{"zip_code":"23270","country":"US","city":"Richmond","state":"Virginia","state_ab":"VA","county":"Richmond (city)","geo_location":{ "type": "Point", "coordinates": [-77.4932, 37.5242] }},
{"zip_code":"24000","country":"US","city":"Roanoke","state":"Virginia","state_ab":"VA","county":"City of Roanoke","geo_location":{ "type": "Point", "coordinates": [-79.9415, 37.2707] }},
{"zip_code":"24013","country":"US","city":"Roanoke","state":"Virginia","state_ab":"VA","county":"Roanoke (city)","geo_location":{ "type": "Point", "coordinates": [-79.9247, 37.2677] }},
{"zip_code":"24026","country":"US","city":"Roanoke","state":"Virginia","state_ab":"VA","county":"Roanoke (city)","geo_location":{ "type": "Point", "coordinates": [-79.9579, 37.2742] }},
{"zip_code":"24040","country":"US","city":"Roanoke","state":"Virginia","state_ab":"VA","county":"Roanoke (city)","geo_location":{ "type": "Point", "coordinates": [-79.9579, 37.2742] }},
{"zip_code":"24156","country":"US","city":"Salem","state":"Virginia","state_ab":"VA","county":"Salem (city)","geo_location":{ "type": "Point", "coordinates": [-80.0671, 37.2884] }},
{"zip_code":"23436","country":"US","city":"Suffolk","state":"Virginia","state_ab":"VA","county":"Suffolk (city)","geo_location":{ "type": "Point", "coordinates": [-76.5142, 36.8926] }},
{"zip_code":"23450","country":"US","city":"Virginia Beach","state":"Virginia","state_ab":"VA","county":"Virginia Beach (city)","geo_location":{ "type": "Point", "coordinates": [-76.1204, 36.844] }},
{"zip_code":"23463","country":"US","city":"Virginia Beach","state":"Virginia","state_ab":"VA","county":"Virginia Beach (city)","geo_location":{ "type": "Point", "coordinates": [-76.0126, 36.7957] }},
{"zip_code":"5669","country":"US","city":"Roxbury","state":"Vermont","state_ab":"VT","county":"Addison","geo_location":{ "type": "Point", "coordinates": [-72.7202, 44.0846] }},
{"zip_code":"5760","country":"US","city":"Orwell","state":"Vermont","state_ab":"VT","county":"Addison","geo_location":{ "type": "Point", "coordinates": [-73.2949, 43.7837] }},
{"zip_code":"5050","country":"US","city":"Mc Indoe Falls","state":"Vermont","state_ab":"VT","county":"Caledonia","geo_location":{ "type": "Point", "coordinates": [-72.1358, 44.4624] }},
{"zip_code":"5836","country":"US","city":"East Hardwick","state":"Vermont","state_ab":"VT","county":"Caledonia","geo_location":{ "type": "Point", "coordinates": [-72.3034, 44.5288] }},
{"zip_code":"5849","country":"US","city":"Lyndon","state":"Vermont","state_ab":"VT","county":"Caledonia","geo_location":{ "type": "Point", "coordinates": [-71.9505, 44.4976] }},
{"zip_code":"5850","country":"US","city":"Lyndon Center","state":"Vermont","state_ab":"VT","county":"Caledonia","geo_location":{ "type": "Point", "coordinates": [-72.0175, 44.5416] }},
{"zip_code":"5863","country":"US","city":"Saint Johnsbury Center","state":"Vermont","state_ab":"VT","county":"Caledonia","geo_location":{ "type": "Point", "coordinates": [-71.9721, 44.5034] }},
{"zip_code":"5449","country":"US","city":"Colchester","state":"Vermont","state_ab":"VT","county":"Chittenden","geo_location":{ "type": "Point", "coordinates": [-73.0825, 44.4421] }},
{"zip_code":"5489","country":"US","city":"Underhill","state":"Vermont","state_ab":"VT","county":"Chittenden","geo_location":{ "type": "Point", "coordinates": [-72.9258, 44.5391] }},
{"zip_code":"5490","country":"US","city":"Underhill Center","state":"Vermont","state_ab":"VT","county":"Chittenden","geo_location":{ "type": "Point", "coordinates": [-72.8853, 44.5047] }},
{"zip_code":"5450","country":"US","city":"Enosburg Falls","state":"Vermont","state_ab":"VT","county":"Franklin","geo_location":{ "type": "Point", "coordinates": [-72.791, 44.8985] }},
{"zip_code":"5476","country":"US","city":"Richford","state":"Vermont","state_ab":"VT","county":"Franklin","geo_location":{ "type": "Point", "coordinates": [-72.6905, 44.9715] }},
{"zip_code":"5463","country":"US","city":"Isle La Motte","state":"Vermont","state_ab":"VT","county":"Grand Isle","geo_location":{ "type": "Point", "coordinates": [-73.3386, 44.8781] }},
{"zip_code":"5656","country":"US","city":"Johnson","state":"Vermont","state_ab":"VT","county":"Lamoille","geo_location":{ "type": "Point", "coordinates": [-72.6712, 44.642] }},
{"zip_code":"5036","country":"US","city":"Brookfield","state":"Vermont","state_ab":"VT","county":"Orange","geo_location":{ "type": "Point", "coordinates": [-72.5953, 44.0321] }},
{"zip_code":"5076","country":"US","city":"East Corinth","state":"Vermont","state_ab":"VT","county":"Orange","geo_location":{ "type": "Point", "coordinates": [-72.2324, 44.1506] }},
{"zip_code":"5823","country":"US","city":"Beebe Plain","state":"Vermont","state_ab":"VT","county":"Orleans","geo_location":{ "type": "Point", "coordinates": [-72.1383, 45.0058] }},
{"zip_code":"5733","country":"US","city":"Brandon","state":"Vermont","state_ab":"VT","county":"Rutland","geo_location":{ "type": "Point", "coordinates": [-73.0882, 43.8065] }},
{"zip_code":"5759","country":"US","city":"North Clarendon","state":"Vermont","state_ab":"VT","county":"Rutland","geo_location":{ "type": "Point", "coordinates": [-72.9561, 43.5522] }},
{"zip_code":"5773","country":"US","city":"Wallingford","state":"Vermont","state_ab":"VT","county":"Rutland","geo_location":{ "type": "Point", "coordinates": [-72.9877, 43.4573] }},
{"zip_code":"5603","country":"US","city":"Montpelier","state":"Vermont","state_ab":"VT","county":"Washington","geo_location":{ "type": "Point", "coordinates": [-72.6559, 44.1566] }},
{"zip_code":"5670","country":"US","city":"South Barre","state":"Vermont","state_ab":"VT","county":"Washington","geo_location":{ "type": "Point", "coordinates": [-72.5025, 44.1757] }},
{"zip_code":"5346","country":"US","city":"Putney","state":"Vermont","state_ab":"VT","county":"Windham","geo_location":{ "type": "Point", "coordinates": [-72.5123, 43.0356] }},
{"zip_code":"5359","country":"US","city":"West Townshend","state":"Vermont","state_ab":"VT","county":"Windham","geo_location":{ "type": "Point", "coordinates": [-72.721, 43.13] }},
{"zip_code":"5360","country":"US","city":"West Wardsboro","state":"Vermont","state_ab":"VT","county":"Windham","geo_location":{ "type": "Point", "coordinates": [-72.8805, 43.0472] }},
{"zip_code":"5009","country":"US","city":"White River Junction","state":"Vermont","state_ab":"VT","county":"Windsor","geo_location":{ "type": "Point", "coordinates": [-72.5884, 43.592] }},
{"zip_code":"5049","country":"US","city":"Hartland Four Corners","state":"Vermont","state_ab":"VT","county":"Windsor","geo_location":{ "type": "Point", "coordinates": [-72.5884, 43.592] }},
{"zip_code":"5089","country":"US","city":"Windsor","state":"Vermont","state_ab":"VT","county":"Windsor","geo_location":{ "type": "Point", "coordinates": [-72.411, 43.476] }},
{"zip_code":"5153","country":"US","city":"Proctorsville","state":"Vermont","state_ab":"VT","county":"Windsor","geo_location":{ "type": "Point", "coordinates": [-72.6207, 43.4399] }},
{"zip_code":"5746","country":"US","city":"Gaysville","state":"Vermont","state_ab":"VT","county":"Windsor","geo_location":{ "type": "Point", "coordinates": [-72.5884, 43.592] }},
{"zip_code":"99169","country":"US","city":"Ritzville","state":"Washington","state_ab":"WA","county":"Adams","geo_location":{ "type": "Point", "coordinates": [-118.3958, 47.1315] }},
{"zip_code":"99336","country":"US","city":"Kennewick","state":"Washington","state_ab":"WA","county":"Benton","geo_location":{ "type": "Point", "coordinates": [-119.168, 46.2109] }},
{"zip_code":"99350","country":"US","city":"Prosser","state":"Washington","state_ab":"WA","county":"Benton","geo_location":{ "type": "Point", "coordinates": [-119.771, 46.2232] }},
{"zip_code":"98836","country":"US","city":"Monitor","state":"Washington","state_ab":"WA","county":"Chelan","geo_location":{ "type": "Point", "coordinates": [-120.4158, 47.4852] }},
{"zip_code":"98629","country":"US","city":"La Center","state":"Washington","state_ab":"WA","county":"Clark","geo_location":{ "type": "Point", "coordinates": [-122.624, 45.8806] }},
{"zip_code":"98683","country":"US","city":"Vancouver","state":"Washington","state_ab":"WA","county":"Clark","geo_location":{ "type": "Point", "coordinates": [-122.5133, 45.6032] }},
{"zip_code":"98603","country":"US","city":"Ariel","state":"Washington","state_ab":"WA","county":"Cowlitz","geo_location":{ "type": "Point", "coordinates": [-122.4677, 45.9952] }},
{"zip_code":"98616","country":"US","city":"Cougar","state":"Washington","state_ab":"WA","county":"Cowlitz","geo_location":{ "type": "Point", "coordinates": [-122.2942, 46.069] }},
{"zip_code":"98850","country":"US","city":"Rock Island","state":"Washington","state_ab":"WA","county":"Douglas","geo_location":{ "type": "Point", "coordinates": [-120.1378, 47.3706] }},
{"zip_code":"98823","country":"US","city":"Ephrata","state":"Washington","state_ab":"WA","county":"Grant","geo_location":{ "type": "Point", "coordinates": [-119.5336, 47.2771] }},
{"zip_code":"99349","country":"US","city":"Mattawa","state":"Washington","state_ab":"WA","county":"Grant","geo_location":{ "type": "Point", "coordinates": [-119.7783, 46.731] }},
{"zip_code":"98526","country":"US","city":"Amanda Park","state":"Washington","state_ab":"WA","county":"Grays Harbor","geo_location":{ "type": "Point", "coordinates": [-123.9206, 47.4859] }},
{"zip_code":"98566","country":"US","city":"Neilton","state":"Washington","state_ab":"WA","county":"Grays Harbor","geo_location":{ "type": "Point", "coordinates": [-123.8903, 47.3877] }},
{"zip_code":"98320","country":"US","city":"Brinnon","state":"Washington","state_ab":"WA","county":"Jefferson","geo_location":{ "type": "Point", "coordinates": [-122.9375, 47.6776] }},
{"zip_code":"98009","country":"US","city":"Bellevue","state":"Washington","state_ab":"WA","county":"King","geo_location":{ "type": "Point", "coordinates": [-121.8034, 47.4323] }},
{"zip_code":"98010","country":"US","city":"Black Diamond","state":"Washington","state_ab":"WA","county":"King","geo_location":{ "type": "Point", "coordinates": [-122.0053, 47.3114] }},
{"zip_code":"98023","country":"US","city":"Federal Way","state":"Washington","state_ab":"WA","county":"King","geo_location":{ "type": "Point", "coordinates": [-122.3612, 47.3104] }},
{"zip_code":"98050","country":"US","city":"Preston","state":"Washington","state_ab":"WA","county":"King","geo_location":{ "type": "Point", "coordinates": [-121.9312, 47.536] }},
{"zip_code":"98063","country":"US","city":"Federal Way","state":"Washington","state_ab":"WA","county":"King","geo_location":{ "type": "Point", "coordinates": [-121.8034, 47.4323] }},
{"zip_code":"98089","country":"US","city":"Kent","state":"Washington","state_ab":"WA","county":"King County","geo_location":{ "type": "Point", "coordinates": [-122.2023, 47.3871] }},
{"zip_code":"98113","country":"US","city":"Seattle","state":"Washington","state_ab":"WA","county":"King County","geo_location":{ "type": "Point", "coordinates": [-122.3411, 47.6716] }},
{"zip_code":"98126","country":"US","city":"Seattle","state":"Washington","state_ab":"WA","county":"King","geo_location":{ "type": "Point", "coordinates": [-122.3735, 47.5444] }},
{"zip_code":"98139","country":"US","city":"Seattle","state":"Washington","state_ab":"WA","county":"King County","geo_location":{ "type": "Point", "coordinates": [-122.3999, 47.6473] }},
{"zip_code":"98140","country":"US","city":"Seattle","state":"Washington","state_ab":"WA","county":"King","geo_location":{ "type": "Point", "coordinates": [-121.8034, 47.4323] }},
{"zip_code":"98166","country":"US","city":"Seattle","state":"Washington","state_ab":"WA","county":"King","geo_location":{ "type": "Point", "coordinates": [-122.353, 47.4511] }},
{"zip_code":"98346","country":"US","city":"Kingston","state":"Washington","state_ab":"WA","county":"Kitsap","geo_location":{ "type": "Point", "coordinates": [-122.5255, 47.8108] }},
{"zip_code":"98359","country":"US","city":"Olalla","state":"Washington","state_ab":"WA","county":"Kitsap","geo_location":{ "type": "Point", "coordinates": [-122.5745, 47.4241] }},
{"zip_code":"98386","country":"US","city":"Southworth","state":"Washington","state_ab":"WA","county":"Kitsap","geo_location":{ "type": "Point", "coordinates": [-122.4991, 47.5104] }},
{"zip_code":"98926","country":"US","city":"Ellensburg","state":"Washington","state_ab":"WA","county":"Kittitas","geo_location":{ "type": "Point", "coordinates": [-120.5163, 46.9996] }},
{"zip_code":"98940","country":"US","city":"Ronald","state":"Washington","state_ab":"WA","county":"Kittitas","geo_location":{ "type": "Point", "coordinates": [-121.0456, 47.2503] }},
{"zip_code":"98670","country":"US","city":"Wahkiacus","state":"Washington","state_ab":"WA","county":"Klickitat","geo_location":{ "type": "Point", "coordinates": [-121.1409, 45.859] }},
{"zip_code":"98539","country":"US","city":"Doty","state":"Washington","state_ab":"WA","county":"Lewis","geo_location":{ "type": "Point", "coordinates": [-123.2804, 46.6378] }},
{"zip_code":"98593","country":"US","city":"Vader","state":"Washington","state_ab":"WA","county":"Lewis","geo_location":{ "type": "Point", "coordinates": [-122.9585, 46.3985] }},
{"zip_code":"99103","country":"US","city":"Almira","state":"Washington","state_ab":"WA","county":"Lincoln","geo_location":{ "type": "Point", "coordinates": [-118.9123, 47.7632] }},
{"zip_code":"98849","country":"US","city":"Riverside","state":"Washington","state_ab":"WA","county":"Okanogan","geo_location":{ "type": "Point", "coordinates": [-119.5803, 48.4876] }},
{"zip_code":"99116","country":"US","city":"Coulee Dam","state":"Washington","state_ab":"WA","county":"Okanogan","geo_location":{ "type": "Point", "coordinates": [-118.9419, 48.0379] }},
{"zip_code":"99156","country":"US","city":"Newport","state":"Washington","state_ab":"WA","county":"Pend Oreille","geo_location":{ "type": "Point", "coordinates": [-117.1508, 48.1695] }},
{"zip_code":"98333","country":"US","city":"Fox Island","state":"Washington","state_ab":"WA","county":"Pierce","geo_location":{ "type": "Point", "coordinates": [-122.629, 47.248] }},
{"zip_code":"98360","country":"US","city":"Orting","state":"Washington","state_ab":"WA","county":"Pierce","geo_location":{ "type": "Point", "coordinates": [-122.186, 47.0822] }},
{"zip_code":"98373","country":"US","city":"Puyallup","state":"Washington","state_ab":"WA","county":"Pierce","geo_location":{ "type": "Point", "coordinates": [-122.3219, 47.1284] }},
{"zip_code":"98409","country":"US","city":"Tacoma","state":"Washington","state_ab":"WA","county":"Pierce","geo_location":{ "type": "Point", "coordinates": [-122.4825, 47.2038] }},
{"zip_code":"98450","country":"US","city":"Tacoma","state":"Washington","state_ab":"WA","county":"Pierce","geo_location":{ "type": "Point", "coordinates": [-122.1132, 47.0662] }},
{"zip_code":"98490","country":"US","city":"Tacoma","state":"Washington","state_ab":"WA","county":"Pierce County","geo_location":{ "type": "Point", "coordinates": [-122.4822, 47.2061] }},
{"zip_code":"98580","country":"US","city":"Roy","state":"Washington","state_ab":"WA","county":"Pierce","geo_location":{ "type": "Point", "coordinates": [-122.4483, 46.956] }},
{"zip_code":"98243","country":"US","city":"Deer Harbor","state":"Washington","state_ab":"WA","county":"San Juan","geo_location":{ "type": "Point", "coordinates": [-122.9837, 48.5578] }},
{"zip_code":"98283","country":"US","city":"Rockport","state":"Washington","state_ab":"WA","county":"Skagit","geo_location":{ "type": "Point", "coordinates": [-121.5554, 48.4704] }},
{"zip_code":"98036","country":"US","city":"Lynnwood","state":"Washington","state_ab":"WA","county":"Snohomish","geo_location":{ "type": "Point", "coordinates": [-122.2855, 47.8049] }},
{"zip_code":"98203","country":"US","city":"Everett","state":"Washington","state_ab":"WA","county":"Snohomish","geo_location":{ "type": "Point", "coordinates": [-122.2218, 47.9419] }},
{"zip_code":"98256","country":"US","city":"Index","state":"Washington","state_ab":"WA","county":"Snohomish","geo_location":{ "type": "Point", "coordinates": [-121.5497, 47.8118] }},
{"zip_code":"98270","country":"US","city":"Marysville","state":"Washington","state_ab":"WA","county":"Snohomish","geo_location":{ "type": "Point", "coordinates": [-122.1562, 48.0656] }},
{"zip_code":"98296","country":"US","city":"Snohomish","state":"Washington","state_ab":"WA","county":"Snohomish","geo_location":{ "type": "Point", "coordinates": [-122.092, 47.8579] }},
{"zip_code":"99026","country":"US","city":"Nine Mile Falls","state":"Washington","state_ab":"WA","county":"Spokane","geo_location":{ "type": "Point", "coordinates": [-117.5894, 47.8019] }},
{"zip_code":"99039","country":"US","city":"Waverly","state":"Washington","state_ab":"WA","county":"Spokane","geo_location":{ "type": "Point", "coordinates": [-117.245, 47.3297] }},
{"zip_code":"99206","country":"US","city":"Spokane","state":"Washington","state_ab":"WA","county":"Spokane","geo_location":{ "type": "Point", "coordinates": [-117.2581, 47.6496] }},
{"zip_code":"99219","country":"US","city":"Spokane","state":"Washington","state_ab":"WA","county":"Spokane","geo_location":{ "type": "Point", "coordinates": [-117.4317, 47.6536] }},
{"zip_code":"99220","country":"US","city":"Spokane","state":"Washington","state_ab":"WA","county":"Spokane","geo_location":{ "type": "Point", "coordinates": [-117.4317, 47.6536] }},
{"zip_code":"99260","country":"US","city":"Spokane","state":"Washington","state_ab":"WA","county":"Spokane","geo_location":{ "type": "Point", "coordinates": [-117.4317, 47.6536] }},
{"zip_code":"99299","country":"US","city":"Spokane","state":"Washington","state_ab":"WA","county":"Spokane","geo_location":{ "type": "Point", "coordinates": [-117.4317, 47.6536] }},
{"zip_code":"99013","country":"US","city":"Ford","state":"Washington","state_ab":"WA","county":"Stevens","geo_location":{ "type": "Point", "coordinates": [-117.8119, 47.9169] }},
{"zip_code":"99040","country":"US","city":"Wellpinit","state":"Washington","state_ab":"WA","county":"Stevens","geo_location":{ "type": "Point", "coordinates": [-117.9856, 47.8697] }},
{"zip_code":"99129","country":"US","city":"Fruitland","state":"Washington","state_ab":"WA","county":"Stevens","geo_location":{ "type": "Point", "coordinates": [-118.2159, 47.9797] }},
{"zip_code":"98513","country":"US","city":"Olympia","state":"Washington","state_ab":"WA","county":"Thurston","geo_location":{ "type": "Point", "coordinates": [-122.743, 46.9939] }},
{"zip_code":"98540","country":"US","city":"East Olympia","state":"Washington","state_ab":"WA","county":"Thurston","geo_location":{ "type": "Point", "coordinates": [-122.7024, 46.9781] }},
{"zip_code":"98579","country":"US","city":"Rochester","state":"Washington","state_ab":"WA","county":"Thurston","geo_location":{ "type": "Point", "coordinates": [-123.0406, 46.8193] }},
{"zip_code":"98643","country":"US","city":"Rosburg","state":"Washington","state_ab":"WA","county":"Wahkiakum","geo_location":{ "type": "Point", "coordinates": [-123.6571, 46.3071] }},
{"zip_code":"99323","country":"US","city":"Burbank","state":"Washington","state_ab":"WA","county":"Walla Walla","geo_location":{ "type": "Point", "coordinates": [-118.9017, 46.1966] }},
{"zip_code":"99363","country":"US","city":"Wallula","state":"Washington","state_ab":"WA","county":"Walla Walla","geo_location":{ "type": "Point", "coordinates": [-118.9061, 46.0846] }},
{"zip_code":"98229","country":"US","city":"Bellingham","state":"Washington","state_ab":"WA","county":"Whatcom County","geo_location":{ "type": "Point", "coordinates": [-122.4124, 48.6952] }},
{"zip_code":"98230","country":"US","city":"Blaine","state":"Washington","state_ab":"WA","county":"Whatcom","geo_location":{ "type": "Point", "coordinates": [-122.7323, 48.9636] }},
{"zip_code":"99130","country":"US","city":"Garfield","state":"Washington","state_ab":"WA","county":"Whitman","geo_location":{ "type": "Point", "coordinates": [-117.1523, 46.9946] }},
{"zip_code":"99143","country":"US","city":"Lacrosse","state":"Washington","state_ab":"WA","county":"Whitman","geo_location":{ "type": "Point", "coordinates": [-117.7703, 46.7717] }},
{"zip_code":"99170","country":"US","city":"Rosalia","state":"Washington","state_ab":"WA","county":"Whitman","geo_location":{ "type": "Point", "coordinates": [-117.4147, 47.2218] }},
{"zip_code":"98939","country":"US","city":"Parker","state":"Washington","state_ab":"WA","county":"Yakima","geo_location":{ "type": "Point", "coordinates": [-120.6947, 46.5645] }},
{"zip_code":"98953","country":"US","city":"Zillah","state":"Washington","state_ab":"WA","county":"Yakima","geo_location":{ "type": "Point", "coordinates": [-120.2662, 46.4158] }},
{"zip_code":"53910","country":"US","city":"Adams","state":"Wisconsin","state_ab":"WI","county":"Adams","geo_location":{ "type": "Point", "coordinates": [-89.8219, 43.8967] }},
{"zip_code":"53936","country":"US","city":"Grand Marsh","state":"Wisconsin","state_ab":"WI","county":"Adams","geo_location":{ "type": "Point", "coordinates": [-89.7275, 43.9479] }},
{"zip_code":"54850","country":"US","city":"La Pointe","state":"Wisconsin","state_ab":"WI","county":"Ashland","geo_location":{ "type": "Point", "coordinates": [-90.6036, 46.8467] }},
{"zip_code":"54733","country":"US","city":"Dallas","state":"Wisconsin","state_ab":"WI","county":"Barron","geo_location":{ "type": "Point", "coordinates": [-91.8368, 45.2549] }},
{"zip_code":"54889","country":"US","city":"Turtle Lake","state":"Wisconsin","state_ab":"WI","county":"Barron","geo_location":{ "type": "Point", "coordinates": [-92.1781, 45.4213] }},
{"zip_code":"54126","country":"US","city":"Greenleaf","state":"Wisconsin","state_ab":"WI","county":"Brown","geo_location":{ "type": "Point", "coordinates": [-88.0275, 44.2937] }},
{"zip_code":"54180","country":"US","city":"Wrightstown","state":"Wisconsin","state_ab":"WI","county":"Brown","geo_location":{ "type": "Point", "coordinates": [-88.1749, 44.3264] }},
{"zip_code":"54229","country":"US","city":"New Franken","state":"Wisconsin","state_ab":"WI","county":"Brown","geo_location":{ "type": "Point", "coordinates": [-87.8235, 44.5592] }},
{"zip_code":"54306","country":"US","city":"Green Bay","state":"Wisconsin","state_ab":"WI","county":"Brown","geo_location":{ "type": "Point", "coordinates": [-88.0074, 44.4601] }},
{"zip_code":"54629","country":"US","city":"Fountain City","state":"Wisconsin","state_ab":"WI","county":"Buffalo","geo_location":{ "type": "Point", "coordinates": [-91.6779, 44.1364] }},
{"zip_code":"54436","country":"US","city":"Granton","state":"Wisconsin","state_ab":"WI","county":"Clark","geo_location":{ "type": "Point", "coordinates": [-90.4484, 44.5606] }},
{"zip_code":"54746","country":"US","city":"Humbird","state":"Wisconsin","state_ab":"WI","county":"Clark","geo_location":{ "type": "Point", "coordinates": [-90.8883, 44.5367] }},
{"zip_code":"53923","country":"US","city":"Cambria","state":"Wisconsin","state_ab":"WI","county":"Columbia","geo_location":{ "type": "Point", "coordinates": [-89.1156, 43.5724] }},
{"zip_code":"53523","country":"US","city":"Cambridge","state":"Wisconsin","state_ab":"WI","county":"Dane","geo_location":{ "type": "Point", "coordinates": [-89.0209, 42.9918] }},
{"zip_code":"53589","country":"US","city":"Stoughton","state":"Wisconsin","state_ab":"WI","county":"Dane","geo_location":{ "type": "Point", "coordinates": [-89.224, 42.929] }},
{"zip_code":"53590","country":"US","city":"Sun Prairie","state":"Wisconsin","state_ab":"WI","county":"Dane","geo_location":{ "type": "Point", "coordinates": [-89.2227, 43.1869] }},
{"zip_code":"53703","country":"US","city":"Madison","state":"Wisconsin","state_ab":"WI","county":"Dane","geo_location":{ "type": "Point", "coordinates": [-89.3831, 43.0775] }},
{"zip_code":"53716","country":"US","city":"Madison","state":"Wisconsin","state_ab":"WI","county":"Dane","geo_location":{ "type": "Point", "coordinates": [-89.3133, 43.0631] }},
{"zip_code":"53783","country":"US","city":"Madison","state":"Wisconsin","state_ab":"WI","county":"Dane","geo_location":{ "type": "Point", "coordinates": [-89.2852, 43.1596] }},
{"zip_code":"53006","country":"US","city":"Brownsville","state":"Wisconsin","state_ab":"WI","county":"Dodge","geo_location":{ "type": "Point", "coordinates": [-88.523, 43.6028] }},
{"zip_code":"53059","country":"US","city":"Neosho","state":"Wisconsin","state_ab":"WI","county":"Dodge","geo_location":{ "type": "Point", "coordinates": [-88.5205, 43.2978] }},
{"zip_code":"53099","country":"US","city":"Woodland","state":"Wisconsin","state_ab":"WI","county":"Dodge","geo_location":{ "type": "Point", "coordinates": [-88.7049, 43.4142] }},
{"zip_code":"53963","country":"US","city":"Waupun","state":"Wisconsin","state_ab":"WI","county":"Dodge","geo_location":{ "type": "Point", "coordinates": [-88.7373, 43.6324] }},
{"zip_code":"54836","country":"US","city":"Foxboro","state":"Wisconsin","state_ab":"WI","county":"Douglas","geo_location":{ "type": "Point", "coordinates": [-92.1493, 46.4875] }},
{"zip_code":"54849","country":"US","city":"Lake Nebagamon","state":"Wisconsin","state_ab":"WI","county":"Douglas","geo_location":{ "type": "Point", "coordinates": [-91.7402, 46.5023] }},
{"zip_code":"54890","country":"US","city":"Wascott","state":"Wisconsin","state_ab":"WI","county":"Douglas","geo_location":{ "type": "Point", "coordinates": [-91.9216, 46.5251] }},
{"zip_code":"54720","country":"US","city":"Altoona","state":"Wisconsin","state_ab":"WI","county":"Eau Claire","geo_location":{ "type": "Point", "coordinates": [-91.4382, 44.8021] }},
{"zip_code":"53019","country":"US","city":"Eden","state":"Wisconsin","state_ab":"WI","county":"Fond du Lac","geo_location":{ "type": "Point", "coordinates": [-88.3266, 43.6959] }},
{"zip_code":"54979","country":"US","city":"Van Dyne","state":"Wisconsin","state_ab":"WI","county":"Fond du Lac","geo_location":{ "type": "Point", "coordinates": [-88.51, 43.8734] }},
{"zip_code":"54566","country":"US","city":"Wabeno","state":"Wisconsin","state_ab":"WI","county":"Forest","geo_location":{ "type": "Point", "coordinates": [-88.6625, 45.4332] }},
{"zip_code":"53806","country":"US","city":"Cassville","state":"Wisconsin","state_ab":"WI","county":"Grant","geo_location":{ "type": "Point", "coordinates": [-90.9608, 42.7288] }},
{"zip_code":"53820","country":"US","city":"Potosi","state":"Wisconsin","state_ab":"WI","county":"Grant","geo_location":{ "type": "Point", "coordinates": [-90.7002, 42.6884] }},
{"zip_code":"53550","country":"US","city":"Juda","state":"Wisconsin","state_ab":"WI","county":"Green","geo_location":{ "type": "Point", "coordinates": [-89.5026, 42.5679] }},
{"zip_code":"54643","country":"US","city":"Millston","state":"Wisconsin","state_ab":"WI","county":"Jackson","geo_location":{ "type": "Point", "coordinates": [-90.6358, 44.1869] }},
{"zip_code":"53549","country":"US","city":"Jefferson","state":"Wisconsin","state_ab":"WI","county":"Jefferson","geo_location":{ "type": "Point", "coordinates": [-88.8078, 43.0006] }},
{"zip_code":"53950","country":"US","city":"New Lisbon","state":"Wisconsin","state_ab":"WI","county":"Juneau","geo_location":{ "type": "Point", "coordinates": [-90.1524, 43.8877] }},
{"zip_code":"53109","country":"US","city":"Camp Lake","state":"Wisconsin","state_ab":"WI","county":"Kenosha","geo_location":{ "type": "Point", "coordinates": [-88.1444, 42.536] }},
{"zip_code":"54216","country":"US","city":"Kewaunee","state":"Wisconsin","state_ab":"WI","county":"Kewaunee","geo_location":{ "type": "Point", "coordinates": [-87.5594, 44.4401] }},
{"zip_code":"54603","country":"US","city":"La Crosse","state":"Wisconsin","state_ab":"WI","county":"La Crosse","geo_location":{ "type": "Point", "coordinates": [-91.2484, 43.8487] }},
{"zip_code":"54669","country":"US","city":"West Salem","state":"Wisconsin","state_ab":"WI","county":"La Crosse","geo_location":{ "type": "Point", "coordinates": [-91.0893, 43.9063] }},
{"zip_code":"53510","country":"US","city":"Belmont","state":"Wisconsin","state_ab":"WI","county":"Lafayette","geo_location":{ "type": "Point", "coordinates": [-90.3359, 42.7308] }},
{"zip_code":"54409","country":"US","city":"Antigo","state":"Wisconsin","state_ab":"WI","county":"Langlade","geo_location":{ "type": "Point", "coordinates": [-89.1419, 45.1314] }},
{"zip_code":"54203","country":"US","city":"Branch","state":"Wisconsin","state_ab":"WI","county":"Manitowoc","geo_location":{ "type": "Point", "coordinates": [-87.4839, 44.1099] }},
{"zip_code":"54230","country":"US","city":"Reedsville","state":"Wisconsin","state_ab":"WI","county":"Manitowoc","geo_location":{ "type": "Point", "coordinates": [-87.966, 44.1576] }},
{"zip_code":"54476","country":"US","city":"Schofield","state":"Wisconsin","state_ab":"WI","county":"Marathon","geo_location":{ "type": "Point", "coordinates": [-89.5818, 44.9064] }},
{"zip_code":"53949","country":"US","city":"Montello","state":"Wisconsin","state_ab":"WI","county":"Marquette","geo_location":{ "type": "Point", "coordinates": [-89.3586, 43.769] }},
{"zip_code":"53110","country":"US","city":"Cudahy","state":"Wisconsin","state_ab":"WI","county":"Milwaukee","geo_location":{ "type": "Point", "coordinates": [-87.862, 42.949] }},
{"zip_code":"53213","country":"US","city":"Milwaukee","state":"Wisconsin","state_ab":"WI","county":"Milwaukee","geo_location":{ "type": "Point", "coordinates": [-88.0015, 43.0488] }},
{"zip_code":"53226","country":"US","city":"Milwaukee","state":"Wisconsin","state_ab":"WI","county":"Milwaukee","geo_location":{ "type": "Point", "coordinates": [-88.0414, 43.0493] }},
{"zip_code":"53280","country":"US","city":"Milwaukee","state":"Wisconsin","state_ab":"WI","county":"Milwaukee","geo_location":{ "type": "Point", "coordinates": [-87.9578, 43.041] }},
{"zip_code":"53293","country":"US","city":"Milwaukee","state":"Wisconsin","state_ab":"WI","county":"Milwaukee","geo_location":{ "type": "Point", "coordinates": [-87.9191, 43.0408] }},
{"zip_code":"54656","country":"US","city":"Sparta","state":"Wisconsin","state_ab":"WI","county":"Monroe","geo_location":{ "type": "Point", "coordinates": [-90.8146, 43.954] }},
{"zip_code":"54670","country":"US","city":"Wilton","state":"Wisconsin","state_ab":"WI","county":"Monroe","geo_location":{ "type": "Point", "coordinates": [-90.5162, 43.8322] }},
{"zip_code":"54139","country":"US","city":"Lena","state":"Wisconsin","state_ab":"WI","county":"Oconto","geo_location":{ "type": "Point", "coordinates": [-88.075, 44.956] }},
{"zip_code":"54153","country":"US","city":"Oconto","state":"Wisconsin","state_ab":"WI","county":"Oconto","geo_location":{ "type": "Point", "coordinates": [-87.8917, 44.8914] }},
{"zip_code":"54463","country":"US","city":"Pelican Lake","state":"Wisconsin","state_ab":"WI","county":"Oneida","geo_location":{ "type": "Point", "coordinates": [-89.1817, 45.5049] }},
{"zip_code":"54539","country":"US","city":"Lake Tomahawk","state":"Wisconsin","state_ab":"WI","county":"Oneida","geo_location":{ "type": "Point", "coordinates": [-89.5856, 45.8035] }},
{"zip_code":"54113","country":"US","city":"Combined Locks","state":"Wisconsin","state_ab":"WI","county":"Outagamie","geo_location":{ "type": "Point", "coordinates": [-88.3133, 44.2666] }},
{"zip_code":"54140","country":"US","city":"Little Chute","state":"Wisconsin","state_ab":"WI","county":"Outagamie","geo_location":{ "type": "Point", "coordinates": [-88.312, 44.2842] }},
{"zip_code":"54913","country":"US","city":"Appleton","state":"Wisconsin","state_ab":"WI","county":"Outagamie","geo_location":{ "type": "Point", "coordinates": [-88.4343, 44.3456] }},
{"zip_code":"54759","country":"US","city":"Pepin","state":"Wisconsin","state_ab":"WI","county":"Pepin","geo_location":{ "type": "Point", "coordinates": [-92.1394, 44.4587] }},
{"zip_code":"54010","country":"US","city":"East Ellsworth","state":"Wisconsin","state_ab":"WI","county":"Pierce","geo_location":{ "type": "Point", "coordinates": [-92.4655, 44.7348] }},
{"zip_code":"54009","country":"US","city":"Dresser","state":"Wisconsin","state_ab":"WI","county":"Polk","geo_location":{ "type": "Point", "coordinates": [-92.5623, 45.3546] }},
{"zip_code":"54810","country":"US","city":"Balsam Lake","state":"Wisconsin","state_ab":"WI","county":"Polk","geo_location":{ "type": "Point", "coordinates": [-92.415, 45.4588] }},
{"zip_code":"54423","country":"US","city":"Custer","state":"Wisconsin","state_ab":"WI","county":"Portage","geo_location":{ "type": "Point", "coordinates": [-89.4153, 44.5662] }},
{"zip_code":"54513","country":"US","city":"Brantwood","state":"Wisconsin","state_ab":"WI","county":"Price","geo_location":{ "type": "Point", "coordinates": [-90.116, 45.5514] }},
{"zip_code":"53406","country":"US","city":"Racine","state":"Wisconsin","state_ab":"WI","county":"Racine","geo_location":{ "type": "Point", "coordinates": [-87.8551, 42.7242] }},
{"zip_code":"53536","country":"US","city":"Evansville","state":"Wisconsin","state_ab":"WI","county":"Rock","geo_location":{ "type": "Point", "coordinates": [-89.2877, 42.7732] }},
{"zip_code":"53563","country":"US","city":"Milton","state":"Wisconsin","state_ab":"WI","county":"Rock","geo_location":{ "type": "Point", "coordinates": [-88.9531, 42.7791] }},
{"zip_code":"53576","country":"US","city":"Orfordville","state":"Wisconsin","state_ab":"WI","county":"Rock","geo_location":{ "type": "Point", "coordinates": [-89.2533, 42.6278] }},
{"zip_code":"54526","country":"US","city":"Glen Flora","state":"Wisconsin","state_ab":"WI","county":"Rusk","geo_location":{ "type": "Point", "coordinates": [-90.8479, 45.4862] }},
{"zip_code":"54023","country":"US","city":"Roberts","state":"Wisconsin","state_ab":"WI","county":"St. Croix","geo_location":{ "type": "Point", "coordinates": [-92.5598, 44.9874] }},
{"zip_code":"54876","country":"US","city":"Stone Lake","state":"Wisconsin","state_ab":"WI","county":"Sawyer","geo_location":{ "type": "Point", "coordinates": [-91.5093, 45.8337] }},
{"zip_code":"54166","country":"US","city":"Shawano","state":"Wisconsin","state_ab":"WI","county":"Shawano","geo_location":{ "type": "Point", "coordinates": [-88.6036, 44.7851] }},
{"zip_code":"54450","country":"US","city":"Mattoon","state":"Wisconsin","state_ab":"WI","county":"Shawano","geo_location":{ "type": "Point", "coordinates": [-89.0474, 45.0062] }},
{"zip_code":"53020","country":"US","city":"Elkhart Lake","state":"Wisconsin","state_ab":"WI","county":"Sheboygan","geo_location":{ "type": "Point", "coordinates": [-87.9767, 43.8436] }},
{"zip_code":"53073","country":"US","city":"Plymouth","state":"Wisconsin","state_ab":"WI","county":"Sheboygan","geo_location":{ "type": "Point", "coordinates": [-87.9779, 43.7526] }},
{"zip_code":"54490","country":"US","city":"Westboro","state":"Wisconsin","state_ab":"WI","county":"Taylor","geo_location":{ "type": "Point", "coordinates": [-90.3072, 45.3445] }},
{"zip_code":"54616","country":"US","city":"Blair","state":"Wisconsin","state_ab":"WI","county":"Trempealeau","geo_location":{ "type": "Point", "coordinates": [-91.2235, 44.2968] }},
{"zip_code":"54630","country":"US","city":"Galesville","state":"Wisconsin","state_ab":"WI","county":"Trempealeau","geo_location":{ "type": "Point", "coordinates": [-91.3588, 44.0888] }},
{"zip_code":"54760","country":"US","city":"Pigeon Falls","state":"Wisconsin","state_ab":"WI","county":"Trempealeau","geo_location":{ "type": "Point", "coordinates": [-91.2074, 44.4249] }},
{"zip_code":"54773","country":"US","city":"Whitehall","state":"Wisconsin","state_ab":"WI","county":"Trempealeau","geo_location":{ "type": "Point", "coordinates": [-91.303, 44.3827] }},
{"zip_code":"54540","country":"US","city":"Land O Lakes","state":"Wisconsin","state_ab":"WI","county":"Vilas","geo_location":{ "type": "Point", "coordinates": [-89.3218, 46.1563] }},
{"zip_code":"53176","country":"US","city":"Springfield","state":"Wisconsin","state_ab":"WI","county":"Walworth","geo_location":{ "type": "Point", "coordinates": [-88.416, 42.636] }},
{"zip_code":"53190","country":"US","city":"Whitewater","state":"Wisconsin","state_ab":"WI","county":"Walworth","geo_location":{ "type": "Point", "coordinates": [-88.7429, 42.8272] }},
{"zip_code":"53033","country":"US","city":"Hubertus","state":"Wisconsin","state_ab":"WI","county":"Washington","geo_location":{ "type": "Point", "coordinates": [-88.2311, 43.2343] }},
{"zip_code":"53060","country":"US","city":"Newburg","state":"Wisconsin","state_ab":"WI","county":"Washington","geo_location":{ "type": "Point", "coordinates": [-88.0623, 43.4338] }},
{"zip_code":"53086","country":"US","city":"Slinger","state":"Wisconsin","state_ab":"WI","county":"Washington","geo_location":{ "type": "Point", "coordinates": [-88.2824, 43.3322] }},
{"zip_code":"53046","country":"US","city":"Lannon","state":"Wisconsin","state_ab":"WI","county":"Waukesha","geo_location":{ "type": "Point", "coordinates": [-88.1639, 43.1497] }},
{"zip_code":"53149","country":"US","city":"Mukwonago","state":"Wisconsin","state_ab":"WI","county":"Waukesha","geo_location":{ "type": "Point", "coordinates": [-88.3451, 42.8821] }},
{"zip_code":"53150","country":"US","city":"Muskego","state":"Wisconsin","state_ab":"WI","county":"Waukesha","geo_location":{ "type": "Point", "coordinates": [-88.1214, 42.9047] }},
{"zip_code":"53189","country":"US","city":"Waukesha","state":"Wisconsin","state_ab":"WI","county":"Waukesha","geo_location":{ "type": "Point", "coordinates": [-88.2963, 42.9516] }},
{"zip_code":"54926","country":"US","city":"Big Falls","state":"Wisconsin","state_ab":"WI","county":"Waupaca","geo_location":{ "type": "Point", "coordinates": [-89.0166, 44.6178] }},
{"zip_code":"54940","country":"US","city":"Fremont","state":"Wisconsin","state_ab":"WI","county":"Waupaca","geo_location":{ "type": "Point", "coordinates": [-88.8449, 44.2379] }},
{"zip_code":"54966","country":"US","city":"Plainfield","state":"Wisconsin","state_ab":"WI","county":"Waushara","geo_location":{ "type": "Point", "coordinates": [-89.4559, 44.2091] }},
{"zip_code":"54980","country":"US","city":"Waukau","state":"Wisconsin","state_ab":"WI","county":"Winnebago","geo_location":{ "type": "Point", "coordinates": [-88.7712, 43.9886] }},
{"zip_code":"54410","country":"US","city":"Arpin","state":"Wisconsin","state_ab":"WI","county":"Wood","geo_location":{ "type": "Point", "coordinates": [-90.037, 44.5419] }},
{"zip_code":"54449","country":"US","city":"Marshfield","state":"Wisconsin","state_ab":"WI","county":"Wood","geo_location":{ "type": "Point", "coordinates": [-90.1784, 44.6615] }},
{"zip_code":"54489","country":"US","city":"Vesper","state":"Wisconsin","state_ab":"WI","county":"Wood","geo_location":{ "type": "Point", "coordinates": [-89.9826, 44.4677] }},
{"zip_code":"25403","country":"US","city":"Martinsburg","state":"West Virginia","state_ab":"WV","county":"Berkeley County","geo_location":{ "type": "Point", "coordinates": [-77.9747, 39.5227] }},
{"zip_code":"25209","country":"US","city":"Whitesville","state":"West Virginia","state_ab":"WV","county":"Boone","geo_location":{ "type": "Point", "coordinates": [-81.5422, 37.9916] }},
{"zip_code":"26626","country":"US","city":"Glendon","state":"West Virginia","state_ab":"WV","county":"Braxton County","geo_location":{ "type": "Point", "coordinates": [-80.9395, 38.6109] }},
{"zip_code":"26639","country":"US","city":"Strange Creek","state":"West Virginia","state_ab":"WV","county":"Braxton","geo_location":{ "type": "Point", "coordinates": [-80.9031, 38.5738] }},
{"zip_code":"25559","country":"US","city":"Salt Rock","state":"West Virginia","state_ab":"WV","county":"Cabell","geo_location":{ "type": "Point", "coordinates": [-82.247, 38.3265] }},
{"zip_code":"25713","country":"US","city":"Huntington","state":"West Virginia","state_ab":"WV","county":"Cabell","geo_location":{ "type": "Point", "coordinates": [-82.2774, 38.4134] }},
{"zip_code":"25726","country":"US","city":"Huntington","state":"West Virginia","state_ab":"WV","county":"Cabell","geo_location":{ "type": "Point", "coordinates": [-82.2774, 38.4134] }},
{"zip_code":"25779","country":"US","city":"Huntington","state":"West Virginia","state_ab":"WV","county":"Cabell","geo_location":{ "type": "Point", "coordinates": [-82.2774, 38.4134] }},
{"zip_code":"26136","country":"US","city":"Big Bend","state":"West Virginia","state_ab":"WV","county":"Calhoun","geo_location":{ "type": "Point", "coordinates": [-81.136, 38.9719] }},
{"zip_code":"25030","country":"US","city":"Bomont","state":"West Virginia","state_ab":"WV","county":"Clay","geo_location":{ "type": "Point", "coordinates": [-81.2548, 38.388] }},
{"zip_code":"25043","country":"US","city":"Clay","state":"West Virginia","state_ab":"WV","county":"Clay","geo_location":{ "type": "Point", "coordinates": [-81.0696, 38.4764] }},
{"zip_code":"25133","country":"US","city":"Maysel","state":"West Virginia","state_ab":"WV","county":"Clay","geo_location":{ "type": "Point", "coordinates": [-81.1227, 38.4939] }},
{"zip_code":"25119","country":"US","city":"Kincaid","state":"West Virginia","state_ab":"WV","county":"Fayette","geo_location":{ "type": "Point", "coordinates": [-81.0648, 38.0413] }},
{"zip_code":"25120","country":"US","city":"Kingston","state":"West Virginia","state_ab":"WV","county":"Fayette County","geo_location":{ "type": "Point", "coordinates": [-81.3046, 37.9735] }},
{"zip_code":"25173","country":"US","city":"Robson","state":"West Virginia","state_ab":"WV","county":"Fayette","geo_location":{ "type": "Point", "coordinates": [-81.2488, 38.0973] }},
{"zip_code":"25186","country":"US","city":"Smithers","state":"West Virginia","state_ab":"WV","county":"Fayette","geo_location":{ "type": "Point", "coordinates": [-81.278, 38.1543] }},
{"zip_code":"25986","country":"US","city":"Spring Dale","state":"West Virginia","state_ab":"WV","county":"Fayette","geo_location":{ "type": "Point", "coordinates": [-81.0648, 38.0413] }},
{"zip_code":"26680","country":"US","city":"Nallen","state":"West Virginia","state_ab":"WV","county":"Fayette","geo_location":{ "type": "Point", "coordinates": [-81.0648, 38.0413] }},
{"zip_code":"26833","country":"US","city":"Maysville","state":"West Virginia","state_ab":"WV","county":"Grant","geo_location":{ "type": "Point", "coordinates": [-79.1937, 39.0712] }},
{"zip_code":"24916","country":"US","city":"Asbury","state":"West Virginia","state_ab":"WV","county":"Greenbrier","geo_location":{ "type": "Point", "coordinates": [-80.5747, 37.8313] }},
{"zip_code":"24943","country":"US","city":"Grassy Meadows","state":"West Virginia","state_ab":"WV","county":"Greenbrier","geo_location":{ "type": "Point", "coordinates": [-80.4269, 37.9756] }},
{"zip_code":"24970","country":"US","city":"Ronceverte","state":"West Virginia","state_ab":"WV","county":"Greenbrier","geo_location":{ "type": "Point", "coordinates": [-80.4626, 37.7418] }},
{"zip_code":"26729","country":"US","city":"Kirby","state":"West Virginia","state_ab":"WV","county":"Hampshire County","geo_location":{ "type": "Point", "coordinates": [-78.736, 39.1975] }},
{"zip_code":"26330","country":"US","city":"Bridgeport","state":"West Virginia","state_ab":"WV","county":"Harrison","geo_location":{ "type": "Point", "coordinates": [-80.2427, 39.2954] }},
{"zip_code":"26369","country":"US","city":"Hepzibah","state":"West Virginia","state_ab":"WV","county":"Harrison","geo_location":{ "type": "Point", "coordinates": [-80.3325, 39.3312] }}]}