{"value": [{"zip_code":"34740","country":"US","city":"Killarney","state":"Florida","state_ab":"FL","county":"Orange","geo_location":{ "type": "Point", "coordinates": [-81.6507, 28.5454] }},
{"zip_code":"34739","country":"US","city":"Kenansville","state":"Florida","state_ab":"FL","county":"Osceola","geo_location":{ "type": "Point", "coordinates": [-81.05, 27.8767] }},
{"zip_code":"33413","country":"US","city":"West Palm Beach","state":"Florida","state_ab":"FL","county":"Palm Beach","geo_location":{ "type": "Point", "coordinates": [-80.1596, 26.6555] }},
{"zip_code":"33426","country":"US","city":"Boynton Beach","state":"Florida","state_ab":"FL","county":"Palm Beach","geo_location":{ "type": "Point", "coordinates": [-80.0834, 26.5175] }},
{"zip_code":"33439","country":"US","city":"Bryant","state":"Florida","state_ab":"FL","county":"Palm Beach","geo_location":{ "type": "Point", "coordinates": [-80.4303, 26.6459] }},
{"zip_code":"33466","country":"US","city":"Lake Worth","state":"Florida","state_ab":"FL","county":"Palm Beach","geo_location":{ "type": "Point", "coordinates": [-80.4303, 26.6459] }},
{"zip_code":"33480","country":"US","city":"Palm Beach","state":"Florida","state_ab":"FL","county":"Palm Beach","geo_location":{ "type": "Point", "coordinates": [-80.0388, 26.7206] }},
{"zip_code":"33493","country":"US","city":"South Bay","state":"Florida","state_ab":"FL","county":"Palm Beach","geo_location":{ "type": "Point", "coordinates": [-80.7312, 26.6701] }},
{"zip_code":"33543","country":"US","city":"Zephyrhills","state":"Florida","state_ab":"FL","county":"Pasco","geo_location":{ "type": "Point", "coordinates": [-82.3063, 28.2059] }},
{"zip_code":"34610","country":"US","city":"Brooksville","state":"Florida","state_ab":"FL","county":"Pasco","geo_location":{ "type": "Point", "coordinates": [-82.5241, 28.3775] }},
{"zip_code":"34690","country":"US","city":"Holiday","state":"Florida","state_ab":"FL","county":"Pasco","geo_location":{ "type": "Point", "coordinates": [-82.7279, 28.1913] }},
{"zip_code":"33709","country":"US","city":"Saint Petersburg","state":"Florida","state_ab":"FL","county":"Pinellas","geo_location":{ "type": "Point", "coordinates": [-82.7308, 27.8201] }},
{"zip_code":"33710","country":"US","city":"Saint Petersburg","state":"Florida","state_ab":"FL","county":"Pinellas","geo_location":{ "type": "Point", "coordinates": [-82.7243, 27.7898] }},
{"zip_code":"33736","country":"US","city":"Saint Petersburg","state":"Florida","state_ab":"FL","county":"Pinellas","geo_location":{ "type": "Point", "coordinates": [-82.7248, 27.8918] }},
{"zip_code":"33763","country":"US","city":"Clearwater","state":"Florida","state_ab":"FL","county":"Pinellas","geo_location":{ "type": "Point", "coordinates": [-82.7461, 28.0173] }},
{"zip_code":"33776","country":"US","city":"Seminole","state":"Florida","state_ab":"FL","county":"Pinellas","geo_location":{ "type": "Point", "coordinates": [-82.8263, 27.8505] }},
{"zip_code":"34649","country":"US","city":"Largo","state":"Florida","state_ab":"FL","county":"Pinellas County","geo_location":{ "type": "Point", "coordinates": [-82.7874, 27.909] }},
{"zip_code":"34689","country":"US","city":"Tarpon Springs","state":"Florida","state_ab":"FL","county":"Pinellas","geo_location":{ "type": "Point", "coordinates": [-82.743, 28.1385] }},
{"zip_code":"33813","country":"US","city":"Lakeland","state":"Florida","state_ab":"FL","county":"Polk","geo_location":{ "type": "Point", "coordinates": [-81.9398, 27.9611] }},
{"zip_code":"33839","country":"US","city":"Eagle Lake","state":"Florida","state_ab":"FL","county":"Polk","geo_location":{ "type": "Point", "coordinates": [-81.7564, 27.9787] }},
{"zip_code":"33840","country":"US","city":"Eaton Park","state":"Florida","state_ab":"FL","county":"Polk","geo_location":{ "type": "Point", "coordinates": [-81.5415, 28.0844] }},
{"zip_code":"33853","country":"US","city":"Lake Wales","state":"Florida","state_ab":"FL","county":"Polk","geo_location":{ "type": "Point", "coordinates": [-81.5847, 27.9002] }},
{"zip_code":"33880","country":"US","city":"Winter Haven","state":"Florida","state_ab":"FL","county":"Polk","geo_location":{ "type": "Point", "coordinates": [-81.7625, 27.9873] }},
{"zip_code":"32139","country":"US","city":"Georgetown","state":"Florida","state_ab":"FL","county":"Putnam","geo_location":{ "type": "Point", "coordinates": [-81.6183, 29.3842] }},
{"zip_code":"32140","country":"US","city":"Florahome","state":"Florida","state_ab":"FL","county":"Putnam","geo_location":{ "type": "Point", "coordinates": [-81.8622, 29.7581] }},
{"zip_code":"32193","country":"US","city":"Welaka","state":"Florida","state_ab":"FL","county":"Putnam","geo_location":{ "type": "Point", "coordinates": [-81.653, 29.4905] }},
{"zip_code":"34946","country":"US","city":"Fort Pierce","state":"Florida","state_ab":"FL","county":"St. Lucie","geo_location":{ "type": "Point", "coordinates": [-80.36, 27.5008] }},
{"zip_code":"34986","country":"US","city":"Port Saint Lucie","state":"Florida","state_ab":"FL","county":"St. Lucie","geo_location":{ "type": "Point", "coordinates": [-80.403, 27.3215] }},
{"zip_code":"32566","country":"US","city":"Navarre","state":"Florida","state_ab":"FL","county":"Santa Rosa","geo_location":{ "type": "Point", "coordinates": [-86.8926, 30.4212] }},
{"zip_code":"34223","country":"US","city":"Englewood","state":"Florida","state_ab":"FL","county":"Sarasota","geo_location":{ "type": "Point", "coordinates": [-82.3599, 26.9667] }},
{"zip_code":"34236","country":"US","city":"Sarasota","state":"Florida","state_ab":"FL","county":"Sarasota","geo_location":{ "type": "Point", "coordinates": [-82.5433, 27.3269] }},
{"zip_code":"34276","country":"US","city":"Sarasota","state":"Florida","state_ab":"FL","county":"Sarasota","geo_location":{ "type": "Point", "coordinates": [-82.381, 27.1675] }},
{"zip_code":"34289","country":"US","city":"North Port","state":"Florida","state_ab":"FL","county":"Sarasota","geo_location":{ "type": "Point", "coordinates": [-82.1516, 27.0808] }},
{"zip_code":"34290","country":"US","city":"North Port","state":"Florida","state_ab":"FL","county":"Sarasota County","geo_location":{ "type": "Point", "coordinates": [-82.2491, 27.0459] }},
{"zip_code":"32719","country":"US","city":"Winter Springs","state":"Florida","state_ab":"FL","county":"Seminole","geo_location":{ "type": "Point", "coordinates": [-81.2233, 28.7448] }},
{"zip_code":"32733","country":"US","city":"Goldenrod","state":"Florida","state_ab":"FL","county":"Seminole","geo_location":{ "type": "Point", "coordinates": [-81.2581, 28.6133] }},
{"zip_code":"32746","country":"US","city":"Lake Mary","state":"Florida","state_ab":"FL","county":"Seminole","geo_location":{ "type": "Point", "coordinates": [-81.3508, 28.7577] }},
{"zip_code":"32773","country":"US","city":"Sanford","state":"Florida","state_ab":"FL","county":"Seminole","geo_location":{ "type": "Point", "coordinates": [-81.282, 28.7644] }},
{"zip_code":"32799","country":"US","city":"Mid Florida","state":"Florida","state_ab":"FL","county":"Seminole","geo_location":{ "type": "Point", "coordinates": [-81.2233, 28.7448] }},
{"zip_code":"32359","country":"US","city":"Steinhatchee","state":"Florida","state_ab":"FL","county":"Taylor","geo_location":{ "type": "Point", "coordinates": [-83.3723, 29.6739] }},
{"zip_code":"32126","country":"US","city":"Daytona Beach","state":"Florida","state_ab":"FL","county":"Volusia","geo_location":{ "type": "Point", "coordinates": [-81.1722, 29.0227] }},
{"zip_code":"32180","country":"US","city":"Pierson","state":"Florida","state_ab":"FL","county":"Volusia","geo_location":{ "type": "Point", "coordinates": [-81.4353, 29.2226] }},
{"zip_code":"32706","country":"US","city":"Cassadaga","state":"Florida","state_ab":"FL","county":"Volusia","geo_location":{ "type": "Point", "coordinates": [-81.2371, 28.9664] }},
{"zip_code":"32720","country":"US","city":"Deland","state":"Florida","state_ab":"FL","county":"Volusia","geo_location":{ "type": "Point", "coordinates": [-81.3349, 29.0266] }},
{"zip_code":"32759","country":"US","city":"Oak Hill","state":"Florida","state_ab":"FL","county":"Volusia","geo_location":{ "type": "Point", "coordinates": [-80.8551, 28.87] }},
{"zip_code":"32346","country":"US","city":"Panacea","state":"Florida","state_ab":"FL","county":"Wakulla","geo_location":{ "type": "Point", "coordinates": [-84.3912, 30.0153] }},
{"zip_code":"32463","country":"US","city":"Wausau","state":"Florida","state_ab":"FL","county":"Washington","geo_location":{ "type": "Point", "coordinates": [-85.5879, 30.6391] }},
{"zip_code":"31563","country":"US","city":"Surrency","state":"Georgia","state_ab":"GA","county":"Appling","geo_location":{ "type": "Point", "coordinates": [-82.1982, 31.6489] }},
{"zip_code":"31510","country":"US","city":"Alma","state":"Georgia","state_ab":"GA","county":"Bacon","geo_location":{ "type": "Point", "coordinates": [-82.4633, 31.5465] }},
{"zip_code":"31770","country":"US","city":"Newton","state":"Georgia","state_ab":"GA","county":"Baker","geo_location":{ "type": "Point", "coordinates": [-84.4411, 31.3134] }},
{"zip_code":"31059","country":"US","city":"Milledgeville","state":"Georgia","state_ab":"GA","county":"Baldwin County","geo_location":{ "type": "Point", "coordinates": [-83.238, 33.0846] }},
{"zip_code":"30120","country":"US","city":"Cartersville","state":"Georgia","state_ab":"GA","county":"Bartow","geo_location":{ "type": "Point", "coordinates": [-84.8204, 34.187] }},
{"zip_code":"31639","country":"US","city":"Nashville","state":"Georgia","state_ab":"GA","county":"Berrien","geo_location":{ "type": "Point", "coordinates": [-83.2319, 31.2074] }},
{"zip_code":"31213","country":"US","city":"Macon","state":"Georgia","state_ab":"GA","county":"Bibb","geo_location":{ "type": "Point", "coordinates": [-83.6388, 32.8393] }},
{"zip_code":"30456","country":"US","city":"Sardis","state":"Georgia","state_ab":"GA","county":"Burke","geo_location":{ "type": "Point", "coordinates": [-81.773, 32.9809] }},
{"zip_code":"30816","country":"US","city":"Keysville","state":"Georgia","state_ab":"GA","county":"Burke","geo_location":{ "type": "Point", "coordinates": [-82.1834, 33.1719] }},
{"zip_code":"30830","country":"US","city":"Waynesboro","state":"Georgia","state_ab":"GA","county":"Burke","geo_location":{ "type": "Point", "coordinates": [-81.9908, 33.1013] }},
{"zip_code":"39886","country":"US","city":"Shellman","state":"Georgia","state_ab":"GA","county":"Calhoun County","geo_location":{ "type": "Point", "coordinates": [-84.6092, 31.7608] }},
{"zip_code":"30119","country":"US","city":"Carrollton","state":"Georgia","state_ab":"GA","county":"Carroll","geo_location":{ "type": "Point", "coordinates": [-85.0736, 33.6189] }},
{"zip_code":"30726","country":"US","city":"Graysville","state":"Georgia","state_ab":"GA","county":"Catoosa","geo_location":{ "type": "Point", "coordinates": [-85.1408, 34.9802] }},
{"zip_code":"31406","country":"US","city":"Savannah","state":"Georgia","state_ab":"GA","county":"Chatham","geo_location":{ "type": "Point", "coordinates": [-81.0979, 31.989] }},
{"zip_code":"31419","country":"US","city":"Savannah","state":"Georgia","state_ab":"GA","county":"Chatham","geo_location":{ "type": "Point", "coordinates": [-81.2358, 31.9959] }},
{"zip_code":"31420","country":"US","city":"Savannah","state":"Georgia","state_ab":"GA","county":"Chatham","geo_location":{ "type": "Point", "coordinates": [-81.0716, 31.9714] }},
{"zip_code":"31499","country":"US","city":"Savannah","state":"Georgia","state_ab":"GA","county":"Chatham","geo_location":{ "type": "Point", "coordinates": [-81.0716, 31.9714] }},
{"zip_code":"30753","country":"US","city":"Trion","state":"Georgia","state_ab":"GA","county":"Chattooga","geo_location":{ "type": "Point", "coordinates": [-85.3112, 34.5468] }},
{"zip_code":"30146","country":"US","city":"Lebanon","state":"Georgia","state_ab":"GA","county":"Cherokee","geo_location":{ "type": "Point", "coordinates": [-84.4583, 34.2429] }},
{"zip_code":"30609","country":"US","city":"Athens","state":"Georgia","state_ab":"GA","county":"Clarke","geo_location":{ "type": "Point", "coordinates": [-83.3774, 33.9464] }},
{"zip_code":"30610","country":"US","city":"Athens","state":"Georgia","state_ab":"GA","county":"Clarke","geo_location":{ "type": "Point", "coordinates": [-83.3891, 33.9443] }},
{"zip_code":"39846","country":"US","city":"Edison","state":"Georgia","state_ab":"GA","county":"Clay County","geo_location":{ "type": "Point", "coordinates": [-84.7381, 31.5607] }},
{"zip_code":"30236","country":"US","city":"Jonesboro","state":"Georgia","state_ab":"GA","county":"Clayton","geo_location":{ "type": "Point", "coordinates": [-84.359, 33.5242] }},
{"zip_code":"30250","country":"US","city":"Lovejoy","state":"Georgia","state_ab":"GA","county":"Clayton","geo_location":{ "type": "Point", "coordinates": [-84.3136, 33.4429] }},
{"zip_code":"30069","country":"US","city":"Marietta","state":"Georgia","state_ab":"GA","county":"Cobb","geo_location":{ "type": "Point", "coordinates": [-84.5572, 33.9125] }},
{"zip_code":"30106","country":"US","city":"Austell","state":"Georgia","state_ab":"GA","county":"Cobb","geo_location":{ "type": "Point", "coordinates": [-84.6307, 33.8369] }},
{"zip_code":"30160","country":"US","city":"Kennesaw","state":"Georgia","state_ab":"GA","county":"Cobb County","geo_location":{ "type": "Point", "coordinates": [-84.625, 34.0177] }},
{"zip_code":"31756","country":"US","city":"Hartsfield","state":"Georgia","state_ab":"GA","county":"Colquitt","geo_location":{ "type": "Point", "coordinates": [-83.9704, 31.2173] }},
{"zip_code":"30263","country":"US","city":"Newnan","state":"Georgia","state_ab":"GA","county":"Coweta","geo_location":{ "type": "Point", "coordinates": [-84.8194, 33.3696] }},
{"zip_code":"30276","country":"US","city":"Senoia","state":"Georgia","state_ab":"GA","county":"Coweta","geo_location":{ "type": "Point", "coordinates": [-84.5918, 33.2845] }},
{"zip_code":"30289","country":"US","city":"Turin","state":"Georgia","state_ab":"GA","county":"Coweta","geo_location":{ "type": "Point", "coordinates": [-84.6371, 33.326] }},
{"zip_code":"39819","country":"US","city":"Bainbridge","state":"Georgia","state_ab":"GA","county":"Decatur County","geo_location":{ "type": "Point", "coordinates": [-84.569, 30.9039] }},
{"zip_code":"30030","country":"US","city":"Decatur","state":"Georgia","state_ab":"GA","county":"DeKalb","geo_location":{ "type": "Point", "coordinates": [-84.295, 33.7699] }},
{"zip_code":"30083","country":"US","city":"Stone Mountain","state":"Georgia","state_ab":"GA","county":"DeKalb","geo_location":{ "type": "Point", "coordinates": [-84.2018, 33.7942] }},
{"zip_code":"30340","country":"US","city":"Atlanta","state":"Georgia","state_ab":"GA","county":"DeKalb","geo_location":{ "type": "Point", "coordinates": [-84.2539, 33.8932] }},
{"zip_code":"30366","country":"US","city":"Atlanta","state":"Georgia","state_ab":"GA","county":"DeKalb","geo_location":{ "type": "Point", "coordinates": [-84.0746, 33.8913] }},
{"zip_code":"31073","country":"US","city":"Plainfield","state":"Georgia","state_ab":"GA","county":"Dodge","geo_location":{ "type": "Point", "coordinates": [-83.1229, 32.1764] }},
{"zip_code":"31703","country":"US","city":"Albany","state":"Georgia","state_ab":"GA","county":"Dougherty","geo_location":{ "type": "Point", "coordinates": [-84.2196, 31.5431] }},
{"zip_code":"30133","country":"US","city":"Douglasville","state":"Georgia","state_ab":"GA","county":"Douglas","geo_location":{ "type": "Point", "coordinates": [-84.7446, 33.6897] }},
{"zip_code":"31303","country":"US","city":"Clyo","state":"Georgia","state_ab":"GA","county":"Effingham","geo_location":{ "type": "Point", "coordinates": [-81.3086, 32.5126] }},
{"zip_code":"31329","country":"US","city":"Springfield","state":"Georgia","state_ab":"GA","county":"Effingham","geo_location":{ "type": "Point", "coordinates": [-81.3618, 32.3697] }},
{"zip_code":"30429","country":"US","city":"Hagan","state":"Georgia","state_ab":"GA","county":"Evans","geo_location":{ "type": "Point", "coordinates": [-81.9259, 32.1528] }},
{"zip_code":"30559","country":"US","city":"Mineral Bluff","state":"Georgia","state_ab":"GA","county":"Fannin","geo_location":{ "type": "Point", "coordinates": [-84.2541, 34.9341] }},
{"zip_code":"30560","country":"US","city":"Morganton","state":"Georgia","state_ab":"GA","county":"Fannin","geo_location":{ "type": "Point", "coordinates": [-84.2115, 34.8714] }},
{"zip_code":"30290","country":"US","city":"Tyrone","state":"Georgia","state_ab":"GA","county":"Fayette","geo_location":{ "type": "Point", "coordinates": [-84.5914, 33.4719] }},
{"zip_code":"30173","country":"US","city":"Silver Creek","state":"Georgia","state_ab":"GA","county":"Floyd","geo_location":{ "type": "Point", "coordinates": [-85.1429, 34.1593] }},
{"zip_code":"30520","country":"US","city":"Canon","state":"Georgia","state_ab":"GA","county":"Franklin","geo_location":{ "type": "Point", "coordinates": [-83.1267, 34.3478] }},
{"zip_code":"30313","country":"US","city":"Atlanta","state":"Georgia","state_ab":"GA","county":"Fulton","geo_location":{ "type": "Point", "coordinates": [-84.3935, 33.7683] }},
{"zip_code":"30326","country":"US","city":"Atlanta","state":"Georgia","state_ab":"GA","county":"Fulton","geo_location":{ "type": "Point", "coordinates": [-84.3582, 33.8482] }},
{"zip_code":"30339","country":"US","city":"Atlanta","state":"Georgia","state_ab":"GA","county":"Fulton","geo_location":{ "type": "Point", "coordinates": [-84.4629, 33.8713] }},
{"zip_code":"30353","country":"US","city":"Atlanta","state":"Georgia","state_ab":"GA","county":"Fulton","geo_location":{ "type": "Point", "coordinates": [-84.4741, 33.8444] }},
{"zip_code":"30379","country":"US","city":"Atlanta","state":"Georgia","state_ab":"GA","county":"Fulton","geo_location":{ "type": "Point", "coordinates": [-84.4741, 33.8444] }},
{"zip_code":"30380","country":"US","city":"Atlanta","state":"Georgia","state_ab":"GA","county":"Fulton","geo_location":{ "type": "Point", "coordinates": [-84.4741, 33.8444] }},
{"zip_code":"31136","country":"US","city":"Atlanta","state":"Georgia","state_ab":"GA","county":"Fulton County","geo_location":{ "type": "Point", "coordinates": [-84.3824, 33.7473] }},
{"zip_code":"31150","country":"US","city":"Atlanta","state":"Georgia","state_ab":"GA","county":"Fulton","geo_location":{ "type": "Point", "coordinates": [-84.4741, 33.8444] }},
{"zip_code":"31190","country":"US","city":"Atlanta","state":"Georgia","state_ab":"GA","county":"Fulton County","geo_location":{ "type": "Point", "coordinates": [-84.4226, 33.7629] }},
{"zip_code":"31523","country":"US","city":"Brunswick","state":"Georgia","state_ab":"GA","county":"Glynn","geo_location":{ "type": "Point", "coordinates": [-81.546, 31.2189] }},
{"zip_code":"31729","country":"US","city":"Calvary","state":"Georgia","state_ab":"GA","county":"Grady","geo_location":{ "type": "Point", "coordinates": [-84.3518, 30.7147] }},
{"zip_code":"30003","country":"US","city":"Norcross","state":"Georgia","state_ab":"GA","county":"Gwinnett","geo_location":{ "type": "Point", "coordinates": [-84.0379, 33.9604] }},
{"zip_code":"30029","country":"US","city":"Duluth","state":"Georgia","state_ab":"GA","county":"Gwinnett","geo_location":{ "type": "Point", "coordinates": [-84.0379, 33.9604] }},
{"zip_code":"30043","country":"US","city":"Lawrenceville","state":"Georgia","state_ab":"GA","county":"Gwinnett","geo_location":{ "type": "Point", "coordinates": [-84.0126, 34.0031] }},
{"zip_code":"30096","country":"US","city":"Duluth","state":"Georgia","state_ab":"GA","county":"Gwinnett","geo_location":{ "type": "Point", "coordinates": [-84.1529, 33.9845] }},
{"zip_code":"30199","country":"US","city":"Duluth","state":"Georgia","state_ab":"GA","county":"Gwinnett County","geo_location":{ "type": "Point", "coordinates": [-84.1446, 34.0026] }},
{"zip_code":"30519","country":"US","city":"Buford","state":"Georgia","state_ab":"GA","county":"Gwinnett","geo_location":{ "type": "Point", "coordinates": [-83.9308, 34.0797] }},
{"zip_code":"30506","country":"US","city":"Gainesville","state":"Georgia","state_ab":"GA","county":"Hall","geo_location":{ "type": "Point", "coordinates": [-83.8882, 34.3562] }},
{"zip_code":"85540","country":"US","city":"Morenci","state":"Arizona","state_ab":"AZ","county":"Greenlee","geo_location":{ "type": "Point", "coordinates": [-109.3115, 33.0436] }},
{"zip_code":"85346","country":"US","city":"Quartzsite","state":"Arizona","state_ab":"AZ","county":"La Paz","geo_location":{ "type": "Point", "coordinates": [-114.1925, 33.7292] }},
{"zip_code":"85359","country":"US","city":"Quartzsite","state":"Arizona","state_ab":"AZ","county":"La Paz","geo_location":{ "type": "Point", "coordinates": [-114.2396, 33.6669] }},
{"zip_code":"85009","country":"US","city":"Phoenix","state":"Arizona","state_ab":"AZ","county":"Maricopa","geo_location":{ "type": "Point", "coordinates": [-112.1284, 33.4564] }},
{"zip_code":"85010","country":"US","city":"Phoenix","state":"Arizona","state_ab":"AZ","county":"Maricopa","geo_location":{ "type": "Point", "coordinates": [-112.1872, 33.2765] }},
{"zip_code":"85023","country":"US","city":"Phoenix","state":"Arizona","state_ab":"AZ","county":"Maricopa","geo_location":{ "type": "Point", "coordinates": [-112.1118, 33.6324] }},
{"zip_code":"85036","country":"US","city":"Phoenix","state":"Arizona","state_ab":"AZ","county":"Maricopa","geo_location":{ "type": "Point", "coordinates": [-112.1872, 33.2765] }},
{"zip_code":"85050","country":"US","city":"Phoenix","state":"Arizona","state_ab":"AZ","county":"Maricopa","geo_location":{ "type": "Point", "coordinates": [-111.9963, 33.6863] }},
{"zip_code":"85063","country":"US","city":"Phoenix","state":"Arizona","state_ab":"AZ","county":"Maricopa","geo_location":{ "type": "Point", "coordinates": [-112.1872, 33.2765] }},
{"zip_code":"85076","country":"US","city":"Phoenix","state":"Arizona","state_ab":"AZ","county":"Maricopa","geo_location":{ "type": "Point", "coordinates": [-112.1872, 33.2765] }},
{"zip_code":"85203","country":"US","city":"Mesa","state":"Arizona","state_ab":"AZ","county":"Maricopa","geo_location":{ "type": "Point", "coordinates": [-111.8057, 33.437] }},
{"zip_code":"85216","country":"US","city":"Mesa","state":"Arizona","state_ab":"AZ","county":"Maricopa","geo_location":{ "type": "Point", "coordinates": [-112.1872, 33.2765] }},
{"zip_code":"85256","country":"US","city":"Scottsdale","state":"Arizona","state_ab":"AZ","county":"Maricopa","geo_location":{ "type": "Point", "coordinates": [-111.8533, 33.4858] }},
{"zip_code":"85269","country":"US","city":"Fountain Hills","state":"Arizona","state_ab":"AZ","county":"Maricopa","geo_location":{ "type": "Point", "coordinates": [-112.1872, 33.2765] }},
{"zip_code":"85283","country":"US","city":"Tempe","state":"Arizona","state_ab":"AZ","county":"Maricopa","geo_location":{ "type": "Point", "coordinates": [-111.9312, 33.3665] }},
{"zip_code":"85296","country":"US","city":"Gilbert","state":"Arizona","state_ab":"AZ","county":"Maricopa","geo_location":{ "type": "Point", "coordinates": [-111.7406, 33.3354] }},
{"zip_code":"85306","country":"US","city":"Glendale","state":"Arizona","state_ab":"AZ","county":"Maricopa","geo_location":{ "type": "Point", "coordinates": [-112.1776, 33.6239] }},
{"zip_code":"85320","country":"US","city":"Aguila","state":"Arizona","state_ab":"AZ","county":"Maricopa","geo_location":{ "type": "Point", "coordinates": [-113.2134, 33.9186] }},
{"zip_code":"85373","country":"US","city":"Sun City","state":"Arizona","state_ab":"AZ","county":"Maricopa","geo_location":{ "type": "Point", "coordinates": [-112.3214, 33.6588] }},
{"zip_code":"85360","country":"US","city":"Wikieup","state":"Arizona","state_ab":"AZ","county":"Mohave","geo_location":{ "type": "Point", "coordinates": [-113.8106, 35.7478] }},
{"zip_code":"86413","country":"US","city":"Golden Valley","state":"Arizona","state_ab":"AZ","county":"Mohave","geo_location":{ "type": "Point", "coordinates": [-114.2215, 35.3002] }},
{"zip_code":"86426","country":"US","city":"Fort Mohave","state":"Arizona","state_ab":"AZ","county":"Mohave","geo_location":{ "type": "Point", "coordinates": [-114.5687, 35.0052] }},
{"zip_code":"86439","country":"US","city":"Bullhead City","state":"Arizona","state_ab":"AZ","county":"Mohave","geo_location":{ "type": "Point", "coordinates": [-114.6194, 35.0958] }},
{"zip_code":"86440","country":"US","city":"Mohave Valley","state":"Arizona","state_ab":"AZ","county":"Mohave","geo_location":{ "type": "Point", "coordinates": [-114.5951, 34.8929] }},
{"zip_code":"85926","country":"US","city":"Fort Apache","state":"Arizona","state_ab":"AZ","county":"Navajo","geo_location":{ "type": "Point", "coordinates": [-110.0106, 34.2012] }},
{"zip_code":"85939","country":"US","city":"Taylor","state":"Arizona","state_ab":"AZ","county":"Navajo","geo_location":{ "type": "Point", "coordinates": [-110.0858, 34.439] }},
{"zip_code":"86039","country":"US","city":"Kykotsmovi Village","state":"Arizona","state_ab":"AZ","county":"Navajo","geo_location":{ "type": "Point", "coordinates": [-110.2887, 35.2857] }},
{"zip_code":"85629","country":"US","city":"Sahuarita","state":"Arizona","state_ab":"AZ","county":"Pima","geo_location":{ "type": "Point", "coordinates": [-111.0002, 31.9452] }},
{"zip_code":"85706","country":"US","city":"Tucson","state":"Arizona","state_ab":"AZ","county":"Pima","geo_location":{ "type": "Point", "coordinates": [-110.9451, 32.1392] }},
{"zip_code":"85719","country":"US","city":"Tucson","state":"Arizona","state_ab":"AZ","county":"Pima","geo_location":{ "type": "Point", "coordinates": [-110.9491, 32.2474] }},
{"zip_code":"85720","country":"US","city":"Tucson","state":"Arizona","state_ab":"AZ","county":"Pima","geo_location":{ "type": "Point", "coordinates": [-111.8907, 31.9701] }},
{"zip_code":"85733","country":"US","city":"Tucson","state":"Arizona","state_ab":"AZ","county":"Pima","geo_location":{ "type": "Point", "coordinates": [-111.8907, 31.9701] }},
{"zip_code":"85746","country":"US","city":"Tucson","state":"Arizona","state_ab":"AZ","county":"Pima","geo_location":{ "type": "Point", "coordinates": [-111.0506, 32.1422] }},
{"zip_code":"85139","country":"US","city":"Maricopa","state":"Arizona","state_ab":"AZ","county":"Pinal","geo_location":{ "type": "Point", "coordinates": [-112.0534, 32.9576] }},
{"zip_code":"85140","country":"US","city":"Queen Creek","state":"Arizona","state_ab":"AZ","county":"Pinal County","geo_location":{ "type": "Point", "coordinates": [-111.5322, 33.2286] }},
{"zip_code":"85179","country":"US","city":"Florence","state":"Arizona","state_ab":"AZ","county":"Pinal","geo_location":{ "type": "Point", "coordinates": [-111.326, 32.9837] }},
{"zip_code":"85193","country":"US","city":"Casa Grande","state":"Arizona","state_ab":"AZ","county":"Pinal County","geo_location":{ "type": "Point", "coordinates": [-111.7973, 32.8554] }},
{"zip_code":"86323","country":"US","city":"Chino Valley","state":"Arizona","state_ab":"AZ","county":"Yavapai","geo_location":{ "type": "Point", "coordinates": [-112.4731, 34.7757] }},
{"zip_code":"85333","country":"US","city":"Dateland","state":"Arizona","state_ab":"AZ","county":"Yuma","geo_location":{ "type": "Point", "coordinates": [-113.4631, 32.8679] }},
{"zip_code":"94539","country":"US","city":"Fremont","state":"California","state_ab":"CA","county":"Alameda","geo_location":{ "type": "Point", "coordinates": [-121.9287, 37.5176] }},
{"zip_code":"94540","country":"US","city":"Hayward","state":"California","state_ab":"CA","county":"Alameda","geo_location":{ "type": "Point", "coordinates": [-121.9215, 37.6802] }},
{"zip_code":"94566","country":"US","city":"Pleasanton","state":"California","state_ab":"CA","county":"Alameda","geo_location":{ "type": "Point", "coordinates": [-121.8755, 37.6658] }},
{"zip_code":"94579","country":"US","city":"San Leandro","state":"California","state_ab":"CA","county":"Alameda","geo_location":{ "type": "Point", "coordinates": [-122.1507, 37.6892] }},
{"zip_code":"94580","country":"US","city":"San Lorenzo","state":"California","state_ab":"CA","county":"Alameda","geo_location":{ "type": "Point", "coordinates": [-122.1295, 37.6787] }},
{"zip_code":"94603","country":"US","city":"Oakland","state":"California","state_ab":"CA","county":"Alameda","geo_location":{ "type": "Point", "coordinates": [-122.171, 37.7402] }},
{"zip_code":"94616","country":"US","city":"Oakland","state":"California","state_ab":"CA","county":"Alameda County","geo_location":{ "type": "Point", "coordinates": [-122.2698, 37.8044] }},
{"zip_code":"94643","country":"US","city":"Oakland","state":"California","state_ab":"CA","county":"Alameda","geo_location":{ "type": "Point", "coordinates": [-121.9215, 37.6802] }},
{"zip_code":"94706","country":"US","city":"Albany","state":"California","state_ab":"CA","county":"Alameda","geo_location":{ "type": "Point", "coordinates": [-122.2954, 37.89] }},
{"zip_code":"94720","country":"US","city":"Berkeley","state":"California","state_ab":"CA","county":"Alameda","geo_location":{ "type": "Point", "coordinates": [-122.2549, 37.8738] }},
{"zip_code":"95646","country":"US","city":"Kirkwood","state":"California","state_ab":"CA","county":"Alpine","geo_location":{ "type": "Point", "coordinates": [-120.0736, 38.6918] }},
{"zip_code":"96120","country":"US","city":"Markleeville","state":"California","state_ab":"CA","county":"Alpine","geo_location":{ "type": "Point", "coordinates": [-119.8327, 38.7713] }},
{"zip_code":"95699","country":"US","city":"Drytown","state":"California","state_ab":"CA","county":"Amador","geo_location":{ "type": "Point", "coordinates": [-120.8533, 38.4411] }},
{"zip_code":"95916","country":"US","city":"Berry Creek","state":"California","state_ab":"CA","county":"Butte","geo_location":{ "type": "Point", "coordinates": [-121.3689, 39.6776] }},
{"zip_code":"95929","country":"US","city":"Chico","state":"California","state_ab":"CA","county":"Butte","geo_location":{ "type": "Point", "coordinates": [-121.8414, 39.7301] }},
{"zip_code":"95930","country":"US","city":"Clipper Mills","state":"California","state_ab":"CA","county":"Butte","geo_location":{ "type": "Point", "coordinates": [-121.1675, 39.5302] }},
{"zip_code":"95969","country":"US","city":"Paradise","state":"California","state_ab":"CA","county":"Butte","geo_location":{ "type": "Point", "coordinates": [-121.6069, 39.7555] }},
{"zip_code":"95233","country":"US","city":"Hathaway Pines","state":"California","state_ab":"CA","county":"Calaveras","geo_location":{ "type": "Point", "coordinates": [-120.3644, 38.1919] }},
{"zip_code":"95246","country":"US","city":"Mountain Ranch","state":"California","state_ab":"CA","county":"Calaveras","geo_location":{ "type": "Point", "coordinates": [-120.4994, 38.2328] }},
{"zip_code":"95970","country":"US","city":"Princeton","state":"California","state_ab":"CA","county":"Colusa","geo_location":{ "type": "Point", "coordinates": [-122.0519, 39.4168] }},
{"zip_code":"94513","country":"US","city":"Brentwood","state":"California","state_ab":"CA","county":"Contra Costa","geo_location":{ "type": "Point", "coordinates": [-121.6894, 37.9324] }},
{"zip_code":"94526","country":"US","city":"Danville","state":"California","state_ab":"CA","county":"Contra Costa","geo_location":{ "type": "Point", "coordinates": [-121.966, 37.814] }},
{"zip_code":"94553","country":"US","city":"Martinez","state":"California","state_ab":"CA","county":"Contra Costa","geo_location":{ "type": "Point", "coordinates": [-122.135, 37.9864] }},
{"zip_code":"94850","country":"US","city":"Richmond","state":"California","state_ab":"CA","county":"Contra Costa","geo_location":{ "type": "Point", "coordinates": [-121.9554, 37.7772] }},
{"zip_code":"95543","country":"US","city":"Gasquet","state":"California","state_ab":"CA","county":"Del Norte","geo_location":{ "type": "Point", "coordinates": [-123.831, 41.9056] }},
{"zip_code":"95619","country":"US","city":"Diamond Springs","state":"California","state_ab":"CA","county":"El Dorado","geo_location":{ "type": "Point", "coordinates": [-120.8145, 38.6865] }},
{"zip_code":"95633","country":"US","city":"Garden Valley","state":"California","state_ab":"CA","county":"El Dorado","geo_location":{ "type": "Point", "coordinates": [-120.8567, 38.8665] }},
{"zip_code":"95709","country":"US","city":"Camino","state":"California","state_ab":"CA","county":"El Dorado","geo_location":{ "type": "Point", "coordinates": [-120.6743, 38.747] }},
{"zip_code":"93613","country":"US","city":"Clovis","state":"California","state_ab":"CA","county":"Fresno","geo_location":{ "type": "Point", "coordinates": [-119.5117, 37.0365] }},
{"zip_code":"93626","country":"US","city":"Friant","state":"California","state_ab":"CA","county":"Fresno","geo_location":{ "type": "Point", "coordinates": [-119.6807, 37.0422] }},
{"zip_code":"93640","country":"US","city":"Mendota","state":"California","state_ab":"CA","county":"Fresno","geo_location":{ "type": "Point", "coordinates": [-120.4093, 36.7424] }},
{"zip_code":"93703","country":"US","city":"Fresno","state":"California","state_ab":"CA","county":"Fresno","geo_location":{ "type": "Point", "coordinates": [-119.7594, 36.7684] }},
{"zip_code":"93716","country":"US","city":"Fresno","state":"California","state_ab":"CA","county":"Fresno","geo_location":{ "type": "Point", "coordinates": [-119.6397, 36.7464] }},
{"zip_code":"93729","country":"US","city":"Fresno","state":"California","state_ab":"CA","county":"Fresno","geo_location":{ "type": "Point", "coordinates": [-119.6397, 36.7464] }},
{"zip_code":"93730","country":"US","city":"Fresno","state":"California","state_ab":"CA","county":"Fresno County","geo_location":{ "type": "Point", "coordinates": [-119.7589, 36.8878] }},
{"zip_code":"95943","country":"US","city":"Glenn","state":"California","state_ab":"CA","county":"Glenn","geo_location":{ "type": "Point", "coordinates": [-122.0384, 39.6069] }},
{"zip_code":"95503","country":"US","city":"Eureka","state":"California","state_ab":"CA","county":"Humboldt","geo_location":{ "type": "Point", "coordinates": [-124.1593, 40.7592] }},
{"zip_code":"95556","country":"US","city":"Orleans","state":"California","state_ab":"CA","county":"Humboldt","geo_location":{ "type": "Point", "coordinates": [-123.5399, 41.3115] }},
{"zip_code":"95569","country":"US","city":"Redcrest","state":"California","state_ab":"CA","county":"Humboldt","geo_location":{ "type": "Point", "coordinates": [-123.9095, 40.3437] }},
{"zip_code":"95570","country":"US","city":"Trinidad","state":"California","state_ab":"CA","county":"Humboldt","geo_location":{ "type": "Point", "coordinates": [-124.1153, 41.0966] }},
{"zip_code":"92249","country":"US","city":"Heber","state":"California","state_ab":"CA","county":"Imperial","geo_location":{ "type": "Point", "coordinates": [-115.4383, 32.7218] }},
{"zip_code":"92250","country":"US","city":"Holtville","state":"California","state_ab":"CA","county":"Imperial","geo_location":{ "type": "Point", "coordinates": [-115.3775, 32.8104] }},
{"zip_code":"93549","country":"US","city":"Olancha","state":"California","state_ab":"CA","county":"Inyo","geo_location":{ "type": "Point", "coordinates": [-117.9552, 36.23] }},
{"zip_code":"93226","country":"US","city":"Glennville","state":"California","state_ab":"CA","county":"Kern","geo_location":{ "type": "Point", "coordinates": [-118.7169, 35.7377] }},
{"zip_code":"93240","country":"US","city":"Lake Isabella","state":"California","state_ab":"CA","county":"Kern","geo_location":{ "type": "Point", "coordinates": [-118.457, 35.669] }},
{"zip_code":"93280","country":"US","city":"Wasco","state":"California","state_ab":"CA","county":"Kern","geo_location":{ "type": "Point", "coordinates": [-119.4487, 35.648] }},
{"zip_code":"93303","country":"US","city":"Bakersfield","state":"California","state_ab":"CA","county":"Kern","geo_location":{ "type": "Point", "coordinates": [-118.9052, 35.2944] }},
{"zip_code":"93383","country":"US","city":"Bakersfield","state":"California","state_ab":"CA","county":"Kern","geo_location":{ "type": "Point", "coordinates": [-118.9052, 35.2944] }},
{"zip_code":"93523","country":"US","city":"Edwards","state":"California","state_ab":"CA","county":"Kern","geo_location":{ "type": "Point", "coordinates": [-118.1302, 35.2582] }},
{"zip_code":"93239","country":"US","city":"Kettleman City","state":"California","state_ab":"CA","county":"Kings","geo_location":{ "type": "Point", "coordinates": [-119.946, 35.9754] }},
{"zip_code":"93266","country":"US","city":"Stratford","state":"California","state_ab":"CA","county":"Kings","geo_location":{ "type": "Point", "coordinates": [-119.8236, 36.179] }},
{"zip_code":"95426","country":"US","city":"Cobb","state":"California","state_ab":"CA","county":"Lake","geo_location":{ "type": "Point", "coordinates": [-122.7132, 38.8155] }},
{"zip_code":"95453","country":"US","city":"Lakeport","state":"California","state_ab":"CA","county":"Lake","geo_location":{ "type": "Point", "coordinates": [-122.9328, 39.047] }},
{"zip_code":"95493","country":"US","city":"Witter Springs","state":"California","state_ab":"CA","county":"Lake","geo_location":{ "type": "Point", "coordinates": [-122.9711, 39.1821] }},
{"zip_code":"96119","country":"US","city":"Madeline","state":"California","state_ab":"CA","county":"Lassen","geo_location":{ "type": "Point", "coordinates": [-120.5548, 40.9766] }},
{"zip_code":"90009","country":"US","city":"Los Angeles","state":"California","state_ab":"CA","county":"Los Angeles","geo_location":{ "type": "Point", "coordinates": [-118.2987, 33.7866] }},
{"zip_code":"90010","country":"US","city":"Los Angeles","state":"California","state_ab":"CA","county":"Los Angeles","geo_location":{ "type": "Point", "coordinates": [-118.3027, 34.0606] }},
{"zip_code":"90023","country":"US","city":"Los Angeles","state":"California","state_ab":"CA","county":"Los Angeles","geo_location":{ "type": "Point", "coordinates": [-118.1975, 34.0245] }},
{"zip_code":"90036","country":"US","city":"Los Angeles","state":"California","state_ab":"CA","county":"Los Angeles","geo_location":{ "type": "Point", "coordinates": [-118.3492, 34.0699] }},
{"zip_code":"90049","country":"US","city":"Los Angeles","state":"California","state_ab":"CA","county":"Los Angeles","geo_location":{ "type": "Point", "coordinates": [-118.474, 34.066] }},
{"zip_code":"90050","country":"US","city":"Los Angeles","state":"California","state_ab":"CA","county":"Los Angeles","geo_location":{ "type": "Point", "coordinates": [-118.2987, 33.7866] }},
{"zip_code":"90063","country":"US","city":"Los Angeles","state":"California","state_ab":"CA","county":"Los Angeles","geo_location":{ "type": "Point", "coordinates": [-118.1859, 34.0451] }},
{"zip_code":"90076","country":"US","city":"Los Angeles","state":"California","state_ab":"CA","county":"Los Angeles","geo_location":{ "type": "Point", "coordinates": [-118.2987, 33.7866] }},
{"zip_code":"90089","country":"US","city":"Los Angeles","state":"California","state_ab":"CA","county":"Los Angeles","geo_location":{ "type": "Point", "coordinates": [-118.2987, 33.7866] }},
{"zip_code":"90090","country":"US","city":"Dodgertown","state":"California","state_ab":"CA","county":"Los Angeles","geo_location":{ "type": "Point", "coordinates": [-118.2418, 34.0725] }},
{"zip_code":"90230","country":"US","city":"Culver City","state":"California","state_ab":"CA","county":"Los Angeles","geo_location":{ "type": "Point", "coordinates": [-118.3991, 33.9949] }},
{"zip_code":"90270","country":"US","city":"Maywood","state":"California","state_ab":"CA","county":"Los Angeles","geo_location":{ "type": "Point", "coordinates": [-118.1877, 33.989] }},
{"zip_code":"90296","country":"US","city":"Playa Del Rey","state":"California","state_ab":"CA","county":"Los Angeles","geo_location":{ "type": "Point", "coordinates": [-118.2987, 33.7866] }},
{"zip_code":"90306","country":"US","city":"Inglewood","state":"California","state_ab":"CA","county":"Los Angeles","geo_location":{ "type": "Point", "coordinates": [-118.2987, 33.7866] }},
{"zip_code":"90409","country":"US","city":"Santa Monica","state":"California","state_ab":"CA","county":"Los Angeles","geo_location":{ "type": "Point", "coordinates": [-118.2987, 33.7866] }},
{"zip_code":"90410","country":"US","city":"Santa Monica","state":"California","state_ab":"CA","county":"Los Angeles","geo_location":{ "type": "Point", "coordinates": [-118.2987, 33.7866] }},
{"zip_code":"90603","country":"US","city":"Whittier","state":"California","state_ab":"CA","county":"Los Angeles","geo_location":{ "type": "Point", "coordinates": [-117.9927, 33.9432] }},
{"zip_code":"90670","country":"US","city":"Santa Fe Springs","state":"California","state_ab":"CA","county":"Los Angeles","geo_location":{ "type": "Point", "coordinates": [-118.0838, 33.9464] }},
{"zip_code":"90706","country":"US","city":"Bellflower","state":"California","state_ab":"CA","county":"Los Angeles","geo_location":{ "type": "Point", "coordinates": [-118.1265, 33.8867] }},
{"zip_code":"90733","country":"US","city":"San Pedro","state":"California","state_ab":"CA","county":"Los Angeles","geo_location":{ "type": "Point", "coordinates": [-118.2987, 33.7866] }},
{"zip_code":"90746","country":"US","city":"Carson","state":"California","state_ab":"CA","county":"Los Angeles","geo_location":{ "type": "Point", "coordinates": [-118.2554, 33.8584] }},
{"zip_code":"90809","country":"US","city":"Long Beach","state":"California","state_ab":"CA","county":"Los Angeles","geo_location":{ "type": "Point", "coordinates": [-118.2987, 33.7866] }},
{"zip_code":"90810","country":"US","city":"Long Beach","state":"California","state_ab":"CA","county":"Los Angeles","geo_location":{ "type": "Point", "coordinates": [-118.2325, 33.8193] }},
{"zip_code":"91040","country":"US","city":"Sunland","state":"California","state_ab":"CA","county":"Los Angeles","geo_location":{ "type": "Point", "coordinates": [-118.3371, 34.2618] }},
{"zip_code":"91066","country":"US","city":"Arcadia","state":"California","state_ab":"CA","county":"Los Angeles","geo_location":{ "type": "Point", "coordinates": [-118.2987, 33.7866] }},
{"zip_code":"91103","country":"US","city":"Pasadena","state":"California","state_ab":"CA","county":"Los Angeles","geo_location":{ "type": "Point", "coordinates": [-118.1551, 34.1669] }},
{"zip_code":"91116","country":"US","city":"Pasadena","state":"California","state_ab":"CA","county":"Los Angeles","geo_location":{ "type": "Point", "coordinates": [-118.2987, 33.7866] }},
{"zip_code":"91129","country":"US","city":"Pasadena","state":"California","state_ab":"CA","county":"Los Angeles","geo_location":{ "type": "Point", "coordinates": [-118.2987, 33.7866] }},
{"zip_code":"91206","country":"US","city":"Glendale","state":"California","state_ab":"CA","county":"Los Angeles","geo_location":{ "type": "Point", "coordinates": [-118.2322, 34.1556] }},
{"zip_code":"91309","country":"US","city":"Canoga Park","state":"California","state_ab":"CA","county":"Los Angeles","geo_location":{ "type": "Point", "coordinates": [-118.2987, 33.7866] }},
{"zip_code":"91310","country":"US","city":"Castaic","state":"California","state_ab":"CA","county":"Los Angeles","geo_location":{ "type": "Point", "coordinates": [-118.2987, 33.7866] }},
{"zip_code":"91350","country":"US","city":"Santa Clarita","state":"California","state_ab":"CA","county":"Los Angeles","geo_location":{ "type": "Point", "coordinates": [-118.5007, 34.4336] }},
{"zip_code":"91363","country":"US","city":"Westlake Village","state":"California","state_ab":"CA","county":"Los Angeles","geo_location":{ "type": "Point", "coordinates": [-118.2987, 33.7866] }},
{"zip_code":"91376","country":"US","city":"Agoura Hills","state":"California","state_ab":"CA","county":"Los Angeles","geo_location":{ "type": "Point", "coordinates": [-118.2987, 33.7866] }},
{"zip_code":"91390","country":"US","city":"Santa Clarita","state":"California","state_ab":"CA","county":"Los Angeles","geo_location":{ "type": "Point", "coordinates": [-118.5261, 34.4684] }},
{"zip_code":"91413","country":"US","city":"Sherman Oaks","state":"California","state_ab":"CA","county":"Los Angeles","geo_location":{ "type": "Point", "coordinates": [-118.2987, 33.7866] }},
{"zip_code":"91426","country":"US","city":"Encino","state":"California","state_ab":"CA","county":"Los Angeles","geo_location":{ "type": "Point", "coordinates": [-118.2987, 33.7866] }},
{"zip_code":"91503","country":"US","city":"Burbank","state":"California","state_ab":"CA","county":"Los Angeles","geo_location":{ "type": "Point", "coordinates": [-118.2987, 33.7866] }},
{"zip_code":"91606","country":"US","city":"North Hollywood","state":"California","state_ab":"CA","county":"Los Angeles","geo_location":{ "type": "Point", "coordinates": [-118.3865, 34.1872] }},
{"zip_code":"91723","country":"US","city":"Covina","state":"California","state_ab":"CA","county":"Los Angeles","geo_location":{ "type": "Point", "coordinates": [-117.8843, 34.086] }},
{"zip_code":"91749","country":"US","city":"La Puente","state":"California","state_ab":"CA","county":"Los Angeles","geo_location":{ "type": "Point", "coordinates": [-118.2987, 33.7866] }},
{"zip_code":"91750","country":"US","city":"La Verne","state":"California","state_ab":"CA","county":"Los Angeles","geo_location":{ "type": "Point", "coordinates": [-117.7708, 34.1159] }},
{"zip_code":"91776","country":"US","city":"San Gabriel","state":"California","state_ab":"CA","county":"Los Angeles","geo_location":{ "type": "Point", "coordinates": [-118.0955, 34.089] }},
{"zip_code":"91789","country":"US","city":"Walnut","state":"California","state_ab":"CA","county":"Los Angeles","geo_location":{ "type": "Point", "coordinates": [-117.8546, 34.0183] }},
{"zip_code":"91790","country":"US","city":"West Covina","state":"California","state_ab":"CA","county":"Los Angeles","geo_location":{ "type": "Point", "coordinates": [-117.9366, 34.0673] }},
{"zip_code":"93510","country":"US","city":"Acton","state":"California","state_ab":"CA","county":"Los Angeles","geo_location":{ "type": "Point", "coordinates": [-118.1959, 34.4835] }},
{"zip_code":"93536","country":"US","city":"Lancaster","state":"California","state_ab":"CA","county":"Los Angeles","geo_location":{ "type": "Point", "coordinates": [-118.3687, 34.7471] }},
{"zip_code":"93550","country":"US","city":"Palmdale","state":"California","state_ab":"CA","county":"Los Angeles","geo_location":{ "type": "Point", "coordinates": [-118.0917, 34.4133] }},
{"zip_code":"93563","country":"US","city":"Valyermo","state":"California","state_ab":"CA","county":"Los Angeles","geo_location":{ "type": "Point", "coordinates": [-117.7604, 34.3966] }},
{"zip_code":"93590","country":"US","city":"Palmdale","state":"California","state_ab":"CA","county":"Los Angeles","geo_location":{ "type": "Point", "coordinates": [-118.2987, 33.7866] }},
{"zip_code":"93639","country":"US","city":"Madera","state":"California","state_ab":"CA","county":"Madera","geo_location":{ "type": "Point", "coordinates": [-119.945, 37.1606] }},
{"zip_code":"93653","country":"US","city":"Raymond","state":"California","state_ab":"CA","county":"Madera","geo_location":{ "type": "Point", "coordinates": [-119.8766, 37.279] }},
{"zip_code":"94913","country":"US","city":"San Rafael","state":"California","state_ab":"CA","county":"Marin","geo_location":{ "type": "Point", "coordinates": [-122.741, 38.068] }},
{"zip_code":"94939","country":"US","city":"Larkspur","state":"California","state_ab":"CA","county":"Marin","geo_location":{ "type": "Point", "coordinates": [-122.5362, 37.9367] }},
{"zip_code":"94940","country":"US","city":"Marshall","state":"California","state_ab":"CA","county":"Marin","geo_location":{ "type": "Point", "coordinates": [-122.89, 38.1762] }},
{"zip_code":"94966","country":"US","city":"Sausalito","state":"California","state_ab":"CA","county":"Marin","geo_location":{ "type": "Point", "coordinates": [-122.741, 38.068] }},
{"zip_code":"94979","country":"US","city":"San Anselmo","state":"California","state_ab":"CA","county":"Marin","geo_location":{ "type": "Point", "coordinates": [-122.741, 38.068] }},
{"zip_code":"95389","country":"US","city":"Yosemite National Park","state":"California","state_ab":"CA","county":"Mariposa","geo_location":{ "type": "Point", "coordinates": [-119.6489, 37.7314] }},
{"zip_code":"95466","country":"US","city":"Philo","state":"California","state_ab":"CA","county":"Mendocino","geo_location":{ "type": "Point", "coordinates": [-123.5484, 39.0933] }},
{"zip_code":"96133","country":"US","city":"Topaz","state":"California","state_ab":"CA","county":"Mono","geo_location":{ "type": "Point", "coordinates": [-119.5122, 38.6415] }},
{"zip_code":"93923","country":"US","city":"Carmel","state":"California","state_ab":"CA","county":"Monterey","geo_location":{ "type": "Point", "coordinates": [-121.8949, 36.5457] }},
{"zip_code":"93950","country":"US","city":"Pacific Grove","state":"California","state_ab":"CA","county":"Monterey","geo_location":{ "type": "Point", "coordinates": [-121.922, 36.6167] }},
{"zip_code":"95039","country":"US","city":"Moss Landing","state":"California","state_ab":"CA","county":"Monterey","geo_location":{ "type": "Point", "coordinates": [-121.7773, 36.8175] }},
{"zip_code":"96160","country":"US","city":"Truckee","state":"California","state_ab":"CA","county":"Nevada","geo_location":{ "type": "Point", "coordinates": [-120.1864, 39.3781] }},
{"zip_code":"90630","country":"US","city":"Cypress","state":"California","state_ab":"CA","county":"Orange","geo_location":{ "type": "Point", "coordinates": [-118.0357, 33.8181] }},
{"zip_code":"90720","country":"US","city":"Los Alamitos","state":"California","state_ab":"CA","county":"Orange","geo_location":{ "type": "Point", "coordinates": [-118.0648, 33.7956] }},
{"zip_code":"92609","country":"US","city":"El Toro","state":"California","state_ab":"CA","county":"Orange County","geo_location":{ "type": "Point", "coordinates": [-117.6908, 33.624] }},
{"zip_code":"92610","country":"US","city":"Foothill Ranch","state":"California","state_ab":"CA","county":"Orange","geo_location":{ "type": "Point", "coordinates": [-117.6649, 33.6748] }},
{"zip_code":"92623","country":"US","city":"Irvine","state":"California","state_ab":"CA","county":"Orange","geo_location":{ "type": "Point", "coordinates": [-117.8126, 33.6942] }},
{"zip_code":"92649","country":"US","city":"Huntington Beach","state":"California","state_ab":"CA","county":"Orange","geo_location":{ "type": "Point", "coordinates": [-118.0505, 33.718] }},
{"zip_code":"92650","country":"US","city":"East Irvine","state":"California","state_ab":"CA","county":"Orange","geo_location":{ "type": "Point", "coordinates": [-117.7609, 33.6795] }},
{"zip_code":"92663","country":"US","city":"Newport Beach","state":"California","state_ab":"CA","county":"Orange","geo_location":{ "type": "Point", "coordinates": [-117.9321, 33.621] }},
{"zip_code":"92676","country":"US","city":"Silverado","state":"California","state_ab":"CA","county":"Orange","geo_location":{ "type": "Point", "coordinates": [-117.6153, 33.7451] }},
{"zip_code":"92690","country":"US","city":"Mission Viejo","state":"California","state_ab":"CA","county":"Orange","geo_location":{ "type": "Point", "coordinates": [-117.643, 33.6117] }},
{"zip_code":"92713","country":"US","city":"Irvine","state":"California","state_ab":"CA","county":"Orange County","geo_location":{ "type": "Point", "coordinates": [-117.7646, 33.6698] }},
{"zip_code":"92780","country":"US","city":"Tustin","state":"California","state_ab":"CA","county":"Orange","geo_location":{ "type": "Point", "coordinates": [-117.8229, 33.7364] }},
{"zip_code":"92803","country":"US","city":"Anaheim","state":"California","state_ab":"CA","county":"Orange","geo_location":{ "type": "Point", "coordinates": [-117.9388, 33.8397] }},
{"zip_code":"92816","country":"US","city":"Anaheim","state":"California","state_ab":"CA","county":"Orange","geo_location":{ "type": "Point", "coordinates": [-117.8867, 33.8401] }},
{"zip_code":"92843","country":"US","city":"Garden Grove","state":"California","state_ab":"CA","county":"Orange","geo_location":{ "type": "Point", "coordinates": [-117.929, 33.7671] }},
{"zip_code":"92856","country":"US","city":"Orange","state":"California","state_ab":"CA","county":"Orange","geo_location":{ "type": "Point", "coordinates": [-117.8435, 33.7841] }},
{"zip_code":"92869","country":"US","city":"Orange","state":"California","state_ab":"CA","county":"Orange","geo_location":{ "type": "Point", "coordinates": [-117.7934, 33.7868] }},
{"zip_code":"92870","country":"US","city":"Placentia","state":"California","state_ab":"CA","county":"Orange","geo_location":{ "type": "Point", "coordinates": [-117.8543, 33.8744] }},
{"zip_code":"95736","country":"US","city":"Weimar","state":"California","state_ab":"CA","county":"Placer","geo_location":{ "type": "Point", "coordinates": [-120.9713, 39.0375] }},
{"zip_code":"96146","country":"US","city":"Olympic Valley","state":"California","state_ab":"CA","county":"Placer","geo_location":{ "type": "Point", "coordinates": [-120.1954, 39.1752] }},
{"zip_code":"95956","country":"US","city":"Meadow Valley","state":"California","state_ab":"CA","county":"Plumas","geo_location":{ "type": "Point", "coordinates": [-121.0298, 39.8991] }},
{"zip_code":"95983","country":"US","city":"Taylorsville","state":"California","state_ab":"CA","county":"Plumas","geo_location":{ "type": "Point", "coordinates": [-120.7353, 40.0357] }},
{"zip_code":"96106","country":"US","city":"Clio","state":"California","state_ab":"CA","county":"Plumas","geo_location":{ "type": "Point", "coordinates": [-120.5951, 39.7546] }},
{"zip_code":"92210","country":"US","city":"Indian Wells","state":"California","state_ab":"CA","county":"Riverside","geo_location":{ "type": "Point", "coordinates": [-116.3381, 33.7163] }},
{"zip_code":"92223","country":"US","city":"Beaumont","state":"California","state_ab":"CA","county":"Riverside","geo_location":{ "type": "Point", "coordinates": [-116.9701, 33.9504] }},
{"zip_code":"92236","country":"US","city":"Coachella","state":"California","state_ab":"CA","county":"Riverside","geo_location":{ "type": "Point", "coordinates": [-116.1772, 33.675] }},
{"zip_code":"92263","country":"US","city":"Palm Springs","state":"California","state_ab":"CA","county":"Riverside","geo_location":{ "type": "Point", "coordinates": [-116.5359, 33.7611] }},
{"zip_code":"92276","country":"US","city":"Thousand Palms","state":"California","state_ab":"CA","county":"Riverside","geo_location":{ "type": "Point", "coordinates": [-116.3713, 33.8082] }},
{"zip_code":"92353","country":"US","city":"Lakeview","state":"California","state_ab":"CA","county":"Riverside County","geo_location":{ "type": "Point", "coordinates": [-117.108, 33.8344] }},
{"zip_code":"92506","country":"US","city":"Riverside","state":"California","state_ab":"CA","county":"Riverside","geo_location":{ "type": "Point", "coordinates": [-117.3757, 33.9455] }},
{"zip_code":"92519","country":"US","city":"Riverside","state":"California","state_ab":"CA","county":"Riverside","geo_location":{ "type": "Point", "coordinates": [-116.0556, 33.7529] }},
{"zip_code":"83610","country":"US","city":"Cambridge","state":"Idaho","state_ab":"ID","county":"Washington","geo_location":{ "type": "Point", "coordinates": [-116.6757, 44.5922] }},
{"zip_code":"62990","country":"US","city":"Thebes","state":"Illinois","state_ab":"IL","county":"Alexander","geo_location":{ "type": "Point", "coordinates": [-89.4599, 37.221] }},
{"zip_code":"62019","country":"US","city":"Donnellson","state":"Illinois","state_ab":"IL","county":"Bond","geo_location":{ "type": "Point", "coordinates": [-89.4909, 39.0344] }},
{"zip_code":"62086","country":"US","city":"Sorento","state":"Illinois","state_ab":"IL","county":"Bond","geo_location":{ "type": "Point", "coordinates": [-89.5653, 38.9693] }},
{"zip_code":"61379","country":"US","city":"Wyanet","state":"Illinois","state_ab":"IL","county":"Bureau","geo_location":{ "type": "Point", "coordinates": [-89.5744, 41.3785] }},
{"zip_code":"62006","country":"US","city":"Batchtown","state":"Illinois","state_ab":"IL","county":"Calhoun","geo_location":{ "type": "Point", "coordinates": [-90.6591, 39.0725] }},
{"zip_code":"61803","country":"US","city":"Urbana","state":"Illinois","state_ab":"IL","county":"Champaign","geo_location":{ "type": "Point", "coordinates": [-88.2247, 40.1059] }},
{"zip_code":"61816","country":"US","city":"Broadlands","state":"Illinois","state_ab":"IL","county":"Champaign","geo_location":{ "type": "Point", "coordinates": [-87.9948, 39.9142] }},
{"zip_code":"61843","country":"US","city":"Fisher","state":"Illinois","state_ab":"IL","county":"Champaign","geo_location":{ "type": "Point", "coordinates": [-88.356, 40.2991] }},
{"zip_code":"62510","country":"US","city":"Assumption","state":"Illinois","state_ab":"IL","county":"Christian","geo_location":{ "type": "Point", "coordinates": [-89.0398, 39.5095] }},
{"zip_code":"62420","country":"US","city":"Casey","state":"Illinois","state_ab":"IL","county":"Clark","geo_location":{ "type": "Point", "coordinates": [-87.9913, 39.3017] }},
{"zip_code":"62899","country":"US","city":"Xenia","state":"Illinois","state_ab":"IL","county":"Clay","geo_location":{ "type": "Point", "coordinates": [-88.6379, 38.6697] }},
{"zip_code":"62253","country":"US","city":"Keyesport","state":"Illinois","state_ab":"IL","county":"Clinton","geo_location":{ "type": "Point", "coordinates": [-89.2975, 38.7769] }},
{"zip_code":"62266","country":"US","city":"New Memphis","state":"Illinois","state_ab":"IL","county":"Clinton","geo_location":{ "type": "Point", "coordinates": [-89.6816, 38.4857] }},
{"zip_code":"62293","country":"US","city":"Trenton","state":"Illinois","state_ab":"IL","county":"Clinton","geo_location":{ "type": "Point", "coordinates": [-89.6447, 38.6191] }},
{"zip_code":"61920","country":"US","city":"Charleston","state":"Illinois","state_ab":"IL","county":"Coles","geo_location":{ "type": "Point", "coordinates": [-88.1761, 39.4869] }},
{"zip_code":"60026","country":"US","city":"Glenview Nas","state":"Illinois","state_ab":"IL","county":"Cook","geo_location":{ "type": "Point", "coordinates": [-87.8374, 42.0922] }},
{"zip_code":"60053","country":"US","city":"Morton Grove","state":"Illinois","state_ab":"IL","county":"Cook","geo_location":{ "type": "Point", "coordinates": [-87.7899, 42.0431] }},
{"zip_code":"60093","country":"US","city":"Winnetka","state":"Illinois","state_ab":"IL","county":"Cook","geo_location":{ "type": "Point", "coordinates": [-87.7535, 42.1054] }},
{"zip_code":"60103","country":"US","city":"Bartlett","state":"Illinois","state_ab":"IL","county":"Cook","geo_location":{ "type": "Point", "coordinates": [-88.2063, 41.9794] }},
{"zip_code":"60130","country":"US","city":"Forest Park","state":"Illinois","state_ab":"IL","county":"Cook","geo_location":{ "type": "Point", "coordinates": [-87.8106, 41.8744] }},
{"zip_code":"60169","country":"US","city":"Hoffman Estates","state":"Illinois","state_ab":"IL","county":"Cook County","geo_location":{ "type": "Point", "coordinates": [-88.1065, 42.0493] }},
{"zip_code":"60196","country":"US","city":"Schaumburg","state":"Illinois","state_ab":"IL","county":"Cook","geo_location":{ "type": "Point", "coordinates": [-88.0725, 42.0564] }},
{"zip_code":"60426","country":"US","city":"Harvey","state":"Illinois","state_ab":"IL","county":"Cook","geo_location":{ "type": "Point", "coordinates": [-87.6534, 41.6103] }},
{"zip_code":"60453","country":"US","city":"Oak Lawn","state":"Illinois","state_ab":"IL","county":"Cook","geo_location":{ "type": "Point", "coordinates": [-87.7516, 41.7143] }},
{"zip_code":"60466","country":"US","city":"Park Forest","state":"Illinois","state_ab":"IL","county":"Cook","geo_location":{ "type": "Point", "coordinates": [-87.6828, 41.479] }},
{"zip_code":"60480","country":"US","city":"Willow Springs","state":"Illinois","state_ab":"IL","county":"Cook","geo_location":{ "type": "Point", "coordinates": [-87.8786, 41.7364] }},
{"zip_code":"60606","country":"US","city":"Chicago","state":"Illinois","state_ab":"IL","county":"Cook","geo_location":{ "type": "Point", "coordinates": [-87.6386, 41.8868] }},
{"zip_code":"60619","country":"US","city":"Chicago","state":"Illinois","state_ab":"IL","county":"Cook","geo_location":{ "type": "Point", "coordinates": [-87.6054, 41.7458] }},
{"zip_code":"60620","country":"US","city":"Chicago","state":"Illinois","state_ab":"IL","county":"Cook","geo_location":{ "type": "Point", "coordinates": [-87.6543, 41.7411] }},
{"zip_code":"60633","country":"US","city":"Chicago","state":"Illinois","state_ab":"IL","county":"Cook","geo_location":{ "type": "Point", "coordinates": [-87.5612, 41.6642] }},
{"zip_code":"60646","country":"US","city":"Chicago","state":"Illinois","state_ab":"IL","county":"Cook","geo_location":{ "type": "Point", "coordinates": [-87.7596, 41.993] }},
{"zip_code":"60659","country":"US","city":"Chicago","state":"Illinois","state_ab":"IL","county":"Cook","geo_location":{ "type": "Point", "coordinates": [-87.7166, 41.9972] }},
{"zip_code":"60660","country":"US","city":"Chicago","state":"Illinois","state_ab":"IL","county":"Cook","geo_location":{ "type": "Point", "coordinates": [-87.6629, 41.9909] }},
{"zip_code":"60673","country":"US","city":"Chicago","state":"Illinois","state_ab":"IL","county":"Cook","geo_location":{ "type": "Point", "coordinates": [-87.6873, 41.8119] }},
{"zip_code":"60686","country":"US","city":"Chicago","state":"Illinois","state_ab":"IL","county":"Cook County","geo_location":{ "type": "Point", "coordinates": [-87.6378, 41.8756] }},
{"zip_code":"60699","country":"US","city":"Chicago","state":"Illinois","state_ab":"IL","county":"Cook","geo_location":{ "type": "Point", "coordinates": [-87.6873, 41.8119] }},
{"zip_code":"62433","country":"US","city":"Hutsonville","state":"Illinois","state_ab":"IL","county":"Crawford","geo_location":{ "type": "Point", "coordinates": [-87.6695, 39.1064] }},
{"zip_code":"60129","country":"US","city":"Esmond","state":"Illinois","state_ab":"IL","county":"DeKalb","geo_location":{ "type": "Point", "coordinates": [-88.9439, 42.0225] }},
{"zip_code":"60556","country":"US","city":"Waterman","state":"Illinois","state_ab":"IL","county":"DeKalb","geo_location":{ "type": "Point", "coordinates": [-88.7754, 41.7504] }},
{"zip_code":"61919","country":"US","city":"Camargo","state":"Illinois","state_ab":"IL","county":"Douglas","geo_location":{ "type": "Point", "coordinates": [-88.1468, 39.8] }},
{"zip_code":"60116","country":"US","city":"Carol Stream","state":"Illinois","state_ab":"IL","county":"DuPage","geo_location":{ "type": "Point", "coordinates": [-88.0887, 41.8397] }},
{"zip_code":"60143","country":"US","city":"Itasca","state":"Illinois","state_ab":"IL","county":"DuPage","geo_location":{ "type": "Point", "coordinates": [-88.0202, 41.972] }},
{"zip_code":"60439","country":"US","city":"Lemont","state":"Illinois","state_ab":"IL","county":"DuPage","geo_location":{ "type": "Point", "coordinates": [-87.9756, 41.7074] }},
{"zip_code":"60516","country":"US","city":"Downers Grove","state":"Illinois","state_ab":"IL","county":"DuPage","geo_location":{ "type": "Point", "coordinates": [-88.0159, 41.7602] }},
{"zip_code":"60570","country":"US","city":"Hinsdale","state":"Illinois","state_ab":"IL","county":"DuPage","geo_location":{ "type": "Point", "coordinates": [-88.0887, 41.8397] }},
{"zip_code":"61933","country":"US","city":"Kansas","state":"Illinois","state_ab":"IL","county":"Edgar","geo_location":{ "type": "Point", "coordinates": [-87.9352, 39.5525] }},
{"zip_code":"62806","country":"US","city":"Albion","state":"Illinois","state_ab":"IL","county":"Edwards","geo_location":{ "type": "Point", "coordinates": [-88.0636, 38.374] }},
{"zip_code":"62833","country":"US","city":"Ellery","state":"Illinois","state_ab":"IL","county":"Edwards","geo_location":{ "type": "Point", "coordinates": [-88.1335, 38.365] }},
{"zip_code":"62473","country":"US","city":"Watson","state":"Illinois","state_ab":"IL","county":"Effingham","geo_location":{ "type": "Point", "coordinates": [-88.5584, 38.9906] }},
{"zip_code":"62819","country":"US","city":"Buckner","state":"Illinois","state_ab":"IL","county":"Franklin","geo_location":{ "type": "Point", "coordinates": [-89.0209, 37.9764] }},
{"zip_code":"61519","country":"US","city":"Bryant","state":"Illinois","state_ab":"IL","county":"Fulton","geo_location":{ "type": "Point", "coordinates": [-90.091, 40.4663] }},
{"zip_code":"61520","country":"US","city":"Canton","state":"Illinois","state_ab":"IL","county":"Fulton","geo_location":{ "type": "Point", "coordinates": [-90.0242, 40.5601] }},
{"zip_code":"60479","country":"US","city":"Verona","state":"Illinois","state_ab":"IL","county":"Grundy","geo_location":{ "type": "Point", "coordinates": [-88.517, 41.2501] }},
{"zip_code":"62859","country":"US","city":"Mc Leansboro","state":"Illinois","state_ab":"IL","county":"Hamilton","geo_location":{ "type": "Point", "coordinates": [-88.5286, 38.0939] }},
{"zip_code":"62860","country":"US","city":"Macedonia","state":"Illinois","state_ab":"IL","county":"Hamilton","geo_location":{ "type": "Point", "coordinates": [-88.6961, 38.013] }},
{"zip_code":"62316","country":"US","city":"Bowen","state":"Illinois","state_ab":"IL","county":"Hancock","geo_location":{ "type": "Point", "coordinates": [-91.0705, 40.2341] }},
{"zip_code":"62329","country":"US","city":"Colusa","state":"Illinois","state_ab":"IL","county":"Hancock","geo_location":{ "type": "Point", "coordinates": [-91.1682, 40.5714] }},
{"zip_code":"62330","country":"US","city":"Dallas City","state":"Illinois","state_ab":"IL","county":"Hancock","geo_location":{ "type": "Point", "coordinates": [-91.1255, 40.572] }},
{"zip_code":"61469","country":"US","city":"Oquawka","state":"Illinois","state_ab":"IL","county":"Henderson","geo_location":{ "type": "Point", "coordinates": [-90.9302, 40.9442] }},
{"zip_code":"61443","country":"US","city":"Kewanee","state":"Illinois","state_ab":"IL","county":"Henry","geo_location":{ "type": "Point", "coordinates": [-89.9274, 41.2411] }},
{"zip_code":"60930","country":"US","city":"Danforth","state":"Illinois","state_ab":"IL","county":"Iroquois","geo_location":{ "type": "Point", "coordinates": [-87.9868, 40.8244] }},
{"zip_code":"60956","country":"US","city":"Papineau","state":"Illinois","state_ab":"IL","county":"Iroquois","geo_location":{ "type": "Point", "coordinates": [-87.7161, 40.967] }},
{"zip_code":"60970","country":"US","city":"Watseka","state":"Illinois","state_ab":"IL","county":"Iroquois","geo_location":{ "type": "Point", "coordinates": [-87.7309, 40.7734] }},
{"zip_code":"62950","country":"US","city":"Jacob","state":"Illinois","state_ab":"IL","county":"Jackson","geo_location":{ "type": "Point", "coordinates": [-89.5444, 37.7437] }},
{"zip_code":"62459","country":"US","city":"Sainte Marie","state":"Illinois","state_ab":"IL","county":"Jasper","geo_location":{ "type": "Point", "coordinates": [-88.0291, 38.928] }},
{"zip_code":"62846","country":"US","city":"Ina","state":"Illinois","state_ab":"IL","county":"Jefferson","geo_location":{ "type": "Point", "coordinates": [-88.8894, 38.1527] }},
{"zip_code":"62909","country":"US","city":"Boles","state":"Illinois","state_ab":"IL","county":"Johnson","geo_location":{ "type": "Point", "coordinates": [-88.8768, 37.4472] }},
{"zip_code":"62923","country":"US","city":"Cypress","state":"Illinois","state_ab":"IL","county":"Johnson","geo_location":{ "type": "Point", "coordinates": [-88.9747, 37.365] }},
{"zip_code":"60170","country":"US","city":"Plato Center","state":"Illinois","state_ab":"IL","county":"Kane","geo_location":{ "type": "Point", "coordinates": [-88.4259, 42.0258] }},
{"zip_code":"60183","country":"US","city":"Wasco","state":"Illinois","state_ab":"IL","county":"Kane","geo_location":{ "type": "Point", "coordinates": [-88.4202, 41.937] }},
{"zip_code":"60969","country":"US","city":"Union Hill","state":"Illinois","state_ab":"IL","county":"Kankakee","geo_location":{ "type": "Point", "coordinates": [-88.1465, 41.1088] }},
{"zip_code":"60543","country":"US","city":"Oswego","state":"Illinois","state_ab":"IL","county":"Kendall","geo_location":{ "type": "Point", "coordinates": [-88.3453, 41.6849] }},
{"zip_code":"61430","country":"US","city":"East Galesburg","state":"Illinois","state_ab":"IL","county":"Knox","geo_location":{ "type": "Point", "coordinates": [-90.3109, 40.9402] }},
{"zip_code":"60040","country":"US","city":"Highwood","state":"Illinois","state_ab":"IL","county":"Lake","geo_location":{ "type": "Point", "coordinates": [-87.8141, 42.2035] }},
{"zip_code":"60079","country":"US","city":"Waukegan","state":"Illinois","state_ab":"IL","county":"Lake","geo_location":{ "type": "Point", "coordinates": [-87.6101, 42.3228] }},
{"zip_code":"62460","country":"US","city":"Saint Francisville","state":"Illinois","state_ab":"IL","county":"Lawrence","geo_location":{ "type": "Point", "coordinates": [-87.6487, 38.5921] }},
{"zip_code":"60530","country":"US","city":"Lee","state":"Illinois","state_ab":"IL","county":"Lee","geo_location":{ "type": "Point", "coordinates": [-88.9714, 41.7864] }},
{"zip_code":"61353","country":"US","city":"Paw Paw","state":"Illinois","state_ab":"IL","county":"Lee","geo_location":{ "type": "Point", "coordinates": [-88.9674, 41.6852] }},
{"zip_code":"60929","country":"US","city":"Cullom","state":"Illinois","state_ab":"IL","county":"Livingston","geo_location":{ "type": "Point", "coordinates": [-88.2765, 40.8781] }},
{"zip_code":"61313","country":"US","city":"Blackstone","state":"Illinois","state_ab":"IL","county":"Livingston","geo_location":{ "type": "Point", "coordinates": [-88.6498, 41.0719] }},
{"zip_code":"61739","country":"US","city":"Fairbury","state":"Illinois","state_ab":"IL","county":"Livingston","geo_location":{ "type": "Point", "coordinates": [-88.5165, 40.745] }},
{"zip_code":"61740","country":"US","city":"Flanagan","state":"Illinois","state_ab":"IL","county":"Livingston","geo_location":{ "type": "Point", "coordinates": [-88.862, 40.879] }},
{"zip_code":"62666","country":"US","city":"Middletown","state":"Illinois","state_ab":"IL","county":"Logan","geo_location":{ "type": "Point", "coordinates": [-89.5818, 40.0967] }},
{"zip_code":"61416","country":"US","city":"Bardolph","state":"Illinois","state_ab":"IL","county":"McDonough","geo_location":{ "type": "Point", "coordinates": [-90.5088, 40.4979] }},
{"zip_code":"61470","country":"US","city":"Prairie City","state":"Illinois","state_ab":"IL","county":"McDonough","geo_location":{ "type": "Point", "coordinates": [-90.4727, 40.618] }},
{"zip_code":"60013","country":"US","city":"Cary","state":"Illinois","state_ab":"IL","county":"McHenry","geo_location":{ "type": "Point", "coordinates": [-88.2426, 42.2196] }},
{"zip_code":"60039","country":"US","city":"Crystal Lake","state":"Illinois","state_ab":"IL","county":"McHenry","geo_location":{ "type": "Point", "coordinates": [-88.4525, 42.3248] }},
{"zip_code":"60080","country":"US","city":"Solon Mills","state":"Illinois","state_ab":"IL","county":"McHenry","geo_location":{ "type": "Point", "coordinates": [-88.276, 42.4425] }},
{"zip_code":"60156","country":"US","city":"Lake In The Hills","state":"Illinois","state_ab":"IL","county":"McHenry","geo_location":{ "type": "Point", "coordinates": [-88.3665, 42.1947] }},
{"zip_code":"61726","country":"US","city":"Chenoa","state":"Illinois","state_ab":"IL","county":"McLean","geo_location":{ "type": "Point", "coordinates": [-88.7219, 40.7446] }},
{"zip_code":"61753","country":"US","city":"Lexington","state":"Illinois","state_ab":"IL","county":"McLean","geo_location":{ "type": "Point", "coordinates": [-88.8062, 40.6357] }},
{"zip_code":"62523","country":"US","city":"Decatur","state":"Illinois","state_ab":"IL","county":"Macon","geo_location":{ "type": "Point", "coordinates": [-88.9534, 39.8417] }},
{"zip_code":"62549","country":"US","city":"Mt Zion","state":"Illinois","state_ab":"IL","county":"Macon","geo_location":{ "type": "Point", "coordinates": [-88.8659, 39.7705] }},
{"zip_code":"62033","country":"US","city":"Gillespie","state":"Illinois","state_ab":"IL","county":"Macoupin","geo_location":{ "type": "Point", "coordinates": [-89.8442, 39.1341] }},
{"zip_code":"62626","country":"US","city":"Carlinville","state":"Illinois","state_ab":"IL","county":"Macoupin","geo_location":{ "type": "Point", "coordinates": [-89.8661, 39.2885] }},
{"zip_code":"62640","country":"US","city":"Girard","state":"Illinois","state_ab":"IL","county":"Macoupin","geo_location":{ "type": "Point", "coordinates": [-89.8501, 39.3838] }},
{"zip_code":"62046","country":"US","city":"Hamel","state":"Illinois","state_ab":"IL","county":"Madison","geo_location":{ "type": "Point", "coordinates": [-89.8457, 38.8901] }},
{"zip_code":"62060","country":"US","city":"Madison","state":"Illinois","state_ab":"IL","county":"Madison","geo_location":{ "type": "Point", "coordinates": [-90.1566, 38.6811] }},
{"zip_code":"61546","country":"US","city":"Manito","state":"Illinois","state_ab":"IL","county":"Mason","geo_location":{ "type": "Point", "coordinates": [-89.7898, 40.416] }},
{"zip_code":"62910","country":"US","city":"Brookport","state":"Illinois","state_ab":"IL","county":"Massac","geo_location":{ "type": "Point", "coordinates": [-88.5334, 37.1542] }},
{"zip_code":"62613","country":"US","city":"Athens","state":"Illinois","state_ab":"IL","county":"Menard","geo_location":{ "type": "Point", "coordinates": [-89.6684, 39.9917] }},
{"zip_code":"61263","country":"US","city":"Matherville","state":"Illinois","state_ab":"IL","county":"Mercer","geo_location":{ "type": "Point", "coordinates": [-90.6128, 41.2599] }},
{"zip_code":"61276","country":"US","city":"Preemption","state":"Illinois","state_ab":"IL","county":"Mercer","geo_location":{ "type": "Point", "coordinates": [-90.5866, 41.2996] }},
{"zip_code":"62279","country":"US","city":"Renault","state":"Illinois","state_ab":"IL","county":"Monroe","geo_location":{ "type": "Point", "coordinates": [-90.1346, 38.1521] }},
{"zip_code":"61030","country":"US","city":"Forreston","state":"Illinois","state_ab":"IL","county":"Ogle","geo_location":{ "type": "Point", "coordinates": [-89.5831, 42.1229] }},
{"zip_code":"61043","country":"US","city":"Holcomb","state":"Illinois","state_ab":"IL","county":"Ogle","geo_location":{ "type": "Point", "coordinates": [-89.3136, 42.0451] }},
{"zip_code":"61533","country":"US","city":"Glasford","state":"Illinois","state_ab":"IL","county":"Peoria","geo_location":{ "type": "Point", "coordinates": [-89.8113, 40.576] }},
{"zip_code":"61636","country":"US","city":"Peoria","state":"Illinois","state_ab":"IL","county":"Peoria","geo_location":{ "type": "Point", "coordinates": [-89.5951, 40.6999] }},
{"zip_code":"61650","country":"US","city":"Peoria","state":"Illinois","state_ab":"IL","county":"Peoria","geo_location":{ "type": "Point", "coordinates": [-89.7184, 40.7442] }},
{"zip_code":"61830","country":"US","city":"Cisco","state":"Illinois","state_ab":"IL","county":"Piatt","geo_location":{ "type": "Point", "coordinates": [-88.6962, 39.9972] }},
{"zip_code":"61856","country":"US","city":"Monticello","state":"Illinois","state_ab":"IL","county":"Piatt","geo_location":{ "type": "Point", "coordinates": [-88.5686, 40.0263] }},
{"zip_code":"62343","country":"US","city":"Hull","state":"Illinois","state_ab":"IL","county":"Pike","geo_location":{ "type": "Point", "coordinates": [-91.2338, 39.7186] }},
{"zip_code":"62356","country":"US","city":"New Canton","state":"Illinois","state_ab":"IL","county":"Pike","geo_location":{ "type": "Point", "coordinates": [-91.0886, 39.6342] }},
{"zip_code":"62370","country":"US","city":"Rockport","state":"Illinois","state_ab":"IL","county":"Pike","geo_location":{ "type": "Point", "coordinates": [-90.9722, 39.5328] }},
{"zip_code":"62963","country":"US","city":"Mound City","state":"Illinois","state_ab":"IL","county":"Pulaski","geo_location":{ "type": "Point", "coordinates": [-89.1637, 37.0865] }},
{"zip_code":"62976","country":"US","city":"Pulaski","state":"Illinois","state_ab":"IL","county":"Pulaski","geo_location":{ "type": "Point", "coordinates": [-89.1968, 37.2146] }},
{"zip_code":"61326","country":"US","city":"Granville","state":"Illinois","state_ab":"IL","county":"Putnam","geo_location":{ "type": "Point", "coordinates": [-89.225, 41.2642] }},
{"zip_code":"61340","country":"US","city":"Mark","state":"Illinois","state_ab":"IL","county":"Putnam","geo_location":{ "type": "Point", "coordinates": [-89.2491, 41.266] }},
{"zip_code":"61560","country":"US","city":"Putnam","state":"Illinois","state_ab":"IL","county":"Putnam","geo_location":{ "type": "Point", "coordinates": [-89.4409, 41.1949] }},
{"zip_code":"62280","country":"US","city":"Rockwood","state":"Illinois","state_ab":"IL","county":"Randolph","geo_location":{ "type": "Point", "coordinates": [-89.6214, 37.8322] }},
{"zip_code":"62419","country":"US","city":"Calhoun","state":"Illinois","state_ab":"IL","county":"Richland","geo_location":{ "type": "Point", "coordinates": [-88.0037, 38.6351] }},
{"zip_code":"61236","country":"US","city":"Barstow","state":"Illinois","state_ab":"IL","county":"Rock Island","geo_location":{ "type": "Point", "coordinates": [-90.3577, 41.5147] }},
{"zip_code":"62059","country":"US","city":"Lovejoy","state":"Illinois","state_ab":"IL","county":"St. Clair","geo_location":{ "type": "Point", "coordinates": [-89.9835, 38.44] }},
{"zip_code":"62226","country":"US","city":"Belleville","state":"Illinois","state_ab":"IL","county":"St. Clair","geo_location":{ "type": "Point", "coordinates": [-90.0006, 38.5352] }},
{"zip_code":"62239","country":"US","city":"Dupo","state":"Illinois","state_ab":"IL","county":"St. Clair","geo_location":{ "type": "Point", "coordinates": [-90.1874, 38.5257] }},
{"zip_code":"62240","country":"US","city":"East Carondelet","state":"Illinois","state_ab":"IL","county":"St. Clair","geo_location":{ "type": "Point", "coordinates": [-90.2208, 38.5349] }},
{"zip_code":"62536","country":"US","city":"Glenarm","state":"Illinois","state_ab":"IL","county":"Sangamon","geo_location":{ "type": "Point", "coordinates": [-89.6581, 39.6327] }},
{"zip_code":"62563","country":"US","city":"Rochester","state":"Illinois","state_ab":"IL","county":"Sangamon","geo_location":{ "type": "Point", "coordinates": [-89.5649, 39.7182] }},
{"zip_code":"62693","country":"US","city":"Williamsville","state":"Illinois","state_ab":"IL","county":"Sangamon","geo_location":{ "type": "Point", "coordinates": [-89.5342, 39.9304] }},
{"zip_code":"62703","country":"US","city":"Springfield","state":"Illinois","state_ab":"IL","county":"Sangamon","geo_location":{ "type": "Point", "coordinates": [-89.6275, 39.7622] }},
{"zip_code":"62716","country":"US","city":"Springfield","state":"Illinois","state_ab":"IL","county":"Sangamon","geo_location":{ "type": "Point", "coordinates": [-89.5364, 39.8482] }},
{"zip_code":"62756","country":"US","city":"Springfield","state":"Illinois","state_ab":"IL","county":"Sangamon","geo_location":{ "type": "Point", "coordinates": [-89.606, 39.7495] }},
{"zip_code":"62769","country":"US","city":"Springfield","state":"Illinois","state_ab":"IL","county":"Sangamon","geo_location":{ "type": "Point", "coordinates": [-89.606, 39.7495] }},
{"zip_code":"62796","country":"US","city":"Springfield","state":"Illinois","state_ab":"IL","county":"Sangamon","geo_location":{ "type": "Point", "coordinates": [-89.606, 39.7495] }},
{"zip_code":"62639","country":"US","city":"Frederick","state":"Illinois","state_ab":"IL","county":"Schuyler","geo_location":{ "type": "Point", "coordinates": [-90.5566, 40.1316] }},
{"zip_code":"62550","country":"US","city":"Moweaqua","state":"Illinois","state_ab":"IL","county":"Shelby","geo_location":{ "type": "Point", "coordinates": [-88.8895, 39.5751] }},
{"zip_code":"61483","country":"US","city":"Toulon","state":"Illinois","state_ab":"IL","county":"Stark","geo_location":{ "type": "Point", "coordinates": [-89.8606, 41.1009] }},
{"zip_code":"61559","country":"US","city":"Princeville","state":"Illinois","state_ab":"IL","county":"Stark","geo_location":{ "type": "Point", "coordinates": [-89.7723, 40.9093] }},
{"zip_code":"61070","country":"US","city":"Rock City","state":"Illinois","state_ab":"IL","county":"Stephenson","geo_location":{ "type": "Point", "coordinates": [-89.4759, 42.4103] }},
{"zip_code":"61610","country":"US","city":"Creve Coeur","state":"Illinois","state_ab":"IL","county":"Tazewell","geo_location":{ "type": "Point", "coordinates": [-89.5988, 40.6428] }},
{"zip_code":"61870","country":"US","city":"Ridge Farm","state":"Illinois","state_ab":"IL","county":"Vermilion","geo_location":{ "type": "Point", "coordinates": [-87.6346, 39.9155] }},
{"zip_code":"61883","country":"US","city":"Westville","state":"Illinois","state_ab":"IL","county":"Vermilion","geo_location":{ "type": "Point", "coordinates": [-87.636, 40.0451] }},
{"zip_code":"62446","country":"US","city":"Mount Erie","state":"Illinois","state_ab":"IL","county":"Wayne","geo_location":{ "type": "Point", "coordinates": [-88.2185, 38.5222] }},
{"zip_code":"62886","country":"US","city":"Sims","state":"Illinois","state_ab":"IL","county":"Wayne","geo_location":{ "type": "Point", "coordinates": [-88.5306, 38.3923] }},
{"zip_code":"62820","country":"US","city":"Burnt Prairie","state":"Illinois","state_ab":"IL","county":"White","geo_location":{ "type": "Point", "coordinates": [-88.2147, 38.2082] }},
{"zip_code":"61250","country":"US","city":"Erie","state":"Illinois","state_ab":"IL","county":"Whiteside","geo_location":{ "type": "Point", "coordinates": [-90.0843, 41.656] }},
{"zip_code":"60440","country":"US","city":"Bolingbrook","state":"Illinois","state_ab":"IL","county":"Will","geo_location":{ "type": "Point", "coordinates": [-88.0873, 41.6976] }},
{"zip_code":"60503","country":"US","city":"Aurora","state":"Illinois","state_ab":"IL","county":"Will County","geo_location":{ "type": "Point", "coordinates": [-88.2548, 41.7199] }},
{"zip_code":"62949","country":"US","city":"Hurst","state":"Illinois","state_ab":"IL","county":"Williamson","geo_location":{ "type": "Point", "coordinates": [-89.1424, 37.8366] }},
{"zip_code":"61016","country":"US","city":"Cherry Valley","state":"Illinois","state_ab":"IL","county":"Winnebago","geo_location":{ "type": "Point", "coordinates": [-88.9619, 42.2206] }},
{"zip_code":"61106","country":"US","city":"Rockford","state":"Illinois","state_ab":"IL","county":"Winnebago","geo_location":{ "type": "Point", "coordinates": [-89.1705, 42.3254] }},
{"zip_code":"46853","country":"US","city":"Fort Wayne","state":"Indiana","state_ab":"IN","county":"Allen","geo_location":{ "type": "Point", "coordinates": [-85.0707, 41.0938] }},
{"zip_code":"46866","country":"US","city":"Fort Wayne","state":"Indiana","state_ab":"IN","county":"Allen","geo_location":{ "type": "Point", "coordinates": [-85.0707, 41.0938] }},
{"zip_code":"47236","country":"US","city":"Grammer","state":"Indiana","state_ab":"IN","county":"Bartholomew","geo_location":{ "type": "Point", "coordinates": [-85.7261, 39.1522] }},
{"zip_code":"47986","country":"US","city":"Templeton","state":"Indiana","state_ab":"IN","county":"Benton","geo_location":{ "type": "Point", "coordinates": [-87.207, 40.5055] }},
{"zip_code":"46916","country":"US","city":"Burrows","state":"Indiana","state_ab":"IN","county":"Carroll","geo_location":{ "type": "Point", "coordinates": [-86.574, 40.5843] }},
{"zip_code":"46929","country":"US","city":"Flora","state":"Indiana","state_ab":"IN","county":"Carroll","geo_location":{ "type": "Point", "coordinates": [-86.5016, 40.5445] }},
{"zip_code":"47106","country":"US","city":"Borden","state":"Indiana","state_ab":"IN","county":"Clark","geo_location":{ "type": "Point", "coordinates": [-85.9215, 38.4362] }},
{"zip_code":"47133","country":"US","city":"Jeffersonville","state":"Indiana","state_ab":"IN","county":"Clark","geo_location":{ "type": "Point", "coordinates": [-85.7321, 38.2868] }},
{"zip_code":"47199","country":"US","city":"Jeffersonville","state":"Indiana","state_ab":"IN","county":"Clark","geo_location":{ "type": "Point", "coordinates": [-85.7321, 38.2868] }},
{"zip_code":"46039","country":"US","city":"Forest","state":"Indiana","state_ab":"IN","county":"Clinton","geo_location":{ "type": "Point", "coordinates": [-86.3201, 40.3757] }},
{"zip_code":"47519","country":"US","city":"Cannelburg","state":"Indiana","state_ab":"IN","county":"Daviess","geo_location":{ "type": "Point", "coordinates": [-87.0918, 38.6973] }},
{"zip_code":"47263","country":"US","city":"New Point","state":"Indiana","state_ab":"IN","county":"Decatur","geo_location":{ "type": "Point", "coordinates": [-85.3297, 39.3083] }},
{"zip_code":"47546","country":"US","city":"Jasper","state":"Indiana","state_ab":"IN","county":"Dubois","geo_location":{ "type": "Point", "coordinates": [-86.9295, 38.3604] }},
{"zip_code":"46516","country":"US","city":"Elkhart","state":"Indiana","state_ab":"IN","county":"Elkhart","geo_location":{ "type": "Point", "coordinates": [-85.9621, 41.6763] }},
{"zip_code":"46543","country":"US","city":"Millersburg","state":"Indiana","state_ab":"IN","county":"Elkhart","geo_location":{ "type": "Point", "coordinates": [-85.7072, 41.5335] }},
{"zip_code":"47119","country":"US","city":"Floyds Knobs","state":"Indiana","state_ab":"IN","county":"Floyd","geo_location":{ "type": "Point", "coordinates": [-85.8996, 38.351] }},
{"zip_code":"47146","country":"US","city":"Mount Saint Francis","state":"Indiana","state_ab":"IN","county":"Floyd","geo_location":{ "type": "Point", "coordinates": [-85.897, 38.2985] }},
{"zip_code":"47003","country":"US","city":"West College Corner","state":"Indiana","state_ab":"IN","county":"Franklin","geo_location":{ "type": "Point", "coordinates": [-84.863, 39.5159] }},
{"zip_code":"47016","country":"US","city":"Cedar Grove","state":"Indiana","state_ab":"IN","county":"Franklin","geo_location":{ "type": "Point", "coordinates": [-84.8924, 39.3459] }},
{"zip_code":"47030","country":"US","city":"Metamora","state":"Indiana","state_ab":"IN","county":"Franklin","geo_location":{ "type": "Point", "coordinates": [-85.1504, 39.4288] }},
{"zip_code":"47649","country":"US","city":"Francisco","state":"Indiana","state_ab":"IN","county":"Gibson","geo_location":{ "type": "Point", "coordinates": [-87.4536, 38.333] }},
{"zip_code":"46930","country":"US","city":"Fowlerton","state":"Indiana","state_ab":"IN","county":"Grant","geo_location":{ "type": "Point", "coordinates": [-85.571, 40.4099] }},
{"zip_code":"46983","country":"US","city":"Sims","state":"Indiana","state_ab":"IN","county":"Grant County","geo_location":{ "type": "Point", "coordinates": [-85.856, 40.5006] }},
{"zip_code":"47443","country":"US","city":"Lyons","state":"Indiana","state_ab":"IN","county":"Greene","geo_location":{ "type": "Point", "coordinates": [-87.1016, 38.9717] }},
{"zip_code":"46040","country":"US","city":"Fortville","state":"Indiana","state_ab":"IN","county":"Hancock","geo_location":{ "type": "Point", "coordinates": [-85.8186, 39.9228] }},
{"zip_code":"46129","country":"US","city":"Finly","state":"Indiana","state_ab":"IN","county":"Hancock","geo_location":{ "type": "Point", "coordinates": [-85.7652, 39.8215] }},
{"zip_code":"35176","country":"US","city":"Vandiver","state":"Alabama","state_ab":"AL","county":"Shelby","geo_location":{ "type": "Point", "coordinates": [-86.5013, 33.4807] }},
{"zip_code":"35459","country":"US","city":"Emelle","state":"Alabama","state_ab":"AL","county":"Sumter","geo_location":{ "type": "Point", "coordinates": [-88.3057, 32.755] }},
{"zip_code":"35460","country":"US","city":"Epes","state":"Alabama","state_ab":"AL","county":"Sumter","geo_location":{ "type": "Point", "coordinates": [-88.1206, 32.672] }},
{"zip_code":"35149","country":"US","city":"Sycamore","state":"Alabama","state_ab":"AL","county":"Talladega","geo_location":{ "type": "Point", "coordinates": [-86.2049, 33.2728] }},
{"zip_code":"35150","country":"US","city":"Sylacauga","state":"Alabama","state_ab":"AL","county":"Talladega","geo_location":{ "type": "Point", "coordinates": [-86.2713, 33.1717] }},
{"zip_code":"36023","country":"US","city":"East Tallassee","state":"Alabama","state_ab":"AL","county":"Tallapoosa","geo_location":{ "type": "Point", "coordinates": [-85.8034, 32.8002] }},
{"zip_code":"36256","country":"US","city":"Daviston","state":"Alabama","state_ab":"AL","county":"Tallapoosa","geo_location":{ "type": "Point", "coordinates": [-85.7538, 33.0335] }},
{"zip_code":"36850","country":"US","city":"Camp Hill","state":"Alabama","state_ab":"AL","county":"Tallapoosa","geo_location":{ "type": "Point", "coordinates": [-85.6474, 32.7827] }},
{"zip_code":"35406","country":"US","city":"Tuscaloosa","state":"Alabama","state_ab":"AL","county":"Tuscaloosa","geo_location":{ "type": "Point", "coordinates": [-87.536, 33.2722] }},
{"zip_code":"35446","country":"US","city":"Buhl","state":"Alabama","state_ab":"AL","county":"Tuscaloosa","geo_location":{ "type": "Point", "coordinates": [-87.7547, 33.2306] }},
{"zip_code":"35473","country":"US","city":"Northport","state":"Alabama","state_ab":"AL","county":"Tuscaloosa","geo_location":{ "type": "Point", "coordinates": [-87.5825, 33.2723] }},
{"zip_code":"35486","country":"US","city":"Tuscaloosa","state":"Alabama","state_ab":"AL","county":"Tuscaloosa","geo_location":{ "type": "Point", "coordinates": [-87.7938, 33.2727] }},
{"zip_code":"35549","country":"US","city":"Carbon Hill","state":"Alabama","state_ab":"AL","county":"Walker","geo_location":{ "type": "Point", "coordinates": [-87.5403, 33.9093] }},
{"zip_code":"35550","country":"US","city":"Cordova","state":"Alabama","state_ab":"AL","county":"Walker","geo_location":{ "type": "Point", "coordinates": [-87.1841, 33.768] }},
{"zip_code":"36513","country":"US","city":"Calvert","state":"Alabama","state_ab":"AL","county":"Washington","geo_location":{ "type": "Point", "coordinates": [-88.1758, 31.4067] }},
{"zip_code":"36539","country":"US","city":"Fruitdale","state":"Alabama","state_ab":"AL","county":"Washington","geo_location":{ "type": "Point", "coordinates": [-88.3766, 31.3488] }},
{"zip_code":"36553","country":"US","city":"Mc Intosh","state":"Alabama","state_ab":"AL","county":"Washington","geo_location":{ "type": "Point", "coordinates": [-88.0511, 31.2361] }},
{"zip_code":"36720","country":"US","city":"Alberta","state":"Alabama","state_ab":"AL","county":"Wilcox","geo_location":{ "type": "Point", "coordinates": [-87.3468, 32.1585] }},
{"zip_code":"36760","country":"US","city":"Millers Ferry","state":"Alabama","state_ab":"AL","county":"Wilcox County","geo_location":{ "type": "Point", "coordinates": [-87.3675, 32.0994] }},
{"zip_code":"72140","country":"US","city":"Saint Charles","state":"Arkansas","state_ab":"AR","county":"Arkansas","geo_location":{ "type": "Point", "coordinates": [-91.1463, 34.3878] }},
{"zip_code":"72166","country":"US","city":"Tichnor","state":"Arkansas","state_ab":"AR","county":"Arkansas","geo_location":{ "type": "Point", "coordinates": [-91.2437, 34.0893] }}]}