{"value": [{"zip_code":"21836","country":"US","city":"Manokin","state":"Maryland","state_ab":"MD","county":"Somerset","geo_location":{ "type": "Point", "coordinates": [-75.7344, 38.0733] }},
{"zip_code":"21890","country":"US","city":"Westover","state":"Maryland","state_ab":"MD","county":"Somerset","geo_location":{ "type": "Point", "coordinates": [-75.8882, 38.0927] }},
{"zip_code":"21719","country":"US","city":"Cascade","state":"Maryland","state_ab":"MD","county":"Washington","geo_location":{ "type": "Point", "coordinates": [-77.4955, 39.6958] }},
{"zip_code":"21720","country":"US","city":"Cavetown","state":"Maryland","state_ab":"MD","county":"Washington","geo_location":{ "type": "Point", "coordinates": [-77.5842, 39.6473] }},
{"zip_code":"21733","country":"US","city":"Fairplay","state":"Maryland","state_ab":"MD","county":"Washington","geo_location":{ "type": "Point", "coordinates": [-77.7604, 39.5594] }},
{"zip_code":"21746","country":"US","city":"Hagerstown","state":"Maryland","state_ab":"MD","county":"Washington","geo_location":{ "type": "Point", "coordinates": [-77.7206, 39.5638] }},
{"zip_code":"21810","country":"US","city":"Allen","state":"Maryland","state_ab":"MD","county":"Wicomico","geo_location":{ "type": "Point", "coordinates": [-75.6276, 38.3884] }},
{"zip_code":"21849","country":"US","city":"Parsonsburg","state":"Maryland","state_ab":"MD","county":"Wicomico","geo_location":{ "type": "Point", "coordinates": [-75.4737, 38.3914] }},
{"zip_code":"21850","country":"US","city":"Pittsville","state":"Maryland","state_ab":"MD","county":"Wicomico","geo_location":{ "type": "Point", "coordinates": [-75.4076, 38.3755] }},
{"zip_code":"21863","country":"US","city":"Snow Hill","state":"Maryland","state_ab":"MD","county":"Worcester","geo_location":{ "type": "Point", "coordinates": [-75.405, 38.1868] }},
{"zip_code":"21203","country":"US","city":"Baltimore","state":"Maryland","state_ab":"MD","county":"Baltimore (city)","geo_location":{ "type": "Point", "coordinates": [-76.6205, 39.2847] }},
{"zip_code":"21216","country":"US","city":"Baltimore","state":"Maryland","state_ab":"MD","county":"Baltimore (city)","geo_location":{ "type": "Point", "coordinates": [-76.6699, 39.3093] }},
{"zip_code":"21229","country":"US","city":"Baltimore","state":"Maryland","state_ab":"MD","county":"Baltimore (city)","geo_location":{ "type": "Point", "coordinates": [-76.6899, 39.2856] }},
{"zip_code":"21230","country":"US","city":"Baltimore","state":"Maryland","state_ab":"MD","county":"Baltimore (city)","geo_location":{ "type": "Point", "coordinates": [-76.6224, 39.2645] }},
{"zip_code":"21270","country":"US","city":"Baltimore","state":"Maryland","state_ab":"MD","county":"Baltimore (city)","geo_location":{ "type": "Point", "coordinates": [-76.6205, 39.2847] }},
{"zip_code":"21283","country":"US","city":"Baltimore","state":"Maryland","state_ab":"MD","county":"Baltimore (city)","geo_location":{ "type": "Point", "coordinates": [-76.6205, 39.2847] }},
{"zip_code":"4273","country":"US","city":"Poland","state":"Maine","state_ab":"ME","county":"Androscoggin County","geo_location":{ "type": "Point", "coordinates": [-70.4147, 44.0631] }},
{"zip_code":"4736","country":"US","city":"Caribou","state":"Maine","state_ab":"ME","county":"Aroostook","geo_location":{ "type": "Point", "coordinates": [-68.0204, 46.8706] }},
{"zip_code":"4750","country":"US","city":"Limestone","state":"Maine","state_ab":"ME","county":"Aroostook","geo_location":{ "type": "Point", "coordinates": [-67.8451, 46.9248] }},
{"zip_code":"4763","country":"US","city":"Oakfield","state":"Maine","state_ab":"ME","county":"Aroostook","geo_location":{ "type": "Point", "coordinates": [-68.1298, 46.1088] }},
{"zip_code":"4776","country":"US","city":"Sherman Mills","state":"Maine","state_ab":"ME","county":"Aroostook","geo_location":{ "type": "Point", "coordinates": [-68.3696, 45.8777] }},
{"zip_code":"4013","country":"US","city":"Bustins Island","state":"Maine","state_ab":"ME","county":"Cumberland","geo_location":{ "type": "Point", "coordinates": [-70.4707, 44.4081] }},
{"zip_code":"4039","country":"US","city":"Gray","state":"Maine","state_ab":"ME","county":"Cumberland","geo_location":{ "type": "Point", "coordinates": [-70.3429, 43.8942] }},
{"zip_code":"4040","country":"US","city":"Harrison","state":"Maine","state_ab":"ME","county":"Cumberland","geo_location":{ "type": "Point", "coordinates": [-70.6539, 44.1071] }},
{"zip_code":"4053","country":"US","city":"Merepoint","state":"Maine","state_ab":"ME","county":"Cumberland","geo_location":{ "type": "Point", "coordinates": [-70.4707, 44.4081] }},
{"zip_code":"4066","country":"US","city":"Orrs Island","state":"Maine","state_ab":"ME","county":"Cumberland","geo_location":{ "type": "Point", "coordinates": [-69.9668, 43.7727] }},
{"zip_code":"4079","country":"US","city":"Harpswell","state":"Maine","state_ab":"ME","county":"Cumberland","geo_location":{ "type": "Point", "coordinates": [-69.9955, 43.7811] }},
{"zip_code":"4103","country":"US","city":"Portland","state":"Maine","state_ab":"ME","county":"Cumberland","geo_location":{ "type": "Point", "coordinates": [-70.2876, 43.6876] }},
{"zip_code":"4116","country":"US","city":"South Portland","state":"Maine","state_ab":"ME","county":"Cumberland","geo_location":{ "type": "Point", "coordinates": [-70.4707, 44.4081] }},
{"zip_code":"4260","country":"US","city":"New Gloucester","state":"Maine","state_ab":"ME","county":"Cumberland","geo_location":{ "type": "Point", "coordinates": [-70.2974, 43.9608] }},
{"zip_code":"4749","country":"US","city":"Lille","state":"Maine","state_ab":"ME","county":"Franklin County","geo_location":{ "type": "Point", "coordinates": [-68.1104, 47.2636] }},
{"zip_code":"4956","country":"US","city":"New Vineyard","state":"Maine","state_ab":"ME","county":"Franklin","geo_location":{ "type": "Point", "coordinates": [-70.122, 44.7967] }},
{"zip_code":"4970","country":"US","city":"Rangeley","state":"Maine","state_ab":"ME","county":"Franklin","geo_location":{ "type": "Point", "coordinates": [-70.6658, 44.9631] }},
{"zip_code":"4983","country":"US","city":"Strong","state":"Maine","state_ab":"ME","county":"Franklin","geo_location":{ "type": "Point", "coordinates": [-70.2221, 44.8224] }},
{"zip_code":"4646","country":"US","city":"Islesford","state":"Maine","state_ab":"ME","county":"Hancock","geo_location":{ "type": "Point", "coordinates": [-68.3915, 44.6419] }},
{"zip_code":"4659","country":"US","city":"Minturn","state":"Maine","state_ab":"ME","county":"Hancock County","geo_location":{ "type": "Point", "coordinates": [-68.4353, 44.1375] }},
{"zip_code":"4660","country":"US","city":"Mount Desert","state":"Maine","state_ab":"ME","county":"Hancock","geo_location":{ "type": "Point", "coordinates": [-68.3087, 44.3347] }},
{"zip_code":"4673","country":"US","city":"Sargentville","state":"Maine","state_ab":"ME","county":"Hancock","geo_location":{ "type": "Point", "coordinates": [-68.6863, 44.3136] }},
{"zip_code":"14816","country":"US","city":"Breesport","state":"New York","state_ab":"NY","county":"Chemung","geo_location":{ "type": "Point", "coordinates": [-76.7361, 42.1939] }},
{"zip_code":"13129","country":"US","city":"Georgetown","state":"New York","state_ab":"NY","county":"Chenango","geo_location":{ "type": "Point", "coordinates": [-75.7314, 42.7127] }},
{"zip_code":"12979","country":"US","city":"Rouses Point","state":"New York","state_ab":"NY","county":"Clinton","geo_location":{ "type": "Point", "coordinates": [-73.3691, 44.9884] }},
{"zip_code":"12050","country":"US","city":"Columbiaville","state":"New York","state_ab":"NY","county":"Columbia","geo_location":{ "type": "Point", "coordinates": [-73.7486, 42.3172] }},
{"zip_code":"12513","country":"US","city":"Claverack","state":"New York","state_ab":"NY","county":"Columbia","geo_location":{ "type": "Point", "coordinates": [-73.6946, 42.2069] }},
{"zip_code":"12526","country":"US","city":"Germantown","state":"New York","state_ab":"NY","county":"Columbia","geo_location":{ "type": "Point", "coordinates": [-73.8625, 42.1219] }},
{"zip_code":"12593","country":"US","city":"West Copake","state":"New York","state_ab":"NY","county":"Columbia","geo_location":{ "type": "Point", "coordinates": [-73.6411, 42.244] }},
{"zip_code":"13040","country":"US","city":"Cincinnatus","state":"New York","state_ab":"NY","county":"Cortland","geo_location":{ "type": "Point", "coordinates": [-75.903, 42.5385] }},
{"zip_code":"11406","country":"US","city":"Jamaica","state":"New York","state_ab":"NY","county":"Delaware County","geo_location":{ "type": "Point", "coordinates": [-73.8059, 40.6913] }},
{"zip_code":"13750","country":"US","city":"Davenport","state":"New York","state_ab":"NY","county":"Delaware","geo_location":{ "type": "Point", "coordinates": [-74.8357, 42.4711] }},
{"zip_code":"13839","country":"US","city":"Sidney Center","state":"New York","state_ab":"NY","county":"Delaware","geo_location":{ "type": "Point", "coordinates": [-75.2871, 42.2441] }},
{"zip_code":"12540","country":"US","city":"Lagrangeville","state":"New York","state_ab":"NY","county":"Dutchess","geo_location":{ "type": "Point", "coordinates": [-73.745, 41.6615] }},
{"zip_code":"12580","country":"US","city":"Staatsburg","state":"New York","state_ab":"NY","county":"Dutchess","geo_location":{ "type": "Point", "coordinates": [-73.8988, 41.8502] }},
{"zip_code":"12603","country":"US","city":"Poughkeepsie","state":"New York","state_ab":"NY","county":"Dutchess","geo_location":{ "type": "Point", "coordinates": [-73.8621, 41.6907] }},
{"zip_code":"14030","country":"US","city":"Chaffee","state":"New York","state_ab":"NY","county":"Erie","geo_location":{ "type": "Point", "coordinates": [-78.5025, 42.5605] }},
{"zip_code":"14043","country":"US","city":"Depew","state":"New York","state_ab":"NY","county":"Erie","geo_location":{ "type": "Point", "coordinates": [-78.7041, 42.905] }},
{"zip_code":"14069","country":"US","city":"Glenwood","state":"New York","state_ab":"NY","county":"Erie","geo_location":{ "type": "Point", "coordinates": [-78.6386, 42.6001] }},
{"zip_code":"14209","country":"US","city":"Buffalo","state":"New York","state_ab":"NY","county":"Erie","geo_location":{ "type": "Point", "coordinates": [-78.8656, 42.913] }},
{"zip_code":"14210","country":"US","city":"Buffalo","state":"New York","state_ab":"NY","county":"Erie","geo_location":{ "type": "Point", "coordinates": [-78.8205, 42.8614] }},
{"zip_code":"14223","country":"US","city":"Buffalo","state":"New York","state_ab":"NY","county":"Erie","geo_location":{ "type": "Point", "coordinates": [-78.845, 42.9731] }},
{"zip_code":"14263","country":"US","city":"Buffalo","state":"New York","state_ab":"NY","county":"Erie","geo_location":{ "type": "Point", "coordinates": [-78.8871, 42.7684] }},
{"zip_code":"14276","country":"US","city":"Buffalo","state":"New York","state_ab":"NY","county":"Erie","geo_location":{ "type": "Point", "coordinates": [-78.8871, 42.7684] }},
{"zip_code":"12913","country":"US","city":"Bloomingdale","state":"New York","state_ab":"NY","county":"Essex","geo_location":{ "type": "Point", "coordinates": [-74.0829, 44.3985] }},
{"zip_code":"12993","country":"US","city":"Westport","state":"New York","state_ab":"NY","county":"Essex","geo_location":{ "type": "Point", "coordinates": [-73.4702, 44.205] }},
{"zip_code":"12926","country":"US","city":"Constable","state":"New York","state_ab":"NY","county":"Franklin","geo_location":{ "type": "Point", "coordinates": [-74.3297, 44.9417] }},
{"zip_code":"12939","country":"US","city":"Gabriels","state":"New York","state_ab":"NY","county":"Franklin","geo_location":{ "type": "Point", "coordinates": [-74.318, 44.5527] }},
{"zip_code":"12953","country":"US","city":"Malone","state":"New York","state_ab":"NY","county":"Franklin","geo_location":{ "type": "Point", "coordinates": [-74.2928, 44.8482] }},
{"zip_code":"12966","country":"US","city":"North Bangor","state":"New York","state_ab":"NY","county":"Franklin","geo_location":{ "type": "Point", "coordinates": [-74.4191, 44.8532] }},
{"zip_code":"12980","country":"US","city":"Saint Regis Falls","state":"New York","state_ab":"NY","county":"Franklin","geo_location":{ "type": "Point", "coordinates": [-74.5155, 44.6578] }},
{"zip_code":"14003","country":"US","city":"Alabama","state":"New York","state_ab":"NY","county":"Genesee","geo_location":{ "type": "Point", "coordinates": [-78.1848, 42.9981] }},
{"zip_code":"14056","country":"US","city":"East Pembroke","state":"New York","state_ab":"NY","county":"Genesee","geo_location":{ "type": "Point", "coordinates": [-78.3122, 42.9912] }},
{"zip_code":"14416","country":"US","city":"Bergen","state":"New York","state_ab":"NY","county":"Genesee","geo_location":{ "type": "Point", "coordinates": [-77.9603, 43.0869] }},
{"zip_code":"12423","country":"US","city":"East Durham","state":"New York","state_ab":"NY","county":"Greene","geo_location":{ "type": "Point", "coordinates": [-74.1117, 42.386] }},
{"zip_code":"12436","country":"US","city":"Haines Falls","state":"New York","state_ab":"NY","county":"Greene","geo_location":{ "type": "Point", "coordinates": [-74.1023, 42.1955] }},
{"zip_code":"12450","country":"US","city":"Lanesville","state":"New York","state_ab":"NY","county":"Greene","geo_location":{ "type": "Point", "coordinates": [-74.2443, 42.1332] }},
{"zip_code":"12463","country":"US","city":"Palenville","state":"New York","state_ab":"NY","county":"Greene","geo_location":{ "type": "Point", "coordinates": [-74.0167, 42.1729] }},
{"zip_code":"12139","country":"US","city":"Piseco","state":"New York","state_ab":"NY","county":"Hamilton","geo_location":{ "type": "Point", "coordinates": [-74.5263, 43.4481] }},
{"zip_code":"13350","country":"US","city":"Herkimer","state":"New York","state_ab":"NY","county":"Herkimer","geo_location":{ "type": "Point", "coordinates": [-74.9876, 43.0307] }},
{"zip_code":"13606","country":"US","city":"Adams Center","state":"New York","state_ab":"NY","county":"Jefferson","geo_location":{ "type": "Point", "coordinates": [-76.0041, 43.8631] }},
{"zip_code":"13619","country":"US","city":"Carthage","state":"New York","state_ab":"NY","county":"Jefferson","geo_location":{ "type": "Point", "coordinates": [-75.6013, 43.9791] }},
{"zip_code":"13659","country":"US","city":"Lorraine","state":"New York","state_ab":"NY","county":"Jefferson","geo_location":{ "type": "Point", "coordinates": [-75.9053, 43.7568] }},
{"zip_code":"13673","country":"US","city":"Philadelphia","state":"New York","state_ab":"NY","county":"Jefferson","geo_location":{ "type": "Point", "coordinates": [-75.7099, 44.1589] }},
{"zip_code":"11213","country":"US","city":"Brooklyn","state":"New York","state_ab":"NY","county":"Kings","geo_location":{ "type": "Point", "coordinates": [-73.9367, 40.67] }},
{"zip_code":"11226","country":"US","city":"Brooklyn","state":"New York","state_ab":"NY","county":"Kings","geo_location":{ "type": "Point", "coordinates": [-73.957, 40.6467] }},
{"zip_code":"11239","country":"US","city":"Brooklyn","state":"New York","state_ab":"NY","county":"Kings","geo_location":{ "type": "Point", "coordinates": [-73.8824, 40.6497] }},
{"zip_code":"11240","country":"US","city":"Brooklyn","state":"New York","state_ab":"NY","county":"Kings","geo_location":{ "type": "Point", "coordinates": [-73.945, 40.6451] }},
{"zip_code":"13620","country":"US","city":"Castorland","state":"New York","state_ab":"NY","county":"Lewis","geo_location":{ "type": "Point", "coordinates": [-75.4604, 43.8843] }},
{"zip_code":"14533","country":"US","city":"Piffard","state":"New York","state_ab":"NY","county":"Livingston","geo_location":{ "type": "Point", "coordinates": [-77.8962, 42.8435] }},
{"zip_code":"14560","country":"US","city":"Springwater","state":"New York","state_ab":"NY","county":"Livingston","geo_location":{ "type": "Point", "coordinates": [-77.5775, 42.6776] }},
{"zip_code":"13310","country":"US","city":"Bouckville","state":"New York","state_ab":"NY","county":"Madison","geo_location":{ "type": "Point", "coordinates": [-75.5678, 42.894] }},
{"zip_code":"14430","country":"US","city":"Clarkson","state":"New York","state_ab":"NY","county":"Monroe","geo_location":{ "type": "Point", "coordinates": [-77.6843, 43.286] }},
{"zip_code":"14506","country":"US","city":"Mendon","state":"New York","state_ab":"NY","county":"Monroe","geo_location":{ "type": "Point", "coordinates": [-77.5001, 42.9953] }},
{"zip_code":"14546","country":"US","city":"Scottsville","state":"New York","state_ab":"NY","county":"Monroe","geo_location":{ "type": "Point", "coordinates": [-77.7743, 43.0246] }},
{"zip_code":"14559","country":"US","city":"Spencerport","state":"New York","state_ab":"NY","county":"Monroe","geo_location":{ "type": "Point", "coordinates": [-77.8043, 43.1895] }},
{"zip_code":"14586","country":"US","city":"West Henrietta","state":"New York","state_ab":"NY","county":"Monroe","geo_location":{ "type": "Point", "coordinates": [-77.6871, 43.0397] }},
{"zip_code":"14609","country":"US","city":"Rochester","state":"New York","state_ab":"NY","county":"Monroe","geo_location":{ "type": "Point", "coordinates": [-77.5637, 43.174] }},
{"zip_code":"14610","country":"US","city":"Rochester","state":"New York","state_ab":"NY","county":"Monroe","geo_location":{ "type": "Point", "coordinates": [-77.5495, 43.1452] }},
{"zip_code":"14623","country":"US","city":"Rochester","state":"New York","state_ab":"NY","county":"Monroe","geo_location":{ "type": "Point", "coordinates": [-77.6344, 43.0834] }},
{"zip_code":"14649","country":"US","city":"Rochester","state":"New York","state_ab":"NY","county":"Monroe","geo_location":{ "type": "Point", "coordinates": [-77.6843, 43.286] }},
{"zip_code":"14650","country":"US","city":"Rochester","state":"New York","state_ab":"NY","county":"Monroe","geo_location":{ "type": "Point", "coordinates": [-77.6843, 43.286] }},
{"zip_code":"12010","country":"US","city":"Amsterdam","state":"New York","state_ab":"NY","county":"Montgomery","geo_location":{ "type": "Point", "coordinates": [-74.229, 42.9063] }},
{"zip_code":"12166","country":"US","city":"Sprakers","state":"New York","state_ab":"NY","county":"Montgomery","geo_location":{ "type": "Point", "coordinates": [-74.4536, 42.8484] }},
{"zip_code":"11020","country":"US","city":"Great Neck","state":"New York","state_ab":"NY","county":"Nassau","geo_location":{ "type": "Point", "coordinates": [-73.7189, 40.7742] }},
{"zip_code":"11099","country":"US","city":"New Hyde Park","state":"New York","state_ab":"NY","county":"Nassau","geo_location":{ "type": "Point", "coordinates": [-73.6018, 40.7548] }},
{"zip_code":"11509","country":"US","city":"Atlantic Beach","state":"New York","state_ab":"NY","county":"Nassau","geo_location":{ "type": "Point", "coordinates": [-73.7255, 40.5887] }},
{"zip_code":"11510","country":"US","city":"Baldwin","state":"New York","state_ab":"NY","county":"Nassau","geo_location":{ "type": "Point", "coordinates": [-73.6097, 40.6548] }},
{"zip_code":"11536","country":"US","city":"Garden City","state":"New York","state_ab":"NY","county":"Nassau","geo_location":{ "type": "Point", "coordinates": [-73.6018, 40.7548] }},
{"zip_code":"11549","country":"US","city":"Hempstead","state":"New York","state_ab":"NY","county":"Nassau","geo_location":{ "type": "Point", "coordinates": [-73.6027, 40.7172] }},
{"zip_code":"11550","country":"US","city":"Hempstead","state":"New York","state_ab":"NY","county":"Nassau","geo_location":{ "type": "Point", "coordinates": [-73.6176, 40.7049] }},
{"zip_code":"11563","country":"US","city":"Lynbrook","state":"New York","state_ab":"NY","county":"Nassau","geo_location":{ "type": "Point", "coordinates": [-73.6741, 40.6571] }},
{"zip_code":"11576","country":"US","city":"Roslyn","state":"New York","state_ab":"NY","county":"Nassau","geo_location":{ "type": "Point", "coordinates": [-73.6477, 40.7984] }},
{"zip_code":"11590","country":"US","city":"Westbury","state":"New York","state_ab":"NY","county":"Nassau","geo_location":{ "type": "Point", "coordinates": [-73.5723, 40.7557] }},
{"zip_code":"11756","country":"US","city":"Levittown","state":"New York","state_ab":"NY","county":"Nassau","geo_location":{ "type": "Point", "coordinates": [-73.5166, 40.7254] }},
{"zip_code":"11783","country":"US","city":"Seaford","state":"New York","state_ab":"NY","county":"Nassau","geo_location":{ "type": "Point", "coordinates": [-73.491, 40.6795] }},
{"zip_code":"11819","country":"US","city":"Hicksville","state":"New York","state_ab":"NY","county":"Nassau","geo_location":{ "type": "Point", "coordinates": [-73.6018, 40.7548] }},
{"zip_code":"10003","country":"US","city":"New York City","state":"New York","state_ab":"NY","county":"New York","geo_location":{ "type": "Point", "coordinates": [-73.9892, 40.7313] }},
{"zip_code":"10016","country":"US","city":"New York City","state":"New York","state_ab":"NY","county":"New York","geo_location":{ "type": "Point", "coordinates": [-73.9781, 40.7443] }},
{"zip_code":"10029","country":"US","city":"New York City","state":"New York","state_ab":"NY","county":"New York","geo_location":{ "type": "Point", "coordinates": [-73.9447, 40.7918] }},
{"zip_code":"10030","country":"US","city":"New York City","state":"New York","state_ab":"NY","county":"New York","geo_location":{ "type": "Point", "coordinates": [-73.9426, 40.8183] }},
{"zip_code":"10043","country":"US","city":"New York City","state":"New York","state_ab":"NY","county":"New York","geo_location":{ "type": "Point", "coordinates": [-73.9772, 40.7808] }},
{"zip_code":"10069","country":"US","city":"New York City","state":"New York","state_ab":"NY","county":"New York","geo_location":{ "type": "Point", "coordinates": [-73.9884, 40.778] }},
{"zip_code":"10096","country":"US","city":"New York City","state":"New York","state_ab":"NY","county":"New York","geo_location":{ "type": "Point", "coordinates": [-73.9772, 40.7808] }},
{"zip_code":"10106","country":"US","city":"New York City","state":"New York","state_ab":"NY","county":"New York","geo_location":{ "type": "Point", "coordinates": [-73.9804, 40.7652] }},
{"zip_code":"10119","country":"US","city":"New York City","state":"New York","state_ab":"NY","county":"New York","geo_location":{ "type": "Point", "coordinates": [-73.9772, 40.7808] }},
{"zip_code":"10120","country":"US","city":"New York City","state":"New York","state_ab":"NY","county":"New York","geo_location":{ "type": "Point", "coordinates": [-73.9894, 40.7506] }},
{"zip_code":"10133","country":"US","city":"New York City","state":"New York","state_ab":"NY","county":"New York","geo_location":{ "type": "Point", "coordinates": [-73.9772, 40.7808] }},
{"zip_code":"10159","country":"US","city":"New York City","state":"New York","state_ab":"NY","county":"New York","geo_location":{ "type": "Point", "coordinates": [-73.9772, 40.7808] }},
{"zip_code":"10160","country":"US","city":"New York City","state":"New York","state_ab":"NY","county":"New York","geo_location":{ "type": "Point", "coordinates": [-73.9772, 40.7808] }},
{"zip_code":"10173","country":"US","city":"New York City","state":"New York","state_ab":"NY","county":"New York","geo_location":{ "type": "Point", "coordinates": [-73.9796, 40.7543] }},
{"zip_code":"10199","country":"US","city":"New York City","state":"New York","state_ab":"NY","county":"New York","geo_location":{ "type": "Point", "coordinates": [-74.0006, 40.7503] }},
{"zip_code":"10249","country":"US","city":"New York City","state":"New York","state_ab":"NY","county":"New York","geo_location":{ "type": "Point", "coordinates": [-73.9772, 40.7808] }},
{"zip_code":"10276","country":"US","city":"New York City","state":"New York","state_ab":"NY","county":"New York","geo_location":{ "type": "Point", "coordinates": [-73.9772, 40.7808] }},
{"zip_code":"14120","country":"US","city":"North Tonawanda","state":"New York","state_ab":"NY","county":"Niagara","geo_location":{ "type": "Point", "coordinates": [-78.851, 43.0498] }},
{"zip_code":"13309","country":"US","city":"Boonville","state":"New York","state_ab":"NY","county":"Oneida","geo_location":{ "type": "Point", "coordinates": [-75.344, 43.4786] }},
{"zip_code":"13323","country":"US","city":"Clinton","state":"New York","state_ab":"NY","county":"Oneida","geo_location":{ "type": "Point", "coordinates": [-75.3808, 43.0586] }},
{"zip_code":"13336","country":"US","city":"Middleville","state":"New York","state_ab":"NY","county":"Oneida County","geo_location":{ "type": "Point", "coordinates": [-74.9134, 43.1372] }},
{"zip_code":"13363","country":"US","city":"Lee Center","state":"New York","state_ab":"NY","county":"Oneida","geo_location":{ "type": "Point", "coordinates": [-75.5055, 43.3148] }},
{"zip_code":"13413","country":"US","city":"New Hartford","state":"New York","state_ab":"NY","county":"Oneida","geo_location":{ "type": "Point", "coordinates": [-75.2906, 43.0654] }},
{"zip_code":"13440","country":"US","city":"Rome","state":"New York","state_ab":"NY","county":"Oneida","geo_location":{ "type": "Point", "coordinates": [-75.4498, 43.2193] }},
{"zip_code":"13479","country":"US","city":"Washington Mills","state":"New York","state_ab":"NY","county":"Oneida","geo_location":{ "type": "Point", "coordinates": [-75.2716, 43.0538] }},
{"zip_code":"13480","country":"US","city":"Waterville","state":"New York","state_ab":"NY","county":"Oneida","geo_location":{ "type": "Point", "coordinates": [-75.3815, 42.9332] }},
{"zip_code":"13503","country":"US","city":"Utica","state":"New York","state_ab":"NY","county":"Oneida","geo_location":{ "type": "Point", "coordinates": [-75.2312, 43.1019] }},
{"zip_code":"13039","country":"US","city":"Cicero","state":"New York","state_ab":"NY","county":"Onondaga","geo_location":{ "type": "Point", "coordinates": [-76.0962, 43.1707] }},
{"zip_code":"13066","country":"US","city":"Fayetteville","state":"New York","state_ab":"NY","county":"Onondaga","geo_location":{ "type": "Point", "coordinates": [-76.0145, 43.0268] }},
{"zip_code":"13080","country":"US","city":"Jordan","state":"New York","state_ab":"NY","county":"Onondaga","geo_location":{ "type": "Point", "coordinates": [-76.4598, 43.0651] }},
{"zip_code":"13116","country":"US","city":"Minoa","state":"New York","state_ab":"NY","county":"Onondaga","geo_location":{ "type": "Point", "coordinates": [-76.0098, 43.0772] }},
{"zip_code":"13206","country":"US","city":"Syracuse","state":"New York","state_ab":"NY","county":"Onondaga","geo_location":{ "type": "Point", "coordinates": [-76.1102, 43.0677] }},
{"zip_code":"13219","country":"US","city":"Syracuse","state":"New York","state_ab":"NY","county":"Onondaga","geo_location":{ "type": "Point", "coordinates": [-76.2262, 43.0409] }},
{"zip_code":"13220","country":"US","city":"Syracuse","state":"New York","state_ab":"NY","county":"Onondaga","geo_location":{ "type": "Point", "coordinates": [-76.1282, 43.1234] }},
{"zip_code":"13260","country":"US","city":"Syracuse","state":"New York","state_ab":"NY","county":"Onondaga","geo_location":{ "type": "Point", "coordinates": [-76.1977, 43.0214] }},
{"zip_code":"14443","country":"US","city":"East Bloomfield","state":"New York","state_ab":"NY","county":"Ontario","geo_location":{ "type": "Point", "coordinates": [-77.4233, 42.901] }},
{"zip_code":"14456","country":"US","city":"Geneva","state":"New York","state_ab":"NY","county":"Ontario","geo_location":{ "type": "Point", "coordinates": [-76.9913, 42.8637] }},
{"zip_code":"14469","country":"US","city":"Bloomfield","state":"New York","state_ab":"NY","county":"Ontario","geo_location":{ "type": "Point", "coordinates": [-77.46, 42.8851] }},
{"zip_code":"10919","country":"US","city":"Circleville","state":"New York","state_ab":"NY","county":"Orange","geo_location":{ "type": "Point", "coordinates": [-74.385, 41.5244] }},
{"zip_code":"10933","country":"US","city":"Johnson","state":"New York","state_ab":"NY","county":"Orange","geo_location":{ "type": "Point", "coordinates": [-74.5109, 41.3653] }},
{"zip_code":"10959","country":"US","city":"New Milford","state":"New York","state_ab":"NY","county":"Orange","geo_location":{ "type": "Point", "coordinates": [-74.3547, 41.3878] }},
{"zip_code":"10973","country":"US","city":"Slate Hill","state":"New York","state_ab":"NY","county":"Orange","geo_location":{ "type": "Point", "coordinates": [-74.4847, 41.376] }},
{"zip_code":"12553","country":"US","city":"New Windsor","state":"New York","state_ab":"NY","county":"Orange","geo_location":{ "type": "Point", "coordinates": [-74.0566, 41.4724] }},
{"zip_code":"12566","country":"US","city":"Pine Bush","state":"New York","state_ab":"NY","county":"Orange","geo_location":{ "type": "Point", "coordinates": [-74.3263, 41.6178] }},
{"zip_code":"12746","country":"US","city":"Huguenot","state":"New York","state_ab":"NY","county":"Orange","geo_location":{ "type": "Point", "coordinates": [-74.6426, 41.4372] }},
{"zip_code":"14429","country":"US","city":"Clarendon","state":"New York","state_ab":"NY","county":"Orleans","geo_location":{ "type": "Point", "coordinates": [-78.2313, 43.381] }},
{"zip_code":"14470","country":"US","city":"Holley","state":"New York","state_ab":"NY","county":"Orleans","geo_location":{ "type": "Point", "coordinates": [-78.0731, 43.2159] }},
{"zip_code":"13093","country":"US","city":"Lycoming","state":"New York","state_ab":"NY","county":"Oswego","geo_location":{ "type": "Point", "coordinates": [-76.2004, 43.4313] }},
{"zip_code":"13103","country":"US","city":"Mallory","state":"New York","state_ab":"NY","county":"Oswego","geo_location":{ "type": "Point", "coordinates": [-76.0964, 43.3399] }},
{"zip_code":"13426","country":"US","city":"Orwell","state":"New York","state_ab":"NY","county":"Oswego","geo_location":{ "type": "Point", "coordinates": [-75.9968, 43.5628] }},
{"zip_code":"13493","country":"US","city":"Williamstown","state":"New York","state_ab":"NY","county":"Oswego","geo_location":{ "type": "Point", "coordinates": [-75.9044, 43.4106] }},
{"zip_code":"13439","country":"US","city":"Richfield Springs","state":"New York","state_ab":"NY","county":"Otsego","geo_location":{ "type": "Point", "coordinates": [-74.9716, 42.8402] }},
{"zip_code":"13466","country":"US","city":"South Edmeston","state":"New York","state_ab":"NY","county":"Otsego County","geo_location":{ "type": "Point", "coordinates": [-75.2576, 42.6709] }},
{"zip_code":"13776","country":"US","city":"Gilbertsville","state":"New York","state_ab":"NY","county":"Otsego","geo_location":{ "type": "Point", "coordinates": [-75.3609, 42.433] }},
{"zip_code":"11109","country":"US","city":"Long Island City","state":"New York","state_ab":"NY","county":"Queens","geo_location":{ "type": "Point", "coordinates": [-73.9575, 40.7454] }},
{"zip_code":"11356","country":"US","city":"College Point","state":"New York","state_ab":"NY","county":"Queens","geo_location":{ "type": "Point", "coordinates": [-73.845, 40.7855] }},
{"zip_code":"11369","country":"US","city":"East Elmhurst","state":"New York","state_ab":"NY","county":"Queens","geo_location":{ "type": "Point", "coordinates": [-73.8739, 40.7613] }},
{"zip_code":"11370","country":"US","city":"East Elmhurst","state":"New York","state_ab":"NY","county":"Queens","geo_location":{ "type": "Point", "coordinates": [-73.8916, 40.7611] }},
{"zip_code":"11419","country":"US","city":"South Richmond Hill","state":"New York","state_ab":"NY","county":"Queens","geo_location":{ "type": "Point", "coordinates": [-73.823, 40.6868] }},
{"zip_code":"11420","country":"US","city":"South Ozone Park","state":"New York","state_ab":"NY","county":"Queens","geo_location":{ "type": "Point", "coordinates": [-73.819, 40.6744] }},
{"zip_code":"11433","country":"US","city":"Jamaica","state":"New York","state_ab":"NY","county":"Queens","geo_location":{ "type": "Point", "coordinates": [-73.7877, 40.6969] }},
{"zip_code":"11446","country":"US","city":"Jamaica","state":"New York","state_ab":"NY","county":"Queens County","geo_location":{ "type": "Point", "coordinates": [-73.8059, 40.6913] }},
{"zip_code":"11460","country":"US","city":"Jamaica","state":"New York","state_ab":"NY","county":"Queens County","geo_location":{ "type": "Point", "coordinates": [-73.8059, 40.6913] }},
{"zip_code":"11486","country":"US","city":"Jamaica","state":"New York","state_ab":"NY","county":"Queens County","geo_location":{ "type": "Point", "coordinates": [-73.8059, 40.6913] }},
{"zip_code":"11499","country":"US","city":"Jamaica","state":"New York","state_ab":"NY","county":"Queens","geo_location":{ "type": "Point", "coordinates": [-73.8708, 40.6514] }},
{"zip_code":"11693","country":"US","city":"Far Rockaway","state":"New York","state_ab":"NY","county":"Queens","geo_location":{ "type": "Point", "coordinates": [-73.8198, 40.6076] }},
{"zip_code":"12063","country":"US","city":"East Schodack","state":"New York","state_ab":"NY","county":"Rensselaer","geo_location":{ "type": "Point", "coordinates": [-73.6274, 42.5637] }},
{"zip_code":"12089","country":"US","city":"Hoosick","state":"New York","state_ab":"NY","county":"Rensselaer","geo_location":{ "type": "Point", "coordinates": [-73.3181, 42.8667] }},
{"zip_code":"12090","country":"US","city":"Hoosick Falls","state":"New York","state_ab":"NY","county":"Rensselaer","geo_location":{ "type": "Point", "coordinates": [-73.3581, 42.8937] }},
{"zip_code":"12140","country":"US","city":"Poestenkill","state":"New York","state_ab":"NY","county":"Rensselaer","geo_location":{ "type": "Point", "coordinates": [-73.5627, 42.6918] }},
{"zip_code":"12153","country":"US","city":"Sand Lake","state":"New York","state_ab":"NY","county":"Rensselaer","geo_location":{ "type": "Point", "coordinates": [-73.4989, 42.6379] }},
{"zip_code":"12179","country":"US","city":"Troy","state":"New York","state_ab":"NY","county":"Rensselaer","geo_location":{ "type": "Point", "coordinates": [-73.5256, 42.7114] }},
{"zip_code":"12180","country":"US","city":"Troy","state":"New York","state_ab":"NY","county":"Rensselaer","geo_location":{ "type": "Point", "coordinates": [-73.6683, 42.7287] }},
{"zip_code":"10313","country":"US","city":"Staten Island","state":"New York","state_ab":"NY","county":"Richmond","geo_location":{ "type": "Point", "coordinates": [-74.1468, 40.5644] }},
{"zip_code":"10920","country":"US","city":"Congers","state":"New York","state_ab":"NY","county":"Rockland","geo_location":{ "type": "Point", "coordinates": [-73.9413, 41.1487] }},
{"zip_code":"10960","country":"US","city":"Nyack","state":"New York","state_ab":"NY","county":"Rockland","geo_location":{ "type": "Point", "coordinates": [-73.9252, 41.0914] }},
{"zip_code":"10986","country":"US","city":"Tomkins Cove","state":"New York","state_ab":"NY","county":"Rockland","geo_location":{ "type": "Point", "coordinates": [-73.9892, 41.2598] }},
{"zip_code":"13633","country":"US","city":"De Peyster","state":"New York","state_ab":"NY","county":"St. Lawrence","geo_location":{ "type": "Point", "coordinates": [-75.4772, 44.4989] }},
{"zip_code":"13646","country":"US","city":"Hammond","state":"New York","state_ab":"NY","county":"St. Lawrence","geo_location":{ "type": "Point", "coordinates": [-75.6727, 44.4502] }},
{"zip_code":"13660","country":"US","city":"Madrid","state":"New York","state_ab":"NY","county":"St. Lawrence","geo_location":{ "type": "Point", "coordinates": [-75.1413, 44.769] }},
{"zip_code":"13699","country":"US","city":"Potsdam","state":"New York","state_ab":"NY","county":"St. Lawrence","geo_location":{ "type": "Point", "coordinates": [-75.073, 44.4966] }},
{"zip_code":"12850","country":"US","city":"Middle Grove","state":"New York","state_ab":"NY","county":"Saratoga","geo_location":{ "type": "Point", "coordinates": [-74.0167, 43.0975] }},
{"zip_code":"12863","country":"US","city":"Rock City Falls","state":"New York","state_ab":"NY","county":"Saratoga","geo_location":{ "type": "Point", "coordinates": [-73.9215, 43.0662] }},
{"zip_code":"12306","country":"US","city":"Schenectady","state":"New York","state_ab":"NY","county":"Schenectady","geo_location":{ "type": "Point", "coordinates": [-73.9809, 42.7904] }},
{"zip_code":"12036","country":"US","city":"Charlotteville","state":"New York","state_ab":"NY","county":"Schoharie","geo_location":{ "type": "Point", "coordinates": [-74.6819, 42.533] }},
{"zip_code":"12076","country":"US","city":"Gilboa","state":"New York","state_ab":"NY","county":"Schoharie","geo_location":{ "type": "Point", "coordinates": [-74.4003, 42.4108] }},
{"zip_code":"12113","country":"US","city":"Lawyersville","state":"New York","state_ab":"NY","county":"Schoharie County","geo_location":{ "type": "Point", "coordinates": [-74.5074, 42.6927] }},
{"zip_code":"14869","country":"US","city":"Odessa","state":"New York","state_ab":"NY","county":"Schuyler","geo_location":{ "type": "Point", "coordinates": [-76.7717, 42.3609] }},
{"zip_code":"14830","country":"US","city":"Corning","state":"New York","state_ab":"NY","county":"Steuben","geo_location":{ "type": "Point", "coordinates": [-77.0475, 42.1383] }},
{"zip_code":"14843","country":"US","city":"Hornell","state":"New York","state_ab":"NY","county":"Steuben","geo_location":{ "type": "Point", "coordinates": [-77.6569, 42.3274] }},
{"zip_code":"14856","country":"US","city":"Kanona","state":"New York","state_ab":"NY","county":"Steuben","geo_location":{ "type": "Point", "coordinates": [-77.3648, 42.3742] }},
{"zip_code":"14870","country":"US","city":"Painted Post","state":"New York","state_ab":"NY","county":"Steuben","geo_location":{ "type": "Point", "coordinates": [-77.1194, 42.171] }},
{"zip_code":"11703","country":"US","city":"North Babylon","state":"New York","state_ab":"NY","county":"Suffolk","geo_location":{ "type": "Point", "coordinates": [-73.3236, 40.7321] }},
{"zip_code":"11716","country":"US","city":"Bohemia","state":"New York","state_ab":"NY","county":"Suffolk","geo_location":{ "type": "Point", "coordinates": [-73.1163, 40.7678] }},
{"zip_code":"11729","country":"US","city":"Deer Park","state":"New York","state_ab":"NY","county":"Suffolk","geo_location":{ "type": "Point", "coordinates": [-73.3257, 40.7591] }},
{"zip_code":"11730","country":"US","city":"East Islip","state":"New York","state_ab":"NY","county":"Suffolk","geo_location":{ "type": "Point", "coordinates": [-73.1805, 40.7282] }},
{"zip_code":"11743","country":"US","city":"Huntington","state":"New York","state_ab":"NY","county":"Suffolk","geo_location":{ "type": "Point", "coordinates": [-73.4102, 40.8676] }},
{"zip_code":"11769","country":"US","city":"Oakdale","state":"New York","state_ab":"NY","county":"Suffolk","geo_location":{ "type": "Point", "coordinates": [-73.1297, 40.7382] }},
{"zip_code":"11770","country":"US","city":"Ocean Beach","state":"New York","state_ab":"NY","county":"Suffolk","geo_location":{ "type": "Point", "coordinates": [-73.1613, 40.6443] }},
{"zip_code":"11796","country":"US","city":"West Sayville","state":"New York","state_ab":"NY","county":"Suffolk","geo_location":{ "type": "Point", "coordinates": [-73.1, 40.732] }},
{"zip_code":"11949","country":"US","city":"Manorville","state":"New York","state_ab":"NY","county":"Suffolk","geo_location":{ "type": "Point", "coordinates": [-72.8002, 40.8421] }},
{"zip_code":"11950","country":"US","city":"Mastic","state":"New York","state_ab":"NY","county":"Suffolk","geo_location":{ "type": "Point", "coordinates": [-72.8566, 40.8064] }},
{"zip_code":"11963","country":"US","city":"Sag Harbor","state":"New York","state_ab":"NY","county":"Suffolk","geo_location":{ "type": "Point", "coordinates": [-72.3067, 40.982] }},
{"zip_code":"11976","country":"US","city":"Water Mill","state":"New York","state_ab":"NY","county":"Suffolk","geo_location":{ "type": "Point", "coordinates": [-72.3491, 40.9209] }},
{"zip_code":"12719","country":"US","city":"Barryville","state":"New York","state_ab":"NY","county":"Sullivan","geo_location":{ "type": "Point", "coordinates": [-74.9152, 41.4912] }},
{"zip_code":"12720","country":"US","city":"Bethel","state":"New York","state_ab":"NY","county":"Sullivan","geo_location":{ "type": "Point", "coordinates": [-74.894, 41.6693] }},
{"zip_code":"12733","country":"US","city":"Fallsburg","state":"New York","state_ab":"NY","county":"Sullivan","geo_location":{ "type": "Point", "coordinates": [-74.6154, 41.7273] }},
{"zip_code":"12759","country":"US","city":"Loch Sheldrake","state":"New York","state_ab":"NY","county":"Sullivan","geo_location":{ "type": "Point", "coordinates": [-74.6614, 41.7789] }},
{"zip_code":"12760","country":"US","city":"Long Eddy","state":"New York","state_ab":"NY","county":"Sullivan","geo_location":{ "type": "Point", "coordinates": [-75.0942, 41.8644] }},
{"zip_code":"12786","country":"US","city":"White Lake","state":"New York","state_ab":"NY","county":"Sullivan","geo_location":{ "type": "Point", "coordinates": [-74.8654, 41.6485] }},
{"zip_code":"13736","country":"US","city":"Berkshire","state":"New York","state_ab":"NY","county":"Tioga","geo_location":{ "type": "Point", "coordinates": [-76.192, 42.3074] }},
{"zip_code":"13840","country":"US","city":"Smithboro","state":"New York","state_ab":"NY","county":"Tioga","geo_location":{ "type": "Point", "coordinates": [-76.4004, 42.0395] }},
{"zip_code":"14883","country":"US","city":"Spencer","state":"New York","state_ab":"NY","county":"Tioga","geo_location":{ "type": "Point", "coordinates": [-76.4899, 42.2467] }},
{"zip_code":"13053","country":"US","city":"Dryden","state":"New York","state_ab":"NY","county":"Tompkins","geo_location":{ "type": "Point", "coordinates": [-76.2872, 42.4861] }},
{"zip_code":"12409","country":"US","city":"Bearsville","state":"New York","state_ab":"NY","county":"Ulster","geo_location":{ "type": "Point", "coordinates": [-74.1925, 42.0547] }},
{"zip_code":"12410","country":"US","city":"Big Indian","state":"New York","state_ab":"NY","county":"Ulster","geo_location":{ "type": "Point", "coordinates": [-74.453, 42.074] }},
{"zip_code":"12449","country":"US","city":"Lake Katrine","state":"New York","state_ab":"NY","county":"Ulster","geo_location":{ "type": "Point", "coordinates": [-73.9924, 41.9918] }},
{"zip_code":"12489","country":"US","city":"Wawarsing","state":"New York","state_ab":"NY","county":"Ulster","geo_location":{ "type": "Point", "coordinates": [-74.3535, 41.7606] }},
{"zip_code":"12490","country":"US","city":"West Camp","state":"New York","state_ab":"NY","county":"Ulster","geo_location":{ "type": "Point", "coordinates": [-73.9346, 42.1087] }},
{"zip_code":"12810","country":"US","city":"Athol","state":"New York","state_ab":"NY","county":"Warren","geo_location":{ "type": "Point", "coordinates": [-73.8817, 43.4839] }},
{"zip_code":"12836","country":"US","city":"Hague","state":"New York","state_ab":"NY","county":"Warren","geo_location":{ "type": "Point", "coordinates": [-73.5282, 43.7463] }},
{"zip_code":"12809","country":"US","city":"Argyle","state":"New York","state_ab":"NY","county":"Washington","geo_location":{ "type": "Point", "coordinates": [-73.4641, 43.2381] }},
{"zip_code":"12823","country":"US","city":"Cossayuna","state":"New York","state_ab":"NY","county":"Washington","geo_location":{ "type": "Point", "coordinates": [-73.4124, 43.1751] }},
{"zip_code":"12849","country":"US","city":"Middle Granville","state":"New York","state_ab":"NY","county":"Washington","geo_location":{ "type": "Point", "coordinates": [-73.3031, 43.4508] }},
{"zip_code":"13143","country":"US","city":"Red Creek","state":"New York","state_ab":"NY","county":"Wayne","geo_location":{ "type": "Point", "coordinates": [-76.7146, 43.2291] }},
{"zip_code":"14519","country":"US","city":"Ontario","state":"New York","state_ab":"NY","county":"Wayne","geo_location":{ "type": "Point", "coordinates": [-77.3088, 43.2291] }},
{"zip_code":"14520","country":"US","city":"Ontario Center","state":"New York","state_ab":"NY","county":"Wayne","geo_location":{ "type": "Point", "coordinates": [-77.0453, 43.3484] }},
{"zip_code":"10506","country":"US","city":"Bedford","state":"New York","state_ab":"NY","county":"Westchester","geo_location":{ "type": "Point", "coordinates": [-73.6355, 41.1909] }},
{"zip_code":"10519","country":"US","city":"Croton Falls","state":"New York","state_ab":"NY","county":"Westchester","geo_location":{ "type": "Point", "coordinates": [-73.661, 41.3477] }},
{"zip_code":"10520","country":"US","city":"Croton On Hudson","state":"New York","state_ab":"NY","county":"Westchester","geo_location":{ "type": "Point", "coordinates": [-73.8924, 41.218] }},
{"zip_code":"10533","country":"US","city":"Irvington","state":"New York","state_ab":"NY","county":"Westchester","geo_location":{ "type": "Point", "coordinates": [-73.8597, 41.0381] }},
{"zip_code":"10546","country":"US","city":"Millwood","state":"New York","state_ab":"NY","county":"Westchester","geo_location":{ "type": "Point", "coordinates": [-73.7926, 41.2015] }},
{"zip_code":"10559","country":"US","city":"Mount Vernon","state":"New York","state_ab":"NY","county":"Westchester","geo_location":{ "type": "Point", "coordinates": [-73.733, 41.119] }},
{"zip_code":"10560","country":"US","city":"North Salem","state":"New York","state_ab":"NY","county":"Westchester","geo_location":{ "type": "Point", "coordinates": [-73.5929, 41.3414] }},
{"zip_code":"10573","country":"US","city":"Port Chester","state":"New York","state_ab":"NY","county":"Westchester","geo_location":{ "type": "Point", "coordinates": [-73.6798, 41.0222] }},
{"zip_code":"10610","country":"US","city":"White Plains","state":"New York","state_ab":"NY","county":"Westchester","geo_location":{ "type": "Point", "coordinates": [-73.733, 41.119] }},
{"zip_code":"10650","country":"US","city":"White Plains","state":"New York","state_ab":"NY","county":"Westchester","geo_location":{ "type": "Point", "coordinates": [-73.706, 41.0137] }},
{"zip_code":"10803","country":"US","city":"Pelham","state":"New York","state_ab":"NY","county":"Westchester","geo_location":{ "type": "Point", "coordinates": [-73.8073, 40.9045] }},
{"zip_code":"14083","country":"US","city":"Java Village","state":"New York","state_ab":"NY","county":"Wyoming","geo_location":{ "type": "Point", "coordinates": [-78.441, 42.6769] }},
{"zip_code":"45650","country":"US","city":"Lynx","state":"Ohio","state_ab":"OH","county":"Adams","geo_location":{ "type": "Point", "coordinates": [-83.4262, 38.7391] }},
{"zip_code":"44840","country":"US","city":"Jeromesville","state":"Ohio","state_ab":"OH","county":"Ashland","geo_location":{ "type": "Point", "coordinates": [-82.1861, 40.8134] }},
{"zip_code":"44866","country":"US","city":"Polk","state":"Ohio","state_ab":"OH","county":"Ashland","geo_location":{ "type": "Point", "coordinates": [-82.2126, 40.9343] }},
{"zip_code":"44880","country":"US","city":"Sullivan","state":"Ohio","state_ab":"OH","county":"Ashland","geo_location":{ "type": "Point", "coordinates": [-82.2172, 41.0368] }},
{"zip_code":"44093","country":"US","city":"Williamsfield","state":"Ohio","state_ab":"OH","county":"Ashtabula","geo_location":{ "type": "Point", "coordinates": [-80.5964, 41.5383] }},
{"zip_code":"45739","country":"US","city":"Hockingport","state":"Ohio","state_ab":"OH","county":"Athens","geo_location":{ "type": "Point", "coordinates": [-81.7446, 39.1979] }},
{"zip_code":"45740","country":"US","city":"Jacksonville","state":"Ohio","state_ab":"OH","county":"Athens","geo_location":{ "type": "Point", "coordinates": [-82.0794, 39.477] }},
{"zip_code":"45766","country":"US","city":"New Marshfield","state":"Ohio","state_ab":"OH","county":"Athens","geo_location":{ "type": "Point", "coordinates": [-82.2594, 39.3228] }},
{"zip_code":"45780","country":"US","city":"The Plains","state":"Ohio","state_ab":"OH","county":"Athens","geo_location":{ "type": "Point", "coordinates": [-82.1341, 39.3662] }},
{"zip_code":"45869","country":"US","city":"New Bremen","state":"Ohio","state_ab":"OH","county":"Auglaize","geo_location":{ "type": "Point", "coordinates": [-84.3821, 40.4389] }},
{"zip_code":"45870","country":"US","city":"New Hampshire","state":"Ohio","state_ab":"OH","county":"Auglaize","geo_location":{ "type": "Point", "coordinates": [-83.9514, 40.5563] }},
{"zip_code":"45896","country":"US","city":"Waynesfield","state":"Ohio","state_ab":"OH","county":"Auglaize","geo_location":{ "type": "Point", "coordinates": [-83.9585, 40.6072] }},
{"zip_code":"43719","country":"US","city":"Bethesda","state":"Ohio","state_ab":"OH","county":"Belmont","geo_location":{ "type": "Point", "coordinates": [-81.0767, 40.0192] }},
{"zip_code":"43759","country":"US","city":"Morristown","state":"Ohio","state_ab":"OH","county":"Belmont","geo_location":{ "type": "Point", "coordinates": [-80.9701, 40.0113] }},
{"zip_code":"43940","country":"US","city":"Neffs","state":"Ohio","state_ab":"OH","county":"Belmont","geo_location":{ "type": "Point", "coordinates": [-80.8245, 40.0284] }},
{"zip_code":"45119","country":"US","city":"Feesburg","state":"Ohio","state_ab":"OH","county":"Brown","geo_location":{ "type": "Point", "coordinates": [-84.0087, 38.8806] }},
{"zip_code":"45003","country":"US","city":"College Corner","state":"Ohio","state_ab":"OH","county":"Butler","geo_location":{ "type": "Point", "coordinates": [-84.805, 39.5755] }},
{"zip_code":"45043","country":"US","city":"Middletown","state":"Ohio","state_ab":"OH","county":"Butler","geo_location":{ "type": "Point", "coordinates": [-84.5757, 39.441] }},
{"zip_code":"45056","country":"US","city":"Oxford","state":"Ohio","state_ab":"OH","county":"Butler","geo_location":{ "type": "Point", "coordinates": [-84.6857, 39.4792] }},
{"zip_code":"45069","country":"US","city":"West Chester","state":"Ohio","state_ab":"OH","county":"Butler","geo_location":{ "type": "Point", "coordinates": [-84.3998, 39.3402] }},
{"zip_code":"44620","country":"US","city":"Dellroy","state":"Ohio","state_ab":"OH","county":"Carroll","geo_location":{ "type": "Point", "coordinates": [-81.1986, 40.5861] }},
{"zip_code":"43009","country":"US","city":"Cable","state":"Ohio","state_ab":"OH","county":"Champaign","geo_location":{ "type": "Point", "coordinates": [-83.647, 40.1784] }},
{"zip_code":"43010","country":"US","city":"Catawba","state":"Ohio","state_ab":"OH","county":"Clark","geo_location":{ "type": "Point", "coordinates": [-83.6222, 39.9991] }},
{"zip_code":"45506","country":"US","city":"Springfield","state":"Ohio","state_ab":"OH","county":"Clark","geo_location":{ "type": "Point", "coordinates": [-83.8275, 39.9104] }},
{"zip_code":"45106","country":"US","city":"Bethel","state":"Ohio","state_ab":"OH","county":"Clermont","geo_location":{ "type": "Point", "coordinates": [-84.0919, 38.9424] }},
{"zip_code":"45120","country":"US","city":"Felicity","state":"Ohio","state_ab":"OH","county":"Clermont","geo_location":{ "type": "Point", "coordinates": [-84.0986, 38.8262] }},
{"zip_code":"45160","country":"US","city":"Owensville","state":"Ohio","state_ab":"OH","county":"Clermont","geo_location":{ "type": "Point", "coordinates": [-84.135, 39.1232] }},
{"zip_code":"45146","country":"US","city":"Martinsville","state":"Ohio","state_ab":"OH","county":"Clinton","geo_location":{ "type": "Point", "coordinates": [-83.8005, 39.3127] }},
{"zip_code":"45159","country":"US","city":"New Vienna","state":"Ohio","state_ab":"OH","county":"Clinton","geo_location":{ "type": "Point", "coordinates": [-83.6882, 39.3321] }},
{"zip_code":"44413","country":"US","city":"East Palestine","state":"Ohio","state_ab":"OH","county":"Columbiana","geo_location":{ "type": "Point", "coordinates": [-80.5465, 40.8406] }},
{"zip_code":"44493","country":"US","city":"Winona","state":"Ohio","state_ab":"OH","county":"Columbiana","geo_location":{ "type": "Point", "coordinates": [-80.8967, 40.8286] }},
{"zip_code":"43836","country":"US","city":"Plainfield","state":"Ohio","state_ab":"OH","county":"Coshocton","geo_location":{ "type": "Point", "coordinates": [-81.7197, 40.2087] }},
{"zip_code":"44040","country":"US","city":"Gates Mills","state":"Ohio","state_ab":"OH","county":"Cuyahoga","geo_location":{ "type": "Point", "coordinates": [-81.415, 41.5324] }},
{"zip_code":"44103","country":"US","city":"Cleveland","state":"Ohio","state_ab":"OH","county":"Cuyahoga","geo_location":{ "type": "Point", "coordinates": [-81.6405, 41.5157] }},
{"zip_code":"44116","country":"US","city":"Rocky River","state":"Ohio","state_ab":"OH","county":"Cuyahoga","geo_location":{ "type": "Point", "coordinates": [-81.8512, 41.4694] }},
{"zip_code":"44129","country":"US","city":"Cleveland","state":"Ohio","state_ab":"OH","county":"Cuyahoga","geo_location":{ "type": "Point", "coordinates": [-81.7351, 41.3897] }},
{"zip_code":"44130","country":"US","city":"Cleveland","state":"Ohio","state_ab":"OH","county":"Cuyahoga","geo_location":{ "type": "Point", "coordinates": [-81.7964, 41.3826] }},
{"zip_code":"44143","country":"US","city":"Cleveland","state":"Ohio","state_ab":"OH","county":"Cuyahoga","geo_location":{ "type": "Point", "coordinates": [-81.4828, 41.5592] }},
{"zip_code":"45380","country":"US","city":"Versailles","state":"Ohio","state_ab":"OH","county":"Darke","geo_location":{ "type": "Point", "coordinates": [-84.4957, 40.2273] }},
{"zip_code":"43526","country":"US","city":"Hicksville","state":"Ohio","state_ab":"OH","county":"Defiance","geo_location":{ "type": "Point", "coordinates": [-84.7589, 41.3034] }},
{"zip_code":"44839","country":"US","city":"Huron","state":"Ohio","state_ab":"OH","county":"Erie","geo_location":{ "type": "Point", "coordinates": [-82.5386, 41.3757] }},
{"zip_code":"43126","country":"US","city":"Harrisburg","state":"Ohio","state_ab":"OH","county":"Franklin","geo_location":{ "type": "Point", "coordinates": [-83.1664, 39.8139] }},
{"zip_code":"43203","country":"US","city":"Columbus","state":"Ohio","state_ab":"OH","county":"Franklin","geo_location":{ "type": "Point", "coordinates": [-82.9691, 39.9719] }},
{"zip_code":"43216","country":"US","city":"Columbus","state":"Ohio","state_ab":"OH","county":"Franklin","geo_location":{ "type": "Point", "coordinates": [-83.0114, 39.969] }},
{"zip_code":"43229","country":"US","city":"Columbus","state":"Ohio","state_ab":"OH","county":"Franklin","geo_location":{ "type": "Point", "coordinates": [-82.9726, 40.0839] }},
{"zip_code":"43230","country":"US","city":"Columbus","state":"Ohio","state_ab":"OH","county":"Franklin","geo_location":{ "type": "Point", "coordinates": [-82.8726, 40.0347] }},
{"zip_code":"43270","country":"US","city":"Columbus","state":"Ohio","state_ab":"OH","county":"Franklin","geo_location":{ "type": "Point", "coordinates": [-83.0114, 39.969] }},
{"zip_code":"43540","country":"US","city":"Metamora","state":"Ohio","state_ab":"OH","county":"Fulton","geo_location":{ "type": "Point", "coordinates": [-83.926, 41.6952] }},
{"zip_code":"43553","country":"US","city":"Pettisville","state":"Ohio","state_ab":"OH","county":"Fulton","geo_location":{ "type": "Point", "coordinates": [-84.2256, 41.531] }},
{"zip_code":"45623","country":"US","city":"Crown City","state":"Ohio","state_ab":"OH","county":"Gallia","geo_location":{ "type": "Point", "coordinates": [-82.2657, 38.6135] }},
{"zip_code":"44026","country":"US","city":"Chesterland","state":"Ohio","state_ab":"OH","county":"Geauga","geo_location":{ "type": "Point", "coordinates": [-81.3421, 41.5344] }},
{"zip_code":"44080","country":"US","city":"Parkman","state":"Ohio","state_ab":"OH","county":"Geauga","geo_location":{ "type": "Point", "coordinates": [-81.0534, 41.3645] }},
{"zip_code":"43733","country":"US","city":"Derwent","state":"Ohio","state_ab":"OH","county":"Guernsey","geo_location":{ "type": "Point", "coordinates": [-81.543, 39.9236] }},
{"zip_code":"43773","country":"US","city":"Quaker City","state":"Ohio","state_ab":"OH","county":"Guernsey","geo_location":{ "type": "Point", "coordinates": [-81.2899, 39.9866] }},
{"zip_code":"45030","country":"US","city":"Harrison","state":"Ohio","state_ab":"OH","county":"Hamilton","geo_location":{ "type": "Point", "coordinates": [-84.7837, 39.2592] }},
{"zip_code":"45209","country":"US","city":"Cincinnati","state":"Ohio","state_ab":"OH","county":"Hamilton","geo_location":{ "type": "Point", "coordinates": [-84.4278, 39.1516] }},
{"zip_code":"45210","country":"US","city":"Cincinnati","state":"Ohio","state_ab":"OH","county":"Hamilton","geo_location":{ "type": "Point", "coordinates": [-84.5135, 39.1126] }},
{"zip_code":"45223","country":"US","city":"Cincinnati","state":"Ohio","state_ab":"OH","county":"Hamilton","geo_location":{ "type": "Point", "coordinates": [-84.5478, 39.1696] }},
{"zip_code":"45236","country":"US","city":"Cincinnati","state":"Ohio","state_ab":"OH","county":"Hamilton","geo_location":{ "type": "Point", "coordinates": [-84.395, 39.21] }},
{"zip_code":"45249","country":"US","city":"Cincinnati","state":"Ohio","state_ab":"OH","county":"Hamilton","geo_location":{ "type": "Point", "coordinates": [-84.3307, 39.2692] }},
{"zip_code":"45250","country":"US","city":"Cincinnati","state":"Ohio","state_ab":"OH","county":"Hamilton","geo_location":{ "type": "Point", "coordinates": [-84.5382, 39.1668] }},
{"zip_code":"45263","country":"US","city":"Cincinnati","state":"Ohio","state_ab":"OH","county":"Hamilton","geo_location":{ "type": "Point", "coordinates": [-84.5382, 39.1668] }},
{"zip_code":"45999","country":"US","city":"Cincinnati","state":"Ohio","state_ab":"OH","county":"Hamilton","geo_location":{ "type": "Point", "coordinates": [-84.5382, 39.1668] }},
{"zip_code":"45816","country":"US","city":"Benton Ridge","state":"Ohio","state_ab":"OH","county":"Hancock","geo_location":{ "type": "Point", "coordinates": [-83.7931, 41.0031] }},
{"zip_code":"43346","country":"US","city":"Roundhead","state":"Ohio","state_ab":"OH","county":"Hardin","geo_location":{ "type": "Point", "coordinates": [-83.8462, 40.5732] }},
{"zip_code":"45843","country":"US","city":"Forest","state":"Ohio","state_ab":"OH","county":"Hardin","geo_location":{ "type": "Point", "coordinates": [-83.5351, 40.7816] }},
{"zip_code":"44699","country":"US","city":"Tippecanoe","state":"Ohio","state_ab":"OH","county":"Harrison","geo_location":{ "type": "Point", "coordinates": [-81.2919, 40.2797] }},
{"zip_code":"45133","country":"US","city":"Hillsboro","state":"Ohio","state_ab":"OH","county":"Highland","geo_location":{ "type": "Point", "coordinates": [-83.6064, 39.1679] }},
{"zip_code":"44633","country":"US","city":"Holmesville","state":"Ohio","state_ab":"OH","county":"Holmes","geo_location":{ "type": "Point", "coordinates": [-81.9275, 40.633] }},
{"zip_code":"44660","country":"US","city":"Mount Hope","state":"Ohio","state_ab":"OH","county":"Holmes","geo_location":{ "type": "Point", "coordinates": [-81.7825, 40.6223] }},
{"zip_code":"44826","country":"US","city":"Collins","state":"Ohio","state_ab":"OH","county":"Huron","geo_location":{ "type": "Point", "coordinates": [-82.4904, 41.245] }},
{"zip_code":"43913","country":"US","city":"Brilliant","state":"Ohio","state_ab":"OH","county":"Jefferson","geo_location":{ "type": "Point", "coordinates": [-80.6319, 40.2683] }},
{"zip_code":"43926","country":"US","city":"Empire","state":"Ohio","state_ab":"OH","county":"Jefferson","geo_location":{ "type": "Point", "coordinates": [-80.6241, 40.5092] }},
{"zip_code":"43939","country":"US","city":"Mount Pleasant","state":"Ohio","state_ab":"OH","county":"Jefferson","geo_location":{ "type": "Point", "coordinates": [-80.7827, 40.177] }},
{"zip_code":"43953","country":"US","city":"Steubenville","state":"Ohio","state_ab":"OH","county":"Jefferson","geo_location":{ "type": "Point", "coordinates": [-80.6781, 40.3524] }},
{"zip_code":"43966","country":"US","city":"Unionport","state":"Ohio","state_ab":"OH","county":"Jefferson","geo_location":{ "type": "Point", "coordinates": [-80.8395, 40.361] }},
{"zip_code":"43050","country":"US","city":"Mount Vernon","state":"Ohio","state_ab":"OH","county":"Knox","geo_location":{ "type": "Point", "coordinates": [-82.4873, 40.3849] }},
{"zip_code":"43023","country":"US","city":"Granville","state":"Ohio","state_ab":"OH","county":"Licking","geo_location":{ "type": "Point", "coordinates": [-82.5194, 40.0788] }},
{"zip_code":"43319","country":"US","city":"East Liberty","state":"Ohio","state_ab":"OH","county":"Logan","geo_location":{ "type": "Point", "coordinates": [-83.5862, 40.3077] }},
{"zip_code":"43333","country":"US","city":"Lewistown","state":"Ohio","state_ab":"OH","county":"Logan","geo_location":{ "type": "Point", "coordinates": [-83.9209, 40.4277] }},
{"zip_code":"43360","country":"US","city":"Zanesfield","state":"Ohio","state_ab":"OH","county":"Logan","geo_location":{ "type": "Point", "coordinates": [-83.6405, 40.3211] }},
{"zip_code":"44039","country":"US","city":"North Ridgeville","state":"Ohio","state_ab":"OH","county":"Lorain","geo_location":{ "type": "Point", "coordinates": [-82.0033, 41.3964] }},
{"zip_code":"44053","country":"US","city":"Lorain","state":"Ohio","state_ab":"OH","county":"Lorain","geo_location":{ "type": "Point", "coordinates": [-82.2038, 41.432] }},
{"zip_code":"43566","country":"US","city":"Waterville","state":"Ohio","state_ab":"OH","county":"Lucas","geo_location":{ "type": "Point", "coordinates": [-83.7331, 41.5022] }},
{"zip_code":"43603","country":"US","city":"Toledo","state":"Ohio","state_ab":"OH","county":"Lucas","geo_location":{ "type": "Point", "coordinates": [-83.4394, 41.6868] }},
{"zip_code":"43616","country":"US","city":"Oregon","state":"Ohio","state_ab":"OH","county":"Lucas","geo_location":{ "type": "Point", "coordinates": [-83.4714, 41.6418] }},
{"zip_code":"43656","country":"US","city":"Toledo","state":"Ohio","state_ab":"OH","county":"Lucas","geo_location":{ "type": "Point", "coordinates": [-83.4972, 41.6782] }},
{"zip_code":"43140","country":"US","city":"London","state":"Ohio","state_ab":"OH","county":"Madison","geo_location":{ "type": "Point", "coordinates": [-83.4439, 39.9001] }},
{"zip_code":"43153","country":"US","city":"South Solon","state":"Ohio","state_ab":"OH","county":"Madison","geo_location":{ "type": "Point", "coordinates": [-83.597, 39.7423] }},
{"zip_code":"44503","country":"US","city":"Youngstown","state":"Ohio","state_ab":"OH","county":"Mahoning","geo_location":{ "type": "Point", "coordinates": [-80.65, 41.102] }},
{"zip_code":"44619","country":"US","city":"Damascus","state":"Ohio","state_ab":"OH","county":"Mahoning","geo_location":{ "type": "Point", "coordinates": [-80.9628, 40.9021] }},
{"zip_code":"43306","country":"US","city":"Marion","state":"Ohio","state_ab":"OH","county":"Marion","geo_location":{ "type": "Point", "coordinates": [-83.1393, 40.5694] }},
{"zip_code":"44233","country":"US","city":"Hinckley","state":"Ohio","state_ab":"OH","county":"Medina","geo_location":{ "type": "Point", "coordinates": [-81.7453, 41.2419] }},
{"zip_code":"44273","country":"US","city":"Seville","state":"Ohio","state_ab":"OH","county":"Medina","geo_location":{ "type": "Point", "coordinates": [-81.8562, 41.0227] }},
{"zip_code":"45779","country":"US","city":"Syracuse","state":"Ohio","state_ab":"OH","county":"Meigs","geo_location":{ "type": "Point", "coordinates": [-81.9661, 39.0033] }},
{"zip_code":"45883","country":"US","city":"Saint Henry","state":"Ohio","state_ab":"OH","county":"Mercer","geo_location":{ "type": "Point", "coordinates": [-84.6333, 40.4091] }},
{"zip_code":"45326","country":"US","city":"Fletcher","state":"Ohio","state_ab":"OH","county":"Miami","geo_location":{ "type": "Point", "coordinates": [-84.101, 40.1445] }},
{"zip_code":"45339","country":"US","city":"Ludlow Falls","state":"Ohio","state_ab":"OH","county":"Miami","geo_location":{ "type": "Point", "coordinates": [-84.3334, 39.9871] }},
{"zip_code":"43786","country":"US","city":"Stafford","state":"Ohio","state_ab":"OH","county":"Monroe","geo_location":{ "type": "Point", "coordinates": [-81.2758, 39.7112] }},
{"zip_code":"45403","country":"US","city":"Dayton","state":"Ohio","state_ab":"OH","county":"Montgomery","geo_location":{ "type": "Point", "coordinates": [-84.1498, 39.7617] }},
{"zip_code":"45416","country":"US","city":"Dayton","state":"Ohio","state_ab":"OH","county":"Montgomery","geo_location":{ "type": "Point", "coordinates": [-84.2578, 39.8011] }},
{"zip_code":"45429","country":"US","city":"Dayton","state":"Ohio","state_ab":"OH","county":"Montgomery","geo_location":{ "type": "Point", "coordinates": [-84.1633, 39.6841] }},
{"zip_code":"45430","country":"US","city":"Dayton","state":"Ohio","state_ab":"OH","county":"Montgomery","geo_location":{ "type": "Point", "coordinates": [-84.1048, 39.7092] }},
{"zip_code":"45469","country":"US","city":"Dayton","state":"Ohio","state_ab":"OH","county":"Montgomery","geo_location":{ "type": "Point", "coordinates": [-84.1789, 39.7405] }},
{"zip_code":"45470","country":"US","city":"Dayton","state":"Ohio","state_ab":"OH","county":"Montgomery","geo_location":{ "type": "Point", "coordinates": [-84.2686, 39.7505] }},
{"zip_code":"43320","country":"US","city":"Edison","state":"Ohio","state_ab":"OH","county":"Morrow","geo_location":{ "type": "Point", "coordinates": [-82.9023, 40.5905] }},
{"zip_code":"43720","country":"US","city":"Blue Rock","state":"Ohio","state_ab":"OH","county":"Muskingum","geo_location":{ "type": "Point", "coordinates": [-81.891, 39.8] }},
{"zip_code":"43746","country":"US","city":"Hopewell","state":"Ohio","state_ab":"OH","county":"Muskingum","geo_location":{ "type": "Point", "coordinates": [-82.1756, 39.9601] }},
{"zip_code":"43436","country":"US","city":"Isle Saint George","state":"Ohio","state_ab":"OH","county":"Ottawa","geo_location":{ "type": "Point", "coordinates": [-82.8227, 41.7153] }},
{"zip_code":"43449","country":"US","city":"Oak Harbor","state":"Ohio","state_ab":"OH","county":"Ottawa","geo_location":{ "type": "Point", "coordinates": [-83.1278, 41.5236] }},
{"zip_code":"43076","country":"US","city":"Thornville","state":"Ohio","state_ab":"OH","county":"Perry","geo_location":{ "type": "Point", "coordinates": [-82.4071, 39.8974] }},
{"zip_code":"43760","country":"US","city":"Mount Perry","state":"Ohio","state_ab":"OH","county":"Perry","geo_location":{ "type": "Point", "coordinates": [-82.188, 39.8788] }},
{"zip_code":"43113","country":"US","city":"Circleville","state":"Ohio","state_ab":"OH","county":"Pickaway","geo_location":{ "type": "Point", "coordinates": [-82.93, 39.5988] }},
{"zip_code":"45690","country":"US","city":"Waverly","state":"Ohio","state_ab":"OH","county":"Pike","geo_location":{ "type": "Point", "coordinates": [-83.0049, 39.1264] }},
{"zip_code":"45070","country":"US","city":"West Elkton","state":"Ohio","state_ab":"OH","county":"Preble","geo_location":{ "type": "Point", "coordinates": [-84.5581, 39.5897] }},
{"zip_code":"45830","country":"US","city":"Columbus Grove","state":"Ohio","state_ab":"OH","county":"Putnam","geo_location":{ "type": "Point", "coordinates": [-84.0705, 40.9137] }},
{"zip_code":"45856","country":"US","city":"Leipsic","state":"Ohio","state_ab":"OH","county":"Putnam","geo_location":{ "type": "Point", "coordinates": [-83.9957, 41.1092] }},
{"zip_code":"44813","country":"US","city":"Bellville","state":"Ohio","state_ab":"OH","county":"Richland","geo_location":{ "type": "Point", "coordinates": [-82.5175, 40.6136] }},
{"zip_code":"44903","country":"US","city":"Mansfield","state":"Ohio","state_ab":"OH","county":"Richland","geo_location":{ "type": "Point", "coordinates": [-82.5254, 40.7623] }},
{"zip_code":"43410","country":"US","city":"Clyde","state":"Ohio","state_ab":"OH","county":"Sandusky","geo_location":{ "type": "Point", "coordinates": [-82.9918, 41.3024] }},
{"zip_code":"45636","country":"US","city":"Haverhill","state":"Ohio","state_ab":"OH","county":"Scioto","geo_location":{ "type": "Point", "coordinates": [-82.8288, 38.5924] }},
{"zip_code":"45663","country":"US","city":"West Portsmouth","state":"Ohio","state_ab":"OH","county":"Scioto","geo_location":{ "type": "Point", "coordinates": [-83.1335, 38.7495] }},
{"zip_code":"44853","country":"US","city":"New Riegel","state":"Ohio","state_ab":"OH","county":"Seneca","geo_location":{ "type": "Point", "coordinates": [-83.2418, 41.0361] }},
{"zip_code":"45340","country":"US","city":"Maplewood","state":"Ohio","state_ab":"OH","county":"Shelby","geo_location":{ "type": "Point", "coordinates": [-84.0565, 40.3643] }},
{"zip_code":"45353","country":"US","city":"Pemberton","state":"Ohio","state_ab":"OH","county":"Shelby","geo_location":{ "type": "Point", "coordinates": [-84.0323, 40.2952] }},
{"zip_code":"44646","country":"US","city":"Massillon","state":"Ohio","state_ab":"OH","county":"Stark","geo_location":{ "type": "Point", "coordinates": [-81.4973, 40.8116] }},
{"zip_code":"44709","country":"US","city":"Canton","state":"Ohio","state_ab":"OH","county":"Stark","geo_location":{ "type": "Point", "coordinates": [-81.3862, 40.8423] }},
{"zip_code":"44710","country":"US","city":"Canton","state":"Ohio","state_ab":"OH","county":"Stark","geo_location":{ "type": "Point", "coordinates": [-81.4169, 40.7911] }},
{"zip_code":"44750","country":"US","city":"Canton","state":"Ohio","state_ab":"OH","county":"Stark","geo_location":{ "type": "Point", "coordinates": [-81.4189, 40.7846] }},
{"zip_code":"44260","country":"US","city":"Mogadore","state":"Ohio","state_ab":"OH","county":"Summit","geo_location":{ "type": "Point", "coordinates": [-81.359, 41.0382] }},
{"zip_code":"44286","country":"US","city":"Richfield","state":"Ohio","state_ab":"OH","county":"Summit","geo_location":{ "type": "Point", "coordinates": [-81.6467, 41.2371] }},
{"zip_code":"44309","country":"US","city":"Akron","state":"Ohio","state_ab":"OH","county":"Summit","geo_location":{ "type": "Point", "coordinates": [-81.5123, 41.0962] }},
{"zip_code":"44310","country":"US","city":"Akron","state":"Ohio","state_ab":"OH","county":"Summit","geo_location":{ "type": "Point", "coordinates": [-81.5006, 41.1075] }},
{"zip_code":"44439","country":"US","city":"Mesopotamia","state":"Ohio","state_ab":"OH","county":"Trumbull","geo_location":{ "type": "Point", "coordinates": [-80.9427, 41.4594] }},
{"zip_code":"44440","country":"US","city":"Mineral Ridge","state":"Ohio","state_ab":"OH","county":"Trumbull","geo_location":{ "type": "Point", "coordinates": [-80.7553, 41.1318] }},
{"zip_code":"44453","country":"US","city":"Orangeville","state":"Ohio","state_ab":"OH","county":"Trumbull","geo_location":{ "type": "Point", "coordinates": [-80.5336, 41.3252] }},
{"zip_code":"43036","country":"US","city":"Magnetic Springs","state":"Ohio","state_ab":"OH","county":"Union","geo_location":{ "type": "Point", "coordinates": [-83.2634, 40.3528] }},
{"zip_code":"45713","country":"US","city":"Bartlett","state":"Ohio","state_ab":"OH","county":"Washington","geo_location":{ "type": "Point", "coordinates": [-81.4451, 39.4307] }},
{"zip_code":"44606","country":"US","city":"Apple Creek","state":"Ohio","state_ab":"OH","county":"Wayne","geo_location":{ "type": "Point", "coordinates": [-81.8093, 40.7551] }},
{"zip_code":"44659","country":"US","city":"Mount Eaton","state":"Ohio","state_ab":"OH","county":"Wayne","geo_location":{ "type": "Point", "coordinates": [-81.7026, 40.6949] }},
{"zip_code":"43450","country":"US","city":"Pemberville","state":"Ohio","state_ab":"OH","county":"Wood","geo_location":{ "type": "Point", "coordinates": [-83.4736, 41.4023] }},
{"zip_code":"43463","country":"US","city":"Stony Ridge","state":"Ohio","state_ab":"OH","county":"Wood","geo_location":{ "type": "Point", "coordinates": [-83.5085, 41.5091] }},
{"zip_code":"43359","country":"US","city":"Wharton","state":"Ohio","state_ab":"OH","county":"Wyandot","geo_location":{ "type": "Point", "coordinates": [-83.463, 40.8612] }},
{"zip_code":"73716","country":"US","city":"Aline","state":"Oklahoma","state_ab":"OK","county":"Alfalfa","geo_location":{ "type": "Point", "coordinates": [-98.4574, 36.5056] }},
{"zip_code":"74540","country":"US","city":"Daisy","state":"Oklahoma","state_ab":"OK","county":"Atoka","geo_location":{ "type": "Point", "coordinates": [-95.7088, 34.5384] }},
{"zip_code":"73950","country":"US","city":"Turpin","state":"Oklahoma","state_ab":"OK","county":"Beaver","geo_location":{ "type": "Point", "coordinates": [-100.8779, 36.8664] }},
{"zip_code":"73770","country":"US","city":"Southard","state":"Oklahoma","state_ab":"OK","county":"Blaine","geo_location":{ "type": "Point", "coordinates": [-98.5884, 36.0581] }},
{"zip_code":"74720","country":"US","city":"Achille","state":"Oklahoma","state_ab":"OK","county":"Bryan","geo_location":{ "type": "Point", "coordinates": [-96.3648, 33.8396] }},
{"zip_code":"74733","country":"US","city":"Colbert","state":"Oklahoma","state_ab":"OK","county":"Bryan","geo_location":{ "type": "Point", "coordinates": [-96.4953, 33.8575] }},
{"zip_code":"73006","country":"US","city":"Apache","state":"Oklahoma","state_ab":"OK","county":"Caddo","geo_location":{ "type": "Point", "coordinates": [-98.3695, 34.9034] }},
{"zip_code":"73033","country":"US","city":"Eakly","state":"Oklahoma","state_ab":"OK","county":"Caddo","geo_location":{ "type": "Point", "coordinates": [-98.5554, 35.303] }},
{"zip_code":"73099","country":"US","city":"Yukon","state":"Oklahoma","state_ab":"OK","county":"Canadian","geo_location":{ "type": "Point", "coordinates": [-97.7323, 35.4977] }},
{"zip_code":"74759","country":"US","city":"Soper","state":"Oklahoma","state_ab":"OK","county":"Choctaw","geo_location":{ "type": "Point", "coordinates": [-95.6916, 34.0366] }},
{"zip_code":"74760","country":"US","city":"Spencerville","state":"Oklahoma","state_ab":"OK","county":"Choctaw","geo_location":{ "type": "Point", "coordinates": [-95.3771, 34.1508] }},
{"zip_code":"73019","country":"US","city":"Norman","state":"Oklahoma","state_ab":"OK","county":"Cleveland","geo_location":{ "type": "Point", "coordinates": [-97.4445, 35.2086] }},
{"zip_code":"74333","country":"US","city":"Bluejacket","state":"Oklahoma","state_ab":"OK","county":"Craig","geo_location":{ "type": "Point", "coordinates": [-95.1018, 36.7975] }},
{"zip_code":"74010","country":"US","city":"Bristow","state":"Oklahoma","state_ab":"OK","county":"Creek","geo_location":{ "type": "Point", "coordinates": [-96.3758, 35.8209] }},
{"zip_code":"73639","country":"US","city":"Custer City","state":"Oklahoma","state_ab":"OK","county":"Custer","geo_location":{ "type": "Point", "coordinates": [-98.912, 35.6894] }},
{"zip_code":"74346","country":"US","city":"Jay","state":"Oklahoma","state_ab":"OK","county":"Delaware","geo_location":{ "type": "Point", "coordinates": [-94.7763, 36.4363] }},
{"zip_code":"74359","country":"US","city":"Oaks","state":"Oklahoma","state_ab":"OK","county":"Delaware","geo_location":{ "type": "Point", "coordinates": [-94.7871, 36.4159] }},
{"zip_code":"73859","country":"US","city":"Vici","state":"Oklahoma","state_ab":"OK","county":"Dewey","geo_location":{ "type": "Point", "coordinates": [-99.267, 36.1372] }},
{"zip_code":"73703","country":"US","city":"Enid","state":"Oklahoma","state_ab":"OK","county":"Garfield","geo_location":{ "type": "Point", "coordinates": [-97.9157, 36.3975] }},
{"zip_code":"73730","country":"US","city":"Covington","state":"Oklahoma","state_ab":"OK","county":"Garfield","geo_location":{ "type": "Point", "coordinates": [-97.5752, 36.3099] }},
{"zip_code":"73743","country":"US","city":"Hillsdale","state":"Oklahoma","state_ab":"OK","county":"Garfield","geo_location":{ "type": "Point", "coordinates": [-98.0059, 36.5501] }},
{"zip_code":"73046","country":"US","city":"Hennepin","state":"Oklahoma","state_ab":"OK","county":"Garvin County","geo_location":{ "type": "Point", "coordinates": [-97.4081, 34.4836] }},
{"zip_code":"73433","country":"US","city":"Elmore City","state":"Oklahoma","state_ab":"OK","county":"Garvin","geo_location":{ "type": "Point", "coordinates": [-97.4142, 34.6265] }},
{"zip_code":"73059","country":"US","city":"Minco","state":"Oklahoma","state_ab":"OK","county":"Grady","geo_location":{ "type": "Point", "coordinates": [-97.9664, 35.3067] }},
{"zip_code":"74643","country":"US","city":"Lamont","state":"Oklahoma","state_ab":"OK","county":"Grant","geo_location":{ "type": "Point", "coordinates": [-97.5601, 36.6939] }},
{"zip_code":"73550","country":"US","city":"Hollis","state":"Oklahoma","state_ab":"OK","county":"Harmon","geo_location":{ "type": "Point", "coordinates": [-99.9177, 34.6953] }},
{"zip_code":"74850","country":"US","city":"Lamar","state":"Oklahoma","state_ab":"OK","county":"Hughes","geo_location":{ "type": "Point", "coordinates": [-96.1142, 35.0836] }},
{"zip_code":"73523","country":"US","city":"Altus Afb","state":"Oklahoma","state_ab":"OK","county":"Jackson","geo_location":{ "type": "Point", "coordinates": [-99.4408, 34.5982] }},
{"zip_code":"73549","country":"US","city":"Headrick","state":"Oklahoma","state_ab":"OK","county":"Jackson","geo_location":{ "type": "Point", "coordinates": [-99.139, 34.6265] }},
{"zip_code":"73460","country":"US","city":"Tishomingo","state":"Oklahoma","state_ab":"OK","county":"Johnston","geo_location":{ "type": "Point", "coordinates": [-96.6675, 34.2643] }},
{"zip_code":"74836","country":"US","city":"Connerville","state":"Oklahoma","state_ab":"OK","county":"Johnston","geo_location":{ "type": "Point", "coordinates": [-96.6291, 34.4194] }},
{"zip_code":"74603","country":"US","city":"Ponca City","state":"Oklahoma","state_ab":"OK","county":"Kay","geo_location":{ "type": "Point", "coordinates": [-97.1062, 36.7963] }},
{"zip_code":"73756","country":"US","city":"Loyal","state":"Oklahoma","state_ab":"OK","county":"Kingfisher","geo_location":{ "type": "Point", "coordinates": [-98.1155, 35.9705] }},
{"zip_code":"74939","country":"US","city":"Hodgen","state":"Oklahoma","state_ab":"OK","county":"Le Flore","geo_location":{ "type": "Point", "coordinates": [-94.6391, 34.7538] }},
{"zip_code":"74940","country":"US","city":"Howe","state":"Oklahoma","state_ab":"OK","county":"Le Flore","geo_location":{ "type": "Point", "coordinates": [-94.6571, 34.9299] }},
{"zip_code":"74953","country":"US","city":"Poteau","state":"Oklahoma","state_ab":"OK","county":"Le Flore","geo_location":{ "type": "Point", "coordinates": [-94.6096, 35.0606] }},
{"zip_code":"74966","country":"US","city":"Wister","state":"Oklahoma","state_ab":"OK","county":"Le Flore","geo_location":{ "type": "Point", "coordinates": [-94.7832, 34.9556] }},
{"zip_code":"73073","country":"US","city":"Orlando","state":"Oklahoma","state_ab":"OK","county":"Logan","geo_location":{ "type": "Point", "coordinates": [-97.396, 36.142] }},
{"zip_code":"73459","country":"US","city":"Thackerville","state":"Oklahoma","state_ab":"OK","county":"Love","geo_location":{ "type": "Point", "coordinates": [-97.1363, 33.7882] }},
{"zip_code":"73729","country":"US","city":"Cleo Springs","state":"Oklahoma","state_ab":"OK","county":"Major","geo_location":{ "type": "Point", "coordinates": [-98.4423, 36.409] }},
{"zip_code":"73446","country":"US","city":"Madill","state":"Oklahoma","state_ab":"OK","county":"Marshall","geo_location":{ "type": "Point", "coordinates": [-96.7597, 34.0784] }},
{"zip_code":"73086","country":"US","city":"Sulphur","state":"Oklahoma","state_ab":"OK","county":"Murray","geo_location":{ "type": "Point", "coordinates": [-96.9797, 34.5116] }},
{"zip_code":"74423","country":"US","city":"Braggs","state":"Oklahoma","state_ab":"OK","county":"Muskogee","geo_location":{ "type": "Point", "coordinates": [-95.2033, 35.6574] }},
{"zip_code":"74436","country":"US","city":"Haskell","state":"Oklahoma","state_ab":"OK","county":"Muskogee","geo_location":{ "type": "Point", "coordinates": [-95.684, 35.8108] }},
{"zip_code":"74450","country":"US","city":"Oktaha","state":"Oklahoma","state_ab":"OK","county":"Muskogee","geo_location":{ "type": "Point", "coordinates": [-95.4856, 35.625] }},
{"zip_code":"74463","country":"US","city":"Taft","state":"Oklahoma","state_ab":"OK","county":"Muskogee","geo_location":{ "type": "Point", "coordinates": [-95.5494, 35.7581] }},
{"zip_code":"74630","country":"US","city":"Billings","state":"Oklahoma","state_ab":"OK","county":"Noble","geo_location":{ "type": "Point", "coordinates": [-97.4189, 36.5246] }},
{"zip_code":"73020","country":"US","city":"Choctaw","state":"Oklahoma","state_ab":"OK","county":"Oklahoma","geo_location":{ "type": "Point", "coordinates": [-97.2726, 35.4718] }},
{"zip_code":"73109","country":"US","city":"Oklahoma City","state":"Oklahoma","state_ab":"OK","county":"Oklahoma","geo_location":{ "type": "Point", "coordinates": [-97.5261, 35.4259] }},
{"zip_code":"73110","country":"US","city":"Oklahoma City","state":"Oklahoma","state_ab":"OK","county":"Oklahoma","geo_location":{ "type": "Point", "coordinates": [-97.3974, 35.4605] }},
{"zip_code":"73123","country":"US","city":"Oklahoma City","state":"Oklahoma","state_ab":"OK","county":"Oklahoma","geo_location":{ "type": "Point", "coordinates": [-97.2023, 35.536] }},
{"zip_code":"73136","country":"US","city":"Oklahoma City","state":"Oklahoma","state_ab":"OK","county":"Oklahoma","geo_location":{ "type": "Point", "coordinates": [-97.3262, 35.6153] }},
{"zip_code":"73149","country":"US","city":"Oklahoma City","state":"Oklahoma","state_ab":"OK","county":"Oklahoma","geo_location":{ "type": "Point", "coordinates": [-97.4972, 35.395] }},
{"zip_code":"73150","country":"US","city":"Oklahoma City","state":"Oklahoma","state_ab":"OK","county":"Oklahoma","geo_location":{ "type": "Point", "coordinates": [-97.3331, 35.4123] }},
{"zip_code":"73163","country":"US","city":"Oklahoma City","state":"Oklahoma","state_ab":"OK","county":"Oklahoma","geo_location":{ "type": "Point", "coordinates": [-97.4075, 35.5514] }},
{"zip_code":"73189","country":"US","city":"Oklahoma City","state":"Oklahoma","state_ab":"OK","county":"Oklahoma","geo_location":{ "type": "Point", "coordinates": [-97.4075, 35.5514] }},
{"zip_code":"73190","country":"US","city":"Oklahoma City","state":"Oklahoma","state_ab":"OK","county":"Oklahoma","geo_location":{ "type": "Point", "coordinates": [-97.4075, 35.5514] }},
{"zip_code":"74009","country":"US","city":"Bowring","state":"Oklahoma","state_ab":"OK","county":"Osage","geo_location":{ "type": "Point", "coordinates": [-96.3984, 36.6658] }},
{"zip_code":"74360","country":"US","city":"Picher","state":"Oklahoma","state_ab":"OK","county":"Ottawa","geo_location":{ "type": "Point", "coordinates": [-94.8173, 36.98] }},
{"zip_code":"74023","country":"US","city":"Cushing","state":"Oklahoma","state_ab":"OK","county":"Payne","geo_location":{ "type": "Point", "coordinates": [-96.7526, 35.9822] }},
{"zip_code":"74076","country":"US","city":"Stillwater","state":"Oklahoma","state_ab":"OK","county":"Payne","geo_location":{ "type": "Point", "coordinates": [-97.0551, 36.0724] }},
{"zip_code":"74526","country":"US","city":"Alderson","state":"Oklahoma","state_ab":"OK","county":"Pittsburg County","geo_location":{ "type": "Point", "coordinates": [-95.6482, 34.894] }},
{"zip_code":"74553","country":"US","city":"Kiowa","state":"Oklahoma","state_ab":"OK","county":"Pittsburg","geo_location":{ "type": "Point", "coordinates": [-95.9328, 34.7278] }},
{"zip_code":"73666","country":"US","city":"Sweetwater","state":"Oklahoma","state_ab":"OK","county":"Roger Mills","geo_location":{ "type": "Point", "coordinates": [-99.9006, 35.4488] }},
{"zip_code":"74036","country":"US","city":"Inola","state":"Oklahoma","state_ab":"OK","county":"Rogers","geo_location":{ "type": "Point", "coordinates": [-95.5205, 36.1503] }},
{"zip_code":"74849","country":"US","city":"Konawa","state":"Oklahoma","state_ab":"OK","county":"Seminole","geo_location":{ "type": "Point", "coordinates": [-96.7343, 34.9708] }},
{"zip_code":"73536","country":"US","city":"Duncan","state":"Oklahoma","state_ab":"OK","county":"Stephens","geo_location":{ "type": "Point", "coordinates": [-97.8522, 34.4853] }},
{"zip_code":"73949","country":"US","city":"Texhoma","state":"Oklahoma","state_ab":"OK","county":"Texas","geo_location":{ "type": "Point", "coordinates": [-101.8394, 36.5253] }},
{"zip_code":"74050","country":"US","city":"Oakhurst","state":"Oklahoma","state_ab":"OK","county":"Tulsa","geo_location":{ "type": "Point", "coordinates": [-96.0621, 36.0731] }},
{"zip_code":"74063","country":"US","city":"Sand Springs","state":"Oklahoma","state_ab":"OK","county":"Tulsa","geo_location":{ "type": "Point", "coordinates": [-96.1426, 36.1341] }},
{"zip_code":"74126","country":"US","city":"Tulsa","state":"Oklahoma","state_ab":"OK","county":"Tulsa","geo_location":{ "type": "Point", "coordinates": [-95.9931, 36.2383] }},
{"zip_code":"74153","country":"US","city":"Tulsa","state":"Oklahoma","state_ab":"OK","county":"Tulsa","geo_location":{ "type": "Point", "coordinates": [-96.0297, 36.1398] }},
{"zip_code":"74193","country":"US","city":"Tulsa","state":"Oklahoma","state_ab":"OK","county":"Tulsa","geo_location":{ "type": "Point", "coordinates": [-96.0297, 36.1398] }},
{"zip_code":"73626","country":"US","city":"Canute","state":"Oklahoma","state_ab":"OK","county":"Washita","geo_location":{ "type": "Point", "coordinates": [-99.2816, 35.4037] }},
{"zip_code":"73860","country":"US","city":"Waynoka","state":"Oklahoma","state_ab":"OK","county":"Woods","geo_location":{ "type": "Point", "coordinates": [-98.8487, 36.5858] }},
{"zip_code":"97840","country":"US","city":"Oxbow","state":"Oregon","state_ab":"OR","county":"Baker","geo_location":{ "type": "Point", "coordinates": [-116.8436, 44.9633] }},
{"zip_code":"97013","country":"US","city":"Canby","state":"Oregon","state_ab":"OR","county":"Clackamas","geo_location":{ "type": "Point", "coordinates": [-122.6832, 45.2514] }},
{"zip_code":"97103","country":"US","city":"Astoria","state":"Oregon","state_ab":"OR","county":"Clatsop","geo_location":{ "type": "Point", "coordinates": [-123.798, 46.1558] }},
{"zip_code":"97053","country":"US","city":"Warren","state":"Oregon","state_ab":"OR","county":"Columbia","geo_location":{ "type": "Point", "coordinates": [-122.8634, 45.826] }},
{"zip_code":"97466","country":"US","city":"Powers","state":"Oregon","state_ab":"OR","county":"Coos","geo_location":{ "type": "Point", "coordinates": [-124.0709, 42.88] }},
{"zip_code":"97709","country":"US","city":"Bend","state":"Oregon","state_ab":"OR","county":"Deschutes","geo_location":{ "type": "Point", "coordinates": [-120.9495, 44.0018] }},
{"zip_code":"97479","country":"US","city":"Sutherlin","state":"Oregon","state_ab":"OR","county":"Douglas","geo_location":{ "type": "Point", "coordinates": [-123.2974, 43.3904] }},
{"zip_code":"97710","country":"US","city":"Fields","state":"Oregon","state_ab":"OR","county":"Harney","geo_location":{ "type": "Point", "coordinates": [-118.4758, 42.1862] }},
{"zip_code":"97736","country":"US","city":"Frenchglen","state":"Oregon","state_ab":"OR","county":"Harney","geo_location":{ "type": "Point", "coordinates": [-119.0058, 42.7147] }},
{"zip_code":"97503","country":"US","city":"White City","state":"Oregon","state_ab":"OR","county":"Jackson","geo_location":{ "type": "Point", "coordinates": [-122.8296, 42.4319] }},
{"zip_code":"97530","country":"US","city":"Jacksonville","state":"Oregon","state_ab":"OR","county":"Jackson","geo_location":{ "type": "Point", "coordinates": [-123.0241, 42.1813] }},
{"zip_code":"97543","country":"US","city":"Wilderville","state":"Oregon","state_ab":"OR","county":"Josephine","geo_location":{ "type": "Point", "coordinates": [-123.5621, 42.3751] }},
{"zip_code":"97633","country":"US","city":"Merrill","state":"Oregon","state_ab":"OR","county":"Klamath","geo_location":{ "type": "Point", "coordinates": [-121.5985, 42.0295] }},
{"zip_code":"97620","country":"US","city":"Adel","state":"Oregon","state_ab":"OR","county":"Lake","geo_location":{ "type": "Point", "coordinates": [-119.8833, 42.1487] }},
{"zip_code":"97413","country":"US","city":"Blue River","state":"Oregon","state_ab":"OR","county":"Lane","geo_location":{ "type": "Point", "coordinates": [-122.1217, 44.1755] }},
{"zip_code":"97426","country":"US","city":"Creswell","state":"Oregon","state_ab":"OR","county":"Lane","geo_location":{ "type": "Point", "coordinates": [-123.0284, 43.9058] }},
{"zip_code":"97439","country":"US","city":"Florence","state":"Oregon","state_ab":"OR","county":"Lane","geo_location":{ "type": "Point", "coordinates": [-124.0993, 43.9881] }},
{"zip_code":"97440","country":"US","city":"Eugene","state":"Oregon","state_ab":"OR","county":"Lane","geo_location":{ "type": "Point", "coordinates": [-122.9988, 43.8638] }},
{"zip_code":"97453","country":"US","city":"Mapleton","state":"Oregon","state_ab":"OR","county":"Lane","geo_location":{ "type": "Point", "coordinates": [-123.8657, 44.0312] }},
{"zip_code":"97480","country":"US","city":"Swisshome","state":"Oregon","state_ab":"OR","county":"Lane","geo_location":{ "type": "Point", "coordinates": [-123.8279, 44.0899] }},
{"zip_code":"97493","country":"US","city":"Westlake","state":"Oregon","state_ab":"OR","county":"Lane","geo_location":{ "type": "Point", "coordinates": [-124.0334, 43.914] }},
{"zip_code":"97376","country":"US","city":"Seal Rock","state":"Oregon","state_ab":"OR","county":"Lincoln","geo_location":{ "type": "Point", "coordinates": [-123.9567, 44.4874] }},
{"zip_code":"97390","country":"US","city":"Tidewater","state":"Oregon","state_ab":"OR","county":"Lincoln","geo_location":{ "type": "Point", "coordinates": [-123.9149, 44.4055] }},
{"zip_code":"97336","country":"US","city":"Crawfordsville","state":"Oregon","state_ab":"OR","county":"Linn","geo_location":{ "type": "Point", "coordinates": [-122.8508, 44.3593] }},
{"zip_code":"97389","country":"US","city":"Tangent","state":"Oregon","state_ab":"OR","county":"Linn","geo_location":{ "type": "Point", "coordinates": [-123.1108, 44.5497] }},
{"zip_code":"97903","country":"US","city":"Brogan","state":"Oregon","state_ab":"OR","county":"Malheur","geo_location":{ "type": "Point", "coordinates": [-117.5904, 44.1994] }},
{"zip_code":"97026","country":"US","city":"Gervais","state":"Oregon","state_ab":"OR","county":"Marion","geo_location":{ "type": "Point", "coordinates": [-122.8962, 45.1086] }},
{"zip_code":"97309","country":"US","city":"Salem","state":"Oregon","state_ab":"OR","county":"Marion","geo_location":{ "type": "Point", "coordinates": [-122.457, 44.9845] }},
{"zip_code":"97310","country":"US","city":"Salem","state":"Oregon","state_ab":"OR","county":"Marion","geo_location":{ "type": "Point", "coordinates": [-122.9861, 44.9271] }},
{"zip_code":"97350","country":"US","city":"Idanha","state":"Oregon","state_ab":"OR","county":"Marion","geo_location":{ "type": "Point", "coordinates": [-122.074, 44.7001] }}]}