{"value": [{"zip_code":"44101","country":"US","city":"Cleveland","state":"Ohio","state_ab":"OH","county":"Cuyahoga","geo_location":{ "type": "Point", "coordinates": [-81.5996, 41.5234] }},
{"zip_code":"44114","country":"US","city":"Cleveland","state":"Ohio","state_ab":"OH","county":"Cuyahoga","geo_location":{ "type": "Point", "coordinates": [-81.6743, 41.5064] }},
{"zip_code":"44127","country":"US","city":"Cleveland","state":"Ohio","state_ab":"OH","county":"Cuyahoga","geo_location":{ "type": "Point", "coordinates": [-81.649, 41.4701] }},
{"zip_code":"44141","country":"US","city":"Brecksville","state":"Ohio","state_ab":"OH","county":"Cuyahoga","geo_location":{ "type": "Point", "coordinates": [-81.6261, 41.3166] }},
{"zip_code":"44181","country":"US","city":"Cleveland","state":"Ohio","state_ab":"OH","county":"Cuyahoga","geo_location":{ "type": "Point", "coordinates": [-81.6728, 41.6857] }},
{"zip_code":"44194","country":"US","city":"Cleveland","state":"Ohio","state_ab":"OH","county":"Cuyahoga","geo_location":{ "type": "Point", "coordinates": [-81.6728, 41.6857] }},
{"zip_code":"45351","country":"US","city":"Osgood","state":"Ohio","state_ab":"OH","county":"Darke","geo_location":{ "type": "Point", "coordinates": [-84.4963, 40.3406] }},
{"zip_code":"43021","country":"US","city":"Galena","state":"Ohio","state_ab":"OH","county":"Delaware","geo_location":{ "type": "Point", "coordinates": [-82.8749, 40.2011] }},
{"zip_code":"43061","country":"US","city":"Ostrander","state":"Ohio","state_ab":"OH","county":"Delaware","geo_location":{ "type": "Point", "coordinates": [-83.1978, 40.274] }},
{"zip_code":"43074","country":"US","city":"Sunbury","state":"Ohio","state_ab":"OH","county":"Delaware","geo_location":{ "type": "Point", "coordinates": [-82.8511, 40.2655] }},
{"zip_code":"44824","country":"US","city":"Castalia","state":"Ohio","state_ab":"OH","county":"Erie","geo_location":{ "type": "Point", "coordinates": [-82.7994, 41.3872] }},
{"zip_code":"43201","country":"US","city":"Columbus","state":"Ohio","state_ab":"OH","county":"Franklin","geo_location":{ "type": "Point", "coordinates": [-83.0047, 39.9952] }},
{"zip_code":"43214","country":"US","city":"Columbus","state":"Ohio","state_ab":"OH","county":"Franklin","geo_location":{ "type": "Point", "coordinates": [-83.0187, 40.0535] }},
{"zip_code":"43227","country":"US","city":"Columbus","state":"Ohio","state_ab":"OH","county":"Franklin","geo_location":{ "type": "Point", "coordinates": [-82.8903, 39.9444] }},
{"zip_code":"45674","country":"US","city":"Rio Grande","state":"Ohio","state_ab":"OH","county":"Gallia","geo_location":{ "type": "Point", "coordinates": [-82.3782, 38.8814] }},
{"zip_code":"44024","country":"US","city":"Chardon","state":"Ohio","state_ab":"OH","county":"Geauga","geo_location":{ "type": "Point", "coordinates": [-81.2056, 41.5719] }},
{"zip_code":"44064","country":"US","city":"Montville","state":"Ohio","state_ab":"OH","county":"Geauga","geo_location":{ "type": "Point", "coordinates": [-81.057, 41.6034] }},
{"zip_code":"45324","country":"US","city":"Fairborn","state":"Ohio","state_ab":"OH","county":"Greene","geo_location":{ "type": "Point", "coordinates": [-84.0198, 39.8053] }},
{"zip_code":"45001","country":"US","city":"Addyston","state":"Ohio","state_ab":"OH","county":"Hamilton","geo_location":{ "type": "Point", "coordinates": [-84.7096, 39.1374] }},
{"zip_code":"45041","country":"US","city":"Miamitown","state":"Ohio","state_ab":"OH","county":"Hamilton","geo_location":{ "type": "Point", "coordinates": [-84.7085, 39.1761] }},
{"zip_code":"45207","country":"US","city":"Cincinnati","state":"Ohio","state_ab":"OH","county":"Hamilton","geo_location":{ "type": "Point", "coordinates": [-84.4706, 39.1397] }},
{"zip_code":"45221","country":"US","city":"Cincinnati","state":"Ohio","state_ab":"OH","county":"Hamilton","geo_location":{ "type": "Point", "coordinates": [-84.5382, 39.1668] }},
{"zip_code":"45234","country":"US","city":"Cincinnati","state":"Ohio","state_ab":"OH","county":"Hamilton","geo_location":{ "type": "Point", "coordinates": [-84.5382, 39.1668] }},
{"zip_code":"45247","country":"US","city":"Cincinnati","state":"Ohio","state_ab":"OH","county":"Hamilton","geo_location":{ "type": "Point", "coordinates": [-84.6418, 39.2208] }},
{"zip_code":"45274","country":"US","city":"Cincinnati","state":"Ohio","state_ab":"OH","county":"Hamilton","geo_location":{ "type": "Point", "coordinates": [-84.5382, 39.1668] }},
{"zip_code":"45944","country":"US","city":"Cincinnati","state":"Ohio","state_ab":"OH","county":"Hamilton","geo_location":{ "type": "Point", "coordinates": [-84.5382, 39.1668] }},
{"zip_code":"45814","country":"US","city":"Arlington","state":"Ohio","state_ab":"OH","county":"Hancock","geo_location":{ "type": "Point", "coordinates": [-83.6685, 40.8761] }},
{"zip_code":"45841","country":"US","city":"Jenera","state":"Ohio","state_ab":"OH","county":"Hancock","geo_location":{ "type": "Point", "coordinates": [-83.7256, 40.9004] }},
{"zip_code":"45867","country":"US","city":"Mount Blanchard","state":"Ohio","state_ab":"OH","county":"Hancock","geo_location":{ "type": "Point", "coordinates": [-83.5553, 40.8929] }},
{"zip_code":"45881","country":"US","city":"Rawson","state":"Ohio","state_ab":"OH","county":"Hancock","geo_location":{ "type": "Point", "coordinates": [-83.807, 41.0001] }},
{"zip_code":"43524","country":"US","city":"Hamler","state":"Ohio","state_ab":"OH","county":"Henry","geo_location":{ "type": "Point", "coordinates": [-84.072, 41.2129] }},
{"zip_code":"43111","country":"US","city":"Carbon Hill","state":"Ohio","state_ab":"OH","county":"Hocking","geo_location":{ "type": "Point", "coordinates": [-82.2429, 39.5045] }},
{"zip_code":"44617","country":"US","city":"Charm","state":"Ohio","state_ab":"OH","county":"Holmes","geo_location":{ "type": "Point", "coordinates": [-81.7829, 40.5071] }},
{"zip_code":"44811","country":"US","city":"Bellevue","state":"Ohio","state_ab":"OH","county":"Huron","geo_location":{ "type": "Point", "coordinates": [-82.8577, 41.2684] }},
{"zip_code":"44837","country":"US","city":"Greenwich","state":"Ohio","state_ab":"OH","county":"Huron","geo_location":{ "type": "Point", "coordinates": [-82.5133, 41.0407] }},
{"zip_code":"44851","country":"US","city":"New London","state":"Ohio","state_ab":"OH","county":"Huron","geo_location":{ "type": "Point", "coordinates": [-82.3966, 41.0906] }},
{"zip_code":"45621","country":"US","city":"Coalton","state":"Ohio","state_ab":"OH","county":"Jackson","geo_location":{ "type": "Point", "coordinates": [-82.6077, 39.1108] }},
{"zip_code":"43964","country":"US","city":"Toronto","state":"Ohio","state_ab":"OH","county":"Jefferson","geo_location":{ "type": "Point", "coordinates": [-80.6325, 40.4733] }},
{"zip_code":"44077","country":"US","city":"Painesville","state":"Ohio","state_ab":"OH","county":"Lake","geo_location":{ "type": "Point", "coordinates": [-81.199, 41.7079] }},
{"zip_code":"43331","country":"US","city":"Lakeview","state":"Ohio","state_ab":"OH","county":"Logan","geo_location":{ "type": "Point", "coordinates": [-83.9202, 40.5019] }},
{"zip_code":"43357","country":"US","city":"West Liberty","state":"Ohio","state_ab":"OH","county":"Logan","geo_location":{ "type": "Point", "coordinates": [-83.7528, 40.2625] }},
{"zip_code":"44011","country":"US","city":"Avon","state":"Ohio","state_ab":"OH","county":"Lorain","geo_location":{ "type": "Point", "coordinates": [-82.0204, 41.4467] }},
{"zip_code":"43434","country":"US","city":"Harbor View","state":"Ohio","state_ab":"OH","county":"Lucas","geo_location":{ "type": "Point", "coordinates": [-83.6202, 41.6457] }},
{"zip_code":"43537","country":"US","city":"Maumee","state":"Ohio","state_ab":"OH","county":"Lucas","geo_location":{ "type": "Point", "coordinates": [-83.6628, 41.5817] }},
{"zip_code":"43601","country":"US","city":"Toledo","state":"Ohio","state_ab":"OH","county":"Lucas","geo_location":{ "type": "Point", "coordinates": [-83.5694, 41.7207] }},
{"zip_code":"43614","country":"US","city":"Toledo","state":"Ohio","state_ab":"OH","county":"Lucas","geo_location":{ "type": "Point", "coordinates": [-83.6292, 41.6028] }},
{"zip_code":"43654","country":"US","city":"Toledo","state":"Ohio","state_ab":"OH","county":"Lucas","geo_location":{ "type": "Point", "coordinates": [-83.4394, 41.6868] }},
{"zip_code":"43667","country":"US","city":"Toledo","state":"Ohio","state_ab":"OH","county":"Lucas","geo_location":{ "type": "Point", "coordinates": [-83.4394, 41.6868] }},
{"zip_code":"43681","country":"US","city":"Toledo","state":"Ohio","state_ab":"OH","county":"Lucas","geo_location":{ "type": "Point", "coordinates": [-83.4394, 41.6868] }},
{"zip_code":"43151","country":"US","city":"Sedalia","state":"Ohio","state_ab":"OH","county":"Madison","geo_location":{ "type": "Point", "coordinates": [-83.4764, 39.733] }},
{"zip_code":"44451","country":"US","city":"North Jackson","state":"Ohio","state_ab":"OH","county":"Mahoning","geo_location":{ "type": "Point", "coordinates": [-80.8623, 41.088] }},
{"zip_code":"44501","country":"US","city":"Youngstown","state":"Ohio","state_ab":"OH","county":"Mahoning","geo_location":{ "type": "Point", "coordinates": [-80.8029, 41.0171] }},
{"zip_code":"44514","country":"US","city":"Youngstown","state":"Ohio","state_ab":"OH","county":"Mahoning","geo_location":{ "type": "Point", "coordinates": [-80.6183, 41.0093] }},
{"zip_code":"45337","country":"US","city":"Laura","state":"Ohio","state_ab":"OH","county":"Miami","geo_location":{ "type": "Point", "coordinates": [-84.3994, 39.9785] }},
{"zip_code":"43757","country":"US","city":"Malaga","state":"Ohio","state_ab":"OH","county":"Monroe","geo_location":{ "type": "Point", "coordinates": [-81.1516, 39.8594] }},
{"zip_code":"45377","country":"US","city":"Vandalia","state":"Ohio","state_ab":"OH","county":"Montgomery","geo_location":{ "type": "Point", "coordinates": [-84.2023, 39.8883] }},
{"zip_code":"45401","country":"US","city":"Dayton","state":"Ohio","state_ab":"OH","county":"Montgomery","geo_location":{ "type": "Point", "coordinates": [-84.2686, 39.7505] }},
{"zip_code":"45414","country":"US","city":"Dayton","state":"Ohio","state_ab":"OH","county":"Montgomery","geo_location":{ "type": "Point", "coordinates": [-84.2024, 39.8285] }},
{"zip_code":"45427","country":"US","city":"Dayton","state":"Ohio","state_ab":"OH","county":"Montgomery","geo_location":{ "type": "Point", "coordinates": [-84.2819, 39.7545] }},
{"zip_code":"45441","country":"US","city":"Dayton","state":"Ohio","state_ab":"OH","county":"Montgomery","geo_location":{ "type": "Point", "coordinates": [-84.2686, 39.7505] }},
{"zip_code":"45454","country":"US","city":"Dayton","state":"Ohio","state_ab":"OH","county":"Montgomery","geo_location":{ "type": "Point", "coordinates": [-84.2686, 39.7505] }},
{"zip_code":"45481","country":"US","city":"Dayton","state":"Ohio","state_ab":"OH","county":"Montgomery","geo_location":{ "type": "Point", "coordinates": [-84.2686, 39.7505] }},
{"zip_code":"43317","country":"US","city":"Chesterville","state":"Ohio","state_ab":"OH","county":"Morrow","geo_location":{ "type": "Point", "coordinates": [-82.6828, 40.4789] }},
{"zip_code":"43771","country":"US","city":"Philo","state":"Ohio","state_ab":"OH","county":"Muskingum","geo_location":{ "type": "Point", "coordinates": [-81.9175, 39.8458] }},
{"zip_code":"43821","country":"US","city":"Dresden","state":"Ohio","state_ab":"OH","county":"Muskingum","geo_location":{ "type": "Point", "coordinates": [-81.9998, 40.1069] }},
{"zip_code":"43717","country":"US","city":"Belle Valley","state":"Ohio","state_ab":"OH","county":"Noble","geo_location":{ "type": "Point", "coordinates": [-81.4658, 39.7685] }},
{"zip_code":"43731","country":"US","city":"Crooksville","state":"Ohio","state_ab":"OH","county":"Perry","geo_location":{ "type": "Point", "coordinates": [-82.084, 39.7623] }},
{"zip_code":"43137","country":"US","city":"Lockbourne","state":"Ohio","state_ab":"OH","county":"Pickaway","geo_location":{ "type": "Point", "coordinates": [-82.9764, 39.8142] }},
{"zip_code":"43164","country":"US","city":"Williamsport","state":"Ohio","state_ab":"OH","county":"Pickaway","geo_location":{ "type": "Point", "coordinates": [-83.1251, 39.6117] }},
{"zip_code":"45661","country":"US","city":"Piketon","state":"Ohio","state_ab":"OH","county":"Pike","geo_location":{ "type": "Point", "coordinates": [-83.121, 39.0437] }},
{"zip_code":"45687","country":"US","city":"Wakefield","state":"Ohio","state_ab":"OH","county":"Pike","geo_location":{ "type": "Point", "coordinates": [-83.0858, 39.0728] }},
{"zip_code":"44231","country":"US","city":"Garrettsville","state":"Ohio","state_ab":"OH","county":"Portage","geo_location":{ "type": "Point", "coordinates": [-81.0704, 41.2988] }},
{"zip_code":"44411","country":"US","city":"Deerfield","state":"Ohio","state_ab":"OH","county":"Portage","geo_location":{ "type": "Point", "coordinates": [-81.0528, 41.0359] }},
{"zip_code":"45311","country":"US","city":"Camden","state":"Ohio","state_ab":"OH","county":"Preble","geo_location":{ "type": "Point", "coordinates": [-84.61, 39.6134] }},
{"zip_code":"45827","country":"US","city":"Cloverdale","state":"Ohio","state_ab":"OH","county":"Putnam","geo_location":{ "type": "Point", "coordinates": [-84.2938, 41.0379] }},
{"zip_code":"44901","country":"US","city":"Mansfield","state":"Ohio","state_ab":"OH","county":"Richland","geo_location":{ "type": "Point", "coordinates": [-82.5114, 40.8508] }},
{"zip_code":"45647","country":"US","city":"Londonderry","state":"Ohio","state_ab":"OH","county":"Ross","geo_location":{ "type": "Point", "coordinates": [-82.7833, 39.2723] }},
{"zip_code":"43407","country":"US","city":"Burgoon","state":"Ohio","state_ab":"OH","county":"Sandusky","geo_location":{ "type": "Point", "coordinates": [-83.2475, 41.268] }},
{"zip_code":"44657","country":"US","city":"Minerva","state":"Ohio","state_ab":"OH","county":"Stark","geo_location":{ "type": "Point", "coordinates": [-81.1031, 40.742] }},
{"zip_code":"44707","country":"US","city":"Canton","state":"Ohio","state_ab":"OH","county":"Stark","geo_location":{ "type": "Point", "coordinates": [-81.35, 40.7598] }},
{"zip_code":"44721","country":"US","city":"Canton","state":"Ohio","state_ab":"OH","county":"Stark","geo_location":{ "type": "Point", "coordinates": [-81.3328, 40.8834] }},
{"zip_code":"44307","country":"US","city":"Akron","state":"Ohio","state_ab":"OH","county":"Summit","geo_location":{ "type": "Point", "coordinates": [-81.5488, 41.0695] }},
{"zip_code":"44321","country":"US","city":"Akron","state":"Ohio","state_ab":"OH","county":"Summit","geo_location":{ "type": "Point", "coordinates": [-81.6443, 41.1002] }},
{"zip_code":"44424","country":"US","city":"Hartford","state":"Ohio","state_ab":"OH","county":"Trumbull","geo_location":{ "type": "Point", "coordinates": [-80.5847, 41.3091] }},
{"zip_code":"44437","country":"US","city":"Mc Donald","state":"Ohio","state_ab":"OH","county":"Trumbull","geo_location":{ "type": "Point", "coordinates": [-80.7312, 41.158] }},
{"zip_code":"44491","country":"US","city":"West Farmington","state":"Ohio","state_ab":"OH","county":"Trumbull","geo_location":{ "type": "Point", "coordinates": [-80.9672, 41.3508] }},
{"zip_code":"44671","country":"US","city":"Sandyville","state":"Ohio","state_ab":"OH","county":"Tuscarawas","geo_location":{ "type": "Point", "coordinates": [-81.3653, 40.6442] }},
{"zip_code":"44697","country":"US","city":"Zoar","state":"Ohio","state_ab":"OH","county":"Tuscarawas","geo_location":{ "type": "Point", "coordinates": [-81.4142, 40.6183] }},
{"zip_code":"43007","country":"US","city":"Broadway","state":"Ohio","state_ab":"OH","county":"Union","geo_location":{ "type": "Point", "coordinates": [-83.4163, 40.3406] }},
{"zip_code":"43344","country":"US","city":"Richwood","state":"Ohio","state_ab":"OH","county":"Union","geo_location":{ "type": "Point", "coordinates": [-83.3136, 40.437] }},
{"zip_code":"44334","country":"US","city":"Fairlawn","state":"Ohio","state_ab":"OH","county":"Union","geo_location":{ "type": "Point", "coordinates": [-83.328, 40.3974] }},
{"zip_code":"45894","country":"US","city":"Venedocia","state":"Ohio","state_ab":"OH","county":"Van Wert","geo_location":{ "type": "Point", "coordinates": [-84.462, 40.7685] }},
{"zip_code":"45634","country":"US","city":"Hamden","state":"Ohio","state_ab":"OH","county":"Vinton","geo_location":{ "type": "Point", "coordinates": [-82.51, 39.1685] }},
{"zip_code":"45054","country":"US","city":"Oregonia","state":"Ohio","state_ab":"OH","county":"Warren","geo_location":{ "type": "Point", "coordinates": [-84.0511, 39.4145] }},
{"zip_code":"45724","country":"US","city":"Cutler","state":"Ohio","state_ab":"OH","county":"Washington","geo_location":{ "type": "Point", "coordinates": [-81.7657, 39.4042] }},
{"zip_code":"44217","country":"US","city":"Creston","state":"Ohio","state_ab":"OH","county":"Wayne","geo_location":{ "type": "Point", "coordinates": [-81.9211, 40.9788] }},
{"zip_code":"43447","country":"US","city":"Millbury","state":"Ohio","state_ab":"OH","county":"Wood","geo_location":{ "type": "Point", "coordinates": [-83.4381, 41.5611] }},
{"zip_code":"43511","country":"US","city":"Custar","state":"Ohio","state_ab":"OH","county":"Wood","geo_location":{ "type": "Point", "coordinates": [-83.8349, 41.2953] }},
{"zip_code":"43551","country":"US","city":"Perrysburg","state":"Ohio","state_ab":"OH","county":"Wood","geo_location":{ "type": "Point", "coordinates": [-83.5927, 41.5429] }},
{"zip_code":"74964","country":"US","city":"Watts","state":"Oklahoma","state_ab":"OK","county":"Adair","geo_location":{ "type": "Point", "coordinates": [-94.6345, 36.1152] }},
{"zip_code":"73741","country":"US","city":"Helena","state":"Oklahoma","state_ab":"OK","county":"Alfalfa","geo_location":{ "type": "Point", "coordinates": [-98.2778, 36.5438] }},
{"zip_code":"73844","country":"US","city":"Gate","state":"Oklahoma","state_ab":"OK","county":"Beaver","geo_location":{ "type": "Point", "coordinates": [-100.0734, 36.8757] }},
{"zip_code":"74731","country":"US","city":"Cartwright","state":"Oklahoma","state_ab":"OK","county":"Bryan","geo_location":{ "type": "Point", "coordinates": [-96.5672, 33.8668] }},
{"zip_code":"73017","country":"US","city":"Cement","state":"Oklahoma","state_ab":"OK","county":"Caddo","geo_location":{ "type": "Point", "coordinates": [-98.1466, 34.9321] }},
{"zip_code":"73947","country":"US","city":"Keyes","state":"Oklahoma","state_ab":"OK","county":"Cimarron","geo_location":{ "type": "Point", "coordinates": [-102.2361, 36.8003] }},
{"zip_code":"73071","country":"US","city":"Norman","state":"Oklahoma","state_ab":"OK","county":"Cleveland","geo_location":{ "type": "Point", "coordinates": [-97.4067, 35.233] }},
{"zip_code":"73507","country":"US","city":"Lawton","state":"Oklahoma","state_ab":"OK","county":"Comanche","geo_location":{ "type": "Point", "coordinates": [-98.3895, 34.6246] }},
{"zip_code":"74047","country":"US","city":"Mounds","state":"Oklahoma","state_ab":"OK","county":"Creek","geo_location":{ "type": "Point", "coordinates": [-96.0887, 35.8896] }},
{"zip_code":"74344","country":"US","city":"Grove","state":"Oklahoma","state_ab":"OK","county":"Delaware","geo_location":{ "type": "Point", "coordinates": [-94.7565, 36.5929] }},
{"zip_code":"73701","country":"US","city":"Enid","state":"Oklahoma","state_ab":"OK","county":"Garfield","geo_location":{ "type": "Point", "coordinates": [-97.8623, 36.4028] }},
{"zip_code":"73727","country":"US","city":"Carrier","state":"Oklahoma","state_ab":"OK","county":"Garfield","geo_location":{ "type": "Point", "coordinates": [-98.0422, 36.4922] }},
{"zip_code":"73754","country":"US","city":"Lahoma","state":"Oklahoma","state_ab":"OK","county":"Garfield","geo_location":{ "type": "Point", "coordinates": [-98.0727, 36.385] }},
{"zip_code":"73057","country":"US","city":"Maysville","state":"Oklahoma","state_ab":"OK","county":"Garvin","geo_location":{ "type": "Point", "coordinates": [-97.4131, 34.8113] }},
{"zip_code":"73444","country":"US","city":"Hennepin","state":"Oklahoma","state_ab":"OK","county":"Garvin","geo_location":{ "type": "Point", "coordinates": [-97.3879, 34.4719] }},
{"zip_code":"73004","country":"US","city":"Amber","state":"Oklahoma","state_ab":"OK","county":"Grady","geo_location":{ "type": "Point", "coordinates": [-97.8532, 35.1526] }},
{"zip_code":"73547","country":"US","city":"Granite","state":"Oklahoma","state_ab":"OK","county":"Greer","geo_location":{ "type": "Point", "coordinates": [-99.3881, 34.9712] }},
{"zip_code":"73521","country":"US","city":"Altus","state":"Oklahoma","state_ab":"OK","county":"Jackson","geo_location":{ "type": "Point", "coordinates": [-99.3205, 34.6484] }},
{"zip_code":"73561","country":"US","city":"Oscar","state":"Oklahoma","state_ab":"OK","county":"Jefferson","geo_location":{ "type": "Point", "coordinates": [-97.6481, 34.0313] }},
{"zip_code":"74601","country":"US","city":"Ponca City","state":"Oklahoma","state_ab":"OK","county":"Kay","geo_location":{ "type": "Point", "coordinates": [-97.0784, 36.7031] }},
{"zip_code":"74641","country":"US","city":"Kaw City","state":"Oklahoma","state_ab":"OK","county":"Kay","geo_location":{ "type": "Point", "coordinates": [-96.8833, 36.8382] }},
{"zip_code":"73651","country":"US","city":"Hobart","state":"Oklahoma","state_ab":"OK","county":"Kiowa","geo_location":{ "type": "Point", "coordinates": [-99.0944, 35.0255] }},
{"zip_code":"74577","country":"US","city":"Whitesboro","state":"Oklahoma","state_ab":"OK","county":"Le Flore","geo_location":{ "type": "Point", "coordinates": [-94.87, 34.6843] }},
{"zip_code":"74937","country":"US","city":"Heavener","state":"Oklahoma","state_ab":"OK","county":"Le Flore","geo_location":{ "type": "Point", "coordinates": [-94.6185, 34.8353] }},
{"zip_code":"74951","country":"US","city":"Panama","state":"Oklahoma","state_ab":"OK","county":"Le Flore","geo_location":{ "type": "Point", "coordinates": [-94.6709, 35.1535] }},
{"zip_code":"74834","country":"US","city":"Chandler","state":"Oklahoma","state_ab":"OK","county":"Lincoln","geo_location":{ "type": "Point", "coordinates": [-96.8583, 35.7043] }},
{"zip_code":"73044","country":"US","city":"Guthrie","state":"Oklahoma","state_ab":"OK","county":"Logan","geo_location":{ "type": "Point", "coordinates": [-97.436, 35.833] }},
{"zip_code":"73031","country":"US","city":"Dibble","state":"Oklahoma","state_ab":"OK","county":"McClain","geo_location":{ "type": "Point", "coordinates": [-97.6318, 35.009] }},
{"zip_code":"74461","country":"US","city":"Stidham","state":"Oklahoma","state_ab":"OK","county":"McIntosh","geo_location":{ "type": "Point", "coordinates": [-95.7056, 35.3814] }},
{"zip_code":"74434","country":"US","city":"Fort Gibson","state":"Oklahoma","state_ab":"OK","county":"Muskogee","geo_location":{ "type": "Point", "coordinates": [-95.2297, 35.7943] }},
{"zip_code":"73084","country":"US","city":"Spencer","state":"Oklahoma","state_ab":"OK","county":"Oklahoma","geo_location":{ "type": "Point", "coordinates": [-97.3488, 35.5183] }},
{"zip_code":"73097","country":"US","city":"Wheatland","state":"Oklahoma","state_ab":"OK","county":"Oklahoma","geo_location":{ "type": "Point", "coordinates": [-97.6519, 35.397] }},
{"zip_code":"73107","country":"US","city":"Oklahoma City","state":"Oklahoma","state_ab":"OK","county":"Oklahoma","geo_location":{ "type": "Point", "coordinates": [-97.574, 35.4874] }},
{"zip_code":"73121","country":"US","city":"Oklahoma City","state":"Oklahoma","state_ab":"OK","county":"Oklahoma","geo_location":{ "type": "Point", "coordinates": [-97.4452, 35.5062] }},
{"zip_code":"73134","country":"US","city":"Oklahoma City","state":"Oklahoma","state_ab":"OK","county":"Oklahoma","geo_location":{ "type": "Point", "coordinates": [-97.5583, 35.6174] }},
{"zip_code":"73147","country":"US","city":"Oklahoma City","state":"Oklahoma","state_ab":"OK","county":"Oklahoma","geo_location":{ "type": "Point", "coordinates": [-97.4075, 35.5514] }},
{"zip_code":"74421","country":"US","city":"Beggs","state":"Oklahoma","state_ab":"OK","county":"Okmulgee","geo_location":{ "type": "Point", "coordinates": [-96.0264, 35.7896] }},
{"zip_code":"74447","country":"US","city":"Okmulgee","state":"Oklahoma","state_ab":"OK","county":"Okmulgee","geo_location":{ "type": "Point", "coordinates": [-95.9697, 35.6288] }},
{"zip_code":"74331","country":"US","city":"Afton","state":"Oklahoma","state_ab":"OK","county":"Ottawa","geo_location":{ "type": "Point", "coordinates": [-94.9432, 36.6296] }},
{"zip_code":"74034","country":"US","city":"Hallett","state":"Oklahoma","state_ab":"OK","county":"Pawnee","geo_location":{ "type": "Point", "coordinates": [-96.562, 36.2319] }},
{"zip_code":"74074","country":"US","city":"Stillwater","state":"Oklahoma","state_ab":"OK","county":"Payne","geo_location":{ "type": "Point", "coordinates": [-97.0609, 36.1043] }},
{"zip_code":"74821","country":"US","city":"Ada","state":"Oklahoma","state_ab":"OK","county":"Pontotoc","geo_location":{ "type": "Point", "coordinates": [-96.6693, 34.7353] }},
{"zip_code":"73534","country":"US","city":"Duncan","state":"Oklahoma","state_ab":"OK","county":"Stephens","geo_location":{ "type": "Point", "coordinates": [-97.9733, 34.5189] }},
{"zip_code":"74021","country":"US","city":"Collinsville","state":"Oklahoma","state_ab":"OK","county":"Tulsa","geo_location":{ "type": "Point", "coordinates": [-95.8469, 36.3701] }},
{"zip_code":"74137","country":"US","city":"Tulsa","state":"Oklahoma","state_ab":"OK","county":"Tulsa","geo_location":{ "type": "Point", "coordinates": [-95.9306, 36.0284] }},
{"zip_code":"74061","country":"US","city":"Ramona","state":"Oklahoma","state_ab":"OK","county":"Washington","geo_location":{ "type": "Point", "coordinates": [-95.8962, 36.5752] }},
{"zip_code":"73624","country":"US","city":"Burns Flat","state":"Oklahoma","state_ab":"OK","county":"Washita","geo_location":{ "type": "Point", "coordinates": [-99.188, 35.3492] }},
{"zip_code":"73664","country":"US","city":"Sentinel","state":"Oklahoma","state_ab":"OK","county":"Washita","geo_location":{ "type": "Point", "coordinates": [-99.1706, 35.1617] }},
{"zip_code":"73857","country":"US","city":"Sharon","state":"Oklahoma","state_ab":"OK","county":"Woodward","geo_location":{ "type": "Point", "coordinates": [-99.3587, 36.2699] }},
{"zip_code":"97837","country":"US","city":"Hereford","state":"Oregon","state_ab":"OR","county":"Baker","geo_location":{ "type": "Point", "coordinates": [-118.0293, 44.5304] }},
{"zip_code":"97877","country":"US","city":"Sumpter","state":"Oregon","state_ab":"OR","county":"Baker","geo_location":{ "type": "Point", "coordinates": [-118.3394, 44.7926] }},
{"zip_code":"97011","country":"US","city":"Brightwood","state":"Oregon","state_ab":"OR","county":"Clackamas","geo_location":{ "type": "Point", "coordinates": [-122.0036, 45.3652] }},
{"zip_code":"97051","country":"US","city":"Saint Helens","state":"Oregon","state_ab":"OR","county":"Columbia","geo_location":{ "type": "Point", "coordinates": [-122.8282, 45.8608] }},
{"zip_code":"97064","country":"US","city":"Vernonia","state":"Oregon","state_ab":"OR","county":"Columbia","geo_location":{ "type": "Point", "coordinates": [-123.1967, 45.8573] }},
{"zip_code":"97411","country":"US","city":"Bandon","state":"Oregon","state_ab":"OR","county":"Coos","geo_location":{ "type": "Point", "coordinates": [-124.4037, 43.0968] }},
{"zip_code":"97464","country":"US","city":"Ophir","state":"Oregon","state_ab":"OR","county":"Curry","geo_location":{ "type": "Point", "coordinates": [-124.5106, 42.7399] }},
{"zip_code":"97491","country":"US","city":"Wedderburn","state":"Oregon","state_ab":"OR","county":"Curry","geo_location":{ "type": "Point", "coordinates": [-124.3886, 42.6093] }},
{"zip_code":"97707","country":"US","city":"Bend","state":"Oregon","state_ab":"OR","county":"Deschutes","geo_location":{ "type": "Point", "coordinates": [-121.5764, 43.8431] }},
{"zip_code":"97864","country":"US","city":"Monument","state":"Oregon","state_ab":"OR","county":"Grant","geo_location":{ "type": "Point", "coordinates": [-119.4192, 44.8189] }},
{"zip_code":"97721","country":"US","city":"Princeton","state":"Oregon","state_ab":"OR","county":"Harney","geo_location":{ "type": "Point", "coordinates": [-119.0696, 43.0198] }},
{"zip_code":"97501","country":"US","city":"Medford","state":"Oregon","state_ab":"OR","county":"Jackson","geo_location":{ "type": "Point", "coordinates": [-122.9054, 42.2818] }},
{"zip_code":"97541","country":"US","city":"Trail","state":"Oregon","state_ab":"OR","county":"Jackson","geo_location":{ "type": "Point", "coordinates": [-122.816, 42.6864] }},
{"zip_code":"97734","country":"US","city":"Culver","state":"Oregon","state_ab":"OR","county":"Jefferson","geo_location":{ "type": "Point", "coordinates": [-121.2344, 44.4818] }},
{"zip_code":"97761","country":"US","city":"Warm Springs","state":"Oregon","state_ab":"OR","county":"Jefferson","geo_location":{ "type": "Point", "coordinates": [-121.2909, 44.7468] }},
{"zip_code":"97527","country":"US","city":"Grants Pass","state":"Oregon","state_ab":"OR","county":"Josephine","geo_location":{ "type": "Point", "coordinates": [-123.3538, 42.3989] }},
{"zip_code":"97604","country":"US","city":"Crater Lake","state":"Oregon","state_ab":"OR","county":"Klamath","geo_location":{ "type": "Point", "coordinates": [-122.1769, 42.9465] }},
{"zip_code":"97424","country":"US","city":"Cottage Grove","state":"Oregon","state_ab":"OR","county":"Lane","geo_location":{ "type": "Point", "coordinates": [-123.0529, 43.7839] }},
{"zip_code":"97437","country":"US","city":"Elmira","state":"Oregon","state_ab":"OR","county":"Lane","geo_location":{ "type": "Point", "coordinates": [-123.3671, 44.0873] }},
{"zip_code":"97451","country":"US","city":"Lorane","state":"Oregon","state_ab":"OR","county":"Lane","geo_location":{ "type": "Point", "coordinates": [-123.2477, 43.829] }},
{"zip_code":"97477","country":"US","city":"Springfield","state":"Oregon","state_ab":"OR","county":"Lane","geo_location":{ "type": "Point", "coordinates": [-123.0153, 44.0611] }},
{"zip_code":"97321","country":"US","city":"Albany","state":"Oregon","state_ab":"OR","county":"Linn","geo_location":{ "type": "Point", "coordinates": [-123.1333, 44.652] }},
{"zip_code":"97374","country":"US","city":"Scio","state":"Oregon","state_ab":"OR","county":"Linn","geo_location":{ "type": "Point", "coordinates": [-122.7684, 44.7168] }},
{"zip_code":"97901","country":"US","city":"Adrian","state":"Oregon","state_ab":"OR","county":"Malheur","geo_location":{ "type": "Point", "coordinates": [-117.0602, 43.6537] }},
{"zip_code":"97914","country":"US","city":"Ontario","state":"Oregon","state_ab":"OR","county":"Malheur","geo_location":{ "type": "Point", "coordinates": [-116.9783, 44.0416] }},
{"zip_code":"97307","country":"US","city":"Keizer","state":"Oregon","state_ab":"OR","county":"Marion","geo_location":{ "type": "Point", "coordinates": [-122.457, 44.9845] }},
{"zip_code":"97024","country":"US","city":"Fairview","state":"Oregon","state_ab":"OR","county":"Multnomah","geo_location":{ "type": "Point", "coordinates": [-122.4414, 45.5473] }},
{"zip_code":"97204","country":"US","city":"Portland","state":"Oregon","state_ab":"OR","county":"Multnomah","geo_location":{ "type": "Point", "coordinates": [-122.6745, 45.5181] }},
{"zip_code":"97217","country":"US","city":"Portland","state":"Oregon","state_ab":"OR","county":"Multnomah","geo_location":{ "type": "Point", "coordinates": [-122.6842, 45.5742] }},
{"zip_code":"97231","country":"US","city":"Portland","state":"Oregon","state_ab":"OR","county":"Multnomah","geo_location":{ "type": "Point", "coordinates": [-122.838, 45.6401] }},
{"zip_code":"97271","country":"US","city":"Portland","state":"Oregon","state_ab":"OR","county":"Multnomah","geo_location":{ "type": "Point", "coordinates": [-122.3748, 45.5806] }},
{"zip_code":"97347","country":"US","city":"Grand Ronde","state":"Oregon","state_ab":"OR","county":"Polk","geo_location":{ "type": "Point", "coordinates": [-123.6335, 45.075] }},
{"zip_code":"97361","country":"US","city":"Monmouth","state":"Oregon","state_ab":"OR","county":"Polk","geo_location":{ "type": "Point", "coordinates": [-123.2512, 44.8377] }},
{"zip_code":"97141","country":"US","city":"Tillamook","state":"Oregon","state_ab":"OR","county":"Tillamook","geo_location":{ "type": "Point", "coordinates": [-123.8189, 45.4492] }},
{"zip_code":"97824","country":"US","city":"Cove","state":"Oregon","state_ab":"OR","county":"Union","geo_location":{ "type": "Point", "coordinates": [-117.8147, 45.3199] }},
{"zip_code":"97037","country":"US","city":"Maupin","state":"Oregon","state_ab":"OR","county":"Wasco","geo_location":{ "type": "Point", "coordinates": [-121.2282, 45.0742] }},
{"zip_code":"97077","country":"US","city":"Beaverton","state":"Oregon","state_ab":"OR","county":"Washington","geo_location":{ "type": "Point", "coordinates": [-123.1147, 45.5486] }},
{"zip_code":"97101","country":"US","city":"Amity","state":"Oregon","state_ab":"OR","county":"Yamhill","geo_location":{ "type": "Point", "coordinates": [-123.1744, 45.1157] }},
{"zip_code":"97114","country":"US","city":"Dayton","state":"Oregon","state_ab":"OR","county":"Yamhill","geo_location":{ "type": "Point", "coordinates": [-123.0753, 45.1977] }},
{"zip_code":"97127","country":"US","city":"Lafayette","state":"Oregon","state_ab":"OR","county":"Yamhill","geo_location":{ "type": "Point", "coordinates": [-123.1114, 45.2466] }},
{"zip_code":"17307","country":"US","city":"Biglerville","state":"Pennsylvania","state_ab":"PA","county":"Adams","geo_location":{ "type": "Point", "coordinates": [-77.2885, 39.9281] }},
{"zip_code":"15017","country":"US","city":"Bridgeville","state":"Pennsylvania","state_ab":"PA","county":"Allegheny","geo_location":{ "type": "Point", "coordinates": [-80.1153, 40.3472] }},
{"zip_code":"15031","country":"US","city":"Cuddy","state":"Pennsylvania","state_ab":"PA","county":"Allegheny","geo_location":{ "type": "Point", "coordinates": [-80.1669, 40.3547] }},
{"zip_code":"15044","country":"US","city":"Gibsonia","state":"Pennsylvania","state_ab":"PA","county":"Allegheny","geo_location":{ "type": "Point", "coordinates": [-79.9443, 40.6252] }},
{"zip_code":"15071","country":"US","city":"Oakdale","state":"Pennsylvania","state_ab":"PA","county":"Allegheny","geo_location":{ "type": "Point", "coordinates": [-80.1842, 40.4033] }},
{"zip_code":"15084","country":"US","city":"Tarentum","state":"Pennsylvania","state_ab":"PA","county":"Allegheny","geo_location":{ "type": "Point", "coordinates": [-79.7852, 40.6187] }},
{"zip_code":"15134","country":"US","city":"Mc Keesport","state":"Pennsylvania","state_ab":"PA","county":"Allegheny","geo_location":{ "type": "Point", "coordinates": [-80.0248, 40.4344] }},
{"zip_code":"15147","country":"US","city":"Verona","state":"Pennsylvania","state_ab":"PA","county":"Allegheny","geo_location":{ "type": "Point", "coordinates": [-79.8345, 40.4927] }},
{"zip_code":"15211","country":"US","city":"Pittsburgh","state":"Pennsylvania","state_ab":"PA","county":"Allegheny","geo_location":{ "type": "Point", "coordinates": [-80.0144, 40.4295] }},
{"zip_code":"15224","country":"US","city":"Pittsburgh","state":"Pennsylvania","state_ab":"PA","county":"Allegheny","geo_location":{ "type": "Point", "coordinates": [-79.9448, 40.4642] }},
{"zip_code":"15237","country":"US","city":"Pittsburgh","state":"Pennsylvania","state_ab":"PA","county":"Allegheny","geo_location":{ "type": "Point", "coordinates": [-80.0474, 40.5488] }},
{"zip_code":"15251","country":"US","city":"Pittsburgh","state":"Pennsylvania","state_ab":"PA","county":"Allegheny","geo_location":{ "type": "Point", "coordinates": [-80.0248, 40.4344] }},
{"zip_code":"15264","country":"US","city":"Pittsburgh","state":"Pennsylvania","state_ab":"PA","county":"Allegheny","geo_location":{ "type": "Point", "coordinates": [-80.0248, 40.4344] }},
{"zip_code":"15277","country":"US","city":"Pittsburgh","state":"Pennsylvania","state_ab":"PA","county":"Allegheny","geo_location":{ "type": "Point", "coordinates": [-80.0248, 40.4344] }},
{"zip_code":"64471","country":"US","city":"New Hampton","state":"Missouri","state_ab":"MO","county":"Harrison","geo_location":{ "type": "Point", "coordinates": [-94.1786, 40.2444] }},
{"zip_code":"65254","country":"US","city":"Glasgow","state":"Missouri","state_ab":"MO","county":"Howard","geo_location":{ "type": "Point", "coordinates": [-92.8318, 39.2257] }},
{"zip_code":"63621","country":"US","city":"Arcadia","state":"Missouri","state_ab":"MO","county":"Iron","geo_location":{ "type": "Point", "coordinates": [-90.6062, 37.4871] }},
{"zip_code":"64057","country":"US","city":"Independence","state":"Missouri","state_ab":"MO","county":"Jackson","geo_location":{ "type": "Point", "coordinates": [-94.3533, 39.0731] }},
{"zip_code":"64121","country":"US","city":"Kansas City","state":"Missouri","state_ab":"MO","county":"Jackson","geo_location":{ "type": "Point", "coordinates": [-94.3567, 39.035] }},
{"zip_code":"64134","country":"US","city":"Kansas City","state":"Missouri","state_ab":"MO","county":"Jackson","geo_location":{ "type": "Point", "coordinates": [-94.5009, 38.9296] }},
{"zip_code":"64147","country":"US","city":"Kansas City","state":"Missouri","state_ab":"MO","county":"Jackson","geo_location":{ "type": "Point", "coordinates": [-94.5568, 38.8549] }},
{"zip_code":"64187","country":"US","city":"Kansas City","state":"Missouri","state_ab":"MO","county":"Jackson","geo_location":{ "type": "Point", "coordinates": [-94.3567, 39.035] }},
{"zip_code":"64804","country":"US","city":"Joplin","state":"Missouri","state_ab":"MO","county":"Jasper","geo_location":{ "type": "Point", "coordinates": [-94.5103, 37.0465] }},
{"zip_code":"64857","country":"US","city":"Purcell","state":"Missouri","state_ab":"MO","county":"Jasper","geo_location":{ "type": "Point", "coordinates": [-94.3748, 37.2169] }},
{"zip_code":"63041","country":"US","city":"Grubville","state":"Missouri","state_ab":"MO","county":"Jefferson","geo_location":{ "type": "Point", "coordinates": [-90.7901, 38.251] }},
{"zip_code":"63531","country":"US","city":"Baring","state":"Missouri","state_ab":"MO","county":"Knox","geo_location":{ "type": "Point", "coordinates": [-92.2311, 40.2509] }},
{"zip_code":"64071","country":"US","city":"Mayview","state":"Missouri","state_ab":"MO","county":"Lafayette","geo_location":{ "type": "Point", "coordinates": [-93.8353, 39.0459] }},
{"zip_code":"64097","country":"US","city":"Wellington","state":"Missouri","state_ab":"MO","county":"Lafayette","geo_location":{ "type": "Point", "coordinates": [-93.9855, 39.1258] }},
{"zip_code":"65654","country":"US","city":"Freistatt","state":"Missouri","state_ab":"MO","county":"Lawrence","geo_location":{ "type": "Point", "coordinates": [-93.8974, 37.0211] }},
{"zip_code":"63377","country":"US","city":"Silex","state":"Missouri","state_ab":"MO","county":"Lincoln","geo_location":{ "type": "Point", "coordinates": [-91.037, 39.1166] }},
{"zip_code":"63557","country":"US","city":"New Boston","state":"Missouri","state_ab":"MO","county":"Linn","geo_location":{ "type": "Point", "coordinates": [-92.916, 39.9332] }},
{"zip_code":"64651","country":"US","city":"Laclede","state":"Missouri","state_ab":"MO","county":"Linn","geo_location":{ "type": "Point", "coordinates": [-93.168, 39.7837] }},
{"zip_code":"64677","country":"US","city":"Saint Catharine","state":"Missouri","state_ab":"MO","county":"Linn County","geo_location":{ "type": "Point", "coordinates": [-92.9932, 39.817] }},
{"zip_code":"64664","country":"US","city":"Mooresville","state":"Missouri","state_ab":"MO","county":"Livingston","geo_location":{ "type": "Point", "coordinates": [-93.7169, 39.7425] }},
{"zip_code":"64831","country":"US","city":"Anderson","state":"Missouri","state_ab":"MO","county":"McDonald","geo_location":{ "type": "Point", "coordinates": [-94.4766, 36.6692] }},
{"zip_code":"63401","country":"US","city":"Hannibal","state":"Missouri","state_ab":"MO","county":"Marion","geo_location":{ "type": "Point", "coordinates": [-91.3839, 39.7064] }},
{"zip_code":"63454","country":"US","city":"Maywood","state":"Missouri","state_ab":"MO","county":"Marion","geo_location":{ "type": "Point", "coordinates": [-91.6148, 39.9333] }},
{"zip_code":"65047","country":"US","city":"Kaiser","state":"Missouri","state_ab":"MO","county":"Miller","geo_location":{ "type": "Point", "coordinates": [-92.5799, 38.1637] }},
{"zip_code":"63881","country":"US","city":"Wolf Island","state":"Missouri","state_ab":"MO","county":"Mississippi","geo_location":{ "type": "Point", "coordinates": [-89.2063, 36.7795] }},
{"zip_code":"65034","country":"US","city":"Fortuna","state":"Missouri","state_ab":"MO","county":"Moniteau","geo_location":{ "type": "Point", "coordinates": [-92.7601, 38.5454] }},
{"zip_code":"63351","country":"US","city":"Jonesburg","state":"Missouri","state_ab":"MO","county":"Montgomery","geo_location":{ "type": "Point", "coordinates": [-91.3019, 38.8717] }},
{"zip_code":"63364","country":"US","city":"New Hartford","state":"Missouri","state_ab":"MO","county":"Montgomery County","geo_location":{ "type": "Point", "coordinates": [-91.3065, 39.1847] }},
{"zip_code":"63867","country":"US","city":"Matthews","state":"Missouri","state_ab":"MO","county":"New Madrid","geo_location":{ "type": "Point", "coordinates": [-89.6287, 36.7154] }},
{"zip_code":"64844","country":"US","city":"Granby","state":"Missouri","state_ab":"MO","county":"Newton","geo_location":{ "type": "Point", "coordinates": [-94.2643, 36.9066] }},
{"zip_code":"64431","country":"US","city":"Clearmont","state":"Missouri","state_ab":"MO","county":"Nodaway","geo_location":{ "type": "Point", "coordinates": [-95.0055, 40.5175] }},
{"zip_code":"64457","country":"US","city":"Guilford","state":"Missouri","state_ab":"MO","county":"Nodaway","geo_location":{ "type": "Point", "coordinates": [-94.6951, 40.1746] }},
{"zip_code":"65784","country":"US","city":"Zanoni","state":"Missouri","state_ab":"MO","county":"Ozark","geo_location":{ "type": "Point", "coordinates": [-92.4423, 36.6516] }},
{"zip_code":"63827","country":"US","city":"Bragg City","state":"Missouri","state_ab":"MO","county":"Pemiscot","geo_location":{ "type": "Point", "coordinates": [-89.8736, 36.2732] }},
{"zip_code":"63737","country":"US","city":"Brazeau","state":"Missouri","state_ab":"MO","county":"Perry","geo_location":{ "type": "Point", "coordinates": [-89.6529, 37.6633] }},
{"zip_code":"65461","country":"US","city":"Duke","state":"Missouri","state_ab":"MO","county":"Phelps","geo_location":{ "type": "Point", "coordinates": [-92.0064, 37.706] }},
{"zip_code":"63441","country":"US","city":"Frankford","state":"Missouri","state_ab":"MO","county":"Pike","geo_location":{ "type": "Point", "coordinates": [-91.3031, 39.4892] }},
{"zip_code":"64444","country":"US","city":"Edgerton","state":"Missouri","state_ab":"MO","county":"Platte","geo_location":{ "type": "Point", "coordinates": [-94.6352, 39.4742] }},
{"zip_code":"65601","country":"US","city":"Aldrich","state":"Missouri","state_ab":"MO","county":"Polk","geo_location":{ "type": "Point", "coordinates": [-93.5576, 37.5057] }},
{"zip_code":"63467","country":"US","city":"Saverton","state":"Missouri","state_ab":"MO","county":"Ralls","geo_location":{ "type": "Point", "coordinates": [-91.2705, 39.65] }},
{"zip_code":"64017","country":"US","city":"Camden","state":"Missouri","state_ab":"MO","county":"Ray","geo_location":{ "type": "Point", "coordinates": [-94.0259, 39.2048] }},
{"zip_code":"64084","country":"US","city":"Rayville","state":"Missouri","state_ab":"MO","county":"Ray","geo_location":{ "type": "Point", "coordinates": [-94.0284, 39.3853] }},
{"zip_code":"63931","country":"US","city":"Briar","state":"Missouri","state_ab":"MO","county":"Ripley","geo_location":{ "type": "Point", "coordinates": [-90.8508, 36.661] }},
{"zip_code":"64781","country":"US","city":"Roscoe","state":"Missouri","state_ab":"MO","county":"St. Clair","geo_location":{ "type": "Point", "coordinates": [-93.7815, 38.0241] }},
{"zip_code":"63661","country":"US","city":"New Offenburg","state":"Missouri","state_ab":"MO","county":"Ste. Genevieve","geo_location":{ "type": "Point", "coordinates": [-90.192, 37.8987] }},
{"zip_code":"63001","country":"US","city":"Allenton","state":"Missouri","state_ab":"MO","county":"St. Louis","geo_location":{ "type": "Point", "coordinates": [-90.4271, 38.6383] }},
{"zip_code":"63117","country":"US","city":"Saint Louis","state":"Missouri","state_ab":"MO","county":"St. Louis","geo_location":{ "type": "Point", "coordinates": [-90.3342, 38.6295] }},
{"zip_code":"63131","country":"US","city":"Saint Louis","state":"Missouri","state_ab":"MO","county":"St. Louis","geo_location":{ "type": "Point", "coordinates": [-90.4504, 38.6171] }},
{"zip_code":"63144","country":"US","city":"Saint Louis","state":"Missouri","state_ab":"MO","county":"St. Louis","geo_location":{ "type": "Point", "coordinates": [-90.3489, 38.6182] }},
{"zip_code":"65344","country":"US","city":"Miami","state":"Missouri","state_ab":"MO","county":"Saline","geo_location":{ "type": "Point", "coordinates": [-93.1968, 39.2821] }},
{"zip_code":"63801","country":"US","city":"Sikeston","state":"Missouri","state_ab":"MO","county":"Scott","geo_location":{ "type": "Point", "coordinates": [-89.582, 36.8911] }},
{"zip_code":"63841","country":"US","city":"Dexter","state":"Missouri","state_ab":"MO","county":"Stoddard","geo_location":{ "type": "Point", "coordinates": [-89.9639, 36.7885] }},
{"zip_code":"65681","country":"US","city":"Lampe","state":"Missouri","state_ab":"MO","county":"Stone","geo_location":{ "type": "Point", "coordinates": [-93.4516, 36.5767] }},
{"zip_code":"63544","country":"US","city":"Green Castle","state":"Missouri","state_ab":"MO","county":"Sullivan","geo_location":{ "type": "Point", "coordinates": [-92.878, 40.2703] }},
{"zip_code":"65614","country":"US","city":"Bradleyville","state":"Missouri","state_ab":"MO","county":"Taney","geo_location":{ "type": "Point", "coordinates": [-92.9151, 36.7659] }},
{"zip_code":"65627","country":"US","city":"Cedarcreek","state":"Missouri","state_ab":"MO","county":"Taney","geo_location":{ "type": "Point", "coordinates": [-93.0172, 36.571] }},
{"zip_code":"65731","country":"US","city":"Powersite","state":"Missouri","state_ab":"MO","county":"Taney","geo_location":{ "type": "Point", "coordinates": [-93.1243, 36.6578] }},
{"zip_code":"65744","country":"US","city":"Rueter","state":"Missouri","state_ab":"MO","county":"Taney","geo_location":{ "type": "Point", "coordinates": [-92.9188, 36.6314] }},
{"zip_code":"65771","country":"US","city":"Walnut Shade","state":"Missouri","state_ab":"MO","county":"Taney","geo_location":{ "type": "Point", "coordinates": [-93.2148, 36.7704] }},
{"zip_code":"65564","country":"US","city":"Solo","state":"Missouri","state_ab":"MO","county":"Texas","geo_location":{ "type": "Point", "coordinates": [-91.9624, 37.2428] }},
{"zip_code":"64741","country":"US","city":"Deerfield","state":"Missouri","state_ab":"MO","county":"Vernon","geo_location":{ "type": "Point", "coordinates": [-94.5608, 37.8197] }},
{"zip_code":"64767","country":"US","city":"Milo","state":"Missouri","state_ab":"MO","county":"Vernon","geo_location":{ "type": "Point", "coordinates": [-94.3046, 37.7446] }},
{"zip_code":"63674","country":"US","city":"Tiff","state":"Missouri","state_ab":"MO","county":"Washington","geo_location":{ "type": "Point", "coordinates": [-90.87, 37.9704] }},
{"zip_code":"63944","country":"US","city":"Greenville","state":"Missouri","state_ab":"MO","county":"Wayne","geo_location":{ "type": "Point", "coordinates": [-90.4514, 37.1108] }},
{"zip_code":"63957","country":"US","city":"Piedmont","state":"Missouri","state_ab":"MO","county":"Wayne","geo_location":{ "type": "Point", "coordinates": [-90.699, 37.1573] }},
{"zip_code":"65667","country":"US","city":"Hartville","state":"Missouri","state_ab":"MO","county":"Wright","geo_location":{ "type": "Point", "coordinates": [-92.5181, 37.2735] }},
{"zip_code":"65704","country":"US","city":"Mansfield","state":"Missouri","state_ab":"MO","county":"Wright","geo_location":{ "type": "Point", "coordinates": [-92.5936, 37.1273] }},
{"zip_code":"65717","country":"US","city":"Norwood","state":"Missouri","state_ab":"MO","county":"Wright","geo_location":{ "type": "Point", "coordinates": [-92.4082, 37.0687] }},
{"zip_code":"63104","country":"US","city":"Saint Louis","state":"Missouri","state_ab":"MO","county":"St. Louis (city)","geo_location":{ "type": "Point", "coordinates": [-90.2185, 38.6128] }},
{"zip_code":"63157","country":"US","city":"Saint Louis","state":"Missouri","state_ab":"MO","county":"St. Louis (city)","geo_location":{ "type": "Point", "coordinates": [-90.2435, 38.6531] }},
{"zip_code":"63171","country":"US","city":"Saint Louis","state":"Missouri","state_ab":"MO","county":"St. Louis (city)","geo_location":{ "type": "Point", "coordinates": [-90.2435, 38.6531] }},
{"zip_code":"63197","country":"US","city":"Saint Louis","state":"Missouri","state_ab":"MO","county":"St. Louis (city)","geo_location":{ "type": "Point", "coordinates": [-90.2435, 38.6531] }},
{"zip_code":"96951","country":"US","city":"Rota","state":"","state_ab":"MP","county":"Sterling","geo_location":{ "type": "Point", "coordinates": [-101.0372, 31.8243] }},
{"zip_code":"38834","country":"US","city":"Corinth","state":"Mississippi","state_ab":"MS","county":"Alcorn","geo_location":{ "type": "Point", "coordinates": [-88.5916, 34.8759] }},
{"zip_code":"38951","country":"US","city":"Pittsboro","state":"Mississippi","state_ab":"MS","county":"Calhoun","geo_location":{ "type": "Point", "coordinates": [-89.3376, 33.9443] }},
{"zip_code":"39347","country":"US","city":"Pachuta","state":"Mississippi","state_ab":"MS","county":"Clarke","geo_location":{ "type": "Point", "coordinates": [-88.8851, 32.0217] }},
{"zip_code":"38614","country":"US","city":"Clarksdale","state":"Mississippi","state_ab":"MS","county":"Coahoma","geo_location":{ "type": "Point", "coordinates": [-90.6348, 34.256] }},
{"zip_code":"39077","country":"US","city":"Gallman","state":"Mississippi","state_ab":"MS","county":"Copiah","geo_location":{ "type": "Point", "coordinates": [-90.3926, 31.9288] }},
{"zip_code":"38641","country":"US","city":"Lake Cormorant","state":"Mississippi","state_ab":"MS","county":"DeSoto","geo_location":{ "type": "Point", "coordinates": [-90.1608, 34.8937] }},
{"zip_code":"38654","country":"US","city":"Olive Branch","state":"Mississippi","state_ab":"MS","county":"DeSoto","geo_location":{ "type": "Point", "coordinates": [-89.8544, 34.9441] }},
{"zip_code":"39451","country":"US","city":"Leakesville","state":"Mississippi","state_ab":"MS","county":"Greene","geo_location":{ "type": "Point", "coordinates": [-88.5595, 31.1238] }},
{"zip_code":"39501","country":"US","city":"Gulfport","state":"Mississippi","state_ab":"MS","county":"Harrison","geo_location":{ "type": "Point", "coordinates": [-89.0976, 30.3826] }},
{"zip_code":"39154","country":"US","city":"Raymond","state":"Mississippi","state_ab":"MS","county":"Hinds","geo_location":{ "type": "Point", "coordinates": [-90.4753, 32.1961] }},
{"zip_code":"70357","country":"US","city":"Golden Meadow","state":"Louisiana","state_ab":"LA","county":"Lafourche","geo_location":{ "type": "Point", "coordinates": [-90.2639, 29.3821] }},
{"zip_code":"70371","country":"US","city":"Kraemer","state":"Louisiana","state_ab":"LA","county":"Lafourche","geo_location":{ "type": "Point", "coordinates": [-90.5962, 29.8652] }},
{"zip_code":"70744","country":"US","city":"Holden","state":"Louisiana","state_ab":"LA","county":"Livingston","geo_location":{ "type": "Point", "coordinates": [-90.6652, 30.5556] }},
{"zip_code":"71284","country":"US","city":"Tallulah","state":"Louisiana","state_ab":"LA","county":"Madison","geo_location":{ "type": "Point", "coordinates": [-91.2165, 32.3416] }},
{"zip_code":"71411","country":"US","city":"Campti","state":"Louisiana","state_ab":"LA","county":"Natchitoches","geo_location":{ "type": "Point", "coordinates": [-93.0936, 31.8959] }},
{"zip_code":"71451","country":"US","city":"Melder","state":"Louisiana","state_ab":"LA","county":"Natchitoches Parish","geo_location":{ "type": "Point", "coordinates": [-92.6496, 31.1158] }},
{"zip_code":"70124","country":"US","city":"New Orleans","state":"Louisiana","state_ab":"LA","county":"Orleans","geo_location":{ "type": "Point", "coordinates": [-90.1094, 30.0071] }},
{"zip_code":"70151","country":"US","city":"New Orleans","state":"Louisiana","state_ab":"LA","county":"Orleans","geo_location":{ "type": "Point", "coordinates": [-89.8826, 30.033] }},
{"zip_code":"70164","country":"US","city":"New Orleans","state":"Louisiana","state_ab":"LA","county":"Orleans","geo_location":{ "type": "Point", "coordinates": [-89.8826, 30.033] }},
{"zip_code":"70177","country":"US","city":"New Orleans","state":"Louisiana","state_ab":"LA","county":"Orleans","geo_location":{ "type": "Point", "coordinates": [-89.8826, 30.033] }},
{"zip_code":"71217","country":"US","city":"Monroe","state":"Louisiana","state_ab":"LA","county":"Ouachita Parish","geo_location":{ "type": "Point", "coordinates": [-92.0849, 32.5116] }},
{"zip_code":"70717","country":"US","city":"Blanks","state":"Louisiana","state_ab":"LA","county":"Pointe Coupee","geo_location":{ "type": "Point", "coordinates": [-91.58, 30.5439] }},
{"zip_code":"71307","country":"US","city":"Alexandria","state":"Louisiana","state_ab":"LA","county":"Rapides","geo_location":{ "type": "Point", "coordinates": [-92.5269, 31.2034] }},
{"zip_code":"71361","country":"US","city":"Pineville","state":"Louisiana","state_ab":"LA","county":"Rapides","geo_location":{ "type": "Point", "coordinates": [-92.4198, 31.3692] }},
{"zip_code":"71424","country":"US","city":"Elmer","state":"Louisiana","state_ab":"LA","county":"Rapides","geo_location":{ "type": "Point", "coordinates": [-92.7171, 31.1465] }},
{"zip_code":"71477","country":"US","city":"Tioga","state":"Louisiana","state_ab":"LA","county":"Rapides","geo_location":{ "type": "Point", "coordinates": [-92.6042, 31.3999] }},
{"zip_code":"70047","country":"US","city":"Destrehan","state":"Louisiana","state_ab":"LA","county":"St. Charles","geo_location":{ "type": "Point", "coordinates": [-90.3682, 29.9642] }},
{"zip_code":"70087","country":"US","city":"Saint Rose","state":"Louisiana","state_ab":"LA","county":"St. Charles","geo_location":{ "type": "Point", "coordinates": [-90.3124, 29.9581] }},
{"zip_code":"70551","country":"US","city":"Leonville","state":"Louisiana","state_ab":"LA","county":"St. Landry","geo_location":{ "type": "Point", "coordinates": [-91.9737, 30.4752] }},
{"zip_code":"70577","country":"US","city":"Port Barre","state":"Louisiana","state_ab":"LA","county":"St. Landry","geo_location":{ "type": "Point", "coordinates": [-91.9286, 30.5478] }},
{"zip_code":"70434","country":"US","city":"Covington","state":"Louisiana","state_ab":"LA","county":"St. Tammany","geo_location":{ "type": "Point", "coordinates": [-90.1257, 30.4928] }},
{"zip_code":"70447","country":"US","city":"Madisonville","state":"Louisiana","state_ab":"LA","county":"St. Tammany","geo_location":{ "type": "Point", "coordinates": [-90.1773, 30.4287] }},
{"zip_code":"70461","country":"US","city":"Slidell","state":"Louisiana","state_ab":"LA","county":"St. Tammany","geo_location":{ "type": "Point", "coordinates": [-89.729, 30.2726] }},
{"zip_code":"70421","country":"US","city":"Akers","state":"Louisiana","state_ab":"LA","county":"Tangipahoa","geo_location":{ "type": "Point", "coordinates": [-90.4053, 30.6124] }},
{"zip_code":"70344","country":"US","city":"Chauvin","state":"Louisiana","state_ab":"LA","county":"Terrebonne","geo_location":{ "type": "Point", "coordinates": [-90.598, 29.4634] }},
{"zip_code":"70397","country":"US","city":"Theriot","state":"Louisiana","state_ab":"LA","county":"Terrebonne","geo_location":{ "type": "Point", "coordinates": [-90.7651, 29.4516] }},
{"zip_code":"70511","country":"US","city":"Abbeville","state":"Louisiana","state_ab":"LA","county":"Vermilion","geo_location":{ "type": "Point", "coordinates": [-92.1767, 30.0324] }},
{"zip_code":"71024","country":"US","city":"Dubberly","state":"Louisiana","state_ab":"LA","county":"Webster","geo_location":{ "type": "Point", "coordinates": [-93.2142, 32.5192] }},
{"zip_code":"70784","country":"US","city":"Wakefield","state":"Louisiana","state_ab":"LA","county":"West Feliciana","geo_location":{ "type": "Point", "coordinates": [-91.3581, 30.9175] }},
{"zip_code":"2534","country":"US","city":"Cataumet","state":"Massachusetts","state_ab":"MA","county":"Barnstable","geo_location":{ "type": "Point", "coordinates": [-70.6234, 41.6694] }},
{"zip_code":"2561","country":"US","city":"Sagamore","state":"Massachusetts","state_ab":"MA","county":"Barnstable","geo_location":{ "type": "Point", "coordinates": [-70.5337, 41.7703] }},
{"zip_code":"2574","country":"US","city":"West Falmouth","state":"Massachusetts","state_ab":"MA","county":"Barnstable","geo_location":{ "type": "Point", "coordinates": [-70.6382, 41.6039] }},
{"zip_code":"2637","country":"US","city":"Cummaquid","state":"Massachusetts","state_ab":"MA","county":"Barnstable","geo_location":{ "type": "Point", "coordinates": [-70.2772, 41.7014] }},
{"zip_code":"2651","country":"US","city":"North Eastham","state":"Massachusetts","state_ab":"MA","county":"Barnstable","geo_location":{ "type": "Point", "coordinates": [-69.9818, 41.8243] }},
{"zip_code":"2664","country":"US","city":"South Yarmouth","state":"Massachusetts","state_ab":"MA","county":"Barnstable","geo_location":{ "type": "Point", "coordinates": [-70.1949, 41.6739] }},
{"zip_code":"1247","country":"US","city":"North Adams","state":"Massachusetts","state_ab":"MA","county":"Berkshire","geo_location":{ "type": "Point", "coordinates": [-73.08, 42.6955] }},
{"zip_code":"2031","country":"US","city":"East Mansfield","state":"Massachusetts","state_ab":"MA","county":"Bristol","geo_location":{ "type": "Point", "coordinates": [-71.2009, 41.9988] }},
{"zip_code":"2714","country":"US","city":"Dartmouth","state":"Massachusetts","state_ab":"MA","county":"Bristol","geo_location":{ "type": "Point", "coordinates": [-71.0671, 41.7562] }},
{"zip_code":"2741","country":"US","city":"New Bedford","state":"Massachusetts","state_ab":"MA","county":"Bristol","geo_location":{ "type": "Point", "coordinates": [-71.0671, 41.7562] }},
{"zip_code":"2754","country":"US","city":"North Dighton","state":"Massachusetts","state_ab":"MA","county":"Bristol County","geo_location":{ "type": "Point", "coordinates": [-71.123, 41.8644] }},
{"zip_code":"2767","country":"US","city":"Raynham","state":"Massachusetts","state_ab":"MA","county":"Bristol","geo_location":{ "type": "Point", "coordinates": [-71.0469, 41.9324] }},
{"zip_code":"1841","country":"US","city":"Lawrence","state":"Massachusetts","state_ab":"MA","county":"Essex","geo_location":{ "type": "Point", "coordinates": [-71.167, 42.7115] }},
{"zip_code":"1904","country":"US","city":"Lynn","state":"Massachusetts","state_ab":"MA","county":"Essex","geo_location":{ "type": "Point", "coordinates": [-70.9647, 42.4889] }},
{"zip_code":"1931","country":"US","city":"Gloucester","state":"Massachusetts","state_ab":"MA","county":"Essex","geo_location":{ "type": "Point", "coordinates": [-70.8791, 42.6354] }},
{"zip_code":"1944","country":"US","city":"Manchester","state":"Massachusetts","state_ab":"MA","county":"Essex","geo_location":{ "type": "Point", "coordinates": [-70.7674, 42.5796] }},
{"zip_code":"1971","country":"US","city":"Salem","state":"Massachusetts","state_ab":"MA","county":"Essex","geo_location":{ "type": "Point", "coordinates": [-70.8791, 42.6354] }},
{"zip_code":"1984","country":"US","city":"Wenham","state":"Massachusetts","state_ab":"MA","county":"Essex","geo_location":{ "type": "Point", "coordinates": [-70.8786, 42.6017] }},
{"zip_code":"5544","country":"US","city":"Andover","state":"Massachusetts","state_ab":"MA","county":"Essex","geo_location":{ "type": "Point", "coordinates": [-71.1842, 42.6472] }},
{"zip_code":"1054","country":"US","city":"Leverett","state":"Massachusetts","state_ab":"MA","county":"Franklin","geo_location":{ "type": "Point", "coordinates": [-72.4993, 42.4682] }},
{"zip_code":"1337","country":"US","city":"Bernardston","state":"Massachusetts","state_ab":"MA","county":"Franklin","geo_location":{ "type": "Point", "coordinates": [-72.5772, 42.6952] }},
{"zip_code":"1351","country":"US","city":"Montague","state":"Massachusetts","state_ab":"MA","county":"Franklin","geo_location":{ "type": "Point", "coordinates": [-72.5328, 42.5429] }},
{"zip_code":"1364","country":"US","city":"Orange","state":"Massachusetts","state_ab":"MA","county":"Franklin","geo_location":{ "type": "Point", "coordinates": [-72.2924, 42.6129] }},
{"zip_code":"1001","country":"US","city":"Agawam","state":"Massachusetts","state_ab":"MA","county":"Hampden","geo_location":{ "type": "Point", "coordinates": [-72.6227, 42.0702] }},
{"zip_code":"1014","country":"US","city":"Chicopee","state":"Massachusetts","state_ab":"MA","county":"Hampden","geo_location":{ "type": "Point", "coordinates": [-72.6048, 42.1707] }},
{"zip_code":"1041","country":"US","city":"Holyoke","state":"Massachusetts","state_ab":"MA","county":"Hampden","geo_location":{ "type": "Point", "coordinates": [-72.6048, 42.1707] }},
{"zip_code":"1081","country":"US","city":"Wales","state":"Massachusetts","state_ab":"MA","county":"Hampden","geo_location":{ "type": "Point", "coordinates": [-72.2046, 42.0627] }},
{"zip_code":"1104","country":"US","city":"Springfield","state":"Massachusetts","state_ab":"MA","county":"Hampden","geo_location":{ "type": "Point", "coordinates": [-72.5778, 42.1288] }},
{"zip_code":"1144","country":"US","city":"Springfield","state":"Massachusetts","state_ab":"MA","county":"Hampden","geo_location":{ "type": "Point", "coordinates": [-72.5915, 42.1018] }},
{"zip_code":"1027","country":"US","city":"Easthampton","state":"Massachusetts","state_ab":"MA","county":"Hampshire","geo_location":{ "type": "Point", "coordinates": [-72.7688, 42.3683] }},
{"zip_code":"1801","country":"US","city":"Woburn","state":"Massachusetts","state_ab":"MA","county":"Middlesex","geo_location":{ "type": "Point", "coordinates": [-71.1574, 42.4829] }},
{"zip_code":"1814","country":"US","city":"Reading","state":"Massachusetts","state_ab":"MA","county":"Middlesex County","geo_location":{ "type": "Point", "coordinates": [-71.1263, 42.506] }},
{"zip_code":"1827","country":"US","city":"Dunstable","state":"Massachusetts","state_ab":"MA","county":"Middlesex","geo_location":{ "type": "Point", "coordinates": [-71.4952, 42.6739] }},
{"zip_code":"1854","country":"US","city":"Lowell","state":"Massachusetts","state_ab":"MA","county":"Middlesex","geo_location":{ "type": "Point", "coordinates": [-71.3355, 42.6493] }},
{"zip_code":"1867","country":"US","city":"Reading","state":"Massachusetts","state_ab":"MA","county":"Middlesex","geo_location":{ "type": "Point", "coordinates": [-71.109, 42.528] }},
{"zip_code":"2161","country":"US","city":"Newton","state":"Massachusetts","state_ab":"MA","county":"Middlesex","geo_location":{ "type": "Point", "coordinates": [-71.4594, 42.4464] }},
{"zip_code":"2174","country":"US","city":"Arlington","state":"Massachusetts","state_ab":"MA","county":"Middlesex","geo_location":{ "type": "Point", "coordinates": [-71.1671, 42.4177] }},
{"zip_code":"2277","country":"US","city":"Watertown","state":"Massachusetts","state_ab":"MA","county":"Middlesex","geo_location":{ "type": "Point", "coordinates": [-71.4594, 42.4464] }},
{"zip_code":"2471","country":"US","city":"Watertown","state":"Massachusetts","state_ab":"MA","county":"Middlesex","geo_location":{ "type": "Point", "coordinates": [-71.4594, 42.4464] }},
{"zip_code":"2071","country":"US","city":"South Walpole","state":"Massachusetts","state_ab":"MA","county":"Norfolk","geo_location":{ "type": "Point", "coordinates": [-71.2752, 42.0992] }},
{"zip_code":"2147","country":"US","city":"Brookline Village","state":"Massachusetts","state_ab":"MA","county":"Norfolk","geo_location":{ "type": "Point", "coordinates": [-71.0892, 42.18] }},
{"zip_code":"2187","country":"US","city":"Milton Village","state":"Massachusetts","state_ab":"MA","county":"Norfolk","geo_location":{ "type": "Point", "coordinates": [-71.0892, 42.18] }},
{"zip_code":"2457","country":"US","city":"Babson Park","state":"Massachusetts","state_ab":"MA","county":"Norfolk","geo_location":{ "type": "Point", "coordinates": [-71.0892, 42.18] }},
{"zip_code":"2044","country":"US","city":"Hingham","state":"Massachusetts","state_ab":"MA","county":"Plymouth","geo_location":{ "type": "Point", "coordinates": [-70.7014, 41.9705] }},
{"zip_code":"2301","country":"US","city":"Brockton","state":"Massachusetts","state_ab":"MA","county":"Plymouth","geo_location":{ "type": "Point", "coordinates": [-71.04, 42.0794] }},
{"zip_code":"2327","country":"US","city":"Bryantville","state":"Massachusetts","state_ab":"MA","county":"Plymouth","geo_location":{ "type": "Point", "coordinates": [-70.8272, 42.0407] }},
{"zip_code":"2341","country":"US","city":"Hanson","state":"Massachusetts","state_ab":"MA","county":"Plymouth","geo_location":{ "type": "Point", "coordinates": [-70.8651, 42.0616] }},
{"zip_code":"2367","country":"US","city":"Plympton","state":"Massachusetts","state_ab":"MA","county":"Plymouth","geo_location":{ "type": "Point", "coordinates": [-70.8046, 41.9655] }},
{"zip_code":"2381","country":"US","city":"White Horse Beach","state":"Massachusetts","state_ab":"MA","county":"Plymouth","geo_location":{ "type": "Point", "coordinates": [-70.5611, 41.9316] }},
{"zip_code":"2404","country":"US","city":"Brockton","state":"Massachusetts","state_ab":"MA","county":"Plymouth","geo_location":{ "type": "Point", "coordinates": [-70.7014, 41.9705] }},
{"zip_code":"2107","country":"US","city":"Boston","state":"Massachusetts","state_ab":"MA","county":"Suffolk","geo_location":{ "type": "Point", "coordinates": [-70.9196, 42.3389] }},
{"zip_code":"16201","country":"US","city":"Kittanning","state":"Pennsylvania","state_ab":"PA","county":"Armstrong","geo_location":{ "type": "Point", "coordinates": [-79.5107, 40.8155] }},
{"zip_code":"15521","country":"US","city":"Alum Bank","state":"Pennsylvania","state_ab":"PA","county":"Bedford","geo_location":{ "type": "Point", "coordinates": [-78.6206, 40.1858] }},
{"zip_code":"15534","country":"US","city":"Buffalo Mills","state":"Pennsylvania","state_ab":"PA","county":"Bedford","geo_location":{ "type": "Point", "coordinates": [-78.6996, 39.922] }},
{"zip_code":"16614","country":"US","city":"Bakers Summit","state":"Pennsylvania","state_ab":"PA","county":"Bedford","geo_location":{ "type": "Point", "coordinates": [-78.4214, 40.2623] }},
{"zip_code":"16667","country":"US","city":"Osterburg","state":"Pennsylvania","state_ab":"PA","county":"Bedford","geo_location":{ "type": "Point", "coordinates": [-78.4934, 40.1818] }},
{"zip_code":"16694","country":"US","city":"Wood","state":"Pennsylvania","state_ab":"PA","county":"Bedford","geo_location":{ "type": "Point", "coordinates": [-78.1381, 40.166] }},
{"zip_code":"19507","country":"US","city":"Bethel","state":"Pennsylvania","state_ab":"PA","county":"Berks","geo_location":{ "type": "Point", "coordinates": [-76.2742, 40.4808] }},
{"zip_code":"19534","country":"US","city":"Lenhartsville","state":"Pennsylvania","state_ab":"PA","county":"Berks","geo_location":{ "type": "Point", "coordinates": [-75.865, 40.5736] }},
{"zip_code":"19547","country":"US","city":"Oley","state":"Pennsylvania","state_ab":"PA","county":"Berks","geo_location":{ "type": "Point", "coordinates": [-75.7706, 40.3833] }},
{"zip_code":"19611","country":"US","city":"Reading","state":"Pennsylvania","state_ab":"PA","county":"Berks","geo_location":{ "type": "Point", "coordinates": [-75.9442, 40.325] }},
{"zip_code":"16601","country":"US","city":"Altoona","state":"Pennsylvania","state_ab":"PA","county":"Blair","geo_location":{ "type": "Point", "coordinates": [-78.4089, 40.5209] }},
{"zip_code":"18814","country":"US","city":"Burlington","state":"Pennsylvania","state_ab":"PA","county":"Bradford","geo_location":{ "type": "Point", "coordinates": [-76.6056, 41.7817] }},
{"zip_code":"18854","country":"US","city":"Wysox","state":"Pennsylvania","state_ab":"PA","county":"Bradford","geo_location":{ "type": "Point", "coordinates": [-76.3834, 41.7826] }},
{"zip_code":"18081","country":"US","city":"Springtown","state":"Pennsylvania","state_ab":"PA","county":"Bucks","geo_location":{ "type": "Point", "coordinates": [-75.1028, 40.3286] }},
{"zip_code":"18917","country":"US","city":"Dublin","state":"Pennsylvania","state_ab":"PA","county":"Bucks","geo_location":{ "type": "Point", "coordinates": [-75.2045, 40.375] }},
{"zip_code":"18931","country":"US","city":"Lahaska","state":"Pennsylvania","state_ab":"PA","county":"Bucks","geo_location":{ "type": "Point", "coordinates": [-75.1028, 40.3286] }},
{"zip_code":"18944","country":"US","city":"Perkasie","state":"Pennsylvania","state_ab":"PA","county":"Bucks","geo_location":{ "type": "Point", "coordinates": [-75.2648, 40.3765] }},
{"zip_code":"19057","country":"US","city":"Levittown","state":"Pennsylvania","state_ab":"PA","county":"Bucks","geo_location":{ "type": "Point", "coordinates": [-74.8614, 40.1434] }},
{"zip_code":"16021","country":"US","city":"Branchton","state":"Pennsylvania","state_ab":"PA","county":"Butler","geo_location":{ "type": "Point", "coordinates": [-79.9276, 40.9211] }},
{"zip_code":"16034","country":"US","city":"Fenelton","state":"Pennsylvania","state_ab":"PA","county":"Butler","geo_location":{ "type": "Point", "coordinates": [-79.7372, 40.8555] }},
{"zip_code":"16061","country":"US","city":"West Sunbury","state":"Pennsylvania","state_ab":"PA","county":"Butler","geo_location":{ "type": "Point", "coordinates": [-79.8751, 41.0026] }},
{"zip_code":"15714","country":"US","city":"Barnesboro","state":"Pennsylvania","state_ab":"PA","county":"Cambria","geo_location":{ "type": "Point", "coordinates": [-78.7771, 40.6733] }},
{"zip_code":"15907","country":"US","city":"Johnstown","state":"Pennsylvania","state_ab":"PA","county":"Cambria","geo_location":{ "type": "Point", "coordinates": [-78.9151, 40.3254] }},
{"zip_code":"15921","country":"US","city":"Beaverdale","state":"Pennsylvania","state_ab":"PA","county":"Cambria","geo_location":{ "type": "Point", "coordinates": [-78.7009, 40.3173] }},
{"zip_code":"15934","country":"US","city":"Elton","state":"Pennsylvania","state_ab":"PA","county":"Cambria","geo_location":{ "type": "Point", "coordinates": [-78.8032, 40.2799] }},
{"zip_code":"15961","country":"US","city":"Vintondale","state":"Pennsylvania","state_ab":"PA","county":"Cambria","geo_location":{ "type": "Point", "coordinates": [-78.9427, 40.4939] }},
{"zip_code":"16641","country":"US","city":"Gallitzin","state":"Pennsylvania","state_ab":"PA","county":"Cambria","geo_location":{ "type": "Point", "coordinates": [-78.5762, 40.5076] }},
{"zip_code":"16874","country":"US","city":"Snow Shoe","state":"Pennsylvania","state_ab":"PA","county":"Centre","geo_location":{ "type": "Point", "coordinates": [-77.9523, 41.0376] }},
{"zip_code":"19301","country":"US","city":"Paoli","state":"Pennsylvania","state_ab":"PA","county":"Chester","geo_location":{ "type": "Point", "coordinates": [-75.4827, 40.0426] }},
{"zip_code":"19341","country":"US","city":"Exton","state":"Pennsylvania","state_ab":"PA","county":"Chester","geo_location":{ "type": "Point", "coordinates": [-75.6432, 40.0468] }},
{"zip_code":"19354","country":"US","city":"Lyndell","state":"Pennsylvania","state_ab":"PA","county":"Chester","geo_location":{ "type": "Point", "coordinates": [-75.7433, 40.0582] }},
{"zip_code":"19367","country":"US","city":"Pomeroy","state":"Pennsylvania","state_ab":"PA","county":"Chester","geo_location":{ "type": "Point", "coordinates": [-75.8958, 39.9706] }},
{"zip_code":"19381","country":"US","city":"West Chester","state":"Pennsylvania","state_ab":"PA","county":"Chester","geo_location":{ "type": "Point", "coordinates": [-75.7481, 39.9832] }},
{"zip_code":"19457","country":"US","city":"Parker Ford","state":"Pennsylvania","state_ab":"PA","county":"Chester","geo_location":{ "type": "Point", "coordinates": [-75.5984, 40.209] }},
{"zip_code":"16214","country":"US","city":"Clarion","state":"Pennsylvania","state_ab":"PA","county":"Clarion","geo_location":{ "type": "Point", "coordinates": [-79.3773, 41.2123] }},
{"zip_code":"16254","country":"US","city":"Shippenville","state":"Pennsylvania","state_ab":"PA","county":"Clarion","geo_location":{ "type": "Point", "coordinates": [-79.4332, 41.2475] }},
{"zip_code":"16331","country":"US","city":"Kossuth","state":"Pennsylvania","state_ab":"PA","county":"Clarion","geo_location":{ "type": "Point", "coordinates": [-79.5655, 41.2926] }},
{"zip_code":"16627","country":"US","city":"Coalport","state":"Pennsylvania","state_ab":"PA","county":"Clearfield","geo_location":{ "type": "Point", "coordinates": [-78.5352, 40.7503] }},
{"zip_code":"16681","country":"US","city":"Smokerun","state":"Pennsylvania","state_ab":"PA","county":"Clearfield","geo_location":{ "type": "Point", "coordinates": [-78.4224, 40.9891] }},
{"zip_code":"16821","country":"US","city":"Allport","state":"Pennsylvania","state_ab":"PA","county":"Clearfield","geo_location":{ "type": "Point", "coordinates": [-78.4224, 40.9891] }},
{"zip_code":"16834","country":"US","city":"Drifting","state":"Pennsylvania","state_ab":"PA","county":"Clearfield","geo_location":{ "type": "Point", "coordinates": [-78.4224, 40.9891] }},
{"zip_code":"16847","country":"US","city":"Kylertown","state":"Pennsylvania","state_ab":"PA","county":"Clearfield","geo_location":{ "type": "Point", "coordinates": [-78.4224, 40.9891] }},
{"zip_code":"16861","country":"US","city":"New Millport","state":"Pennsylvania","state_ab":"PA","county":"Clearfield","geo_location":{ "type": "Point", "coordinates": [-78.5237, 40.8652] }},
{"zip_code":"17721","country":"US","city":"Avis","state":"Pennsylvania","state_ab":"PA","county":"Clinton","geo_location":{ "type": "Point", "coordinates": [-77.3162, 41.186] }},
{"zip_code":"17734","country":"US","city":"Farrandsville","state":"Pennsylvania","state_ab":"PA","county":"Clinton County","geo_location":{ "type": "Point", "coordinates": [-77.5126, 41.175] }},
{"zip_code":"17747","country":"US","city":"Loganton","state":"Pennsylvania","state_ab":"PA","county":"Clinton","geo_location":{ "type": "Point", "coordinates": [-77.3204, 41.0283] }},
{"zip_code":"17927","country":"US","city":"Centralia","state":"Pennsylvania","state_ab":"PA","county":"Columbia","geo_location":{ "type": "Point", "coordinates": [-76.3412, 40.8049] }},
{"zip_code":"16111","country":"US","city":"Atlantic","state":"Pennsylvania","state_ab":"PA","county":"Crawford","geo_location":{ "type": "Point", "coordinates": [-80.2863, 41.5333] }},
{"zip_code":"16434","country":"US","city":"Spartansburg","state":"Pennsylvania","state_ab":"PA","county":"Crawford","geo_location":{ "type": "Point", "coordinates": [-79.6849, 41.7936] }},
{"zip_code":"17011","country":"US","city":"Camp Hill","state":"Pennsylvania","state_ab":"PA","county":"Cumberland","geo_location":{ "type": "Point", "coordinates": [-76.9291, 40.2352] }},
{"zip_code":"17091","country":"US","city":"Camp Hill","state":"Pennsylvania","state_ab":"PA","county":"Cumberland","geo_location":{ "type": "Point", "coordinates": [-77.2428, 40.1367] }},
{"zip_code":"17257","country":"US","city":"Shippensburg","state":"Pennsylvania","state_ab":"PA","county":"Cumberland","geo_location":{ "type": "Point", "coordinates": [-77.5195, 40.0514] }},
{"zip_code":"17101","country":"US","city":"Harrisburg","state":"Pennsylvania","state_ab":"PA","county":"Dauphin","geo_location":{ "type": "Point", "coordinates": [-76.8831, 40.2618] }},
{"zip_code":"17127","country":"US","city":"Harrisburg","state":"Pennsylvania","state_ab":"PA","county":"Dauphin","geo_location":{ "type": "Point", "coordinates": [-76.8809, 40.2615] }},
{"zip_code":"19017","country":"US","city":"Chester Heights","state":"Pennsylvania","state_ab":"PA","county":"Delaware","geo_location":{ "type": "Point", "coordinates": [-75.4669, 39.8839] }},
{"zip_code":"15831","country":"US","city":"Dagus Mines","state":"Pennsylvania","state_ab":"PA","county":"Elk","geo_location":{ "type": "Point", "coordinates": [-78.6213, 41.3048] }},
{"zip_code":"15857","country":"US","city":"Saint Marys","state":"Pennsylvania","state_ab":"PA","county":"Elk","geo_location":{ "type": "Point", "coordinates": [-78.5505, 41.4289] }},
{"zip_code":"16407","country":"US","city":"Corry","state":"Pennsylvania","state_ab":"PA","county":"Erie","geo_location":{ "type": "Point", "coordinates": [-79.6567, 41.9226] }},
{"zip_code":"16421","country":"US","city":"Harborcreek","state":"Pennsylvania","state_ab":"PA","county":"Erie","geo_location":{ "type": "Point", "coordinates": [-79.9416, 42.1767] }},
{"zip_code":"16511","country":"US","city":"Erie","state":"Pennsylvania","state_ab":"PA","county":"Erie","geo_location":{ "type": "Point", "coordinates": [-80.0177, 42.1553] }},
{"zip_code":"15417","country":"US","city":"Brownsville","state":"Pennsylvania","state_ab":"PA","county":"Fayette","geo_location":{ "type": "Point", "coordinates": [-79.6905, 39.9216] }},
{"zip_code":"15431","country":"US","city":"Dunbar","state":"Pennsylvania","state_ab":"PA","county":"Fayette","geo_location":{ "type": "Point", "coordinates": [-79.6431, 39.9722] }},
{"zip_code":"15444","country":"US","city":"Hiller","state":"Pennsylvania","state_ab":"PA","county":"Fayette","geo_location":{ "type": "Point", "coordinates": [-79.9088, 40.012] }},
{"zip_code":"15484","country":"US","city":"Uledi","state":"Pennsylvania","state_ab":"PA","county":"Fayette","geo_location":{ "type": "Point", "coordinates": [-79.7856, 39.8936] }},
{"zip_code":"17217","country":"US","city":"Concord","state":"Pennsylvania","state_ab":"PA","county":"Franklin","geo_location":{ "type": "Point", "coordinates": [-77.725, 40.2252] }},
{"zip_code":"17231","country":"US","city":"Lemasters","state":"Pennsylvania","state_ab":"PA","county":"Franklin","geo_location":{ "type": "Point", "coordinates": [-77.8579, 39.8594] }},
{"zip_code":"17244","country":"US","city":"Orrstown","state":"Pennsylvania","state_ab":"PA","county":"Franklin","geo_location":{ "type": "Point", "coordinates": [-77.6398, 40.0731] }},
{"zip_code":"17271","country":"US","city":"Willow Hill","state":"Pennsylvania","state_ab":"PA","county":"Franklin","geo_location":{ "type": "Point", "coordinates": [-77.7969, 40.1137] }},
{"zip_code":"15327","country":"US","city":"Dilliner","state":"Pennsylvania","state_ab":"PA","county":"Greene","geo_location":{ "type": "Point", "coordinates": [-79.9771, 39.7555] }},
{"zip_code":"15341","country":"US","city":"Holbrook","state":"Pennsylvania","state_ab":"PA","county":"Greene","geo_location":{ "type": "Point", "coordinates": [-80.3385, 39.8489] }},
{"zip_code":"15354","country":"US","city":"Pine Bank","state":"Pennsylvania","state_ab":"PA","county":"Greene","geo_location":{ "type": "Point", "coordinates": [-80.2113, 39.8706] }},
{"zip_code":"16654","country":"US","city":"Huntingdon","state":"Pennsylvania","state_ab":"PA","county":"Huntingdon","geo_location":{ "type": "Point", "coordinates": [-77.967, 40.4025] }},
{"zip_code":"15701","country":"US","city":"Indiana","state":"Pennsylvania","state_ab":"PA","county":"Indiana","geo_location":{ "type": "Point", "coordinates": [-79.1596, 40.6196] }},
{"zip_code":"15727","country":"US","city":"Clune","state":"Pennsylvania","state_ab":"PA","county":"Indiana","geo_location":{ "type": "Point", "coordinates": [-79.3237, 40.5503] }},
{"zip_code":"15741","country":"US","city":"Gipsy","state":"Pennsylvania","state_ab":"PA","county":"Indiana","geo_location":{ "type": "Point", "coordinates": [-78.8586, 40.796] }},
{"zip_code":"15754","country":"US","city":"Lucernemines","state":"Pennsylvania","state_ab":"PA","county":"Indiana","geo_location":{ "type": "Point", "coordinates": [-79.1515, 40.5567] }},
{"zip_code":"15767","country":"US","city":"Punxsutawney","state":"Pennsylvania","state_ab":"PA","county":"Jefferson","geo_location":{ "type": "Point", "coordinates": [-78.9681, 40.9479] }},
{"zip_code":"15781","country":"US","city":"Walston","state":"Pennsylvania","state_ab":"PA","county":"Jefferson","geo_location":{ "type": "Point", "coordinates": [-78.9629, 41.1411] }},
{"zip_code":"18414","country":"US","city":"Dalton","state":"Pennsylvania","state_ab":"PA","county":"Lackawanna","geo_location":{ "type": "Point", "coordinates": [-75.7037, 41.5395] }},
{"zip_code":"18504","country":"US","city":"Scranton","state":"Pennsylvania","state_ab":"PA","county":"Lackawanna","geo_location":{ "type": "Point", "coordinates": [-75.6861, 41.4128] }},
{"zip_code":"18517","country":"US","city":"Taylor","state":"Pennsylvania","state_ab":"PA","county":"Lackawanna","geo_location":{ "type": "Point", "coordinates": [-75.7158, 41.3904] }},
{"zip_code":"17501","country":"US","city":"Akron","state":"Pennsylvania","state_ab":"PA","county":"Lancaster","geo_location":{ "type": "Point", "coordinates": [-76.2042, 40.1573] }},
{"zip_code":"17527","country":"US","city":"Gap","state":"Pennsylvania","state_ab":"PA","county":"Lancaster","geo_location":{ "type": "Point", "coordinates": [-75.9978, 40.002] }},
{"zip_code":"17554","country":"US","city":"Mountville","state":"Pennsylvania","state_ab":"PA","county":"Lancaster","geo_location":{ "type": "Point", "coordinates": [-76.4277, 40.0427] }},
{"zip_code":"17567","country":"US","city":"Reamstown","state":"Pennsylvania","state_ab":"PA","county":"Lancaster","geo_location":{ "type": "Point", "coordinates": [-76.1164, 40.2099] }},
{"zip_code":"17581","country":"US","city":"Terre Hill","state":"Pennsylvania","state_ab":"PA","county":"Lancaster","geo_location":{ "type": "Point", "coordinates": [-76.0511, 40.1585] }},
{"zip_code":"17604","country":"US","city":"Lancaster","state":"Pennsylvania","state_ab":"PA","county":"Lancaster","geo_location":{ "type": "Point", "coordinates": [-76.3356, 40.0651] }},
{"zip_code":"17064","country":"US","city":"Mount Gretna","state":"Pennsylvania","state_ab":"PA","county":"Lebanon","geo_location":{ "type": "Point", "coordinates": [-76.4615, 40.2546] }},
{"zip_code":"17077","country":"US","city":"Ono","state":"Pennsylvania","state_ab":"PA","county":"Lebanon","geo_location":{ "type": "Point", "coordinates": [-76.4148, 40.3754] }},
{"zip_code":"18104","country":"US","city":"Allentown","state":"Pennsylvania","state_ab":"PA","county":"Lehigh","geo_location":{ "type": "Point", "coordinates": [-75.5225, 40.6018] }},
{"zip_code":"18221","country":"US","city":"Drifton","state":"Pennsylvania","state_ab":"PA","county":"Luzerne","geo_location":{ "type": "Point", "coordinates": [-75.9057, 41.0016] }},
{"zip_code":"18234","country":"US","city":"Lattimer Mines","state":"Pennsylvania","state_ab":"PA","county":"Luzerne","geo_location":{ "type": "Point", "coordinates": [-75.9626, 40.9925] }},
{"zip_code":"18247","country":"US","city":"Saint Johns","state":"Pennsylvania","state_ab":"PA","county":"Luzerne","geo_location":{ "type": "Point", "coordinates": [-76.0584, 41.0148] }},
{"zip_code":"18621","country":"US","city":"Hunlock Creek","state":"Pennsylvania","state_ab":"PA","county":"Luzerne","geo_location":{ "type": "Point", "coordinates": [-76.0879, 41.2459] }},
{"zip_code":"18634","country":"US","city":"Nanticoke","state":"Pennsylvania","state_ab":"PA","county":"Luzerne","geo_location":{ "type": "Point", "coordinates": [-76.0044, 41.1963] }},
{"zip_code":"18661","country":"US","city":"White Haven","state":"Pennsylvania","state_ab":"PA","county":"Luzerne","geo_location":{ "type": "Point", "coordinates": [-75.7715, 41.079] }},
{"zip_code":"18711","country":"US","city":"Wilkes Barre","state":"Pennsylvania","state_ab":"PA","county":"Luzerne","geo_location":{ "type": "Point", "coordinates": [-75.8801, 41.2722] }},
{"zip_code":"18764","country":"US","city":"Wilkes Barre","state":"Pennsylvania","state_ab":"PA","county":"Luzerne","geo_location":{ "type": "Point", "coordinates": [-75.8801, 41.2722] }},
{"zip_code":"17774","country":"US","city":"Unityville","state":"Pennsylvania","state_ab":"PA","county":"Lycoming","geo_location":{ "type": "Point", "coordinates": [-76.5183, 41.2436] }},
{"zip_code":"16731","country":"US","city":"Eldred","state":"Pennsylvania","state_ab":"PA","county":"McKean","geo_location":{ "type": "Point", "coordinates": [-78.3884, 41.9489] }},
{"zip_code":"16744","country":"US","city":"Rew","state":"Pennsylvania","state_ab":"PA","county":"McKean","geo_location":{ "type": "Point", "coordinates": [-78.5572, 41.8783] }},
{"zip_code":"16124","country":"US","city":"Fredonia","state":"Pennsylvania","state_ab":"PA","county":"Mercer","geo_location":{ "type": "Point", "coordinates": [-80.2699, 41.3241] }},
{"zip_code":"16137","country":"US","city":"Mercer","state":"Pennsylvania","state_ab":"PA","county":"Mercer","geo_location":{ "type": "Point", "coordinates": [-80.234, 41.2325] }},
{"zip_code":"16151","country":"US","city":"Sheakleyville","state":"Pennsylvania","state_ab":"PA","county":"Mercer","geo_location":{ "type": "Point", "coordinates": [-80.2055, 41.4435] }},
{"zip_code":"17051","country":"US","city":"Mc Veytown","state":"Pennsylvania","state_ab":"PA","county":"Mifflin","geo_location":{ "type": "Point", "coordinates": [-77.7186, 40.5046] }},
{"zip_code":"18041","country":"US","city":"East Greenville","state":"Pennsylvania","state_ab":"PA","county":"Montgomery","geo_location":{ "type": "Point", "coordinates": [-75.5056, 40.4119] }},
{"zip_code":"18054","country":"US","city":"Green Lane","state":"Pennsylvania","state_ab":"PA","county":"Montgomery","geo_location":{ "type": "Point", "coordinates": [-75.4351, 40.3534] }},
{"zip_code":"18957","country":"US","city":"Salford","state":"Pennsylvania","state_ab":"PA","county":"Montgomery","geo_location":{ "type": "Point", "coordinates": [-75.4486, 40.3029] }},
{"zip_code":"18971","country":"US","city":"Tylersport","state":"Pennsylvania","state_ab":"PA","county":"Montgomery","geo_location":{ "type": "Point", "coordinates": [-75.377, 40.347] }},
{"zip_code":"19004","country":"US","city":"Bala Cynwyd","state":"Pennsylvania","state_ab":"PA","county":"Montgomery","geo_location":{ "type": "Point", "coordinates": [-75.2342, 40.0118] }},
{"zip_code":"19031","country":"US","city":"Flourtown","state":"Pennsylvania","state_ab":"PA","county":"Montgomery","geo_location":{ "type": "Point", "coordinates": [-75.2115, 40.1068] }},
{"zip_code":"19044","country":"US","city":"Horsham","state":"Pennsylvania","state_ab":"PA","county":"Montgomery","geo_location":{ "type": "Point", "coordinates": [-75.1479, 40.1821] }},
{"zip_code":"19404","country":"US","city":"Norristown","state":"Pennsylvania","state_ab":"PA","county":"Montgomery","geo_location":{ "type": "Point", "coordinates": [-75.3559, 40.2119] }},
{"zip_code":"19444","country":"US","city":"Lafayette Hill","state":"Pennsylvania","state_ab":"PA","county":"Montgomery","geo_location":{ "type": "Point", "coordinates": [-75.2601, 40.0896] }},
{"zip_code":"19484","country":"US","city":"Valley Forge","state":"Pennsylvania","state_ab":"PA","county":"Montgomery","geo_location":{ "type": "Point", "coordinates": [-75.3559, 40.2119] }},
{"zip_code":"18001","country":"US","city":"Lehigh Valley","state":"Pennsylvania","state_ab":"PA","county":"Northampton","geo_location":{ "type": "Point", "coordinates": [-75.4712, 40.6934] }},
{"zip_code":"18014","country":"US","city":"Bath","state":"Pennsylvania","state_ab":"PA","county":"Northampton","geo_location":{ "type": "Point", "coordinates": [-75.4086, 40.7551] }},
{"zip_code":"18067","country":"US","city":"Northampton","state":"Pennsylvania","state_ab":"PA","county":"Northampton","geo_location":{ "type": "Point", "coordinates": [-75.4874, 40.6998] }},
{"zip_code":"18351","country":"US","city":"Portland","state":"Pennsylvania","state_ab":"PA","county":"Northampton","geo_location":{ "type": "Point", "coordinates": [-75.097, 40.9214] }},
{"zip_code":"17824","country":"US","city":"Elysburg","state":"Pennsylvania","state_ab":"PA","county":"Northumberland","geo_location":{ "type": "Point", "coordinates": [-76.5569, 40.8639] }},
{"zip_code":"17851","country":"US","city":"Mount Carmel","state":"Pennsylvania","state_ab":"PA","county":"Northumberland","geo_location":{ "type": "Point", "coordinates": [-76.4195, 40.7955] }},
{"zip_code":"17877","country":"US","city":"Snydertown","state":"Pennsylvania","state_ab":"PA","county":"Northumberland","geo_location":{ "type": "Point", "coordinates": [-76.6673, 40.879] }},
{"zip_code":"17024","country":"US","city":"Elliottsburg","state":"Pennsylvania","state_ab":"PA","county":"Perry","geo_location":{ "type": "Point", "coordinates": [-77.3121, 40.4096] }},
{"zip_code":"17037","country":"US","city":"Ickesburg","state":"Pennsylvania","state_ab":"PA","county":"Perry","geo_location":{ "type": "Point", "coordinates": [-77.397, 40.4363] }},
{"zip_code":"19107","country":"US","city":"Philadelphia","state":"Pennsylvania","state_ab":"PA","county":"Philadelphia","geo_location":{ "type": "Point", "coordinates": [-75.1593, 39.9487] }},
{"zip_code":"19121","country":"US","city":"Philadelphia","state":"Pennsylvania","state_ab":"PA","county":"Philadelphia","geo_location":{ "type": "Point", "coordinates": [-75.174, 39.9811] }},
{"zip_code":"19134","country":"US","city":"Philadelphia","state":"Pennsylvania","state_ab":"PA","county":"Philadelphia","geo_location":{ "type": "Point", "coordinates": [-75.1133, 39.9925] }},
{"zip_code":"19147","country":"US","city":"Philadelphia","state":"Pennsylvania","state_ab":"PA","county":"Philadelphia","geo_location":{ "type": "Point", "coordinates": [-75.1563, 39.9362] }},
{"zip_code":"19161","country":"US","city":"Philadelphia","state":"Pennsylvania","state_ab":"PA","county":"Philadelphia","geo_location":{ "type": "Point", "coordinates": [-75.1179, 40.0018] }},
{"zip_code":"19187","country":"US","city":"Philadelphia","state":"Pennsylvania","state_ab":"PA","county":"Philadelphia","geo_location":{ "type": "Point", "coordinates": [-75.1179, 40.0018] }},
{"zip_code":"18324","country":"US","city":"Bushkill","state":"Pennsylvania","state_ab":"PA","county":"Pike","geo_location":{ "type": "Point", "coordinates": [-75.0132, 41.1285] }},
{"zip_code":"18337","country":"US","city":"Milford","state":"Pennsylvania","state_ab":"PA","county":"Pike","geo_location":{ "type": "Point", "coordinates": [-74.8824, 41.3228] }},
{"zip_code":"16937","country":"US","city":"Mills","state":"Pennsylvania","state_ab":"PA","county":"Potter","geo_location":{ "type": "Point", "coordinates": [-77.7111, 41.9656] }},
{"zip_code":"17901","country":"US","city":"Pottsville","state":"Pennsylvania","state_ab":"PA","county":"Schuylkill","geo_location":{ "type": "Point", "coordinates": [-76.2123, 40.684] }},
{"zip_code":"17941","country":"US","city":"Klingerstown","state":"Pennsylvania","state_ab":"PA","county":"Schuylkill","geo_location":{ "type": "Point", "coordinates": [-76.6507, 40.6676] }}]}