{"value": [{"zip_code":"36062","country":"US","city":"Petrey","state":"Alabama","state_ab":"AL","county":"Crenshaw","geo_location":{ "type": "Point", "coordinates": [-86.3239, 31.7459] }},
{"zip_code":"35058","country":"US","city":"Cullman","state":"Alabama","state_ab":"AL","county":"Cullman","geo_location":{ "type": "Point", "coordinates": [-86.752, 34.2098] }},
{"zip_code":"35098","country":"US","city":"Logan","state":"Alabama","state_ab":"AL","county":"Cullman","geo_location":{ "type": "Point", "coordinates": [-87.0266, 34.1377] }},
{"zip_code":"36758","country":"US","city":"Plantersville","state":"Alabama","state_ab":"AL","county":"Dallas","geo_location":{ "type": "Point", "coordinates": [-86.9475, 32.6176] }},
{"zip_code":"36785","country":"US","city":"Tyler","state":"Alabama","state_ab":"AL","county":"Dallas","geo_location":{ "type": "Point", "coordinates": [-86.8646, 32.3239] }},
{"zip_code":"35962","country":"US","city":"Crossville","state":"Alabama","state_ab":"AL","county":"DeKalb","geo_location":{ "type": "Point", "coordinates": [-86.0306, 34.2588] }},
{"zip_code":"35975","country":"US","city":"Groveoak","state":"Alabama","state_ab":"AL","county":"DeKalb","geo_location":{ "type": "Point", "coordinates": [-86.04, 34.4359] }},
{"zip_code":"35988","country":"US","city":"Sylvania","state":"Alabama","state_ab":"AL","county":"DeKalb","geo_location":{ "type": "Point", "coordinates": [-85.7921, 34.559] }},
{"zip_code":"36022","country":"US","city":"Deatsville","state":"Alabama","state_ab":"AL","county":"Elmore","geo_location":{ "type": "Point", "coordinates": [-86.3382, 32.6134] }},
{"zip_code":"36318","country":"US","city":"Coffee Springs","state":"Alabama","state_ab":"AL","county":"Geneva","geo_location":{ "type": "Point", "coordinates": [-85.9182, 31.1388] }},
{"zip_code":"36345","country":"US","city":"Headland","state":"Alabama","state_ab":"AL","county":"Henry","geo_location":{ "type": "Point", "coordinates": [-85.3323, 31.3534] }},
{"zip_code":"36305","country":"US","city":"Dothan","state":"Alabama","state_ab":"AL","county":"Houston","geo_location":{ "type": "Point", "coordinates": [-85.4828, 31.2197] }},
{"zip_code":"35755","country":"US","city":"Langston","state":"Alabama","state_ab":"AL","county":"Jackson","geo_location":{ "type": "Point", "coordinates": [-86.1353, 34.5001] }},
{"zip_code":"35768","country":"US","city":"Scottsboro","state":"Alabama","state_ab":"AL","county":"Jackson","geo_location":{ "type": "Point", "coordinates": [-86.1422, 34.7507] }},
{"zip_code":"35005","country":"US","city":"Adamsville","state":"Alabama","state_ab":"AL","county":"Jefferson","geo_location":{ "type": "Point", "coordinates": [-86.9597, 33.5884] }},
{"zip_code":"35212","country":"US","city":"Birmingham","state":"Alabama","state_ab":"AL","county":"Jefferson","geo_location":{ "type": "Point", "coordinates": [-86.7495, 33.5409] }},
{"zip_code":"35225","country":"US","city":"Birmingham","state":"Alabama","state_ab":"AL","county":"Jefferson","geo_location":{ "type": "Point", "coordinates": [-86.9292, 33.5446] }},
{"zip_code":"35238","country":"US","city":"Birmingham","state":"Alabama","state_ab":"AL","county":"Jefferson","geo_location":{ "type": "Point", "coordinates": [-86.9292, 33.5446] }},
{"zip_code":"35278","country":"US","city":"Birmingham","state":"Alabama","state_ab":"AL","county":"Jefferson","geo_location":{ "type": "Point", "coordinates": [-86.9292, 33.5446] }},
{"zip_code":"35292","country":"US","city":"Birmingham","state":"Alabama","state_ab":"AL","county":"Jefferson","geo_location":{ "type": "Point", "coordinates": [-86.9292, 33.5446] }},
{"zip_code":"35652","country":"US","city":"Rogersville","state":"Alabama","state_ab":"AL","county":"Lauderdale","geo_location":{ "type": "Point", "coordinates": [-87.3237, 34.8495] }},
{"zip_code":"35612","country":"US","city":"Athens","state":"Alabama","state_ab":"AL","county":"Limestone","geo_location":{ "type": "Point", "coordinates": [-87.0305, 34.7749] }},
{"zip_code":"35742","country":"US","city":"Capshaw","state":"Alabama","state_ab":"AL","county":"Limestone","geo_location":{ "type": "Point", "coordinates": [-87.0305, 34.7749] }},
{"zip_code":"36075","country":"US","city":"Shorter","state":"Alabama","state_ab":"AL","county":"Macon","geo_location":{ "type": "Point", "coordinates": [-85.9162, 32.3836] }},
{"zip_code":"36088","country":"US","city":"Tuskegee Institute","state":"Alabama","state_ab":"AL","county":"Macon","geo_location":{ "type": "Point", "coordinates": [-85.7253, 32.4145] }},
{"zip_code":"35805","country":"US","city":"Huntsville","state":"Alabama","state_ab":"AL","county":"Madison","geo_location":{ "type": "Point", "coordinates": [-86.6165, 34.7059] }},
{"zip_code":"35898","country":"US","city":"Huntsville","state":"Alabama","state_ab":"AL","county":"Madison","geo_location":{ "type": "Point", "coordinates": [-86.5229, 34.734] }},
{"zip_code":"36732","country":"US","city":"Demopolis","state":"Alabama","state_ab":"AL","county":"Marengo","geo_location":{ "type": "Point", "coordinates": [-87.8397, 32.4908] }},
{"zip_code":"36745","country":"US","city":"Jefferson","state":"Alabama","state_ab":"AL","county":"Marengo","geo_location":{ "type": "Point", "coordinates": [-87.8986, 32.414] }},
{"zip_code":"35548","country":"US","city":"Brilliant","state":"Alabama","state_ab":"AL","county":"Marion","geo_location":{ "type": "Point", "coordinates": [-87.7563, 34.0377] }},
{"zip_code":"35175","country":"US","city":"Union Grove","state":"Alabama","state_ab":"AL","county":"Marshall","geo_location":{ "type": "Point", "coordinates": [-86.4628, 34.4093] }},
{"zip_code":"36512","country":"US","city":"Bucks","state":"Alabama","state_ab":"AL","county":"Mobile","geo_location":{ "type": "Point", "coordinates": [-88.178, 30.6589] }},
{"zip_code":"36525","country":"US","city":"Creola","state":"Alabama","state_ab":"AL","county":"Mobile","geo_location":{ "type": "Point", "coordinates": [-88.0174, 30.9013] }},
{"zip_code":"36602","country":"US","city":"Mobile","state":"Alabama","state_ab":"AL","county":"Mobile","geo_location":{ "type": "Point", "coordinates": [-88.0453, 30.6888] }},
{"zip_code":"36615","country":"US","city":"Mobile","state":"Alabama","state_ab":"AL","county":"Mobile","geo_location":{ "type": "Point", "coordinates": [-88.0622, 30.6411] }},
{"zip_code":"36628","country":"US","city":"Mobile","state":"Alabama","state_ab":"AL","county":"Mobile","geo_location":{ "type": "Point", "coordinates": [-88.178, 30.6589] }},
{"zip_code":"36695","country":"US","city":"Mobile","state":"Alabama","state_ab":"AL","county":"Mobile","geo_location":{ "type": "Point", "coordinates": [-88.2292, 30.6474] }},
{"zip_code":"36462","country":"US","city":"Monroeville","state":"Alabama","state_ab":"AL","county":"Monroe","geo_location":{ "type": "Point", "coordinates": [-87.3453, 31.5295] }},
{"zip_code":"36112","country":"US","city":"Montgomery","state":"Alabama","state_ab":"AL","county":"Montgomery","geo_location":{ "type": "Point", "coordinates": [-86.3491, 32.3808] }},
{"zip_code":"36125","country":"US","city":"Montgomery","state":"Alabama","state_ab":"AL","county":"Montgomery","geo_location":{ "type": "Point", "coordinates": [-86.2085, 32.2334] }},
{"zip_code":"36192","country":"US","city":"Montgomery","state":"Alabama","state_ab":"AL","county":"Montgomery County","geo_location":{ "type": "Point", "coordinates": [-86.2843, 32.3544] }},
{"zip_code":"36035","country":"US","city":"Goshen","state":"Alabama","state_ab":"AL","county":"Pike","geo_location":{ "type": "Point", "coordinates": [-86.1277, 31.7946] }},
{"zip_code":"92545","country":"US","city":"Hemet","state":"California","state_ab":"CA","county":"Riverside","geo_location":{ "type": "Point", "coordinates": [-117.0151, 33.7399] }},
{"zip_code":"92572","country":"US","city":"Perris","state":"California","state_ab":"CA","county":"Riverside","geo_location":{ "type": "Point", "coordinates": [-116.0556, 33.7529] }},
{"zip_code":"92585","country":"US","city":"Sun City","state":"California","state_ab":"CA","county":"Riverside","geo_location":{ "type": "Point", "coordinates": [-117.1721, 33.7467] }},
{"zip_code":"92882","country":"US","city":"Corona","state":"California","state_ab":"CA","county":"Riverside","geo_location":{ "type": "Point", "coordinates": [-117.6043, 33.8419] }},
{"zip_code":"94268","country":"US","city":"Sacramento","state":"California","state_ab":"CA","county":"Sacramento","geo_location":{ "type": "Point", "coordinates": [-121.4444, 38.3774] }},
{"zip_code":"94282","country":"US","city":"Sacramento","state":"California","state_ab":"CA","county":"Sacramento","geo_location":{ "type": "Point", "coordinates": [-121.4444, 38.3774] }},
{"zip_code":"94295","country":"US","city":"Sacramento","state":"California","state_ab":"CA","county":"Sacramento","geo_location":{ "type": "Point", "coordinates": [-121.4444, 38.3774] }},
{"zip_code":"95632","country":"US","city":"Galt","state":"California","state_ab":"CA","county":"Sacramento","geo_location":{ "type": "Point", "coordinates": [-121.3, 38.2691] }},
{"zip_code":"95812","country":"US","city":"Sacramento","state":"California","state_ab":"CA","county":"Sacramento","geo_location":{ "type": "Point", "coordinates": [-121.4943, 38.5822] }},
{"zip_code":"95825","country":"US","city":"Sacramento","state":"California","state_ab":"CA","county":"Sacramento","geo_location":{ "type": "Point", "coordinates": [-121.4057, 38.5892] }},
{"zip_code":"95838","country":"US","city":"Sacramento","state":"California","state_ab":"CA","county":"Sacramento","geo_location":{ "type": "Point", "coordinates": [-121.444, 38.6406] }},
{"zip_code":"95852","country":"US","city":"Sacramento","state":"California","state_ab":"CA","county":"Sacramento","geo_location":{ "type": "Point", "coordinates": [-121.4475, 38.6026] }},
{"zip_code":"95865","country":"US","city":"Sacramento","state":"California","state_ab":"CA","county":"Sacramento","geo_location":{ "type": "Point", "coordinates": [-121.3978, 38.596] }},
{"zip_code":"91708","country":"US","city":"Chino","state":"California","state_ab":"CA","county":"San Bernardino","geo_location":{ "type": "Point", "coordinates": [-117.6404, 33.954] }},
{"zip_code":"91762","country":"US","city":"Ontario","state":"California","state_ab":"CA","county":"San Bernardino","geo_location":{ "type": "Point", "coordinates": [-117.6665, 34.0584] }},
{"zip_code":"92248","country":"US","city":"La Quinta","state":"California","state_ab":"CA","county":"San Bernardino County","geo_location":{ "type": "Point", "coordinates": [-116.2951, 33.6736] }},
{"zip_code":"92312","country":"US","city":"Barstow","state":"California","state_ab":"CA","county":"San Bernardino","geo_location":{ "type": "Point", "coordinates": [-116.9062, 34.2016] }},
{"zip_code":"92325","country":"US","city":"Crestline","state":"California","state_ab":"CA","county":"San Bernardino","geo_location":{ "type": "Point", "coordinates": [-117.2811, 34.2433] }},
{"zip_code":"92338","country":"US","city":"Ludlow","state":"California","state_ab":"CA","county":"San Bernardino","geo_location":{ "type": "Point", "coordinates": [-115.8025, 34.9329] }},
{"zip_code":"92352","country":"US","city":"Lake Arrowhead","state":"California","state_ab":"CA","county":"San Bernardino","geo_location":{ "type": "Point", "coordinates": [-117.2016, 34.2606] }},
{"zip_code":"92365","country":"US","city":"Newberry Springs","state":"California","state_ab":"CA","county":"San Bernardino","geo_location":{ "type": "Point", "coordinates": [-116.7464, 34.885] }},
{"zip_code":"92378","country":"US","city":"Rimforest","state":"California","state_ab":"CA","county":"San Bernardino","geo_location":{ "type": "Point", "coordinates": [-115.9671, 34.84] }},
{"zip_code":"92392","country":"US","city":"Victorville","state":"California","state_ab":"CA","county":"San Bernardino","geo_location":{ "type": "Point", "coordinates": [-117.4082, 34.4802] }},
{"zip_code":"92402","country":"US","city":"San Bernardino","state":"California","state_ab":"CA","county":"San Bernardino","geo_location":{ "type": "Point", "coordinates": [-117.1272, 34.2139] }},
{"zip_code":"92415","country":"US","city":"San Bernardino","state":"California","state_ab":"CA","county":"San Bernardino","geo_location":{ "type": "Point", "coordinates": [-115.9671, 34.84] }},
{"zip_code":"93562","country":"US","city":"Trona","state":"California","state_ab":"CA","county":"San Bernardino","geo_location":{ "type": "Point", "coordinates": [-117.3808, 35.7481] }},
{"zip_code":"91902","country":"US","city":"Bonita","state":"California","state_ab":"CA","county":"San Diego","geo_location":{ "type": "Point", "coordinates": [-117.0221, 32.6671] }},
{"zip_code":"91915","country":"US","city":"Chula Vista","state":"California","state_ab":"CA","county":"San Diego","geo_location":{ "type": "Point", "coordinates": [-116.9408, 32.6315] }},
{"zip_code":"91942","country":"US","city":"La Mesa","state":"California","state_ab":"CA","county":"San Diego","geo_location":{ "type": "Point", "coordinates": [-117.0189, 32.7835] }},
{"zip_code":"92028","country":"US","city":"Fallbrook","state":"California","state_ab":"CA","county":"San Diego","geo_location":{ "type": "Point", "coordinates": [-117.229, 33.369] }},
{"zip_code":"92055","country":"US","city":"Camp Pendleton","state":"California","state_ab":"CA","county":"San Diego","geo_location":{ "type": "Point", "coordinates": [-116.846, 33.0169] }},
{"zip_code":"92068","country":"US","city":"San Luis Rey","state":"California","state_ab":"CA","county":"San Diego","geo_location":{ "type": "Point", "coordinates": [-116.846, 33.0169] }},
{"zip_code":"92082","country":"US","city":"Valley Center","state":"California","state_ab":"CA","county":"San Diego","geo_location":{ "type": "Point", "coordinates": [-117.0122, 33.249] }},
{"zip_code":"92105","country":"US","city":"San Diego","state":"California","state_ab":"CA","county":"San Diego","geo_location":{ "type": "Point", "coordinates": [-117.0947, 32.7423] }},
{"zip_code":"92118","country":"US","city":"Coronado","state":"California","state_ab":"CA","county":"San Diego","geo_location":{ "type": "Point", "coordinates": [-117.1698, 32.6807] }},
{"zip_code":"92132","country":"US","city":"San Diego","state":"California","state_ab":"CA","county":"San Diego","geo_location":{ "type": "Point", "coordinates": [-117.1384, 32.6437] }},
{"zip_code":"92145","country":"US","city":"San Diego","state":"California","state_ab":"CA","county":"San Diego","geo_location":{ "type": "Point", "coordinates": [-117.1005, 32.8891] }},
{"zip_code":"92158","country":"US","city":"San Diego","state":"California","state_ab":"CA","county":"San Diego","geo_location":{ "type": "Point", "coordinates": [-116.846, 33.0169] }},
{"zip_code":"92172","country":"US","city":"San Diego","state":"California","state_ab":"CA","county":"San Diego","geo_location":{ "type": "Point", "coordinates": [-116.846, 33.0169] }},
{"zip_code":"92185","country":"US","city":"National City","state":"California","state_ab":"CA","county":"San Diego County","geo_location":{ "type": "Point", "coordinates": [-117.1563, 32.7151] }},
{"zip_code":"92198","country":"US","city":"San Diego","state":"California","state_ab":"CA","county":"San Diego","geo_location":{ "type": "Point", "coordinates": [-116.846, 33.0169] }},
{"zip_code":"94112","country":"US","city":"San Francisco","state":"California","state_ab":"CA","county":"San Francisco","geo_location":{ "type": "Point", "coordinates": [-122.4411, 37.7195] }},
{"zip_code":"94125","country":"US","city":"San Francisco","state":"California","state_ab":"CA","county":"San Francisco","geo_location":{ "type": "Point", "coordinates": [-122.7278, 37.7848] }},
{"zip_code":"94138","country":"US","city":"San Francisco","state":"California","state_ab":"CA","county":"San Francisco","geo_location":{ "type": "Point", "coordinates": [-122.7278, 37.7848] }},
{"zip_code":"94152","country":"US","city":"San Francisco","state":"California","state_ab":"CA","county":"San Francisco","geo_location":{ "type": "Point", "coordinates": [-122.7278, 37.7848] }},
{"zip_code":"94165","country":"US","city":"San Francisco","state":"California","state_ab":"CA","county":"San Francisco","geo_location":{ "type": "Point", "coordinates": [-122.7278, 37.7848] }},
{"zip_code":"95205","country":"US","city":"Stockton","state":"California","state_ab":"CA","county":"San Joaquin","geo_location":{ "type": "Point", "coordinates": [-121.2624, 37.9625] }},
{"zip_code":"95258","country":"US","city":"Woodbridge","state":"California","state_ab":"CA","county":"San Joaquin","geo_location":{ "type": "Point", "coordinates": [-121.3086, 38.1551] }},
{"zip_code":"95298","country":"US","city":"Stockton","state":"California","state_ab":"CA","county":"San Joaquin","geo_location":{ "type": "Point", "coordinates": [-121.2897, 37.9577] }},
{"zip_code":"93405","country":"US","city":"San Luis Obispo","state":"California","state_ab":"CA","county":"San Luis Obispo","geo_location":{ "type": "Point", "coordinates": [-120.6817, 35.2901] }},
{"zip_code":"93432","country":"US","city":"Creston","state":"California","state_ab":"CA","county":"San Luis Obispo","geo_location":{ "type": "Point", "coordinates": [-120.4361, 35.4779] }},
{"zip_code":"93445","country":"US","city":"Oceano","state":"California","state_ab":"CA","county":"San Luis Obispo","geo_location":{ "type": "Point", "coordinates": [-120.608, 35.1019] }},
{"zip_code":"94062","country":"US","city":"Redwood City","state":"California","state_ab":"CA","county":"San Mateo","geo_location":{ "type": "Point", "coordinates": [-122.296, 37.4245] }},
{"zip_code":"94408","country":"US","city":"San Mateo","state":"California","state_ab":"CA","county":"San Mateo","geo_location":{ "type": "Point", "coordinates": [-122.3348, 37.3811] }},
{"zip_code":"93108","country":"US","city":"Santa Barbara","state":"California","state_ab":"CA","county":"Santa Barbara","geo_location":{ "type": "Point", "coordinates": [-119.6159, 34.4378] }},
{"zip_code":"93458","country":"US","city":"Santa Maria","state":"California","state_ab":"CA","county":"Santa Barbara","geo_location":{ "type": "Point", "coordinates": [-120.4957, 34.9535] }},
{"zip_code":"94022","country":"US","city":"Los Altos","state":"California","state_ab":"CA","county":"Santa Clara","geo_location":{ "type": "Point", "coordinates": [-122.1258, 37.3814] }},
{"zip_code":"94035","country":"US","city":"Mountain View","state":"California","state_ab":"CA","county":"Santa Clara","geo_location":{ "type": "Point", "coordinates": [-121.7053, 37.1894] }},
{"zip_code":"94088","country":"US","city":"Sunnyvale","state":"California","state_ab":"CA","county":"Santa Clara","geo_location":{ "type": "Point", "coordinates": [-121.7053, 37.1894] }},
{"zip_code":"94305","country":"US","city":"Stanford","state":"California","state_ab":"CA","county":"Santa Clara","geo_location":{ "type": "Point", "coordinates": [-122.1619, 37.4236] }},
{"zip_code":"95038","country":"US","city":"Morgan Hill","state":"California","state_ab":"CA","county":"Santa Clara","geo_location":{ "type": "Point", "coordinates": [-121.6722, 37.1525] }},
{"zip_code":"95052","country":"US","city":"Santa Clara","state":"California","state_ab":"CA","county":"Santa Clara","geo_location":{ "type": "Point", "coordinates": [-121.9583, 37.3522] }},
{"zip_code":"95102","country":"US","city":"San Jose","state":"California","state_ab":"CA","county":"Santa Clara","geo_location":{ "type": "Point", "coordinates": [-121.897, 37.3866] }},
{"zip_code":"95115","country":"US","city":"San Jose","state":"California","state_ab":"CA","county":"Santa Clara","geo_location":{ "type": "Point", "coordinates": [-121.8908, 37.3378] }},
{"zip_code":"95128","country":"US","city":"San Jose","state":"California","state_ab":"CA","county":"Santa Clara","geo_location":{ "type": "Point", "coordinates": [-121.9356, 37.3163] }},
{"zip_code":"95142","country":"US","city":"San Jose","state":"California","state_ab":"CA","county":"Santa Clara","geo_location":{ "type": "Point", "coordinates": [-121.897, 37.3866] }},
{"zip_code":"95155","country":"US","city":"San Jose","state":"California","state_ab":"CA","county":"Santa Clara","geo_location":{ "type": "Point", "coordinates": [-121.9011, 37.31] }},
{"zip_code":"95065","country":"US","city":"Santa Cruz","state":"California","state_ab":"CA","county":"Santa Cruz","geo_location":{ "type": "Point", "coordinates": [-121.9849, 37.0089] }},
{"zip_code":"96002","country":"US","city":"Redding","state":"California","state_ab":"CA","county":"Shasta","geo_location":{ "type": "Point", "coordinates": [-122.3339, 40.5486] }},
{"zip_code":"96028","country":"US","city":"Fall River Mills","state":"California","state_ab":"CA","county":"Shasta","geo_location":{ "type": "Point", "coordinates": [-121.4606, 41.0393] }},
{"zip_code":"96095","country":"US","city":"Whiskeytown","state":"California","state_ab":"CA","county":"Shasta","geo_location":{ "type": "Point", "coordinates": [-122.1944, 40.7352] }},
{"zip_code":"96118","country":"US","city":"Loyalton","state":"California","state_ab":"CA","county":"Sierra","geo_location":{ "type": "Point", "coordinates": [-120.2297, 39.663] }},
{"zip_code":"95568","country":"US","city":"Somes Bar","state":"California","state_ab":"CA","county":"Siskiyou","geo_location":{ "type": "Point", "coordinates": [-123.4634, 41.4533] }},
{"zip_code":"94512","country":"US","city":"Birds Landing","state":"California","state_ab":"CA","county":"Solano","geo_location":{ "type": "Point", "coordinates": [-121.8443, 38.1504] }},
{"zip_code":"94592","country":"US","city":"Vallejo","state":"California","state_ab":"CA","county":"Solano","geo_location":{ "type": "Point", "coordinates": [-122.2699, 38.0968] }},
{"zip_code":"94952","country":"US","city":"Petaluma","state":"California","state_ab":"CA","county":"Sonoma","geo_location":{ "type": "Point", "coordinates": [-122.6777, 38.2403] }},
{"zip_code":"34428","country":"US","city":"Crystal River","state":"Florida","state_ab":"FL","county":"Citrus","geo_location":{ "type": "Point", "coordinates": [-82.5993, 28.9584] }},
{"zip_code":"34442","country":"US","city":"Hernando","state":"Florida","state_ab":"FL","county":"Citrus","geo_location":{ "type": "Point", "coordinates": [-82.39, 28.9223] }},
{"zip_code":"33942","country":"US","city":"Naples","state":"Florida","state_ab":"FL","county":"Collier County","geo_location":{ "type": "Point", "coordinates": [-81.7655, 26.1988] }},
{"zip_code":"34105","country":"US","city":"Naples","state":"Florida","state_ab":"FL","county":"Collier","geo_location":{ "type": "Point", "coordinates": [-81.7636, 26.1938] }},
{"zip_code":"34145","country":"US","city":"Marco Island","state":"Florida","state_ab":"FL","county":"Collier","geo_location":{ "type": "Point", "coordinates": [-81.6968, 25.9388] }},
{"zip_code":"32628","country":"US","city":"Cross City","state":"Florida","state_ab":"FL","county":"Dixie","geo_location":{ "type": "Point", "coordinates": [-83.2032, 29.6372] }},
{"zip_code":"32202","country":"US","city":"Jacksonville","state":"Florida","state_ab":"FL","county":"Duval","geo_location":{ "type": "Point", "coordinates": [-81.6517, 30.3299] }},
{"zip_code":"32215","country":"US","city":"Jacksonville","state":"Florida","state_ab":"FL","county":"Duval","geo_location":{ "type": "Point", "coordinates": [-81.893, 30.2407] }},
{"zip_code":"32228","country":"US","city":"Jacksonville","state":"Florida","state_ab":"FL","county":"Duval","geo_location":{ "type": "Point", "coordinates": [-81.4369, 30.3824] }},
{"zip_code":"32255","country":"US","city":"Jacksonville","state":"Florida","state_ab":"FL","county":"Duval","geo_location":{ "type": "Point", "coordinates": [-81.3893, 30.287] }},
{"zip_code":"32512","country":"US","city":"Pensacola","state":"Florida","state_ab":"FL","county":"Escambia","geo_location":{ "type": "Point", "coordinates": [-87.2991, 30.3943] }},
{"zip_code":"32592","country":"US","city":"Pensacola","state":"Florida","state_ab":"FL","county":"Escambia","geo_location":{ "type": "Point", "coordinates": [-87.2758, 30.6143] }},
{"zip_code":"32318","country":"US","city":"Tallahassee","state":"Florida","state_ab":"FL","county":"Franklin County","geo_location":{ "type": "Point", "coordinates": [-84.265, 30.3953] }},
{"zip_code":"32332","country":"US","city":"Gretna","state":"Florida","state_ab":"FL","county":"Gadsden","geo_location":{ "type": "Point", "coordinates": [-84.6688, 30.6099] }},
{"zip_code":"33865","country":"US","city":"Ona","state":"Florida","state_ab":"FL","county":"Hardee","geo_location":{ "type": "Point", "coordinates": [-81.928, 27.4127] }},
{"zip_code":"34608","country":"US","city":"Spring Hill","state":"Florida","state_ab":"FL","county":"Hernando","geo_location":{ "type": "Point", "coordinates": [-82.5562, 28.4797] }},
{"zip_code":"33825","country":"US","city":"Avon Park","state":"Florida","state_ab":"FL","county":"Highlands","geo_location":{ "type": "Point", "coordinates": [-81.5015, 27.6001] }},
{"zip_code":"33852","country":"US","city":"Lake Placid","state":"Florida","state_ab":"FL","county":"Highlands","geo_location":{ "type": "Point", "coordinates": [-81.3649, 27.2945] }},
{"zip_code":"33568","country":"US","city":"Riverview","state":"Florida","state_ab":"FL","county":"Hillsborough","geo_location":{ "type": "Point", "coordinates": [-82.4388, 27.872] }},
{"zip_code":"33595","country":"US","city":"Valrico","state":"Florida","state_ab":"FL","county":"Hillsborough","geo_location":{ "type": "Point", "coordinates": [-82.4388, 27.872] }},
{"zip_code":"33605","country":"US","city":"Tampa","state":"Florida","state_ab":"FL","county":"Hillsborough","geo_location":{ "type": "Point", "coordinates": [-82.4334, 27.9671] }},
{"zip_code":"33618","country":"US","city":"Tampa","state":"Florida","state_ab":"FL","county":"Hillsborough","geo_location":{ "type": "Point", "coordinates": [-82.4852, 28.0763] }},
{"zip_code":"33672","country":"US","city":"Tampa","state":"Florida","state_ab":"FL","county":"Hillsborough","geo_location":{ "type": "Point", "coordinates": [-82.4388, 27.872] }},
{"zip_code":"33685","country":"US","city":"Tampa","state":"Florida","state_ab":"FL","county":"Hillsborough","geo_location":{ "type": "Point", "coordinates": [-82.4388, 27.872] }},
{"zip_code":"32965","country":"US","city":"Vero Beach","state":"Florida","state_ab":"FL","county":"Indian River","geo_location":{ "type": "Point", "coordinates": [-80.5726, 27.709] }},
{"zip_code":"32978","country":"US","city":"Sebastian","state":"Florida","state_ab":"FL","county":"Indian River","geo_location":{ "type": "Point", "coordinates": [-80.5726, 27.709] }},
{"zip_code":"32448","country":"US","city":"Marianna","state":"Florida","state_ab":"FL","county":"Jackson","geo_location":{ "type": "Point", "coordinates": [-85.2122, 30.6749] }},
{"zip_code":"32345","country":"US","city":"Monticello","state":"Florida","state_ab":"FL","county":"Jefferson","geo_location":{ "type": "Point", "coordinates": [-83.8402, 30.3422] }},
{"zip_code":"34712","country":"US","city":"Clermont","state":"Florida","state_ab":"FL","county":"Lake","geo_location":{ "type": "Point", "coordinates": [-81.6536, 28.8111] }},
{"zip_code":"33902","country":"US","city":"Fort Myers","state":"Florida","state_ab":"FL","county":"Lee","geo_location":{ "type": "Point", "coordinates": [-81.8836, 26.6239] }},
{"zip_code":"33915","country":"US","city":"Cape Coral","state":"Florida","state_ab":"FL","county":"Lee","geo_location":{ "type": "Point", "coordinates": [-81.8934, 26.6599] }},
{"zip_code":"33928","country":"US","city":"Estero","state":"Florida","state_ab":"FL","county":"Lee","geo_location":{ "type": "Point", "coordinates": [-81.8102, 26.4351] }},
{"zip_code":"32668","country":"US","city":"Morriston","state":"Florida","state_ab":"FL","county":"Levy","geo_location":{ "type": "Point", "coordinates": [-82.4917, 29.2813] }},
{"zip_code":"34208","country":"US","city":"Bradenton","state":"Florida","state_ab":"FL","county":"Manatee","geo_location":{ "type": "Point", "coordinates": [-82.512, 27.4678] }},
{"zip_code":"34222","country":"US","city":"Ellenton","state":"Florida","state_ab":"FL","county":"Manatee","geo_location":{ "type": "Point", "coordinates": [-82.5006, 27.5382] }},
{"zip_code":"32192","country":"US","city":"Sparr","state":"Florida","state_ab":"FL","county":"Marion","geo_location":{ "type": "Point", "coordinates": [-82.1046, 29.3268] }},
{"zip_code":"34482","country":"US","city":"Ocala","state":"Florida","state_ab":"FL","county":"Marion","geo_location":{ "type": "Point", "coordinates": [-82.2195, 29.2611] }},
{"zip_code":"34958","country":"US","city":"Jensen Beach","state":"Florida","state_ab":"FL","county":"Martin","geo_location":{ "type": "Point", "coordinates": [-80.2246, 27.2424] }},
{"zip_code":"33012","country":"US","city":"Hialeah","state":"Florida","state_ab":"FL","county":"Miami-Dade","geo_location":{ "type": "Point", "coordinates": [-80.3059, 25.8654] }},
{"zip_code":"33092","country":"US","city":"Homestead","state":"Florida","state_ab":"FL","county":"Miami-Dade","geo_location":{ "type": "Point", "coordinates": [-80.4582, 25.5584] }},
{"zip_code":"33102","country":"US","city":"Miami","state":"Florida","state_ab":"FL","county":"Miami-Dade","geo_location":{ "type": "Point", "coordinates": [-80.4582, 25.5584] }},
{"zip_code":"33128","country":"US","city":"Miami","state":"Florida","state_ab":"FL","county":"Miami-Dade","geo_location":{ "type": "Point", "coordinates": [-80.2089, 25.7756] }},
{"zip_code":"33142","country":"US","city":"Miami","state":"Florida","state_ab":"FL","county":"Miami-Dade","geo_location":{ "type": "Point", "coordinates": [-80.232, 25.813] }},
{"zip_code":"33155","country":"US","city":"Miami","state":"Florida","state_ab":"FL","county":"Miami-Dade","geo_location":{ "type": "Point", "coordinates": [-80.3103, 25.7392] }},
{"zip_code":"33168","country":"US","city":"Miami","state":"Florida","state_ab":"FL","county":"Miami-Dade","geo_location":{ "type": "Point", "coordinates": [-80.2101, 25.8902] }},
{"zip_code":"33182","country":"US","city":"Miami","state":"Florida","state_ab":"FL","county":"Miami-Dade","geo_location":{ "type": "Point", "coordinates": [-80.4166, 25.7877] }},
{"zip_code":"33195","country":"US","city":"Miami","state":"Florida","state_ab":"FL","county":"Miami-Dade","geo_location":{ "type": "Point", "coordinates": [-80.187, 25.7729] }},
{"zip_code":"33245","country":"US","city":"Miami","state":"Florida","state_ab":"FL","county":"Miami-Dade","geo_location":{ "type": "Point", "coordinates": [-80.4582, 25.5584] }},
{"zip_code":"33052","country":"US","city":"Marathon Shores","state":"Florida","state_ab":"FL","county":"Monroe","geo_location":{ "type": "Point", "coordinates": [-81.0632, 24.7233] }},
{"zip_code":"32035","country":"US","city":"Fernandina Beach","state":"Florida","state_ab":"FL","county":"Nassau","geo_location":{ "type": "Point", "coordinates": [-81.6984, 30.5516] }},
{"zip_code":"32578","country":"US","city":"Niceville","state":"Florida","state_ab":"FL","county":"Okaloosa","geo_location":{ "type": "Point", "coordinates": [-86.4145, 30.4958] }},
{"zip_code":"34972","country":"US","city":"Okeechobee","state":"Florida","state_ab":"FL","county":"Okeechobee","geo_location":{ "type": "Point", "coordinates": [-80.9454, 27.4203] }},
{"zip_code":"32798","country":"US","city":"Zellwood","state":"Florida","state_ab":"FL","county":"Orange","geo_location":{ "type": "Point", "coordinates": [-81.5762, 28.7194] }},
{"zip_code":"32808","country":"US","city":"Orlando","state":"Florida","state_ab":"FL","county":"Orange","geo_location":{ "type": "Point", "coordinates": [-81.4396, 28.5803] }},
{"zip_code":"32822","country":"US","city":"Orlando","state":"Florida","state_ab":"FL","county":"Orange","geo_location":{ "type": "Point", "coordinates": [-81.2902, 28.4944] }},
{"zip_code":"32835","country":"US","city":"Orlando","state":"Florida","state_ab":"FL","county":"Orange","geo_location":{ "type": "Point", "coordinates": [-81.4787, 28.5289] }},
{"zip_code":"32862","country":"US","city":"Orlando","state":"Florida","state_ab":"FL","county":"Orange","geo_location":{ "type": "Point", "coordinates": [-81.3328, 28.4174] }},
{"zip_code":"34778","country":"US","city":"Winter Garden","state":"Florida","state_ab":"FL","county":"Orange","geo_location":{ "type": "Point", "coordinates": [-81.2608, 28.5663] }},
{"zip_code":"33412","country":"US","city":"West Palm Beach","state":"Florida","state_ab":"FL","county":"Palm Beach","geo_location":{ "type": "Point", "coordinates": [-80.2482, 26.8055] }},
{"zip_code":"33425","country":"US","city":"Boynton Beach","state":"Florida","state_ab":"FL","county":"Palm Beach","geo_location":{ "type": "Point", "coordinates": [-80.4303, 26.6459] }},
{"zip_code":"33438","country":"US","city":"Canal Point","state":"Florida","state_ab":"FL","county":"Palm Beach","geo_location":{ "type": "Point", "coordinates": [-80.6299, 26.8593] }},
{"zip_code":"33465","country":"US","city":"Lake Worth","state":"Florida","state_ab":"FL","county":"Palm Beach","geo_location":{ "type": "Point", "coordinates": [-80.1326, 26.6283] }},
{"zip_code":"33478","country":"US","city":"Jupiter","state":"Florida","state_ab":"FL","county":"Palm Beach","geo_location":{ "type": "Point", "coordinates": [-80.2144, 26.9212] }},
{"zip_code":"33542","country":"US","city":"Zephyrhills","state":"Florida","state_ab":"FL","county":"Pasco County","geo_location":{ "type": "Point", "coordinates": [-82.1779, 28.2303] }},
{"zip_code":"33708","country":"US","city":"Saint Petersburg","state":"Florida","state_ab":"FL","county":"Pinellas","geo_location":{ "type": "Point", "coordinates": [-82.8014, 27.8116] }},
{"zip_code":"71342","country":"US","city":"Jena","state":"Louisiana","state_ab":"LA","county":"La Salle","geo_location":{ "type": "Point", "coordinates": [-92.1137, 31.6748] }},
{"zip_code":"71445","country":"US","city":"Leander","state":"Louisiana","state_ab":"LA","county":"Natchitoches Parish","geo_location":{ "type": "Point", "coordinates": [-92.8769, 31.1106] }},
{"zip_code":"71458","country":"US","city":"Natchitoches","state":"Louisiana","state_ab":"LA","county":"Natchitoches","geo_location":{ "type": "Point", "coordinates": [-93.0791, 31.7476] }},
{"zip_code":"70118","country":"US","city":"New Orleans","state":"Louisiana","state_ab":"LA","county":"Orleans","geo_location":{ "type": "Point", "coordinates": [-90.1236, 29.9504] }},
{"zip_code":"70145","country":"US","city":"New Orleans","state":"Louisiana","state_ab":"LA","county":"Orleans","geo_location":{ "type": "Point", "coordinates": [-89.8826, 30.033] }},
{"zip_code":"70158","country":"US","city":"New Orleans","state":"Louisiana","state_ab":"LA","county":"Orleans","geo_location":{ "type": "Point", "coordinates": [-90.0709, 29.9229] }},
{"zip_code":"70172","country":"US","city":"New Orleans","state":"Louisiana","state_ab":"LA","county":"Orleans","geo_location":{ "type": "Point", "coordinates": [-89.8826, 30.033] }},
{"zip_code":"70185","country":"US","city":"New Orleans","state":"Louisiana","state_ab":"LA","county":"Orleans","geo_location":{ "type": "Point", "coordinates": [-89.8826, 30.033] }},
{"zip_code":"71212","country":"US","city":"Monroe","state":"Louisiana","state_ab":"LA","county":"Ouachita","geo_location":{ "type": "Point", "coordinates": [-92.0727, 32.5286] }},
{"zip_code":"71225","country":"US","city":"Calhoun","state":"Louisiana","state_ab":"LA","county":"Ouachita","geo_location":{ "type": "Point", "coordinates": [-92.3299, 32.5248] }},
{"zip_code":"71292","country":"US","city":"West Monroe","state":"Louisiana","state_ab":"LA","county":"Ouachita","geo_location":{ "type": "Point", "coordinates": [-92.1854, 32.4566] }},
{"zip_code":"70042","country":"US","city":"Carlisle","state":"Louisiana","state_ab":"LA","county":"Plaquemines","geo_location":{ "type": "Point", "coordinates": [-89.4775, 29.3801] }},
{"zip_code":"70082","country":"US","city":"Pointe A La Hache","state":"Louisiana","state_ab":"LA","county":"Plaquemines","geo_location":{ "type": "Point", "coordinates": [-89.7512, 29.542] }},
{"zip_code":"70752","country":"US","city":"Lakeland","state":"Louisiana","state_ab":"LA","county":"Pointe Coupee","geo_location":{ "type": "Point", "coordinates": [-91.4217, 30.5799] }},
{"zip_code":"71302","country":"US","city":"Alexandria","state":"Louisiana","state_ab":"LA","county":"Rapides","geo_location":{ "type": "Point", "coordinates": [-92.4242, 31.2683] }},
{"zip_code":"71315","country":"US","city":"Alexandria","state":"Louisiana","state_ab":"LA","county":"Rapides","geo_location":{ "type": "Point", "coordinates": [-92.3984, 31.1397] }},
{"zip_code":"71328","country":"US","city":"Deville","state":"Louisiana","state_ab":"LA","county":"Rapides","geo_location":{ "type": "Point", "coordinates": [-92.2233, 31.3587] }},
{"zip_code":"71405","country":"US","city":"Ball","state":"Louisiana","state_ab":"LA","county":"Rapides","geo_location":{ "type": "Point", "coordinates": [-92.3945, 31.4151] }},
{"zip_code":"71472","country":"US","city":"Sieper","state":"Louisiana","state_ab":"LA","county":"Rapides","geo_location":{ "type": "Point", "coordinates": [-92.7858, 31.1976] }},
{"zip_code":"71485","country":"US","city":"Woodworth","state":"Louisiana","state_ab":"LA","county":"Rapides","geo_location":{ "type": "Point", "coordinates": [-92.5322, 31.1635] }},
{"zip_code":"70792","country":"US","city":"Uncle Sam","state":"Louisiana","state_ab":"LA","county":"St. James","geo_location":{ "type": "Point", "coordinates": [-90.8028, 30.0279] }},
{"zip_code":"70068","country":"US","city":"La Place","state":"Louisiana","state_ab":"LA","county":"St. John the Baptist","geo_location":{ "type": "Point", "coordinates": [-90.4895, 30.0777] }},
{"zip_code":"70392","country":"US","city":"Patterson","state":"Louisiana","state_ab":"LA","county":"St. Mary","geo_location":{ "type": "Point", "coordinates": [-91.2812, 29.6967] }},
{"zip_code":"70402","country":"US","city":"Hammond","state":"Louisiana","state_ab":"LA","county":"Tangipahoa","geo_location":{ "type": "Point", "coordinates": [-90.4804, 30.514] }},
{"zip_code":"70442","country":"US","city":"Husser","state":"Louisiana","state_ab":"LA","county":"Tangipahoa","geo_location":{ "type": "Point", "coordinates": [-90.339, 30.692] }},
{"zip_code":"70455","country":"US","city":"Robert","state":"Louisiana","state_ab":"LA","county":"Tangipahoa","geo_location":{ "type": "Point", "coordinates": [-90.3352, 30.5063] }},
{"zip_code":"70352","country":"US","city":"Donner","state":"Louisiana","state_ab":"LA","county":"Terrebonne","geo_location":{ "type": "Point", "coordinates": [-90.9444, 29.6964] }},
{"zip_code":"71018","country":"US","city":"Cotton Valley","state":"Louisiana","state_ab":"LA","county":"Webster","geo_location":{ "type": "Point", "coordinates": [-93.4259, 32.819] }},
{"zip_code":"71058","country":"US","city":"Minden","state":"Louisiana","state_ab":"LA","county":"Webster","geo_location":{ "type": "Point", "coordinates": [-93.2507, 32.5769] }},
{"zip_code":"71072","country":"US","city":"Shongaloo","state":"Louisiana","state_ab":"LA","county":"Webster","geo_location":{ "type": "Point", "coordinates": [-93.2963, 32.9713] }},
{"zip_code":"70712","country":"US","city":"Angola","state":"Louisiana","state_ab":"LA","county":"West Feliciana","geo_location":{ "type": "Point", "coordinates": [-91.5979, 30.9656] }},
{"zip_code":"2542","country":"US","city":"Buzzards Bay","state":"Massachusetts","state_ab":"MA","county":"Barnstable","geo_location":{ "type": "Point", "coordinates": [-70.5537, 41.6531] }},
{"zip_code":"2632","country":"US","city":"Centerville","state":"Massachusetts","state_ab":"MA","county":"Barnstable","geo_location":{ "type": "Point", "coordinates": [-70.3532, 41.6606] }},
{"zip_code":"2645","country":"US","city":"Harwich","state":"Massachusetts","state_ab":"MA","county":"Barnstable","geo_location":{ "type": "Point", "coordinates": [-70.0579, 41.7008] }},
{"zip_code":"2672","country":"US","city":"West Hyannisport","state":"Massachusetts","state_ab":"MA","county":"Barnstable","geo_location":{ "type": "Point", "coordinates": [-70.3233, 41.6356] }},
{"zip_code":"1202","country":"US","city":"Pittsfield","state":"Massachusetts","state_ab":"MA","county":"Berkshire","geo_location":{ "type": "Point", "coordinates": [-73.2285, 42.3929] }},
{"zip_code":"1242","country":"US","city":"Lenox Dale","state":"Massachusetts","state_ab":"MA","county":"Berkshire","geo_location":{ "type": "Point", "coordinates": [-73.2509, 42.3386] }},
{"zip_code":"1255","country":"US","city":"Sandisfield","state":"Massachusetts","state_ab":"MA","county":"Berkshire","geo_location":{ "type": "Point", "coordinates": [-73.1163, 42.1094] }},
{"zip_code":"2375","country":"US","city":"South Easton","state":"Massachusetts","state_ab":"MA","county":"Bristol","geo_location":{ "type": "Point", "coordinates": [-71.0988, 42.0257] }},
{"zip_code":"2722","country":"US","city":"Fall River","state":"Massachusetts","state_ab":"MA","county":"Bristol","geo_location":{ "type": "Point", "coordinates": [-71.0671, 41.7562] }},
{"zip_code":"2748","country":"US","city":"South Dartmouth","state":"Massachusetts","state_ab":"MA","county":"Bristol","geo_location":{ "type": "Point", "coordinates": [-70.9843, 41.5665] }},
{"zip_code":"2568","country":"US","city":"Vineyard Haven","state":"Massachusetts","state_ab":"MA","county":"Dukes","geo_location":{ "type": "Point", "coordinates": [-70.5937, 41.45] }},
{"zip_code":"1835","country":"US","city":"Haverhill","state":"Massachusetts","state_ab":"MA","county":"Essex","geo_location":{ "type": "Point", "coordinates": [-71.0843, 42.7528] }},
{"zip_code":"1938","country":"US","city":"Ipswich","state":"Massachusetts","state_ab":"MA","county":"Essex","geo_location":{ "type": "Point", "coordinates": [-70.8494, 42.6809] }},
{"zip_code":"1952","country":"US","city":"Salisbury","state":"Massachusetts","state_ab":"MA","county":"Essex","geo_location":{ "type": "Point", "coordinates": [-70.8588, 42.8507] }},
{"zip_code":"1965","country":"US","city":"Prides Crossing","state":"Massachusetts","state_ab":"MA","county":"Essex","geo_location":{ "type": "Point", "coordinates": [-70.8257, 42.5581] }},
{"zip_code":"1008","country":"US","city":"Blandford","state":"Massachusetts","state_ab":"MA","county":"Hampden","geo_location":{ "type": "Point", "coordinates": [-72.9361, 42.1829] }},
{"zip_code":"1022","country":"US","city":"Chicopee","state":"Massachusetts","state_ab":"MA","county":"Hampden","geo_location":{ "type": "Point", "coordinates": [-72.5544, 42.1934] }},
{"zip_code":"1138","country":"US","city":"Springfield","state":"Massachusetts","state_ab":"MA","county":"Hampden","geo_location":{ "type": "Point", "coordinates": [-72.6048, 42.1707] }},
{"zip_code":"1152","country":"US","city":"Springfield","state":"Massachusetts","state_ab":"MA","county":"Hampden","geo_location":{ "type": "Point", "coordinates": [-72.6048, 42.1707] }},
{"zip_code":"1035","country":"US","city":"Hadley","state":"Massachusetts","state_ab":"MA","county":"Hampshire","geo_location":{ "type": "Point", "coordinates": [-72.5715, 42.3606] }},
{"zip_code":"1062","country":"US","city":"Florence","state":"Massachusetts","state_ab":"MA","county":"Hampshire","geo_location":{ "type": "Point", "coordinates": [-72.6928, 42.3219] }},
{"zip_code":"1075","country":"US","city":"South Hadley","state":"Massachusetts","state_ab":"MA","county":"Hampshire","geo_location":{ "type": "Point", "coordinates": [-72.5811, 42.2375] }},
{"zip_code":"1088","country":"US","city":"West Hatfield","state":"Massachusetts","state_ab":"MA","county":"Hampshire","geo_location":{ "type": "Point", "coordinates": [-72.6469, 42.3906] }},
{"zip_code":"1705","country":"US","city":"Framingham","state":"Massachusetts","state_ab":"MA","county":"Middlesex","geo_location":{ "type": "Point", "coordinates": [-71.4594, 42.4464] }},
{"zip_code":"1718","country":"US","city":"Village Of Nagog Woods","state":"Massachusetts","state_ab":"MA","county":"Middlesex","geo_location":{ "type": "Point", "coordinates": [-71.4293, 42.5198] }},
{"zip_code":"1808","country":"US","city":"Woburn","state":"Massachusetts","state_ab":"MA","county":"Middlesex","geo_location":{ "type": "Point", "coordinates": [-71.4594, 42.4464] }},
{"zip_code":"1822","country":"US","city":"Billerica","state":"Massachusetts","state_ab":"MA","county":"Middlesex","geo_location":{ "type": "Point", "coordinates": [-71.4594, 42.4464] }},
{"zip_code":"1862","country":"US","city":"North Billerica","state":"Massachusetts","state_ab":"MA","county":"Middlesex","geo_location":{ "type": "Point", "coordinates": [-71.2902, 42.5757] }},
{"zip_code":"1888","country":"US","city":"Woburn","state":"Massachusetts","state_ab":"MA","county":"Middlesex","geo_location":{ "type": "Point", "coordinates": [-71.4594, 42.4464] }},
{"zip_code":"2142","country":"US","city":"Cambridge","state":"Massachusetts","state_ab":"MA","county":"Middlesex","geo_location":{ "type": "Point", "coordinates": [-71.083, 42.362] }},
{"zip_code":"2155","country":"US","city":"Medford","state":"Massachusetts","state_ab":"MA","county":"Middlesex","geo_location":{ "type": "Point", "coordinates": [-71.1087, 42.4173] }},
{"zip_code":"2168","country":"US","city":"Waban","state":"Massachusetts","state_ab":"MA","county":"Middlesex","geo_location":{ "type": "Point", "coordinates": [-71.4594, 42.4464] }},
{"zip_code":"2195","country":"US","city":"Newton","state":"Massachusetts","state_ab":"MA","county":"Middlesex","geo_location":{ "type": "Point", "coordinates": [-71.4594, 42.4464] }},
{"zip_code":"2258","country":"US","city":"Newton","state":"Massachusetts","state_ab":"MA","county":"Middlesex","geo_location":{ "type": "Point", "coordinates": [-71.4594, 42.4464] }},
{"zip_code":"2272","country":"US","city":"Watertown","state":"Massachusetts","state_ab":"MA","county":"Middlesex","geo_location":{ "type": "Point", "coordinates": [-71.4594, 42.4464] }},
{"zip_code":"2452","country":"US","city":"Waltham","state":"Massachusetts","state_ab":"MA","county":"Middlesex","geo_location":{ "type": "Point", "coordinates": [-71.218, 42.3943] }},
{"zip_code":"2465","country":"US","city":"West Newton","state":"Massachusetts","state_ab":"MA","county":"Middlesex","geo_location":{ "type": "Point", "coordinates": [-71.2267, 42.3492] }},
{"zip_code":"2478","country":"US","city":"Belmont","state":"Massachusetts","state_ab":"MA","county":"Middlesex","geo_location":{ "type": "Point", "coordinates": [-71.2044, 42.4128] }},
{"zip_code":"2025","country":"US","city":"Cohasset","state":"Massachusetts","state_ab":"MA","county":"Norfolk","geo_location":{ "type": "Point", "coordinates": [-70.8128, 42.2395] }},
{"zip_code":"2038","country":"US","city":"Franklin","state":"Massachusetts","state_ab":"MA","county":"Norfolk","geo_location":{ "type": "Point", "coordinates": [-71.4058, 42.0935] }},
{"zip_code":"2052","country":"US","city":"Medfield","state":"Massachusetts","state_ab":"MA","county":"Norfolk","geo_location":{ "type": "Point", "coordinates": [-71.3048, 42.1845] }},
{"zip_code":"2322","country":"US","city":"Avon","state":"Massachusetts","state_ab":"MA","county":"Norfolk","geo_location":{ "type": "Point", "coordinates": [-71.0437, 42.1258] }},
{"zip_code":"2492","country":"US","city":"Needham","state":"Massachusetts","state_ab":"MA","county":"Norfolk","geo_location":{ "type": "Point", "coordinates": [-71.2501, 42.2798] }},
{"zip_code":"2762","country":"US","city":"Plainville","state":"Massachusetts","state_ab":"MA","county":"Norfolk","geo_location":{ "type": "Point", "coordinates": [-71.3275, 42.0124] }},
{"zip_code":"2065","country":"US","city":"Ocean Bluff","state":"Massachusetts","state_ab":"MA","county":"Plymouth","geo_location":{ "type": "Point", "coordinates": [-70.6516, 42.0972] }},
{"zip_code":"2348","country":"US","city":"Middleboro","state":"Massachusetts","state_ab":"MA","county":"Plymouth","geo_location":{ "type": "Point", "coordinates": [-70.7014, 41.9705] }},
{"zip_code":"2362","country":"US","city":"Plymouth","state":"Massachusetts","state_ab":"MA","county":"Plymouth","geo_location":{ "type": "Point", "coordinates": [-70.7014, 41.9705] }},
{"zip_code":"2102","country":"US","city":"Boston","state":"Massachusetts","state_ab":"MA","county":"Suffolk","geo_location":{ "type": "Point", "coordinates": [-70.9196, 42.3389] }},
{"zip_code":"2115","country":"US","city":"Boston","state":"Massachusetts","state_ab":"MA","county":"Suffolk","geo_location":{ "type": "Point", "coordinates": [-71.0922, 42.3427] }},
{"zip_code":"2128","country":"US","city":"Boston","state":"Massachusetts","state_ab":"MA","county":"Suffolk","geo_location":{ "type": "Point", "coordinates": [-71.0257, 42.3642] }},
{"zip_code":"2205","country":"US","city":"Boston","state":"Massachusetts","state_ab":"MA","county":"Suffolk","geo_location":{ "type": "Point", "coordinates": [-71.0539, 42.3503] }},
{"zip_code":"2298","country":"US","city":"Boston","state":"Massachusetts","state_ab":"MA","county":"Suffolk County","geo_location":{ "type": "Point", "coordinates": [-71.0323, 42.3823] }},
{"zip_code":"1462","country":"US","city":"Lunenburg","state":"Massachusetts","state_ab":"MA","county":"Worcester","geo_location":{ "type": "Point", "coordinates": [-71.7266, 42.5884] }},
{"zip_code":"1475","country":"US","city":"Winchendon","state":"Massachusetts","state_ab":"MA","county":"Worcester","geo_location":{ "type": "Point", "coordinates": [-72.0475, 42.6789] }},
{"zip_code":"1525","country":"US","city":"Linwood","state":"Massachusetts","state_ab":"MA","county":"Worcester","geo_location":{ "type": "Point", "coordinates": [-71.8969, 42.3648] }},
{"zip_code":"1538","country":"US","city":"North Uxbridge","state":"Massachusetts","state_ab":"MA","county":"Worcester","geo_location":{ "type": "Point", "coordinates": [-71.8969, 42.3648] }},
{"zip_code":"1602","country":"US","city":"Worcester","state":"Massachusetts","state_ab":"MA","county":"Worcester","geo_location":{ "type": "Point", "coordinates": [-71.8417, 42.2703] }},
{"zip_code":"1615","country":"US","city":"Worcester","state":"Massachusetts","state_ab":"MA","county":"Worcester","geo_location":{ "type": "Point", "coordinates": [-71.8969, 42.3648] }},
{"zip_code":"1655","country":"US","city":"Worcester","state":"Massachusetts","state_ab":"MA","county":"Worcester","geo_location":{ "type": "Point", "coordinates": [-71.8969, 42.3648] }},
{"zip_code":"1745","country":"US","city":"Fayville","state":"Massachusetts","state_ab":"MA","county":"Worcester","geo_location":{ "type": "Point", "coordinates": [-71.5028, 42.2934] }},
{"zip_code":"1772","country":"US","city":"Southborough","state":"Massachusetts","state_ab":"MA","county":"Worcester","geo_location":{ "type": "Point", "coordinates": [-71.532, 42.2939] }},
{"zip_code":"21505","country":"US","city":"Cumberland","state":"Maryland","state_ab":"MD","county":"Allegany","geo_location":{ "type": "Point", "coordinates": [-78.8434, 39.594] }},
{"zip_code":"21532","country":"US","city":"Frostburg","state":"Maryland","state_ab":"MD","county":"Allegany","geo_location":{ "type": "Point", "coordinates": [-78.9306, 39.6494] }},
{"zip_code":"21545","country":"US","city":"Mount Savage","state":"Maryland","state_ab":"MD","county":"Allegany","geo_location":{ "type": "Point", "coordinates": [-78.8739, 39.6991] }},
{"zip_code":"21402","country":"US","city":"Annapolis","state":"Maryland","state_ab":"MD","county":"Anne Arundel","geo_location":{ "type": "Point", "coordinates": [-76.4715, 38.9871] }},
{"zip_code":"21055","country":"US","city":"Garrison","state":"Maryland","state_ab":"MD","county":"Baltimore","geo_location":{ "type": "Point", "coordinates": [-76.5921, 39.439] }},
{"zip_code":"21082","country":"US","city":"Hydes","state":"Maryland","state_ab":"MD","county":"Baltimore","geo_location":{ "type": "Point", "coordinates": [-76.4695, 39.474] }},
{"zip_code":"21105","country":"US","city":"Maryland Line","state":"Maryland","state_ab":"MD","county":"Baltimore","geo_location":{ "type": "Point", "coordinates": [-76.6595, 39.7114] }},
{"zip_code":"21208","country":"US","city":"Pikesville","state":"Maryland","state_ab":"MD","county":"Baltimore","geo_location":{ "type": "Point", "coordinates": [-76.729, 39.3764] }},
{"zip_code":"21222","country":"US","city":"Dundalk","state":"Maryland","state_ab":"MD","county":"Baltimore","geo_location":{ "type": "Point", "coordinates": [-76.4935, 39.2655] }},
{"zip_code":"20685","country":"US","city":"Saint Leonard","state":"Maryland","state_ab":"MD","county":"Calvert","geo_location":{ "type": "Point", "coordinates": [-76.511, 38.4501] }},
{"zip_code":"21688","country":"US","city":"Ridgely","state":"Maryland","state_ab":"MD","county":"Caroline","geo_location":{ "type": "Point", "coordinates": [-75.8612, 38.8893] }},
{"zip_code":"21158","country":"US","city":"Westminster","state":"Maryland","state_ab":"MD","county":"Carroll","geo_location":{ "type": "Point", "coordinates": [-77.0294, 39.607] }},
{"zip_code":"21725","country":"US","city":"Detour","state":"Maryland","state_ab":"MD","county":"Carroll County","geo_location":{ "type": "Point", "coordinates": [-77.2483, 39.6147] }},
{"zip_code":"21918","country":"US","city":"Conowingo","state":"Maryland","state_ab":"MD","county":"Cecil","geo_location":{ "type": "Point", "coordinates": [-76.1572, 39.6778] }},
{"zip_code":"20632","country":"US","city":"Faulkner","state":"Maryland","state_ab":"MD","county":"Charles","geo_location":{ "type": "Point", "coordinates": [-76.9729, 38.4382] }},
{"zip_code":"20645","country":"US","city":"Issue","state":"Maryland","state_ab":"MD","county":"Charles","geo_location":{ "type": "Point", "coordinates": [-76.9059, 38.2926] }},
{"zip_code":"20658","country":"US","city":"Marbury","state":"Maryland","state_ab":"MD","county":"Charles","geo_location":{ "type": "Point", "coordinates": [-77.1596, 38.5633] }},
{"zip_code":"21622","country":"US","city":"Church Creek","state":"Maryland","state_ab":"MD","county":"Dorchester","geo_location":{ "type": "Point", "coordinates": [-76.1696, 38.4278] }},
{"zip_code":"21648","country":"US","city":"Madison","state":"Maryland","state_ab":"MD","county":"Dorchester","geo_location":{ "type": "Point", "coordinates": [-76.2412, 38.4782] }},
{"zip_code":"21675","country":"US","city":"Wingate","state":"Maryland","state_ab":"MD","county":"Dorchester","geo_location":{ "type": "Point", "coordinates": [-76.0863, 38.2899] }},
{"zip_code":"21778","country":"US","city":"Rocky Ridge","state":"Maryland","state_ab":"MD","county":"Frederick","geo_location":{ "type": "Point", "coordinates": [-77.3296, 39.6057] }},
{"zip_code":"21792","country":"US","city":"Unionville","state":"Maryland","state_ab":"MD","county":"Frederick","geo_location":{ "type": "Point", "coordinates": [-77.3921, 39.47] }},
{"zip_code":"21015","country":"US","city":"Bel Air","state":"Maryland","state_ab":"MD","county":"Harford","geo_location":{ "type": "Point", "coordinates": [-76.3153, 39.5303] }},
{"zip_code":"21028","country":"US","city":"Churchville","state":"Maryland","state_ab":"MD","county":"Harford","geo_location":{ "type": "Point", "coordinates": [-76.249, 39.5648] }},
{"zip_code":"21132","country":"US","city":"Pylesville","state":"Maryland","state_ab":"MD","county":"Harford","geo_location":{ "type": "Point", "coordinates": [-76.4113, 39.6959] }},
{"zip_code":"21042","country":"US","city":"Ellicott City","state":"Maryland","state_ab":"MD","county":"Howard","geo_location":{ "type": "Point", "coordinates": [-76.8614, 39.2726] }},
{"zip_code":"21738","country":"US","city":"Glenwood","state":"Maryland","state_ab":"MD","county":"Howard","geo_location":{ "type": "Point", "coordinates": [-77.0148, 39.2795] }},
{"zip_code":"21765","country":"US","city":"Lisbon","state":"Maryland","state_ab":"MD","county":"Howard","geo_location":{ "type": "Point", "coordinates": [-77.072, 39.3378] }},
{"zip_code":"21635","country":"US","city":"Galena","state":"Maryland","state_ab":"MD","county":"Kent","geo_location":{ "type": "Point", "coordinates": [-75.8717, 39.3374] }},
{"zip_code":"20812","country":"US","city":"Glen Echo","state":"Maryland","state_ab":"MD","county":"Montgomery","geo_location":{ "type": "Point", "coordinates": [-77.1435, 38.9693] }},
{"zip_code":"20825","country":"US","city":"Chevy Chase","state":"Maryland","state_ab":"MD","county":"Montgomery","geo_location":{ "type": "Point", "coordinates": [-77.2076, 39.144] }},
{"zip_code":"20838","country":"US","city":"Barnesville","state":"Maryland","state_ab":"MD","county":"Montgomery","geo_location":{ "type": "Point", "coordinates": [-77.3764, 39.2233] }},
{"zip_code":"20852","country":"US","city":"Rockville","state":"Maryland","state_ab":"MD","county":"Montgomery","geo_location":{ "type": "Point", "coordinates": [-77.1204, 39.0496] }},
{"zip_code":"20878","country":"US","city":"Gaithersburg","state":"Maryland","state_ab":"MD","county":"Montgomery","geo_location":{ "type": "Point", "coordinates": [-77.2515, 39.1125] }},
{"zip_code":"20892","country":"US","city":"Bethesda","state":"Maryland","state_ab":"MD","county":"Montgomery","geo_location":{ "type": "Point", "coordinates": [-77.1034, 39.0024] }},
{"zip_code":"20902","country":"US","city":"Silver Spring","state":"Maryland","state_ab":"MD","county":"Montgomery","geo_location":{ "type": "Point", "coordinates": [-77.0444, 39.04] }},
{"zip_code":"20915","country":"US","city":"Silver Spring","state":"Maryland","state_ab":"MD","county":"Montgomery","geo_location":{ "type": "Point", "coordinates": [-77.2076, 39.144] }},
{"zip_code":"20708","country":"US","city":"Laurel","state":"Maryland","state_ab":"MD","county":"Prince George's","geo_location":{ "type": "Point", "coordinates": [-76.8345, 39.0499] }},
{"zip_code":"20722","country":"US","city":"Brentwood","state":"Maryland","state_ab":"MD","county":"Prince George's","geo_location":{ "type": "Point", "coordinates": [-76.9531, 38.9407] }},
{"zip_code":"20735","country":"US","city":"Clinton","state":"Maryland","state_ab":"MD","county":"Prince George's","geo_location":{ "type": "Point", "coordinates": [-76.9026, 38.7549] }},
{"zip_code":"20748","country":"US","city":"Temple Hills","state":"Maryland","state_ab":"MD","county":"Prince George's","geo_location":{ "type": "Point", "coordinates": [-76.9478, 38.8222] }},
{"zip_code":"20762","country":"US","city":"Andrews Air Force Base","state":"Maryland","state_ab":"MD","county":"Prince George's","geo_location":{ "type": "Point", "coordinates": [-76.8756, 38.8062] }},
{"zip_code":"20775","country":"US","city":"Upper Marlboro","state":"Maryland","state_ab":"MD","county":"Prince George's","geo_location":{ "type": "Point", "coordinates": [-76.8777, 38.8336] }},
{"zip_code":"20788","country":"US","city":"Hyattsville","state":"Maryland","state_ab":"MD","county":"Prince George's","geo_location":{ "type": "Point", "coordinates": [-76.9509, 38.9694] }},
{"zip_code":"20618","country":"US","city":"Bushwood","state":"Maryland","state_ab":"MD","county":"St. Mary's","geo_location":{ "type": "Point", "coordinates": [-76.7929, 38.2844] }},
{"zip_code":"21868","country":"US","city":"Upper Hill","state":"Maryland","state_ab":"MD","county":"Somerset County","geo_location":{ "type": "Point", "coordinates": [-75.7906, 38.1117] }},
{"zip_code":"21662","country":"US","city":"Royal Oak","state":"Maryland","state_ab":"MD","county":"Talbot","geo_location":{ "type": "Point", "coordinates": [-76.2097, 38.714] }},
{"zip_code":"21802","country":"US","city":"Salisbury","state":"Maryland","state_ab":"MD","county":"Wicomico","geo_location":{ "type": "Point", "coordinates": [-75.6276, 38.3884] }},
{"zip_code":"21842","country":"US","city":"Ocean City","state":"Maryland","state_ab":"MD","county":"Worcester","geo_location":{ "type": "Point", "coordinates": [-75.1138, 38.3811] }},
{"zip_code":"21235","country":"US","city":"Baltimore","state":"Maryland","state_ab":"MD","county":"Baltimore (city)","geo_location":{ "type": "Point", "coordinates": [-76.6205, 39.2847] }},
{"zip_code":"21275","country":"US","city":"Baltimore","state":"Maryland","state_ab":"MD","county":"Baltimore (city)","geo_location":{ "type": "Point", "coordinates": [-76.6205, 39.2847] }},
{"zip_code":"21288","country":"US","city":"Baltimore","state":"Maryland","state_ab":"MD","county":"Baltimore (city)","geo_location":{ "type": "Point", "coordinates": [-76.6205, 39.2847] }},
{"zip_code":"4212","country":"US","city":"Auburn","state":"Maine","state_ab":"ME","county":"Androscoggin","geo_location":{ "type": "Point", "coordinates": [-70.2395, 44.197] }},
{"zip_code":"4252","country":"US","city":"Lisbon Falls","state":"Maine","state_ab":"ME","county":"Androscoggin","geo_location":{ "type": "Point", "coordinates": [-70.0734, 43.9978] }},
{"zip_code":"4742","country":"US","city":"Fort Fairfield","state":"Maine","state_ab":"ME","county":"Aroostook","geo_location":{ "type": "Point", "coordinates": [-67.8402, 46.7623] }},
{"zip_code":"4768","country":"US","city":"Portage","state":"Maine","state_ab":"ME","county":"Aroostook","geo_location":{ "type": "Point", "coordinates": [-68.4877, 46.7753] }},
{"zip_code":"4032","country":"US","city":"Freeport","state":"Maine","state_ab":"ME","county":"Cumberland","geo_location":{ "type": "Point", "coordinates": [-70.1031, 43.857] }},
{"zip_code":"4058","country":"US","city":"North Fryeburg","state":"Maine","state_ab":"ME","county":"Cumberland County","geo_location":{ "type": "Point", "coordinates": [-70.9821, 44.1341] }},
{"zip_code":"4085","country":"US","city":"Steep Falls","state":"Maine","state_ab":"ME","county":"Cumberland","geo_location":{ "type": "Point", "coordinates": [-70.6396, 43.7719] }},
{"zip_code":"4098","country":"US","city":"Westbrook","state":"Maine","state_ab":"ME","county":"Cumberland","geo_location":{ "type": "Point", "coordinates": [-70.4707, 44.4081] }},
{"zip_code":"4108","country":"US","city":"Peaks Island","state":"Maine","state_ab":"ME","county":"Cumberland","geo_location":{ "type": "Point", "coordinates": [-70.194, 43.6589] }},
{"zip_code":"4122","country":"US","city":"Portland","state":"Maine","state_ab":"ME","county":"Cumberland","geo_location":{ "type": "Point", "coordinates": [-70.4707, 44.4081] }},
{"zip_code":"4225","country":"US","city":"Dryden","state":"Maine","state_ab":"ME","county":"Franklin","geo_location":{ "type": "Point", "coordinates": [-70.2265, 44.6027] }},
{"zip_code":"4472","country":"US","city":"Orland","state":"Maine","state_ab":"ME","county":"Hancock","geo_location":{ "type": "Point", "coordinates": [-68.7313, 44.5458] }},
{"zip_code":"4612","country":"US","city":"Bernard","state":"Maine","state_ab":"ME","county":"Hancock","geo_location":{ "type": "Point", "coordinates": [-68.358, 44.2415] }},
{"zip_code":"4625","country":"US","city":"Cranberry Isles","state":"Maine","state_ab":"ME","county":"Hancock","geo_location":{ "type": "Point", "coordinates": [-68.3915, 44.6419] }},
{"zip_code":"4665","country":"US","city":"Otter Creek","state":"Maine","state_ab":"ME","county":"Hancock","geo_location":{ "type": "Point", "coordinates": [-68.3915, 44.6419] }},
{"zip_code":"4678","country":"US","city":"South Gouldsboro","state":"Maine","state_ab":"ME","county":"Hancock County","geo_location":{ "type": "Point", "coordinates": [-68.0304, 44.4716] }},
{"zip_code":"4265","country":"US","city":"North Monmouth","state":"Maine","state_ab":"ME","county":"Kennebec","geo_location":{ "type": "Point", "coordinates": [-70.0367, 44.2753] }},
{"zip_code":"4355","country":"US","city":"Readfield","state":"Maine","state_ab":"ME","county":"Kennebec","geo_location":{ "type": "Point", "coordinates": [-69.9506, 44.4032] }},
{"zip_code":"4935","country":"US","city":"East Vassalboro","state":"Maine","state_ab":"ME","county":"Kennebec","geo_location":{ "type": "Point", "coordinates": [-69.7519, 44.4141] }},
{"zip_code":"4962","country":"US","city":"North Vassalboro","state":"Maine","state_ab":"ME","county":"Kennebec","geo_location":{ "type": "Point", "coordinates": [-69.5781, 44.4777] }},
{"zip_code":"4858","country":"US","city":"South Thomaston","state":"Maine","state_ab":"ME","county":"Knox","geo_location":{ "type": "Point", "coordinates": [-69.1359, 44.0378] }},
{"zip_code":"4342","country":"US","city":"Dresden","state":"Maine","state_ab":"ME","county":"Lincoln","geo_location":{ "type": "Point", "coordinates": [-69.7457, 44.0785] }},
{"zip_code":"4535","country":"US","city":"Alna","state":"Maine","state_ab":"ME","county":"Lincoln","geo_location":{ "type": "Point", "coordinates": [-69.6344, 44.0878] }},
{"zip_code":"4575","country":"US","city":"West Boothbay Harbor","state":"Maine","state_ab":"ME","county":"Lincoln","geo_location":{ "type": "Point", "coordinates": [-69.6608, 43.8545] }},
{"zip_code":"4638","country":"US","city":"Grove","state":"Maine","state_ab":"ME","county":"Lincoln County","geo_location":{ "type": "Point", "coordinates": [-67.4328, 45.0] }},
{"zip_code":"4238","country":"US","city":"Hebron","state":"Maine","state_ab":"ME","county":"Oxford","geo_location":{ "type": "Point", "coordinates": [-70.3754, 44.2021] }},
{"zip_code":"4278","country":"US","city":"Rumford Center","state":"Maine","state_ab":"ME","county":"Oxford","geo_location":{ "type": "Point", "coordinates": [-70.568, 44.377] }},
{"zip_code":"4292","country":"US","city":"Sumner","state":"Maine","state_ab":"ME","county":"Oxford","geo_location":{ "type": "Point", "coordinates": [-70.4469, 44.374] }},
{"zip_code":"4418","country":"US","city":"Cardville","state":"Maine","state_ab":"ME","county":"Penobscot","geo_location":{ "type": "Point", "coordinates": [-68.6033, 45.0776] }},
{"zip_code":"4782","country":"US","city":"Stacyville","state":"Maine","state_ab":"ME","county":"Penobscot","geo_location":{ "type": "Point", "coordinates": [-68.6474, 45.5199] }},
{"zip_code":"4485","country":"US","city":"Shirley Mills","state":"Maine","state_ab":"ME","county":"Piscataquis","geo_location":{ "type": "Point", "coordinates": [-69.6202, 45.3609] }},
{"zip_code":"4548","country":"US","city":"Georgetown","state":"Maine","state_ab":"ME","county":"Sagadahoc","geo_location":{ "type": "Point", "coordinates": [-69.7453, 43.8054] }},
{"zip_code":"4562","country":"US","city":"Phippsburg","state":"Maine","state_ab":"ME","county":"Sagadahoc","geo_location":{ "type": "Point", "coordinates": [-69.815, 43.7688] }},
{"zip_code":"4458","country":"US","city":"Lincoln Center","state":"Maine","state_ab":"ME","county":"Somerset County","geo_location":{ "type": "Point", "coordinates": [-68.4552, 45.4235] }},
{"zip_code":"4975","country":"US","city":"Shawmut","state":"Maine","state_ab":"ME","county":"Somerset","geo_location":{ "type": "Point", "coordinates": [-69.5869, 44.6245] }},
{"zip_code":"4922","country":"US","city":"Burnham","state":"Maine","state_ab":"ME","county":"Waldo","geo_location":{ "type": "Point", "coordinates": [-69.38, 44.6848] }},
{"zip_code":"4988","country":"US","city":"Unity","state":"Maine","state_ab":"ME","county":"Waldo","geo_location":{ "type": "Point", "coordinates": [-69.3328, 44.6007] }},
{"zip_code":"4652","country":"US","city":"Lubec","state":"Maine","state_ab":"ME","county":"Washington","geo_location":{ "type": "Point", "coordinates": [-67.0408, 44.9043] }},
{"zip_code":"4692","country":"US","city":"Whitneyville","state":"Maine","state_ab":"ME","county":"Washington County","geo_location":{ "type": "Point", "coordinates": [-67.5222, 44.7216] }},
{"zip_code":"3905","country":"US","city":"Kittery Point","state":"Maine","state_ab":"ME","county":"York","geo_location":{ "type": "Point", "coordinates": [-70.7121, 43.0976] }},
{"zip_code":"4005","country":"US","city":"Biddeford","state":"Maine","state_ab":"ME","county":"York","geo_location":{ "type": "Point", "coordinates": [-70.4883, 43.4935] }},
{"zip_code":"4072","country":"US","city":"Saco","state":"Maine","state_ab":"ME","county":"York","geo_location":{ "type": "Point", "coordinates": [-70.4546, 43.5209] }},
{"zip_code":"48728","country":"US","city":"Curran","state":"Michigan","state_ab":"MI","county":"Alcona","geo_location":{ "type": "Point", "coordinates": [-83.832, 44.7336] }},
{"zip_code":"48742","country":"US","city":"Lincoln","state":"Michigan","state_ab":"MI","county":"Alcona","geo_location":{ "type": "Point", "coordinates": [-83.3947, 44.7111] }},
{"zip_code":"49822","country":"US","city":"Deerton","state":"Michigan","state_ab":"MI","county":"Alger","geo_location":{ "type": "Point", "coordinates": [-87.0497, 46.427] }},
{"zip_code":"49862","country":"US","city":"Munising","state":"Michigan","state_ab":"MI","county":"Alger","geo_location":{ "type": "Point", "coordinates": [-86.6983, 46.3994] }},
{"zip_code":"49408","country":"US","city":"Fennville","state":"Michigan","state_ab":"MI","county":"Allegan","geo_location":{ "type": "Point", "coordinates": [-86.1249, 42.5777] }},
{"zip_code":"49615","country":"US","city":"Bellaire","state":"Michigan","state_ab":"MI","county":"Antrim","geo_location":{ "type": "Point", "coordinates": [-85.2265, 44.9765] }},
{"zip_code":"49035","country":"US","city":"Cloverdale","state":"Michigan","state_ab":"MI","county":"Barry","geo_location":{ "type": "Point", "coordinates": [-85.3086, 42.5951] }},
{"zip_code":"49628","country":"US","city":"Elberta","state":"Michigan","state_ab":"MI","county":"Benzie","geo_location":{ "type": "Point", "coordinates": [-86.2141, 44.5995] }},
{"zip_code":"49022","country":"US","city":"Benton Harbor","state":"Michigan","state_ab":"MI","county":"Berrien","geo_location":{ "type": "Point", "coordinates": [-86.4234, 42.1086] }},
{"zip_code":"49125","country":"US","city":"Sawyer","state":"Michigan","state_ab":"MI","county":"Berrien","geo_location":{ "type": "Point", "coordinates": [-86.5885, 41.8829] }},
{"zip_code":"49255","country":"US","city":"Montgomery","state":"Michigan","state_ab":"MI","county":"Branch","geo_location":{ "type": "Point", "coordinates": [-84.8496, 41.7928] }},
{"zip_code":"49112","country":"US","city":"Edwardsburg","state":"Michigan","state_ab":"MI","county":"Cass","geo_location":{ "type": "Point", "coordinates": [-86.0263, 41.7913] }},
{"zip_code":"49705","country":"US","city":"Afton","state":"Michigan","state_ab":"MI","county":"Cheboygan","geo_location":{ "type": "Point", "coordinates": [-84.4695, 45.3637] }},
{"zip_code":"49785","country":"US","city":"Kincheloe","state":"Michigan","state_ab":"MI","county":"Chippewa","geo_location":{ "type": "Point", "coordinates": [-84.4054, 46.1815] }},
{"zip_code":"48625","country":"US","city":"Harrison","state":"Michigan","state_ab":"MI","county":"Clare","geo_location":{ "type": "Point", "coordinates": [-84.7729, 44.0285] }},
{"zip_code":"49835","country":"US","city":"Garden","state":"Michigan","state_ab":"MI","county":"Delta","geo_location":{ "type": "Point", "coordinates": [-86.5776, 45.7549] }},
{"zip_code":"48908","country":"US","city":"Lansing","state":"Michigan","state_ab":"MI","county":"Eaton","geo_location":{ "type": "Point", "coordinates": [-84.8382, 42.5961] }},
{"zip_code":"49718","country":"US","city":"Carp Lake","state":"Michigan","state_ab":"MI","county":"Emmet","geo_location":{ "type": "Point", "coordinates": [-84.7735, 45.7424] }},
{"zip_code":"48458","country":"US","city":"Mount Morris","state":"Michigan","state_ab":"MI","county":"Genesee","geo_location":{ "type": "Point", "coordinates": [-83.6895, 43.116] }},
{"zip_code":"48612","country":"US","city":"Beaverton","state":"Michigan","state_ab":"MI","county":"Gladwin","geo_location":{ "type": "Point", "coordinates": [-84.4241, 43.8866] }},
{"zip_code":"48638","country":"US","city":"Saginaw","state":"Michigan","state_ab":"MI","county":"Gladwin County","geo_location":{ "type": "Point", "coordinates": [-84.0091, 43.4343] }},
{"zip_code":"48652","country":"US","city":"Rhodes","state":"Michigan","state_ab":"MI","county":"Gladwin","geo_location":{ "type": "Point", "coordinates": [-84.2134, 43.8517] }},
{"zip_code":"49938","country":"US","city":"Ironwood","state":"Michigan","state_ab":"MI","county":"Gogebic","geo_location":{ "type": "Point", "coordinates": [-90.1588, 46.4638] }},
{"zip_code":"48832","country":"US","city":"Elwell","state":"Michigan","state_ab":"MI","county":"Gratiot","geo_location":{ "type": "Point", "coordinates": [-84.7631, 43.4106] }},
{"zip_code":"49242","country":"US","city":"Hillsdale","state":"Michigan","state_ab":"MI","county":"Hillsdale","geo_location":{ "type": "Point", "coordinates": [-84.6208, 41.924] }},
{"zip_code":"49282","country":"US","city":"Somerset Center","state":"Michigan","state_ab":"MI","county":"Hillsdale","geo_location":{ "type": "Point", "coordinates": [-84.406, 42.0388] }},
{"zip_code":"49952","country":"US","city":"Nisula","state":"Michigan","state_ab":"MI","county":"Houghton","geo_location":{ "type": "Point", "coordinates": [-88.8799, 46.7748] }},
{"zip_code":"49965","country":"US","city":"Toivola","state":"Michigan","state_ab":"MI","county":"Houghton","geo_location":{ "type": "Point", "coordinates": [-88.8532, 46.9109] }},
{"zip_code":"48432","country":"US","city":"Filion","state":"Michigan","state_ab":"MI","county":"Huron","geo_location":{ "type": "Point", "coordinates": [-82.9825, 43.9014] }},
{"zip_code":"48445","country":"US","city":"Kinde","state":"Michigan","state_ab":"MI","county":"Huron","geo_location":{ "type": "Point", "coordinates": [-82.9755, 43.948] }},
{"zip_code":"48755","country":"US","city":"Pigeon","state":"Michigan","state_ab":"MI","county":"Huron","geo_location":{ "type": "Point", "coordinates": [-83.2755, 43.8179] }},
{"zip_code":"48805","country":"US","city":"Okemos","state":"Michigan","state_ab":"MI","county":"Ingham","geo_location":{ "type": "Point", "coordinates": [-84.372, 42.5992] }},
{"zip_code":"48922","country":"US","city":"Lansing","state":"Michigan","state_ab":"MI","county":"Ingham","geo_location":{ "type": "Point", "coordinates": [-84.5587, 42.7325] }},
{"zip_code":"48845","country":"US","city":"Hubbardston","state":"Michigan","state_ab":"MI","county":"Ionia","geo_location":{ "type": "Point", "coordinates": [-84.8173, 43.0828] }},
{"zip_code":"48858","country":"US","city":"Mount Pleasant","state":"Michigan","state_ab":"MI","county":"Isabella","geo_location":{ "type": "Point", "coordinates": [-84.7736, 43.6013] }},
{"zip_code":"49202","country":"US","city":"Jackson","state":"Michigan","state_ab":"MI","county":"Jackson","geo_location":{ "type": "Point", "coordinates": [-84.4083, 42.2634] }},
{"zip_code":"49008","country":"US","city":"Kalamazoo","state":"Michigan","state_ab":"MI","county":"Kalamazoo","geo_location":{ "type": "Point", "coordinates": [-85.6096, 42.2624] }},
{"zip_code":"49048","country":"US","city":"Kalamazoo","state":"Michigan","state_ab":"MI","county":"Kalamazoo","geo_location":{ "type": "Point", "coordinates": [-85.5152, 42.3189] }},
{"zip_code":"49088","country":"US","city":"Scotts","state":"Michigan","state_ab":"MI","county":"Kalamazoo","geo_location":{ "type": "Point", "coordinates": [-85.4685, 42.1819] }},
{"zip_code":"49345","country":"US","city":"Sparta","state":"Michigan","state_ab":"MI","county":"Kent","geo_location":{ "type": "Point", "coordinates": [-85.6877, 43.1619] }},
{"zip_code":"49512","country":"US","city":"Grand Rapids","state":"Michigan","state_ab":"MI","county":"Kent","geo_location":{ "type": "Point", "coordinates": [-85.5352, 42.8802] }},
{"zip_code":"49525","country":"US","city":"Grand Rapids","state":"Michigan","state_ab":"MI","county":"Kent","geo_location":{ "type": "Point", "coordinates": [-85.6027, 43.0135] }},
{"zip_code":"49642","country":"US","city":"Idlewild","state":"Michigan","state_ab":"MI","county":"Lake","geo_location":{ "type": "Point", "coordinates": [-85.7759, 43.8872] }},
{"zip_code":"49682","country":"US","city":"Suttons Bay","state":"Michigan","state_ab":"MI","county":"Leelanau","geo_location":{ "type": "Point", "coordinates": [-85.6423, 44.9656] }},
{"zip_code":"49228","country":"US","city":"Blissfield","state":"Michigan","state_ab":"MI","county":"Lenawee","geo_location":{ "type": "Point", "coordinates": [-83.8773, 41.8276] }},
{"zip_code":"49268","country":"US","city":"Palmyra","state":"Michigan","state_ab":"MI","county":"Lenawee","geo_location":{ "type": "Point", "coordinates": [-83.9263, 41.8729] }},
{"zip_code":"49745","country":"US","city":"Hessel","state":"Michigan","state_ab":"MI","county":"Mackinac","geo_location":{ "type": "Point", "coordinates": [-84.4284, 46.0217] }},
{"zip_code":"48005","country":"US","city":"Armada","state":"Michigan","state_ab":"MI","county":"Macomb","geo_location":{ "type": "Point", "coordinates": [-82.8899, 42.8409] }},
{"zip_code":"48045","country":"US","city":"Harrison Township","state":"Michigan","state_ab":"MI","county":"Macomb","geo_location":{ "type": "Point", "coordinates": [-82.8215, 42.5877] }},
{"zip_code":"48315","country":"US","city":"Utica","state":"Michigan","state_ab":"MI","county":"Macomb","geo_location":{ "type": "Point", "coordinates": [-82.9988, 42.671] }},
{"zip_code":"3882","country":"US","city":"South Effingham","state":"New Hampshire","state_ab":"NH","county":"Carroll","geo_location":{ "type": "Point", "coordinates": [-71.0021, 43.7212] }},
{"zip_code":"3455","country":"US","city":"Marlborough","state":"New Hampshire","state_ab":"NH","county":"Cheshire","geo_location":{ "type": "Point", "coordinates": [-72.2013, 42.8988] }},
{"zip_code":"3608","country":"US","city":"Walpole","state":"New Hampshire","state_ab":"NH","county":"Cheshire","geo_location":{ "type": "Point", "coordinates": [-72.4155, 43.0765] }},
{"zip_code":"3598","country":"US","city":"Whitefield","state":"New Hampshire","state_ab":"NH","county":"Coos","geo_location":{ "type": "Point", "coordinates": [-71.6035, 44.3681] }},
{"zip_code":"3222","country":"US","city":"Bristol","state":"New Hampshire","state_ab":"NH","county":"Grafton","geo_location":{ "type": "Point", "coordinates": [-71.7507, 43.612] }},
{"zip_code":"3262","country":"US","city":"North Woodstock","state":"New Hampshire","state_ab":"NH","county":"Grafton","geo_location":{ "type": "Point", "coordinates": [-71.6863, 44.0354] }},
{"zip_code":"3585","country":"US","city":"Lisbon","state":"New Hampshire","state_ab":"NH","county":"Grafton","geo_location":{ "type": "Point", "coordinates": [-71.8966, 44.2148] }},
{"zip_code":"3765","country":"US","city":"Haverhill","state":"New Hampshire","state_ab":"NH","county":"Grafton","geo_location":{ "type": "Point", "coordinates": [-72.0573, 44.0394] }},
{"zip_code":"3055","country":"US","city":"Milford","state":"New Hampshire","state_ab":"NH","county":"Hillsborough","geo_location":{ "type": "Point", "coordinates": [-71.6606, 42.8285] }},
{"zip_code":"3082","country":"US","city":"Lyndeborough","state":"New Hampshire","state_ab":"NH","county":"Hillsborough","geo_location":{ "type": "Point", "coordinates": [-71.7744, 42.8954] }},
{"zip_code":"3105","country":"US","city":"Manchester","state":"New Hampshire","state_ab":"NH","county":"Hillsborough","geo_location":{ "type": "Point", "coordinates": [-71.6539, 42.9521] }},
{"zip_code":"3442","country":"US","city":"Bennington","state":"New Hampshire","state_ab":"NH","county":"Hillsborough","geo_location":{ "type": "Point", "coordinates": [-71.9153, 43.0103] }},
{"zip_code":"3468","country":"US","city":"West Peterborough","state":"New Hampshire","state_ab":"NH","county":"Hillsborough","geo_location":{ "type": "Point", "coordinates": [-71.9334, 42.8908] }},
{"zip_code":"3235","country":"US","city":"Franklin","state":"New Hampshire","state_ab":"NH","county":"Merrimack","geo_location":{ "type": "Point", "coordinates": [-71.6491, 43.4426] }},
{"zip_code":"3275","country":"US","city":"Suncook","state":"New Hampshire","state_ab":"NH","county":"Merrimack","geo_location":{ "type": "Point", "coordinates": [-71.4179, 43.1604] }},
{"zip_code":"3042","country":"US","city":"Epping","state":"New Hampshire","state_ab":"NH","county":"Rockingham","geo_location":{ "type": "Point", "coordinates": [-71.0764, 43.0411] }},
{"zip_code":"3802","country":"US","city":"Portsmouth","state":"New Hampshire","state_ab":"NH","county":"Rockingham","geo_location":{ "type": "Point", "coordinates": [-71.0132, 43.0059] }},
{"zip_code":"3842","country":"US","city":"Hampton","state":"New Hampshire","state_ab":"NH","county":"Rockingham","geo_location":{ "type": "Point", "coordinates": [-70.8243, 42.9359] }},
{"zip_code":"3815","country":"US","city":"Center Strafford","state":"New Hampshire","state_ab":"NH","county":"Strafford","geo_location":{ "type": "Point", "coordinates": [-71.1071, 43.2629] }},
{"zip_code":"3855","country":"US","city":"New Durham","state":"New Hampshire","state_ab":"NH","county":"Strafford","geo_location":{ "type": "Point", "coordinates": [-71.1408, 43.443] }},
{"zip_code":"3868","country":"US","city":"Rochester","state":"New Hampshire","state_ab":"NH","county":"Strafford","geo_location":{ "type": "Point", "coordinates": [-70.9413, 43.32] }},
{"zip_code":"3752","country":"US","city":"Goshen","state":"New Hampshire","state_ab":"NH","county":"Sullivan","geo_location":{ "type": "Point", "coordinates": [-72.1241, 43.3026] }},
{"zip_code":"8225","country":"US","city":"Northfield","state":"New Jersey","state_ab":"NJ","county":"Atlantic","geo_location":{ "type": "Point", "coordinates": [-74.5552, 39.3703] }},
{"zip_code":"8342","country":"US","city":"Mizpah","state":"New Jersey","state_ab":"NJ","county":"Atlantic","geo_location":{ "type": "Point", "coordinates": [-74.8335, 39.5021] }},
{"zip_code":"8405","country":"US","city":"Atlantic City","state":"New Jersey","state_ab":"NJ","county":"Atlantic","geo_location":{ "type": "Point", "coordinates": [-74.6086, 39.5092] }},
{"zip_code":"7495","country":"US","city":"Mahwah","state":"New Jersey","state_ab":"NJ","county":"Bergen","geo_location":{ "type": "Point", "coordinates": [-74.1644, 41.1039] }},
{"zip_code":"7608","country":"US","city":"Teterboro","state":"New Jersey","state_ab":"NJ","county":"Bergen","geo_location":{ "type": "Point", "coordinates": [-74.0556, 40.864] }},
{"zip_code":"7648","country":"US","city":"Norwood","state":"New Jersey","state_ab":"NJ","county":"Bergen","geo_location":{ "type": "Point", "coordinates": [-73.9582, 40.9952] }},
{"zip_code":"7662","country":"US","city":"Rochelle Park","state":"New Jersey","state_ab":"NJ","county":"Bergen","geo_location":{ "type": "Point", "coordinates": [-74.079, 40.9057] }},
{"zip_code":"7675","country":"US","city":"Westwood","state":"New Jersey","state_ab":"NJ","county":"Bergen","geo_location":{ "type": "Point", "coordinates": [-74.0041, 41.0092] }},
{"zip_code":"7688","country":"US","city":"Teaneck","state":"New Jersey","state_ab":"NJ","county":"Bergen","geo_location":{ "type": "Point", "coordinates": [-74.0832, 40.9481] }},
{"zip_code":"8562","country":"US","city":"Wrightstown","state":"New Jersey","state_ab":"NJ","county":"Burlington","geo_location":{ "type": "Point", "coordinates": [-74.5731, 40.072] }},
{"zip_code":"8018","country":"US","city":"Cedar Brook","state":"New Jersey","state_ab":"NJ","county":"Camden","geo_location":{ "type": "Point", "coordinates": [-74.9383, 39.8024] }},
{"zip_code":"8045","country":"US","city":"Lawnside","state":"New Jersey","state_ab":"NJ","county":"Camden","geo_location":{ "type": "Point", "coordinates": [-75.0317, 39.8676] }},
{"zip_code":"8108","country":"US","city":"Collingswood","state":"New Jersey","state_ab":"NJ","county":"Camden","geo_location":{ "type": "Point", "coordinates": [-75.0634, 39.9157] }},
{"zip_code":"8212","country":"US","city":"Cape May Point","state":"New Jersey","state_ab":"NJ","county":"Cape May","geo_location":{ "type": "Point", "coordinates": [-74.9654, 38.9372] }},
{"zip_code":"8252","country":"US","city":"Whitesboro","state":"New Jersey","state_ab":"NJ","county":"Cape May","geo_location":{ "type": "Point", "coordinates": [-74.8618, 39.0421] }},
{"zip_code":"8302","country":"US","city":"Bridgeton","state":"New Jersey","state_ab":"NJ","county":"Cumberland","geo_location":{ "type": "Point", "coordinates": [-75.1617, 39.3762] }},
{"zip_code":"8315","country":"US","city":"Dividing Creek","state":"New Jersey","state_ab":"NJ","county":"Cumberland","geo_location":{ "type": "Point", "coordinates": [-75.095, 39.2732] }},
{"zip_code":"7028","country":"US","city":"Glen Ridge","state":"New Jersey","state_ab":"NJ","county":"Essex","geo_location":{ "type": "Point", "coordinates": [-74.2055, 40.804] }},
{"zip_code":"7042","country":"US","city":"Montclair","state":"New Jersey","state_ab":"NJ","county":"Essex","geo_location":{ "type": "Point", "coordinates": [-74.2165, 40.8131] }},
{"zip_code":"7068","country":"US","city":"Roseland","state":"New Jersey","state_ab":"NJ","county":"Essex","geo_location":{ "type": "Point", "coordinates": [-74.3047, 40.8203] }},
{"zip_code":"7105","country":"US","city":"Newark","state":"New Jersey","state_ab":"NJ","county":"Essex","geo_location":{ "type": "Point", "coordinates": [-74.1563, 40.7271] }},
{"zip_code":"7198","country":"US","city":"Newark","state":"New Jersey","state_ab":"NJ","county":"Essex","geo_location":{ "type": "Point", "coordinates": [-74.2452, 40.7918] }},
{"zip_code":"8032","country":"US","city":"Grenloch","state":"New Jersey","state_ab":"NJ","county":"Gloucester","geo_location":{ "type": "Point", "coordinates": [-75.0601, 39.7788] }},
{"zip_code":"8085","country":"US","city":"Swedesboro","state":"New Jersey","state_ab":"NJ","county":"Gloucester","geo_location":{ "type": "Point", "coordinates": [-75.3362, 39.7529] }},
{"zip_code":"8328","country":"US","city":"Malaga","state":"New Jersey","state_ab":"NJ","county":"Gloucester","geo_location":{ "type": "Point", "coordinates": [-75.0582, 39.5755] }},
{"zip_code":"7002","country":"US","city":"Bayonne","state":"New Jersey","state_ab":"NJ","county":"Hudson","geo_location":{ "type": "Point", "coordinates": [-74.1192, 40.6664] }},
{"zip_code":"8858","country":"US","city":"Oldwick","state":"New Jersey","state_ab":"NJ","county":"Hunterdon","geo_location":{ "type": "Point", "coordinates": [-74.7525, 40.6918] }},
{"zip_code":"8885","country":"US","city":"Stanton","state":"New Jersey","state_ab":"NJ","county":"Hunterdon","geo_location":{ "type": "Point", "coordinates": [-74.8311, 40.5764] }},
{"zip_code":"8625","country":"US","city":"Trenton","state":"New Jersey","state_ab":"NJ","county":"Mercer","geo_location":{ "type": "Point", "coordinates": [-74.712, 40.2805] }},
{"zip_code":"8638","country":"US","city":"Trenton","state":"New Jersey","state_ab":"NJ","county":"Mercer","geo_location":{ "type": "Point", "coordinates": [-74.7627, 40.251] }},
{"zip_code":"7095","country":"US","city":"Woodbridge","state":"New Jersey","state_ab":"NJ","county":"Middlesex","geo_location":{ "type": "Point", "coordinates": [-74.2845, 40.556] }},
{"zip_code":"8818","country":"US","city":"Edison","state":"New Jersey","state_ab":"NJ","county":"Middlesex","geo_location":{ "type": "Point", "coordinates": [-74.4173, 40.43] }},
{"zip_code":"8832","country":"US","city":"Keasbey","state":"New Jersey","state_ab":"NJ","county":"Middlesex","geo_location":{ "type": "Point", "coordinates": [-74.3021, 40.5192] }},
{"zip_code":"8872","country":"US","city":"Sayreville","state":"New Jersey","state_ab":"NJ","county":"Middlesex","geo_location":{ "type": "Point", "coordinates": [-74.3478, 40.46] }},
{"zip_code":"8922","country":"US","city":"New Brunswick","state":"New Jersey","state_ab":"NJ","county":"Middlesex","geo_location":{ "type": "Point", "coordinates": [-74.4173, 40.43] }},
{"zip_code":"8988","country":"US","city":"New Brunswick","state":"New Jersey","state_ab":"NJ","county":"Middlesex","geo_location":{ "type": "Point", "coordinates": [-74.4173, 40.43] }},
{"zip_code":"7712","country":"US","city":"Asbury Park","state":"New Jersey","state_ab":"NJ","county":"Monmouth","geo_location":{ "type": "Point", "coordinates": [-74.0486, 40.2507] }},
{"zip_code":"7738","country":"US","city":"Lincroft","state":"New Jersey","state_ab":"NJ","county":"Monmouth","geo_location":{ "type": "Point", "coordinates": [-74.1205, 40.3369] }},
{"zip_code":"7752","country":"US","city":"Navesink","state":"New Jersey","state_ab":"NJ","county":"Monmouth","geo_location":{ "type": "Point", "coordinates": [-74.0273, 40.4023] }},
{"zip_code":"7765","country":"US","city":"Wickatunk","state":"New Jersey","state_ab":"NJ","county":"Monmouth","geo_location":{ "type": "Point", "coordinates": [-74.2493, 40.3027] }},
{"zip_code":"8535","country":"US","city":"Perrineville","state":"New Jersey","state_ab":"NJ","county":"Monmouth","geo_location":{ "type": "Point", "coordinates": [-74.4404, 40.215] }},
{"zip_code":"7082","country":"US","city":"Towaco","state":"New Jersey","state_ab":"NJ","county":"Morris","geo_location":{ "type": "Point", "coordinates": [-74.3428, 40.9277] }},
{"zip_code":"7802","country":"US","city":"Dover","state":"New Jersey","state_ab":"NJ","county":"Morris","geo_location":{ "type": "Point", "coordinates": [-74.5783, 40.8673] }},
{"zip_code":"7828","country":"US","city":"Budd Lake","state":"New Jersey","state_ab":"NJ","county":"Morris","geo_location":{ "type": "Point", "coordinates": [-74.7426, 40.8731] }},
{"zip_code":"7842","country":"US","city":"Hibernia","state":"New Jersey","state_ab":"NJ","county":"Morris","geo_location":{ "type": "Point", "coordinates": [-74.5783, 40.8673] }},
{"zip_code":"7932","country":"US","city":"Florham Park","state":"New Jersey","state_ab":"NJ","county":"Morris","geo_location":{ "type": "Point", "coordinates": [-74.3928, 40.7757] }},
{"zip_code":"7945","country":"US","city":"Mendham","state":"New Jersey","state_ab":"NJ","county":"Morris","geo_location":{ "type": "Point", "coordinates": [-74.6, 40.7789] }},
{"zip_code":"8005","country":"US","city":"Barnegat","state":"New Jersey","state_ab":"NJ","county":"Ocean","geo_location":{ "type": "Point", "coordinates": [-74.247, 39.7552] }},
{"zip_code":"8742","country":"US","city":"Point Pleasant Beach","state":"New Jersey","state_ab":"NJ","county":"Ocean","geo_location":{ "type": "Point", "coordinates": [-74.0595, 40.0806] }},
{"zip_code":"8755","country":"US","city":"Toms River","state":"New Jersey","state_ab":"NJ","county":"Ocean","geo_location":{ "type": "Point", "coordinates": [-74.2228, 39.9999] }},
{"zip_code":"7015","country":"US","city":"Clifton","state":"New Jersey","state_ab":"NJ","county":"Passaic","geo_location":{ "type": "Point", "coordinates": [-74.3048, 41.0114] }},
{"zip_code":"7055","country":"US","city":"Passaic","state":"New Jersey","state_ab":"NJ","county":"Passaic","geo_location":{ "type": "Point", "coordinates": [-74.1283, 40.8601] }},
{"zip_code":"7442","country":"US","city":"Pompton Lakes","state":"New Jersey","state_ab":"NJ","county":"Passaic","geo_location":{ "type": "Point", "coordinates": [-74.2876, 40.9993] }},
{"zip_code":"7505","country":"US","city":"Paterson","state":"New Jersey","state_ab":"NJ","county":"Passaic","geo_location":{ "type": "Point", "coordinates": [-74.174, 40.9166] }},
{"zip_code":"8072","country":"US","city":"Quinton","state":"New Jersey","state_ab":"NJ","county":"Salem","geo_location":{ "type": "Point", "coordinates": [-75.3837, 39.5411] }},
{"zip_code":"8098","country":"US","city":"Woodstown","state":"New Jersey","state_ab":"NJ","county":"Salem","geo_location":{ "type": "Point", "coordinates": [-75.3248, 39.6457] }},
{"zip_code":"8805","country":"US","city":"Bound Brook","state":"New Jersey","state_ab":"NJ","county":"Somerset","geo_location":{ "type": "Point", "coordinates": [-74.5397, 40.5681] }},
{"zip_code":"7428","country":"US","city":"Mc Afee","state":"New Jersey","state_ab":"NJ","county":"Sussex","geo_location":{ "type": "Point", "coordinates": [-74.5381, 41.2065] }},
{"zip_code":"7855","country":"US","city":"Middleville","state":"New Jersey","state_ab":"NJ","county":"Sussex","geo_location":{ "type": "Point", "coordinates": [-74.679, 41.1283] }}]}