{"value": [{"zip_code":"61422","country":"US","city":"Bushnell","state":"Illinois","state_ab":"IL","county":"McDonough","geo_location":{ "type": "Point", "coordinates": [-90.506, 40.5539] }},
{"zip_code":"61475","country":"US","city":"Sciota","state":"Illinois","state_ab":"IL","county":"McDonough","geo_location":{ "type": "Point", "coordinates": [-90.7316, 40.5832] }},
{"zip_code":"60072","country":"US","city":"Ringwood","state":"Illinois","state_ab":"IL","county":"McHenry","geo_location":{ "type": "Point", "coordinates": [-88.3054, 42.4048] }},
{"zip_code":"60098","country":"US","city":"Woodstock","state":"Illinois","state_ab":"IL","county":"McHenry","geo_location":{ "type": "Point", "coordinates": [-88.4477, 42.3198] }},
{"zip_code":"61705","country":"US","city":"Bloomington","state":"Illinois","state_ab":"IL","county":"McLean","geo_location":{ "type": "Point", "coordinates": [-89.067, 40.44] }},
{"zip_code":"66285","country":"US","city":"Shawnee Mission","state":"Kansas","state_ab":"KS","county":"Johnson","geo_location":{ "type": "Point", "coordinates": [-94.832, 38.8999] }},
{"zip_code":"67068","country":"US","city":"Kingman","state":"Kansas","state_ab":"KS","county":"Kingman","geo_location":{ "type": "Point", "coordinates": [-98.1304, 37.5964] }},
{"zip_code":"67118","country":"US","city":"Norwich","state":"Kansas","state_ab":"KS","county":"Kingman","geo_location":{ "type": "Point", "coordinates": [-97.8662, 37.4501] }},
{"zip_code":"66052","country":"US","city":"Linwood","state":"Kansas","state_ab":"KS","county":"Leavenworth","geo_location":{ "type": "Point", "coordinates": [-94.9914, 39.0206] }},
{"zip_code":"67455","country":"US","city":"Lincoln","state":"Kansas","state_ab":"KS","county":"Lincoln","geo_location":{ "type": "Point", "coordinates": [-98.2149, 39.1027] }},
{"zip_code":"66865","country":"US","city":"Olpe","state":"Kansas","state_ab":"KS","county":"Lyon","geo_location":{ "type": "Point", "coordinates": [-96.1891, 38.2578] }},
{"zip_code":"67428","country":"US","city":"Canton","state":"Kansas","state_ab":"KS","county":"McPherson","geo_location":{ "type": "Point", "coordinates": [-97.4291, 38.3858] }},
{"zip_code":"66412","country":"US","city":"Bremen","state":"Kansas","state_ab":"KS","county":"Marshall","geo_location":{ "type": "Point", "coordinates": [-96.7458, 39.8775] }},
{"zip_code":"66438","country":"US","city":"Home","state":"Kansas","state_ab":"KS","county":"Marshall","geo_location":{ "type": "Point", "coordinates": [-96.5063, 39.8488] }},
{"zip_code":"66555","country":"US","city":"Marysville","state":"Kansas","state_ab":"KS","county":"Marshall","geo_location":{ "type": "Point", "coordinates": [-96.5228, 39.7838] }},
{"zip_code":"66838","country":"US","city":"Burdick","state":"Kansas","state_ab":"KS","county":"Morris","geo_location":{ "type": "Point", "coordinates": [-96.8396, 38.5674] }},
{"zip_code":"66775","country":"US","city":"Stark","state":"Kansas","state_ab":"KS","county":"Neosho","geo_location":{ "type": "Point", "coordinates": [-95.1388, 37.6811] }},
{"zip_code":"67518","country":"US","city":"Beeler","state":"Kansas","state_ab":"KS","county":"Ness","geo_location":{ "type": "Point", "coordinates": [-100.171, 38.4811] }},
{"zip_code":"67572","country":"US","city":"Ransom","state":"Kansas","state_ab":"KS","county":"Ness","geo_location":{ "type": "Point", "coordinates": [-99.9267, 38.64] }},
{"zip_code":"67622","country":"US","city":"Almena","state":"Kansas","state_ab":"KS","county":"Norton","geo_location":{ "type": "Point", "coordinates": [-99.7042, 39.8891] }},
{"zip_code":"66528","country":"US","city":"Quenemo","state":"Kansas","state_ab":"KS","county":"Osage","geo_location":{ "type": "Point", "coordinates": [-95.5362, 38.5785] }},
{"zip_code":"67028","country":"US","city":"Coats","state":"Kansas","state_ab":"KS","county":"Pratt","geo_location":{ "type": "Point", "coordinates": [-98.8504, 37.5125] }},
{"zip_code":"67505","country":"US","city":"South Hutchinson","state":"Kansas","state_ab":"KS","county":"Reno","geo_location":{ "type": "Point", "coordinates": [-97.9431, 38.0282] }},
{"zip_code":"67585","country":"US","city":"Yoder","state":"Kansas","state_ab":"KS","county":"Reno","geo_location":{ "type": "Point", "coordinates": [-97.8711, 37.9412] }},
{"zip_code":"66502","country":"US","city":"Manhattan","state":"Kansas","state_ab":"KS","county":"Riley","geo_location":{ "type": "Point", "coordinates": [-96.5858, 39.1938] }},
{"zip_code":"67675","country":"US","city":"Woodston","state":"Kansas","state_ab":"KS","county":"Rooks","geo_location":{ "type": "Point", "coordinates": [-99.1037, 39.4431] }},
{"zip_code":"67648","country":"US","city":"Lucas","state":"Kansas","state_ab":"KS","county":"Russell","geo_location":{ "type": "Point", "coordinates": [-98.5352, 39.0581] }},
{"zip_code":"67402","country":"US","city":"Salina","state":"Kansas","state_ab":"KS","county":"Saline","geo_location":{ "type": "Point", "coordinates": [-97.6504, 38.7836] }},
{"zip_code":"67442","country":"US","city":"Falun","state":"Kansas","state_ab":"KS","county":"Saline","geo_location":{ "type": "Point", "coordinates": [-97.7554, 38.6648] }},
{"zip_code":"67055","country":"US","city":"Greenwich","state":"Kansas","state_ab":"KS","county":"Sedgwick","geo_location":{ "type": "Point", "coordinates": [-97.2054, 37.7833] }},
{"zip_code":"67208","country":"US","city":"Wichita","state":"Kansas","state_ab":"KS","county":"Sedgwick","geo_location":{ "type": "Point", "coordinates": [-97.2811, 37.7024] }},
{"zip_code":"67235","country":"US","city":"Wichita","state":"Kansas","state_ab":"KS","county":"Sedgwick","geo_location":{ "type": "Point", "coordinates": [-97.499, 37.7149] }},
{"zip_code":"67275","country":"US","city":"Wichita","state":"Kansas","state_ab":"KS","county":"Sedgwick","geo_location":{ "type": "Point", "coordinates": [-97.4804, 37.6936] }},
{"zip_code":"67905","country":"US","city":"Liberal","state":"Kansas","state_ab":"KS","county":"Seward","geo_location":{ "type": "Point", "coordinates": [-100.938, 37.0216] }},
{"zip_code":"66542","country":"US","city":"Tecumseh","state":"Kansas","state_ab":"KS","county":"Shawnee","geo_location":{ "type": "Point", "coordinates": [-95.5379, 39.0217] }},
{"zip_code":"66605","country":"US","city":"Topeka","state":"Kansas","state_ab":"KS","county":"Shawnee","geo_location":{ "type": "Point", "coordinates": [-95.6439, 39.0151] }},
{"zip_code":"66618","country":"US","city":"Topeka","state":"Kansas","state_ab":"KS","county":"Shawnee","geo_location":{ "type": "Point", "coordinates": [-95.7023, 39.1329] }},
{"zip_code":"66658","country":"US","city":"Topeka","state":"Kansas","state_ab":"KS","county":"Shawnee","geo_location":{ "type": "Point", "coordinates": [-95.7697, 39.0429] }},
{"zip_code":"67545","country":"US","city":"Hudson","state":"Kansas","state_ab":"KS","county":"Stafford","geo_location":{ "type": "Point", "coordinates": [-98.6408, 38.1485] }},
{"zip_code":"67855","country":"US","city":"Johnson","state":"Kansas","state_ab":"KS","county":"Stanton","geo_location":{ "type": "Point", "coordinates": [-101.7194, 37.5694] }},
{"zip_code":"67015","country":"US","city":"Belvidere","state":"Kansas","state_ab":"KS","county":"Sumner County","geo_location":{ "type": "Point", "coordinates": [-99.0797, 37.4501] }},
{"zip_code":"67105","country":"US","city":"Milan","state":"Kansas","state_ab":"KS","county":"Sumner","geo_location":{ "type": "Point", "coordinates": [-97.6521, 37.2578] }},
{"zip_code":"66955","country":"US","city":"Mahaska","state":"Kansas","state_ab":"KS","county":"Washington","geo_location":{ "type": "Point", "coordinates": [-97.3453, 39.9845] }},
{"zip_code":"66968","country":"US","city":"Washington","state":"Kansas","state_ab":"KS","county":"Washington","geo_location":{ "type": "Point", "coordinates": [-97.0484, 39.8223] }},
{"zip_code":"66012","country":"US","city":"Bonner Springs","state":"Kansas","state_ab":"KS","county":"Wyandotte","geo_location":{ "type": "Point", "coordinates": [-94.9227, 39.0672] }},
{"zip_code":"66102","country":"US","city":"Kansas City","state":"Kansas","state_ab":"KS","county":"Wyandotte","geo_location":{ "type": "Point", "coordinates": [-94.6693, 39.1132] }},
{"zip_code":"66115","country":"US","city":"Kansas City","state":"Kansas","state_ab":"KS","county":"Wyandotte","geo_location":{ "type": "Point", "coordinates": [-94.616, 39.1364] }},
{"zip_code":"42715","country":"US","city":"Breeding","state":"Kentucky","state_ab":"KY","county":"Adair","geo_location":{ "type": "Point", "coordinates": [-85.4036, 36.9553] }},
{"zip_code":"42728","country":"US","city":"Columbia","state":"Kentucky","state_ab":"KY","county":"Adair","geo_location":{ "type": "Point", "coordinates": [-85.2656, 37.1161] }},
{"zip_code":"42742","country":"US","city":"Gradyville","state":"Kentucky","state_ab":"KY","county":"Adair","geo_location":{ "type": "Point", "coordinates": [-85.465, 37.0912] }},
{"zip_code":"40902","country":"US","city":"Arjay","state":"Kentucky","state_ab":"KY","county":"Bell","geo_location":{ "type": "Point", "coordinates": [-83.6415, 36.8283] }},
{"zip_code":"40955","country":"US","city":"Ingram","state":"Kentucky","state_ab":"KY","county":"Bell","geo_location":{ "type": "Point", "coordinates": [-83.7082, 36.7692] }},
{"zip_code":"41042","country":"US","city":"Florence","state":"Kentucky","state_ab":"KY","county":"Boone","geo_location":{ "type": "Point", "coordinates": [-84.642, 38.9941] }},
{"zip_code":"40348","country":"US","city":"Millersburg","state":"Kentucky","state_ab":"KY","county":"Bourbon","geo_location":{ "type": "Point", "coordinates": [-84.1513, 38.2963] }},
{"zip_code":"40362","country":"US","city":"Paris","state":"Kentucky","state_ab":"KY","county":"Bourbon","geo_location":{ "type": "Point", "coordinates": [-84.2059, 38.2194] }},
{"zip_code":"41105","country":"US","city":"Ashland","state":"Kentucky","state_ab":"KY","county":"Boyd","geo_location":{ "type": "Point", "coordinates": [-82.6948, 38.3703] }},
{"zip_code":"40452","country":"US","city":"Mitchellsburg","state":"Kentucky","state_ab":"KY","county":"Boyle","geo_location":{ "type": "Point", "coordinates": [-84.9492, 37.6033] }},
{"zip_code":"41002","country":"US","city":"Augusta","state":"Kentucky","state_ab":"KY","county":"Bracken","geo_location":{ "type": "Point", "coordinates": [-83.9954, 38.763] }},
{"zip_code":"40115","country":"US","city":"Custer","state":"Kentucky","state_ab":"KY","county":"Breckinridge","geo_location":{ "type": "Point", "coordinates": [-86.2378, 37.7358] }},
{"zip_code":"42252","country":"US","city":"Jetson","state":"Kentucky","state_ab":"KY","county":"Butler","geo_location":{ "type": "Point", "coordinates": [-86.5093, 37.2483] }},
{"zip_code":"42445","country":"US","city":"Princeton","state":"Kentucky","state_ab":"KY","county":"Caldwell","geo_location":{ "type": "Point", "coordinates": [-87.8632, 37.1151] }},
{"zip_code":"41132","country":"US","city":"Denton","state":"Kentucky","state_ab":"KY","county":"Carter","geo_location":{ "type": "Point", "coordinates": [-82.8562, 38.2597] }},
{"zip_code":"42768","country":"US","city":"Peytonsburg","state":"Kentucky","state_ab":"KY","county":"Cumberland County","geo_location":{ "type": "Point", "coordinates": [-85.3717, 36.6463] }},
{"zip_code":"42302","country":"US","city":"Owensboro","state":"Kentucky","state_ab":"KY","county":"Daviess","geo_location":{ "type": "Point", "coordinates": [-87.1128, 37.7455] }},
{"zip_code":"42355","country":"US","city":"Maceo","state":"Kentucky","state_ab":"KY","county":"Daviess","geo_location":{ "type": "Point", "coordinates": [-86.9999, 37.8436] }},
{"zip_code":"40502","country":"US","city":"Lexington","state":"Kentucky","state_ab":"KY","county":"Fayette","geo_location":{ "type": "Point", "coordinates": [-84.4854, 38.0174] }},
{"zip_code":"40515","country":"US","city":"Lexington","state":"Kentucky","state_ab":"KY","county":"Fayette","geo_location":{ "type": "Point", "coordinates": [-84.4708, 37.9651] }},
{"zip_code":"40555","country":"US","city":"Lexington","state":"Kentucky","state_ab":"KY","county":"Fayette","geo_location":{ "type": "Point", "coordinates": [-84.4715, 38.0283] }},
{"zip_code":"40582","country":"US","city":"Lexington","state":"Kentucky","state_ab":"KY","county":"Fayette","geo_location":{ "type": "Point", "coordinates": [-84.4715, 38.0283] }},
{"zip_code":"40595","country":"US","city":"Lexington","state":"Kentucky","state_ab":"KY","county":"Fayette","geo_location":{ "type": "Point", "coordinates": [-84.4715, 38.0283] }},
{"zip_code":"41622","country":"US","city":"Eastern","state":"Kentucky","state_ab":"KY","county":"Floyd","geo_location":{ "type": "Point", "coordinates": [-82.8184, 37.5126] }},
{"zip_code":"41635","country":"US","city":"Harold","state":"Kentucky","state_ab":"KY","county":"Floyd","geo_location":{ "type": "Point", "coordinates": [-82.6774, 37.5807] }},
{"zip_code":"41765","country":"US","city":"Talcum","state":"Kentucky","state_ab":"KY","county":"Floyd County","geo_location":{ "type": "Point", "coordinates": [-83.0479, 37.3836] }},
{"zip_code":"40618","country":"US","city":"Frankfort","state":"Kentucky","state_ab":"KY","county":"Franklin","geo_location":{ "type": "Point", "coordinates": [-84.8748, 38.2341] }},
{"zip_code":"41095","country":"US","city":"Warsaw","state":"Kentucky","state_ab":"KY","county":"Gallatin","geo_location":{ "type": "Point", "coordinates": [-84.8496, 38.7807] }},
{"zip_code":"42085","country":"US","city":"Water Valley","state":"Kentucky","state_ab":"KY","county":"Graves","geo_location":{ "type": "Point", "coordinates": [-88.8084, 36.5694] }},
{"zip_code":"42755","country":"US","city":"Leitchfield","state":"Kentucky","state_ab":"KY","county":"Grayson","geo_location":{ "type": "Point", "coordinates": [-86.3439, 37.4719] }},
{"zip_code":"42782","country":"US","city":"Summersville","state":"Kentucky","state_ab":"KY","county":"Green","geo_location":{ "type": "Point", "coordinates": [-85.6194, 37.3419] }},
{"zip_code":"42368","country":"US","city":"Reynolds Station","state":"Kentucky","state_ab":"KY","county":"Hancock","geo_location":{ "type": "Point", "coordinates": [-86.7414, 37.7403] }},
{"zip_code":"42702","country":"US","city":"Elizabethtown","state":"Kentucky","state_ab":"KY","county":"Hardin","geo_location":{ "type": "Point", "coordinates": [-85.9769, 37.7235] }},
{"zip_code":"40825","country":"US","city":"Dizney","state":"Kentucky","state_ab":"KY","county":"Harlan County","geo_location":{ "type": "Point", "coordinates": [-83.1373, 36.8029] }},
{"zip_code":"40865","country":"US","city":"Putney","state":"Kentucky","state_ab":"KY","county":"Harlan","geo_location":{ "type": "Point", "coordinates": [-83.2381, 36.9039] }},
{"zip_code":"42458","country":"US","city":"Spottsville","state":"Kentucky","state_ab":"KY","county":"Henderson","geo_location":{ "type": "Point", "coordinates": [-87.4247, 37.8399] }},
{"zip_code":"42032","country":"US","city":"Columbus","state":"Kentucky","state_ab":"KY","county":"Hickman","geo_location":{ "type": "Point", "coordinates": [-89.0983, 36.7555] }},
{"zip_code":"40025","country":"US","city":"Glenview","state":"Kentucky","state_ab":"KY","county":"Jefferson","geo_location":{ "type": "Point", "coordinates": [-85.6487, 38.2997] }},
{"zip_code":"40205","country":"US","city":"Louisville","state":"Kentucky","state_ab":"KY","county":"Jefferson","geo_location":{ "type": "Point", "coordinates": [-85.6885, 38.2222] }},
{"zip_code":"40218","country":"US","city":"Louisville","state":"Kentucky","state_ab":"KY","county":"Jefferson","geo_location":{ "type": "Point", "coordinates": [-85.654, 38.189] }},
{"zip_code":"40232","country":"US","city":"Louisville","state":"Kentucky","state_ab":"KY","county":"Jefferson","geo_location":{ "type": "Point", "coordinates": [-85.6768, 38.189] }},
{"zip_code":"40245","country":"US","city":"Louisville","state":"Kentucky","state_ab":"KY","county":"Jefferson","geo_location":{ "type": "Point", "coordinates": [-85.4845, 38.2683] }},
{"zip_code":"40258","country":"US","city":"Louisville","state":"Kentucky","state_ab":"KY","county":"Jefferson","geo_location":{ "type": "Point", "coordinates": [-85.8641, 38.1457] }},
{"zip_code":"40272","country":"US","city":"Louisville","state":"Kentucky","state_ab":"KY","county":"Jefferson","geo_location":{ "type": "Point", "coordinates": [-85.851, 38.0846] }},
{"zip_code":"40285","country":"US","city":"Louisville","state":"Kentucky","state_ab":"KY","county":"Jefferson","geo_location":{ "type": "Point", "coordinates": [-85.6768, 38.189] }},
{"zip_code":"40298","country":"US","city":"Louisville","state":"Kentucky","state_ab":"KY","county":"Jefferson","geo_location":{ "type": "Point", "coordinates": [-85.6768, 38.189] }},
{"zip_code":"41222","country":"US","city":"Hagerhill","state":"Kentucky","state_ab":"KY","county":"Johnson","geo_location":{ "type": "Point", "coordinates": [-82.8416, 37.7805] }},
{"zip_code":"41015","country":"US","city":"Latonia","state":"Kentucky","state_ab":"KY","county":"Kenton","geo_location":{ "type": "Point", "coordinates": [-84.4989, 39.0217] }},
{"zip_code":"41725","country":"US","city":"Carrie","state":"Kentucky","state_ab":"KY","county":"Knott","geo_location":{ "type": "Point", "coordinates": [-83.069, 37.3182] }},
{"zip_code":"41828","country":"US","city":"Kite","state":"Kentucky","state_ab":"KY","county":"Knott","geo_location":{ "type": "Point", "coordinates": [-82.7975, 37.3136] }},
{"zip_code":"40915","country":"US","city":"Bimble","state":"Kentucky","state_ab":"KY","county":"Knox","geo_location":{ "type": "Point", "coordinates": [-83.8282, 36.8868] }},
{"zip_code":"40982","country":"US","city":"Scalf","state":"Kentucky","state_ab":"KY","county":"Knox","geo_location":{ "type": "Point", "coordinates": [-83.6901, 36.9327] }},
{"zip_code":"40995","country":"US","city":"Trosper","state":"Kentucky","state_ab":"KY","county":"Knox","geo_location":{ "type": "Point", "coordinates": [-83.8155, 36.761] }},
{"zip_code":"40748","country":"US","city":"London","state":"Kentucky","state_ab":"KY","county":"Laurel","geo_location":{ "type": "Point", "coordinates": [-84.1156, 37.1376] }},
{"zip_code":"41378","country":"US","city":"Tallega","state":"Kentucky","state_ab":"KY","county":"Lee County","geo_location":{ "type": "Point", "coordinates": [-83.5901, 37.5601] }},
{"zip_code":"41815","country":"US","city":"Ermine","state":"Kentucky","state_ab":"KY","county":"Letcher","geo_location":{ "type": "Point", "coordinates": [-82.7974, 37.1615] }},
{"zip_code":"41855","country":"US","city":"Thornton","state":"Kentucky","state_ab":"KY","county":"Letcher","geo_location":{ "type": "Point", "coordinates": [-82.7851, 37.1906] }},
{"zip_code":"42045","country":"US","city":"Grand Rivers","state":"Kentucky","state_ab":"KY","county":"Livingston","geo_location":{ "type": "Point", "coordinates": [-88.2647, 37.0762] }},
{"zip_code":"42058","country":"US","city":"Ledbetter","state":"Kentucky","state_ab":"KY","county":"Livingston","geo_location":{ "type": "Point", "coordinates": [-88.4665, 37.0611] }},
{"zip_code":"42265","country":"US","city":"Olmstead","state":"Kentucky","state_ab":"KY","county":"Logan","geo_location":{ "type": "Point", "coordinates": [-86.9804, 36.7595] }},
{"zip_code":"42638","country":"US","city":"Revelo","state":"Kentucky","state_ab":"KY","county":"McCreary","geo_location":{ "type": "Point", "coordinates": [-84.4722, 36.6734] }},
{"zip_code":"40465","country":"US","city":"Parrot","state":"Kentucky","state_ab":"KY","county":"Magoffin County","geo_location":{ "type": "Point", "coordinates": [-87.5689, 37.615] }},
{"zip_code":"41905","country":"US","city":"Migrate","state":"Kentucky","state_ab":"KY","county":"Magoffin County","geo_location":{ "type": "Point", "coordinates": [-84.5027, 38.0638] }},
{"zip_code":"41262","country":"US","city":"Tomahawk","state":"Kentucky","state_ab":"KY","county":"Martin","geo_location":{ "type": "Point", "coordinates": [-82.6457, 37.8251] }},
{"zip_code":"41055","country":"US","city":"Mayslick","state":"Kentucky","state_ab":"KY","county":"Mason","geo_location":{ "type": "Point", "coordinates": [-83.861, 38.522] }},
{"zip_code":"40142","country":"US","city":"Guston","state":"Kentucky","state_ab":"KY","county":"Meade","geo_location":{ "type": "Point", "coordinates": [-86.2155, 37.8951] }},
{"zip_code":"40155","country":"US","city":"Muldraugh","state":"Kentucky","state_ab":"KY","county":"Meade","geo_location":{ "type": "Point", "coordinates": [-85.9918, 37.9371] }},
{"zip_code":"40322","country":"US","city":"Frenchburg","state":"Kentucky","state_ab":"KY","county":"Menifee","geo_location":{ "type": "Point", "coordinates": [-83.6084, 37.947] }},
{"zip_code":"41352","country":"US","city":"Mize","state":"Kentucky","state_ab":"KY","county":"Morgan","geo_location":{ "type": "Point", "coordinates": [-83.3335, 37.8235] }},
{"zip_code":"40012","country":"US","city":"Chaplin","state":"Kentucky","state_ab":"KY","county":"Nelson","geo_location":{ "type": "Point", "coordinates": [-85.2015, 37.9025] }},
{"zip_code":"40052","country":"US","city":"New Hope","state":"Kentucky","state_ab":"KY","county":"Nelson","geo_location":{ "type": "Point", "coordinates": [-85.5164, 37.6021] }},
{"zip_code":"42328","country":"US","city":"Centertown","state":"Kentucky","state_ab":"KY","county":"Ohio","geo_location":{ "type": "Point", "coordinates": [-87.009, 37.4079] }},
{"zip_code":"41338","country":"US","city":"Island City","state":"Kentucky","state_ab":"KY","county":"Owsley","geo_location":{ "type": "Point", "coordinates": [-83.7049, 37.3986] }},
{"zip_code":"41712","country":"US","city":"Ary","state":"Kentucky","state_ab":"KY","county":"Perry","geo_location":{ "type": "Point", "coordinates": [-83.1546, 37.3638] }},
{"zip_code":"41778","country":"US","city":"Yerkes","state":"Kentucky","state_ab":"KY","county":"Perry","geo_location":{ "type": "Point", "coordinates": [-83.3212, 37.283] }},
{"zip_code":"41545","country":"US","city":"McCombs","state":"Kentucky","state_ab":"KY","county":"Pike County","geo_location":{ "type": "Point", "coordinates": [-82.5482, 37.5934] }},
{"zip_code":"41558","country":"US","city":"Ransom","state":"Kentucky","state_ab":"KY","county":"Pike","geo_location":{ "type": "Point", "coordinates": [-82.2085, 37.5426] }},
{"zip_code":"41572","country":"US","city":"Virgie","state":"Kentucky","state_ab":"KY","county":"Pike","geo_location":{ "type": "Point", "coordinates": [-82.6114, 37.3197] }},
{"zip_code":"40492","country":"US","city":"Wildie","state":"Kentucky","state_ab":"KY","county":"Rockcastle","geo_location":{ "type": "Point", "coordinates": [-84.3161, 37.3458] }},
{"zip_code":"40065","country":"US","city":"Shelbyville","state":"Kentucky","state_ab":"KY","county":"Shelby","geo_location":{ "type": "Point", "coordinates": [-85.2243, 38.2162] }},
{"zip_code":"42135","country":"US","city":"Franklin","state":"Kentucky","state_ab":"KY","county":"Simpson","geo_location":{ "type": "Point", "coordinates": [-86.582, 36.7582] }},
{"zip_code":"42122","country":"US","city":"Alvaton","state":"Kentucky","state_ab":"KY","county":"Warren","geo_location":{ "type": "Point", "coordinates": [-86.3632, 36.863] }},
{"zip_code":"40078","country":"US","city":"Willisburg","state":"Kentucky","state_ab":"KY","county":"Washington","geo_location":{ "type": "Point", "coordinates": [-85.1362, 37.8373] }},
{"zip_code":"41365","country":"US","city":"Rogers","state":"Kentucky","state_ab":"KY","county":"Wolfe","geo_location":{ "type": "Point", "coordinates": [-83.6314, 37.7093] }},
{"zip_code":"70525","country":"US","city":"Church Point","state":"Louisiana","state_ab":"LA","county":"Acadia","geo_location":{ "type": "Point", "coordinates": [-92.224, 30.4013] }},
{"zip_code":"70578","country":"US","city":"Rayne","state":"Louisiana","state_ab":"LA","county":"Acadia","geo_location":{ "type": "Point", "coordinates": [-92.2486, 30.2045] }},
{"zip_code":"70655","country":"US","city":"Oberlin","state":"Louisiana","state_ab":"LA","county":"Allen","geo_location":{ "type": "Point", "coordinates": [-92.7527, 30.6162] }},
{"zip_code":"70718","country":"US","city":"Brittany","state":"Louisiana","state_ab":"LA","county":"Ascension","geo_location":{ "type": "Point", "coordinates": [-90.8689, 30.201] }},
{"zip_code":"70372","country":"US","city":"Labadieville","state":"Louisiana","state_ab":"LA","county":"Assumption","geo_location":{ "type": "Point", "coordinates": [-90.9613, 29.8345] }},
{"zip_code":"71322","country":"US","city":"Bunkie","state":"Louisiana","state_ab":"LA","county":"Avoyelles","geo_location":{ "type": "Point", "coordinates": [-92.1466, 30.8641] }},
{"zip_code":"71362","country":"US","city":"Plaucheville","state":"Louisiana","state_ab":"LA","county":"Avoyelles","geo_location":{ "type": "Point", "coordinates": [-91.9847, 30.9365] }},
{"zip_code":"71102","country":"US","city":"Shreveport","state":"Louisiana","state_ab":"LA","county":"Caddo","geo_location":{ "type": "Point", "coordinates": [-93.7526, 32.6076] }},
{"zip_code":"71115","country":"US","city":"Shreveport","state":"Louisiana","state_ab":"LA","county":"Caddo","geo_location":{ "type": "Point", "coordinates": [-93.6092, 32.3401] }},
{"zip_code":"70602","country":"US","city":"Lake Charles","state":"Louisiana","state_ab":"LA","county":"Calcasieu","geo_location":{ "type": "Point", "coordinates": [-93.3265, 30.2642] }},
{"zip_code":"70615","country":"US","city":"Lake Charles","state":"Louisiana","state_ab":"LA","county":"Calcasieu","geo_location":{ "type": "Point", "coordinates": [-93.1146, 30.2585] }},
{"zip_code":"70668","country":"US","city":"Vinton","state":"Louisiana","state_ab":"LA","county":"Calcasieu","geo_location":{ "type": "Point", "coordinates": [-93.5728, 30.2015] }},
{"zip_code":"71425","country":"US","city":"Enterprise","state":"Louisiana","state_ab":"LA","county":"Catahoula","geo_location":{ "type": "Point", "coordinates": [-91.8751, 31.9064] }},
{"zip_code":"71038","country":"US","city":"Haynesville","state":"Louisiana","state_ab":"LA","county":"Claiborne","geo_location":{ "type": "Point", "coordinates": [-93.0691, 32.9278] }},
{"zip_code":"71052","country":"US","city":"Mansfield","state":"Louisiana","state_ab":"LA","county":"De Soto","geo_location":{ "type": "Point", "coordinates": [-93.698, 32.0239] }},
{"zip_code":"71078","country":"US","city":"Stonewall","state":"Louisiana","state_ab":"LA","county":"De Soto","geo_location":{ "type": "Point", "coordinates": [-93.8003, 32.2848] }},
{"zip_code":"70808","country":"US","city":"Baton Rouge","state":"Louisiana","state_ab":"LA","county":"East Baton Rouge","geo_location":{ "type": "Point", "coordinates": [-91.1468, 30.4066] }},
{"zip_code":"70822","country":"US","city":"Baton Rouge","state":"Louisiana","state_ab":"LA","county":"East Baton Rouge","geo_location":{ "type": "Point", "coordinates": [-91.0804, 30.5159] }},
{"zip_code":"70835","country":"US","city":"Baton Rouge","state":"Louisiana","state_ab":"LA","county":"East Baton Rouge","geo_location":{ "type": "Point", "coordinates": [-91.0804, 30.5159] }},
{"zip_code":"70552","country":"US","city":"Loreauville","state":"Louisiana","state_ab":"LA","county":"Iberia","geo_location":{ "type": "Point", "coordinates": [-91.6596, 30.0683] }},
{"zip_code":"70772","country":"US","city":"Rosedale","state":"Louisiana","state_ab":"LA","county":"Iberville","geo_location":{ "type": "Point", "coordinates": [-91.4562, 30.4408] }},
{"zip_code":"70062","country":"US","city":"Kenner","state":"Louisiana","state_ab":"LA","county":"Jefferson","geo_location":{ "type": "Point", "coordinates": [-90.2479, 29.9912] }},
{"zip_code":"70358","country":"US","city":"Grand Isle","state":"Louisiana","state_ab":"LA","county":"Jefferson","geo_location":{ "type": "Point", "coordinates": [-90.0088, 29.2297] }},
{"zip_code":"70592","country":"US","city":"Youngsville","state":"Louisiana","state_ab":"LA","county":"Lafayette","geo_location":{ "type": "Point", "coordinates": [-92.0096, 30.0975] }},
{"zip_code":"70345","country":"US","city":"Cut Off","state":"Louisiana","state_ab":"LA","county":"Lafourche","geo_location":{ "type": "Point", "coordinates": [-90.3393, 29.5232] }},
{"zip_code":"61732","country":"US","city":"Danvers","state":"Illinois","state_ab":"IL","county":"McLean","geo_location":{ "type": "Point", "coordinates": [-89.1885, 40.5364] }},
{"zip_code":"61745","country":"US","city":"Heyworth","state":"Illinois","state_ab":"IL","county":"McLean","geo_location":{ "type": "Point", "coordinates": [-88.9776, 40.3307] }},
{"zip_code":"61758","country":"US","city":"Merna","state":"Illinois","state_ab":"IL","county":"McLean","geo_location":{ "type": "Point", "coordinates": [-88.8643, 40.5192] }},
{"zip_code":"61772","country":"US","city":"Shirley","state":"Illinois","state_ab":"IL","county":"McLean","geo_location":{ "type": "Point", "coordinates": [-89.0822, 40.4174] }},
{"zip_code":"62672","country":"US","city":"Nilwood","state":"Illinois","state_ab":"IL","county":"Macoupin","geo_location":{ "type": "Point", "coordinates": [-89.8045, 39.398] }},
{"zip_code":"62685","country":"US","city":"Shipman","state":"Illinois","state_ab":"IL","county":"Macoupin","geo_location":{ "type": "Point", "coordinates": [-89.9607, 39.1952] }},
{"zip_code":"62025","country":"US","city":"Edwardsville","state":"Illinois","state_ab":"IL","county":"Madison","geo_location":{ "type": "Point", "coordinates": [-89.9637, 38.805] }},
{"zip_code":"62892","country":"US","city":"Vernon","state":"Illinois","state_ab":"IL","county":"Marion","geo_location":{ "type": "Point", "coordinates": [-89.083, 38.8033] }},
{"zip_code":"61565","country":"US","city":"Sparland","state":"Illinois","state_ab":"IL","county":"Marshall","geo_location":{ "type": "Point", "coordinates": [-89.4571, 41.0134] }},
{"zip_code":"62298","country":"US","city":"Waterloo","state":"Illinois","state_ab":"IL","county":"Monroe","geo_location":{ "type": "Point", "coordinates": [-90.1478, 38.3223] }},
{"zip_code":"61925","country":"US","city":"Dalton City","state":"Illinois","state_ab":"IL","county":"Moultrie","geo_location":{ "type": "Point", "coordinates": [-88.7975, 39.7119] }},
{"zip_code":"61525","country":"US","city":"Dunlap","state":"Illinois","state_ab":"IL","county":"Peoria","geo_location":{ "type": "Point", "coordinates": [-89.6397, 40.8444] }},
{"zip_code":"61552","country":"US","city":"Mossville","state":"Illinois","state_ab":"IL","county":"Peoria","geo_location":{ "type": "Point", "coordinates": [-89.568, 40.818] }},
{"zip_code":"61602","country":"US","city":"Peoria","state":"Illinois","state_ab":"IL","county":"Peoria","geo_location":{ "type": "Point", "coordinates": [-89.6049, 40.6833] }},
{"zip_code":"61615","country":"US","city":"Peoria","state":"Illinois","state_ab":"IL","county":"Peoria","geo_location":{ "type": "Point", "coordinates": [-89.645, 40.7661] }},
{"zip_code":"61628","country":"US","city":"Peoria","state":"Illinois","state_ab":"IL","county":"Peoria","geo_location":{ "type": "Point", "coordinates": [-89.7184, 40.7442] }},
{"zip_code":"61655","country":"US","city":"Peoria","state":"Illinois","state_ab":"IL","county":"Peoria","geo_location":{ "type": "Point", "coordinates": [-89.7184, 40.7442] }},
{"zip_code":"62362","country":"US","city":"Perry","state":"Illinois","state_ab":"IL","county":"Pike","geo_location":{ "type": "Point", "coordinates": [-90.7471, 39.7823] }},
{"zip_code":"62928","country":"US","city":"Eddyville","state":"Illinois","state_ab":"IL","county":"Pope","geo_location":{ "type": "Point", "coordinates": [-88.5791, 37.4829] }},
{"zip_code":"62272","country":"US","city":"Percy","state":"Illinois","state_ab":"IL","county":"Randolph","geo_location":{ "type": "Point", "coordinates": [-89.617, 38.0126] }},
{"zip_code":"62425","country":"US","city":"Dundas","state":"Illinois","state_ab":"IL","county":"Richland","geo_location":{ "type": "Point", "coordinates": [-88.0973, 38.8306] }},
{"zip_code":"62452","country":"US","city":"Parkersburg","state":"Illinois","state_ab":"IL","county":"Richland","geo_location":{ "type": "Point", "coordinates": [-88.0647, 38.59] }},
{"zip_code":"61242","country":"US","city":"Cordova","state":"Illinois","state_ab":"IL","county":"Rock Island","geo_location":{ "type": "Point", "coordinates": [-90.3071, 41.6928] }},
{"zip_code":"61282","country":"US","city":"Silvis","state":"Illinois","state_ab":"IL","county":"Rock Island","geo_location":{ "type": "Point", "coordinates": [-90.4126, 41.5007] }},
{"zip_code":"62205","country":"US","city":"East Saint Louis","state":"Illinois","state_ab":"IL","county":"St. Clair","geo_location":{ "type": "Point", "coordinates": [-90.1275, 38.6149] }},
{"zip_code":"62232","country":"US","city":"Caseyville","state":"Illinois","state_ab":"IL","county":"St. Clair","geo_location":{ "type": "Point", "coordinates": [-90.0135, 38.6345] }},
{"zip_code":"62258","country":"US","city":"Mascoutah","state":"Illinois","state_ab":"IL","county":"St. Clair","geo_location":{ "type": "Point", "coordinates": [-89.7877, 38.4745] }},
{"zip_code":"62285","country":"US","city":"Smithton","state":"Illinois","state_ab":"IL","county":"St. Clair","geo_location":{ "type": "Point", "coordinates": [-89.9896, 38.4231] }},
{"zip_code":"62515","country":"US","city":"Buffalo","state":"Illinois","state_ab":"IL","county":"Sangamon","geo_location":{ "type": "Point", "coordinates": [-89.3879, 39.8499] }},
{"zip_code":"62708","country":"US","city":"Springfield","state":"Illinois","state_ab":"IL","county":"Sangamon","geo_location":{ "type": "Point", "coordinates": [-89.5864, 39.8061] }},
{"zip_code":"62722","country":"US","city":"Springfield","state":"Illinois","state_ab":"IL","county":"Sangamon","geo_location":{ "type": "Point", "coordinates": [-89.606, 39.7495] }},
{"zip_code":"62762","country":"US","city":"Springfield","state":"Illinois","state_ab":"IL","county":"Sangamon","geo_location":{ "type": "Point", "coordinates": [-89.606, 39.7495] }},
{"zip_code":"62438","country":"US","city":"Lakewood","state":"Illinois","state_ab":"IL","county":"Shelby","geo_location":{ "type": "Point", "coordinates": [-88.8715, 39.3134] }},
{"zip_code":"62465","country":"US","city":"Strasburg","state":"Illinois","state_ab":"IL","county":"Shelby","geo_location":{ "type": "Point", "coordinates": [-88.6279, 39.3641] }},
{"zip_code":"61048","country":"US","city":"Lena","state":"Illinois","state_ab":"IL","county":"Stephenson","geo_location":{ "type": "Point", "coordinates": [-89.8253, 42.3791] }},
{"zip_code":"61062","country":"US","city":"Pearl City","state":"Illinois","state_ab":"IL","county":"Stephenson","geo_location":{ "type": "Point", "coordinates": [-89.8393, 42.261] }},
{"zip_code":"61848","country":"US","city":"Henning","state":"Illinois","state_ab":"IL","county":"Vermilion","geo_location":{ "type": "Point", "coordinates": [-87.7007, 40.304] }},
{"zip_code":"62852","country":"US","city":"Keensburg","state":"Illinois","state_ab":"IL","county":"Wabash","geo_location":{ "type": "Point", "coordinates": [-87.8661, 38.3514] }},
{"zip_code":"61435","country":"US","city":"Gerlaw","state":"Illinois","state_ab":"IL","county":"Warren","geo_location":{ "type": "Point", "coordinates": [-90.5491, 40.9863] }},
{"zip_code":"61462","country":"US","city":"Monmouth","state":"Illinois","state_ab":"IL","county":"Warren","geo_location":{ "type": "Point", "coordinates": [-90.6448, 40.9107] }},
{"zip_code":"62878","country":"US","city":"Rinard","state":"Illinois","state_ab":"IL","county":"Wayne","geo_location":{ "type": "Point", "coordinates": [-88.4641, 38.5806] }},
{"zip_code":"60432","country":"US","city":"Joliet","state":"Illinois","state_ab":"IL","county":"Will","geo_location":{ "type": "Point", "coordinates": [-88.0572, 41.5378] }},
{"zip_code":"62915","country":"US","city":"Cambria","state":"Illinois","state_ab":"IL","county":"Williamson","geo_location":{ "type": "Point", "coordinates": [-89.1181, 37.7847] }},
{"zip_code":"61088","country":"US","city":"Winnebago","state":"Illinois","state_ab":"IL","county":"Winnebago","geo_location":{ "type": "Point", "coordinates": [-89.2373, 42.2727] }},
{"zip_code":"61112","country":"US","city":"Rockford","state":"Illinois","state_ab":"IL","county":"Winnebago","geo_location":{ "type": "Point", "coordinates": [-88.9704, 42.2456] }},
{"zip_code":"61125","country":"US","city":"Rockford","state":"Illinois","state_ab":"IL","county":"Winnebago","geo_location":{ "type": "Point", "coordinates": [-89.1705, 42.3254] }},
{"zip_code":"46782","country":"US","city":"Preble","state":"Indiana","state_ab":"IN","county":"Adams","geo_location":{ "type": "Point", "coordinates": [-85.0054, 40.832] }},
{"zip_code":"46805","country":"US","city":"Fort Wayne","state":"Indiana","state_ab":"IN","county":"Allen","geo_location":{ "type": "Point", "coordinates": [-85.1189, 41.0977] }},
{"zip_code":"46818","country":"US","city":"Fort Wayne","state":"Indiana","state_ab":"IN","county":"Allen","geo_location":{ "type": "Point", "coordinates": [-85.2067, 41.1468] }},
{"zip_code":"46845","country":"US","city":"Fort Wayne","state":"Indiana","state_ab":"IN","county":"Allen","geo_location":{ "type": "Point", "coordinates": [-85.1191, 41.1958] }},
{"zip_code":"46858","country":"US","city":"Fort Wayne","state":"Indiana","state_ab":"IN","county":"Allen","geo_location":{ "type": "Point", "coordinates": [-85.0707, 41.0938] }},
{"zip_code":"46885","country":"US","city":"Fort Wayne","state":"Indiana","state_ab":"IN","county":"Allen","geo_location":{ "type": "Point", "coordinates": [-85.0707, 41.0938] }},
{"zip_code":"46898","country":"US","city":"Fort Wayne","state":"Indiana","state_ab":"IN","county":"Allen","geo_location":{ "type": "Point", "coordinates": [-85.0707, 41.0938] }},
{"zip_code":"47202","country":"US","city":"Columbus","state":"Indiana","state_ab":"IN","county":"Bartholomew","geo_location":{ "type": "Point", "coordinates": [-85.8852, 39.193] }},
{"zip_code":"47435","country":"US","city":"Helmsburg","state":"Indiana","state_ab":"IN","county":"Brown","geo_location":{ "type": "Point", "coordinates": [-86.2302, 39.1963] }},
{"zip_code":"47448","country":"US","city":"Nashville","state":"Indiana","state_ab":"IN","county":"Brown","geo_location":{ "type": "Point", "coordinates": [-86.222, 39.2367] }},
{"zip_code":"46988","country":"US","city":"Twelve Mile","state":"Indiana","state_ab":"IN","county":"Cass","geo_location":{ "type": "Point", "coordinates": [-86.2126, 40.8547] }},
{"zip_code":"46058","country":"US","city":"Mulberry","state":"Indiana","state_ab":"IN","county":"Clinton","geo_location":{ "type": "Point", "coordinates": [-86.6613, 40.3433] }},
{"zip_code":"47022","country":"US","city":"Guilford","state":"Indiana","state_ab":"IN","county":"Dearborn","geo_location":{ "type": "Point", "coordinates": [-84.9616, 39.2059] }},
{"zip_code":"47305","country":"US","city":"Muncie","state":"Indiana","state_ab":"IN","county":"Delaware","geo_location":{ "type": "Point", "coordinates": [-85.3862, 40.1933] }},
{"zip_code":"47952","country":"US","city":"Kingman","state":"Indiana","state_ab":"IN","county":"Fountain","geo_location":{ "type": "Point", "coordinates": [-87.2569, 40.0174] }},
{"zip_code":"47035","country":"US","city":"New Trenton","state":"Indiana","state_ab":"IN","county":"Franklin","geo_location":{ "type": "Point", "coordinates": [-84.9007, 39.31] }},
{"zip_code":"46922","country":"US","city":"Delong","state":"Indiana","state_ab":"IN","county":"Fulton","geo_location":{ "type": "Point", "coordinates": [-86.2069, 41.041] }},
{"zip_code":"46935","country":"US","city":"Grass Creek","state":"Indiana","state_ab":"IN","county":"Fulton","geo_location":{ "type": "Point", "coordinates": [-86.2069, 41.041] }},
{"zip_code":"46975","country":"US","city":"Rochester","state":"Indiana","state_ab":"IN","county":"Fulton","geo_location":{ "type": "Point", "coordinates": [-86.231, 41.0655] }},
{"zip_code":"46032","country":"US","city":"Carmel","state":"Indiana","state_ab":"IN","county":"Hamilton","geo_location":{ "type": "Point", "coordinates": [-86.1245, 39.9712] }},
{"zip_code":"46085","country":"US","city":"Fishers","state":"Indiana","state_ab":"IN","county":"","geo_location":{ "type": "Point", "coordinates": [-85.9601, 39.9559] }},
{"zip_code":"47112","country":"US","city":"Corydon","state":"Indiana","state_ab":"IN","county":"Harrison","geo_location":{ "type": "Point", "coordinates": [-86.1145, 38.2189] }},
{"zip_code":"46122","country":"US","city":"Danville","state":"Indiana","state_ab":"IN","county":"Hendricks","geo_location":{ "type": "Point", "coordinates": [-86.5343, 39.7628] }},
{"zip_code":"46148","country":"US","city":"Knightstown","state":"Indiana","state_ab":"IN","county":"Henry","geo_location":{ "type": "Point", "coordinates": [-85.5261, 39.806] }},
{"zip_code":"47385","country":"US","city":"Spiceland","state":"Indiana","state_ab":"IN","county":"Henry","geo_location":{ "type": "Point", "coordinates": [-85.445, 39.8271] }},
{"zip_code":"46702","country":"US","city":"Andrews","state":"Indiana","state_ab":"IN","county":"Huntington","geo_location":{ "type": "Point", "coordinates": [-85.6067, 40.8618] }},
{"zip_code":"47228","country":"US","city":"Cortland","state":"Indiana","state_ab":"IN","county":"Jackson","geo_location":{ "type": "Point", "coordinates": [-85.9628, 38.9745] }},
{"zip_code":"47978","country":"US","city":"Rensselaer","state":"Indiana","state_ab":"IN","county":"Jasper","geo_location":{ "type": "Point", "coordinates": [-87.1037, 40.9948] }},
{"zip_code":"47282","country":"US","city":"Vernon","state":"Indiana","state_ab":"IN","county":"Jennings","geo_location":{ "type": "Point", "coordinates": [-85.6166, 38.9825] }},
{"zip_code":"46162","country":"US","city":"Needham","state":"Indiana","state_ab":"IN","county":"Johnson","geo_location":{ "type": "Point", "coordinates": [-85.9656, 39.5605] }},
{"zip_code":"47512","country":"US","city":"Bicknell","state":"Indiana","state_ab":"IN","county":"Knox","geo_location":{ "type": "Point", "coordinates": [-87.3137, 38.7727] }},
{"zip_code":"47578","country":"US","city":"Sandborn","state":"Indiana","state_ab":"IN","county":"Knox","geo_location":{ "type": "Point", "coordinates": [-87.2025, 38.8817] }},
{"zip_code":"46508","country":"US","city":"Burket","state":"Indiana","state_ab":"IN","county":"Kosciusko","geo_location":{ "type": "Point", "coordinates": [-85.9693, 41.1547] }},
{"zip_code":"46562","country":"US","city":"Pierceton","state":"Indiana","state_ab":"IN","county":"Kosciusko","geo_location":{ "type": "Point", "coordinates": [-85.7061, 41.2124] }},
{"zip_code":"46795","country":"US","city":"Wolcottville","state":"Indiana","state_ab":"IN","county":"LaGrange","geo_location":{ "type": "Point", "coordinates": [-85.315, 41.557] }},
{"zip_code":"46342","country":"US","city":"Hobart","state":"Indiana","state_ab":"IN","county":"Lake","geo_location":{ "type": "Point", "coordinates": [-87.2525, 41.5263] }},
{"zip_code":"46355","country":"US","city":"Leroy","state":"Indiana","state_ab":"IN","county":"Lake","geo_location":{ "type": "Point", "coordinates": [-87.2708, 41.3594] }},
{"zip_code":"46405","country":"US","city":"Lake Station","state":"Indiana","state_ab":"IN","county":"Lake","geo_location":{ "type": "Point", "coordinates": [-87.2622, 41.5686] }},
{"zip_code":"46382","country":"US","city":"Union Mills","state":"Indiana","state_ab":"IN","county":"LaPorte","geo_location":{ "type": "Point", "coordinates": [-86.8355, 41.4602] }},
{"zip_code":"47462","country":"US","city":"Springville","state":"Indiana","state_ab":"IN","county":"Lawrence","geo_location":{ "type": "Point", "coordinates": [-86.6139, 38.9507] }},
{"zip_code":"46018","country":"US","city":"Anderson","state":"Indiana","state_ab":"IN","county":"Madison","geo_location":{ "type": "Point", "coordinates": [-85.7197, 40.1617] }},
{"zip_code":"46225","country":"US","city":"Indianapolis","state":"Indiana","state_ab":"IN","county":"Marion","geo_location":{ "type": "Point", "coordinates": [-86.1569, 39.7406] }},
{"zip_code":"46278","country":"US","city":"Indianapolis","state":"Indiana","state_ab":"IN","county":"Marion","geo_location":{ "type": "Point", "coordinates": [-86.2768, 39.8726] }},
{"zip_code":"47408","country":"US","city":"Bloomington","state":"Indiana","state_ab":"IN","county":"Monroe","geo_location":{ "type": "Point", "coordinates": [-86.4692, 39.2303] }},
{"zip_code":"47938","country":"US","city":"Crawfordsville","state":"Indiana","state_ab":"IN","county":"Montgomery","geo_location":{ "type": "Point", "coordinates": [-86.8936, 40.04] }},
{"zip_code":"47965","country":"US","city":"New Market","state":"Indiana","state_ab":"IN","county":"Montgomery","geo_location":{ "type": "Point", "coordinates": [-86.9206, 39.9524] }},
{"zip_code":"46755","country":"US","city":"Kendallville","state":"Indiana","state_ab":"IN","county":"Noble","geo_location":{ "type": "Point", "coordinates": [-85.2609, 41.4482] }},
{"zip_code":"47862","country":"US","city":"Montezuma","state":"Indiana","state_ab":"IN","county":"Parke","geo_location":{ "type": "Point", "coordinates": [-87.3607, 39.7961] }},
{"zip_code":"47525","country":"US","city":"Derby","state":"Indiana","state_ab":"IN","county":"Perry","geo_location":{ "type": "Point", "coordinates": [-86.577, 38.0239] }},
{"zip_code":"46302","country":"US","city":"Boone Grove","state":"Indiana","state_ab":"IN","county":"Porter","geo_location":{ "type": "Point", "coordinates": [-87.1304, 41.3542] }},
{"zip_code":"46368","country":"US","city":"Portage","state":"Indiana","state_ab":"IN","county":"Porter","geo_location":{ "type": "Point", "coordinates": [-87.1757, 41.5672] }},
{"zip_code":"46135","country":"US","city":"Greencastle","state":"Indiana","state_ab":"IN","county":"Putnam","geo_location":{ "type": "Point", "coordinates": [-86.8686, 39.6495] }},
{"zip_code":"46175","country":"US","city":"Russellville","state":"Indiana","state_ab":"IN","county":"Putnam","geo_location":{ "type": "Point", "coordinates": [-86.967, 39.8366] }},
{"zip_code":"47358","country":"US","city":"Modoc","state":"Indiana","state_ab":"IN","county":"Randolph","geo_location":{ "type": "Point", "coordinates": [-85.0919, 40.0582] }},
{"zip_code":"46612","country":"US","city":"South Bend","state":"Indiana","state_ab":"IN","county":"St. Joseph","geo_location":{ "type": "Point", "coordinates": [-86.2346, 41.6285] }},
{"zip_code":"47138","country":"US","city":"Lexington","state":"Indiana","state_ab":"IN","county":"Scott","geo_location":{ "type": "Point", "coordinates": [-85.6589, 38.6506] }},
{"zip_code":"47552","country":"US","city":"Lincoln City","state":"Indiana","state_ab":"IN","county":"Spencer","geo_location":{ "type": "Point", "coordinates": [-86.996, 38.1242] }},
{"zip_code":"47615","country":"US","city":"Grandview","state":"Indiana","state_ab":"IN","county":"Spencer","geo_location":{ "type": "Point", "coordinates": [-86.9568, 37.9703] }},
{"zip_code":"46742","country":"US","city":"Hamilton","state":"Indiana","state_ab":"IN","county":"Steuben","geo_location":{ "type": "Point", "coordinates": [-84.8951, 41.5566] }},
{"zip_code":"47848","country":"US","city":"Dugger","state":"Indiana","state_ab":"IN","county":"Sullivan","geo_location":{ "type": "Point", "coordinates": [-87.2599, 39.0691] }},
{"zip_code":"47992","country":"US","city":"Westpoint","state":"Indiana","state_ab":"IN","county":"Tippecanoe","geo_location":{ "type": "Point", "coordinates": [-87.0575, 40.3581] }},
{"zip_code":"46045","country":"US","city":"Goldsmith","state":"Indiana","state_ab":"IN","county":"Tipton","geo_location":{ "type": "Point", "coordinates": [-86.1494, 40.2898] }},
{"zip_code":"46072","country":"US","city":"Tipton","state":"Indiana","state_ab":"IN","county":"Tipton","geo_location":{ "type": "Point", "coordinates": [-86.0433, 40.2817] }},
{"zip_code":"47705","country":"US","city":"Evansville","state":"Indiana","state_ab":"IN","county":"Vanderburgh","geo_location":{ "type": "Point", "coordinates": [-87.575, 37.9971] }},
{"zip_code":"47732","country":"US","city":"Evansville","state":"Indiana","state_ab":"IN","county":"Vanderburgh","geo_location":{ "type": "Point", "coordinates": [-87.575, 37.9971] }},
{"zip_code":"47875","country":"US","city":"Saint Bernice","state":"Indiana","state_ab":"IN","county":"Vermillion","geo_location":{ "type": "Point", "coordinates": [-87.4436, 39.8778] }},
{"zip_code":"47808","country":"US","city":"Terre Haute","state":"Indiana","state_ab":"IN","county":"Vigo","geo_location":{ "type": "Point", "coordinates": [-87.4101, 39.4336] }},
{"zip_code":"46962","country":"US","city":"North Manchester","state":"Indiana","state_ab":"IN","county":"Wabash","geo_location":{ "type": "Point", "coordinates": [-85.7842, 40.9986] }},
{"zip_code":"47125","country":"US","city":"Hardinsburg","state":"Indiana","state_ab":"IN","county":"Washington","geo_location":{ "type": "Point", "coordinates": [-86.318, 38.4626] }},
{"zip_code":"47165","country":"US","city":"Pekin","state":"Indiana","state_ab":"IN","county":"Washington","geo_location":{ "type": "Point", "coordinates": [-86.017, 38.4931] }},
{"zip_code":"47345","country":"US","city":"Greens Fork","state":"Indiana","state_ab":"IN","county":"Wayne","geo_location":{ "type": "Point", "coordinates": [-85.0494, 39.8916] }},
{"zip_code":"47925","country":"US","city":"Buffalo","state":"Indiana","state_ab":"IN","county":"White","geo_location":{ "type": "Point", "coordinates": [-86.7896, 40.7504] }},
{"zip_code":"66748","country":"US","city":"Humboldt","state":"Kansas","state_ab":"KS","county":"Allen","geo_location":{ "type": "Point", "coordinates": [-95.422, 37.8045] }},
{"zip_code":"66425","country":"US","city":"Fairview","state":"Kansas","state_ab":"KS","county":"Brown","geo_location":{ "type": "Point", "coordinates": [-95.711, 39.8445] }},
{"zip_code":"66515","country":"US","city":"Morrill","state":"Kansas","state_ab":"KS","county":"Brown","geo_location":{ "type": "Point", "coordinates": [-95.712, 39.9356] }},
{"zip_code":"67002","country":"US","city":"Andover","state":"Kansas","state_ab":"KS","county":"Butler","geo_location":{ "type": "Point", "coordinates": [-97.1179, 37.6985] }},
{"zip_code":"67042","country":"US","city":"El Dorado","state":"Kansas","state_ab":"KS","county":"Butler","geo_location":{ "type": "Point", "coordinates": [-96.8543, 37.8226] }},
{"zip_code":"67132","country":"US","city":"Rosalia","state":"Kansas","state_ab":"KS","county":"Butler","geo_location":{ "type": "Point", "coordinates": [-96.6482, 37.796] }},
{"zip_code":"67468","country":"US","city":"Morganville","state":"Kansas","state_ab":"KS","county":"Clay","geo_location":{ "type": "Point", "coordinates": [-97.2467, 39.4607] }},
{"zip_code":"66852","country":"US","city":"Gridley","state":"Kansas","state_ab":"KS","county":"Coffey","geo_location":{ "type": "Point", "coordinates": [-95.8874, 38.1012] }},
{"zip_code":"66735","country":"US","city":"Franklin","state":"Kansas","state_ab":"KS","county":"Crawford","geo_location":{ "type": "Point", "coordinates": [-94.7096, 37.5219] }},
{"zip_code":"66762","country":"US","city":"Pittsburg","state":"Kansas","state_ab":"KS","county":"Crawford","geo_location":{ "type": "Point", "coordinates": [-94.7105, 37.3951] }},
{"zip_code":"67635","country":"US","city":"Dresden","state":"Kansas","state_ab":"KS","county":"Decatur","geo_location":{ "type": "Point", "coordinates": [-100.4112, 39.6094] }},
{"zip_code":"67482","country":"US","city":"Talmage","state":"Kansas","state_ab":"KS","county":"Dickinson","geo_location":{ "type": "Point", "coordinates": [-97.2597, 39.0269] }},
{"zip_code":"66025","country":"US","city":"Eudora","state":"Kansas","state_ab":"KS","county":"Douglas","geo_location":{ "type": "Point", "coordinates": [-95.1022, 38.933] }},
{"zip_code":"67352","country":"US","city":"Longton","state":"Kansas","state_ab":"KS","county":"Elk","geo_location":{ "type": "Point", "coordinates": [-96.0814, 37.3905] }},
{"zip_code":"67868","country":"US","city":"Pierceville","state":"Kansas","state_ab":"KS","county":"Finney","geo_location":{ "type": "Point", "coordinates": [-100.7523, 37.906] }},
{"zip_code":"67842","country":"US","city":"Ford","state":"Kansas","state_ab":"KS","county":"Ford","geo_location":{ "type": "Point", "coordinates": [-99.7642, 37.6323] }},
{"zip_code":"67882","country":"US","city":"Wright","state":"Kansas","state_ab":"KS","county":"Ford","geo_location":{ "type": "Point", "coordinates": [-99.9238, 37.7676] }},
{"zip_code":"66078","country":"US","city":"Princeton","state":"Kansas","state_ab":"KS","county":"Franklin","geo_location":{ "type": "Point", "coordinates": [-95.2764, 38.4847] }},
{"zip_code":"66092","country":"US","city":"Wellsville","state":"Kansas","state_ab":"KS","county":"Franklin","geo_location":{ "type": "Point", "coordinates": [-95.0916, 38.7137] }},
{"zip_code":"67738","country":"US","city":"Grinnell","state":"Kansas","state_ab":"KS","county":"Gove","geo_location":{ "type": "Point", "coordinates": [-100.6621, 39.0851] }},
{"zip_code":"67752","country":"US","city":"Quinter","state":"Kansas","state_ab":"KS","county":"Gove","geo_location":{ "type": "Point", "coordinates": [-100.2337, 39.0363] }},
{"zip_code":"66942","country":"US","city":"Formoso","state":"Kansas","state_ab":"KS","county":"Jewell","geo_location":{ "type": "Point", "coordinates": [-97.9889, 39.7795] }},
{"zip_code":"66205","country":"US","city":"Shawnee Mission","state":"Kansas","state_ab":"KS","county":"Johnson","geo_location":{ "type": "Point", "coordinates": [-94.6308, 39.0312] }},
{"zip_code":"66218","country":"US","city":"Shawnee Mission","state":"Kansas","state_ab":"KS","county":"Johnson","geo_location":{ "type": "Point", "coordinates": [-94.8108, 39.014] }},
{"zip_code":"92552","country":"US","city":"Moreno Valley","state":"California","state_ab":"CA","county":"Riverside","geo_location":{ "type": "Point", "coordinates": [-116.0556, 33.7529] }},
{"zip_code":"92592","country":"US","city":"Temecula","state":"California","state_ab":"CA","county":"Riverside","geo_location":{ "type": "Point", "coordinates": [-117.0958, 33.4983] }},
{"zip_code":"94208","country":"US","city":"Sacramento","state":"California","state_ab":"CA","county":"Sacramento","geo_location":{ "type": "Point", "coordinates": [-121.4444, 38.3774] }},
{"zip_code":"94235","country":"US","city":"Sacramento","state":"California","state_ab":"CA","county":"Sacramento","geo_location":{ "type": "Point", "coordinates": [-121.4444, 38.3774] }},
{"zip_code":"94248","country":"US","city":"Sacramento","state":"California","state_ab":"CA","county":"Sacramento","geo_location":{ "type": "Point", "coordinates": [-121.4444, 38.3774] }},
{"zip_code":"94262","country":"US","city":"Sacramento","state":"California","state_ab":"CA","county":"Sacramento","geo_location":{ "type": "Point", "coordinates": [-121.4444, 38.3774] }},
{"zip_code":"94288","country":"US","city":"Sacramento","state":"California","state_ab":"CA","county":"Sacramento","geo_location":{ "type": "Point", "coordinates": [-121.4444, 38.3774] }},
{"zip_code":"95638","country":"US","city":"Herald","state":"California","state_ab":"CA","county":"Sacramento","geo_location":{ "type": "Point", "coordinates": [-121.1729, 38.3119] }},
{"zip_code":"95652","country":"US","city":"Mcclellan","state":"California","state_ab":"CA","county":"Sacramento","geo_location":{ "type": "Point", "coordinates": [-121.3955, 38.6621] }},
{"zip_code":"95742","country":"US","city":"Rancho Cordova","state":"California","state_ab":"CA","county":"Sacramento","geo_location":{ "type": "Point", "coordinates": [-121.2153, 38.5981] }},
{"zip_code":"95818","country":"US","city":"Sacramento","state":"California","state_ab":"CA","county":"Sacramento","geo_location":{ "type": "Point", "coordinates": [-121.4929, 38.5568] }},
{"zip_code":"95832","country":"US","city":"Sacramento","state":"California","state_ab":"CA","county":"Sacramento","geo_location":{ "type": "Point", "coordinates": [-121.4883, 38.4695] }},
{"zip_code":"95045","country":"US","city":"San Juan Bautista","state":"California","state_ab":"CA","county":"San Benito","geo_location":{ "type": "Point", "coordinates": [-121.5346, 36.8463] }},
{"zip_code":"92242","country":"US","city":"Earp","state":"California","state_ab":"CA","county":"San Bernardino","geo_location":{ "type": "Point", "coordinates": [-114.3197, 34.1652] }},
{"zip_code":"92268","country":"US","city":"Pioneertown","state":"California","state_ab":"CA","county":"San Bernardino","geo_location":{ "type": "Point", "coordinates": [-116.5048, 34.1887] }},
{"zip_code":"92305","country":"US","city":"Angelus Oaks","state":"California","state_ab":"CA","county":"San Bernardino","geo_location":{ "type": "Point", "coordinates": [-116.9485, 34.1531] }},
{"zip_code":"92318","country":"US","city":"Bryn Mawr","state":"California","state_ab":"CA","county":"San Bernardino","geo_location":{ "type": "Point", "coordinates": [-115.9671, 34.84] }},
{"zip_code":"92332","country":"US","city":"Essex","state":"California","state_ab":"CA","county":"San Bernardino","geo_location":{ "type": "Point", "coordinates": [-115.5771, 34.5881] }},
{"zip_code":"92345","country":"US","city":"Hesperia","state":"California","state_ab":"CA","county":"San Bernardino","geo_location":{ "type": "Point", "coordinates": [-117.3025, 34.4222] }},
{"zip_code":"92358","country":"US","city":"Lytle Creek","state":"California","state_ab":"CA","county":"San Bernardino","geo_location":{ "type": "Point", "coordinates": [-117.5186, 34.2558] }},
{"zip_code":"92372","country":"US","city":"Pinon Hills","state":"California","state_ab":"CA","county":"San Bernardino","geo_location":{ "type": "Point", "coordinates": [-117.6403, 34.4429] }},
{"zip_code":"92385","country":"US","city":"Skyforest","state":"California","state_ab":"CA","county":"San Bernardino","geo_location":{ "type": "Point", "coordinates": [-115.9671, 34.84] }},
{"zip_code":"92398","country":"US","city":"Yermo","state":"California","state_ab":"CA","county":"San Bernardino","geo_location":{ "type": "Point", "coordinates": [-116.7093, 34.9269] }},
{"zip_code":"92408","country":"US","city":"San Bernardino","state":"California","state_ab":"CA","county":"San Bernardino","geo_location":{ "type": "Point", "coordinates": [-117.2711, 34.0831] }},
{"zip_code":"91908","country":"US","city":"Bonita","state":"California","state_ab":"CA","county":"San Diego","geo_location":{ "type": "Point", "coordinates": [-116.846, 33.0169] }},
{"zip_code":"91935","country":"US","city":"Jamul","state":"California","state_ab":"CA","county":"San Diego","geo_location":{ "type": "Point", "coordinates": [-116.8323, 32.7163] }},
{"zip_code":"91948","country":"US","city":"Mount Laguna","state":"California","state_ab":"CA","county":"San Diego","geo_location":{ "type": "Point", "coordinates": [-116.846, 33.0169] }},
{"zip_code":"91962","country":"US","city":"Pine Valley","state":"California","state_ab":"CA","county":"San Diego","geo_location":{ "type": "Point", "coordinates": [-116.5127, 32.835] }},
{"zip_code":"92008","country":"US","city":"Carlsbad","state":"California","state_ab":"CA","county":"San Diego","geo_location":{ "type": "Point", "coordinates": [-117.325, 33.1602] }},
{"zip_code":"92022","country":"US","city":"El Cajon","state":"California","state_ab":"CA","county":"San Diego","geo_location":{ "type": "Point", "coordinates": [-116.846, 33.0169] }},
{"zip_code":"92075","country":"US","city":"Solana Beach","state":"California","state_ab":"CA","county":"San Diego","geo_location":{ "type": "Point", "coordinates": [-117.2598, 32.9937] }},
{"zip_code":"92088","country":"US","city":"Fallbrook","state":"California","state_ab":"CA","county":"San Diego","geo_location":{ "type": "Point", "coordinates": [-116.846, 33.0169] }},
{"zip_code":"92112","country":"US","city":"San Diego","state":"California","state_ab":"CA","county":"San Diego","geo_location":{ "type": "Point", "coordinates": [-116.846, 33.0169] }},
{"zip_code":"92138","country":"US","city":"San Diego","state":"California","state_ab":"CA","county":"San Diego","geo_location":{ "type": "Point", "coordinates": [-116.846, 33.0169] }},
{"zip_code":"92152","country":"US","city":"San Diego","state":"California","state_ab":"CA","county":"San Diego","geo_location":{ "type": "Point", "coordinates": [-116.846, 33.0169] }},
{"zip_code":"92165","country":"US","city":"San Diego","state":"California","state_ab":"CA","county":"San Diego","geo_location":{ "type": "Point", "coordinates": [-116.846, 33.0169] }},
{"zip_code":"92178","country":"US","city":"Coronado","state":"California","state_ab":"CA","county":"San Diego","geo_location":{ "type": "Point", "coordinates": [-116.846, 33.0169] }},
{"zip_code":"92192","country":"US","city":"San Diego","state":"California","state_ab":"CA","county":"San Diego","geo_location":{ "type": "Point", "coordinates": [-116.846, 33.0169] }},
{"zip_code":"94105","country":"US","city":"San Francisco","state":"California","state_ab":"CA","county":"San Francisco","geo_location":{ "type": "Point", "coordinates": [-122.3892, 37.7864] }},
{"zip_code":"94118","country":"US","city":"San Francisco","state":"California","state_ab":"CA","county":"San Francisco","geo_location":{ "type": "Point", "coordinates": [-122.4614, 37.7812] }},
{"zip_code":"94132","country":"US","city":"San Francisco","state":"California","state_ab":"CA","county":"San Francisco","geo_location":{ "type": "Point", "coordinates": [-122.4754, 37.7211] }},
{"zip_code":"94145","country":"US","city":"San Francisco","state":"California","state_ab":"CA","county":"San Francisco","geo_location":{ "type": "Point", "coordinates": [-122.7278, 37.7848] }},
{"zip_code":"94158","country":"US","city":"San Francisco","state":"California","state_ab":"CA","county":"San Francisco County","geo_location":{ "type": "Point", "coordinates": [-122.3867, 37.7694] }},
{"zip_code":"94172","country":"US","city":"San Francisco","state":"California","state_ab":"CA","county":"San Francisco","geo_location":{ "type": "Point", "coordinates": [-122.7278, 37.7848] }},
{"zip_code":"95212","country":"US","city":"Stockton","state":"California","state_ab":"CA","county":"San Joaquin","geo_location":{ "type": "Point", "coordinates": [-121.2589, 38.0315] }},
{"zip_code":"93412","country":"US","city":"Los Osos","state":"California","state_ab":"CA","county":"San Luis Obispo","geo_location":{ "type": "Point", "coordinates": [-120.4553, 35.3471] }},
{"zip_code":"93452","country":"US","city":"San Simeon","state":"California","state_ab":"CA","county":"San Luis Obispo","geo_location":{ "type": "Point", "coordinates": [-121.144, 35.6668] }},
{"zip_code":"93465","country":"US","city":"Templeton","state":"California","state_ab":"CA","county":"San Luis Obispo","geo_location":{ "type": "Point", "coordinates": [-120.7107, 35.5551] }},
{"zip_code":"94002","country":"US","city":"Belmont","state":"California","state_ab":"CA","county":"San Mateo","geo_location":{ "type": "Point", "coordinates": [-122.2927, 37.5174] }},
{"zip_code":"94015","country":"US","city":"Daly City","state":"California","state_ab":"CA","county":"San Mateo","geo_location":{ "type": "Point", "coordinates": [-122.478, 37.6787] }},
{"zip_code":"94028","country":"US","city":"Portola Valley","state":"California","state_ab":"CA","county":"San Mateo","geo_location":{ "type": "Point", "coordinates": [-122.2182, 37.3702] }},
{"zip_code":"94402","country":"US","city":"San Mateo","state":"California","state_ab":"CA","county":"San Mateo","geo_location":{ "type": "Point", "coordinates": [-122.3276, 37.5507] }},
{"zip_code":"93102","country":"US","city":"Santa Barbara","state":"California","state_ab":"CA","county":"Santa Barbara","geo_location":{ "type": "Point", "coordinates": [-119.8486, 34.2628] }},
{"zip_code":"93438","country":"US","city":"Lompoc","state":"California","state_ab":"CA","county":"Santa Barbara","geo_location":{ "type": "Point", "coordinates": [-119.8486, 34.2628] }},
{"zip_code":"94042","country":"US","city":"Mountain View","state":"California","state_ab":"CA","county":"Santa Clara","geo_location":{ "type": "Point", "coordinates": [-121.7053, 37.1894] }},
{"zip_code":"95032","country":"US","city":"Los Gatos","state":"California","state_ab":"CA","county":"Santa Clara","geo_location":{ "type": "Point", "coordinates": [-121.9554, 37.2417] }},
{"zip_code":"95108","country":"US","city":"San Jose","state":"California","state_ab":"CA","county":"Santa Clara","geo_location":{ "type": "Point", "coordinates": [-121.8908, 37.3378] }},
{"zip_code":"95122","country":"US","city":"San Jose","state":"California","state_ab":"CA","county":"Santa Clara","geo_location":{ "type": "Point", "coordinates": [-121.8339, 37.3293] }},
{"zip_code":"95135","country":"US","city":"San Jose","state":"California","state_ab":"CA","county":"Santa Clara","geo_location":{ "type": "Point", "coordinates": [-121.7562, 37.2974] }},
{"zip_code":"95148","country":"US","city":"San Jose","state":"California","state_ab":"CA","county":"Santa Clara","geo_location":{ "type": "Point", "coordinates": [-121.7913, 37.3304] }},
{"zip_code":"95005","country":"US","city":"Ben Lomond","state":"California","state_ab":"CA","county":"Santa Cruz","geo_location":{ "type": "Point", "coordinates": [-122.0887, 37.0882] }},
{"zip_code":"95018","country":"US","city":"Felton","state":"California","state_ab":"CA","county":"Santa Cruz","geo_location":{ "type": "Point", "coordinates": [-122.0618, 37.0662] }},
{"zip_code":"96008","country":"US","city":"Bella Vista","state":"California","state_ab":"CA","county":"Shasta","geo_location":{ "type": "Point", "coordinates": [-122.0725, 40.7409] }},
{"zip_code":"96022","country":"US","city":"Cottonwood","state":"California","state_ab":"CA","county":"Shasta","geo_location":{ "type": "Point", "coordinates": [-122.3375, 40.3691] }},
{"zip_code":"96062","country":"US","city":"Millville","state":"California","state_ab":"CA","county":"Shasta","geo_location":{ "type": "Point", "coordinates": [-122.1111, 40.5653] }},
{"zip_code":"96088","country":"US","city":"Shingletown","state":"California","state_ab":"CA","county":"Shasta","geo_location":{ "type": "Point", "coordinates": [-121.8857, 40.505] }},
{"zip_code":"96125","country":"US","city":"Sierra City","state":"California","state_ab":"CA","county":"Sierra","geo_location":{ "type": "Point", "coordinates": [-120.6269, 39.5936] }},
{"zip_code":"94585","country":"US","city":"Suisun City","state":"California","state_ab":"CA","county":"Solano","geo_location":{ "type": "Point", "coordinates": [-122.042, 38.2408] }},
{"zip_code":"95625","country":"US","city":"Elmira","state":"California","state_ab":"CA","county":"Solano","geo_location":{ "type": "Point", "coordinates": [-122.0168, 38.43] }},
{"zip_code":"94972","country":"US","city":"Valley Ford","state":"California","state_ab":"CA","county":"Sonoma","geo_location":{ "type": "Point", "coordinates": [-122.8558, 38.3072] }},
{"zip_code":"95405","country":"US","city":"Santa Rosa","state":"California","state_ab":"CA","county":"Sonoma","geo_location":{ "type": "Point", "coordinates": [-122.6727, 38.4386] }},
{"zip_code":"95472","country":"US","city":"Sebastopol","state":"California","state_ab":"CA","county":"Sonoma","geo_location":{ "type": "Point", "coordinates": [-122.8433, 38.3941] }},
{"zip_code":"95328","country":"US","city":"Keyes","state":"California","state_ab":"CA","county":"Stanislaus","geo_location":{ "type": "Point", "coordinates": [-120.9148, 37.5591] }},
{"zip_code":"95355","country":"US","city":"Modesto","state":"California","state_ab":"CA","county":"Stanislaus","geo_location":{ "type": "Point", "coordinates": [-120.9482, 37.6717] }},
{"zip_code":"95368","country":"US","city":"Salida","state":"California","state_ab":"CA","county":"Stanislaus","geo_location":{ "type": "Point", "coordinates": [-121.0864, 37.7083] }},
{"zip_code":"95382","country":"US","city":"Turlock","state":"California","state_ab":"CA","county":"Stanislaus","geo_location":{ "type": "Point", "coordinates": [-120.8517, 37.5239] }},
{"zip_code":"96035","country":"US","city":"Gerber","state":"California","state_ab":"CA","county":"Tehama","geo_location":{ "type": "Point", "coordinates": [-122.1649, 40.043] }},
{"zip_code":"96075","country":"US","city":"Paynes Creek","state":"California","state_ab":"CA","county":"Tehama","geo_location":{ "type": "Point", "coordinates": [-121.765, 40.3514] }},
{"zip_code":"96048","country":"US","city":"Junction City","state":"California","state_ab":"CA","county":"Trinity","geo_location":{ "type": "Point", "coordinates": [-123.0718, 40.7411] }},
{"zip_code":"93218","country":"US","city":"Ducor","state":"California","state_ab":"CA","county":"Tulare","geo_location":{ "type": "Point", "coordinates": [-119.0363, 36.082] }},
{"zip_code":"93258","country":"US","city":"Porterville","state":"California","state_ab":"CA","county":"Tulare","geo_location":{ "type": "Point", "coordinates": [-119.0073, 36.0331] }},
{"zip_code":"93272","country":"US","city":"Tipton","state":"California","state_ab":"CA","county":"Tulare","geo_location":{ "type": "Point", "coordinates": [-119.3078, 36.0546] }},
{"zip_code":"93618","country":"US","city":"Dinuba","state":"California","state_ab":"CA","county":"Tulare","geo_location":{ "type": "Point", "coordinates": [-119.3909, 36.5349] }},
{"zip_code":"93012","country":"US","city":"Camarillo","state":"California","state_ab":"CA","county":"Ventura","geo_location":{ "type": "Point", "coordinates": [-118.9866, 34.2218] }},
{"zip_code":"93065","country":"US","city":"Simi Valley","state":"California","state_ab":"CA","county":"Ventura","geo_location":{ "type": "Point", "coordinates": [-118.7653, 34.2656] }},
{"zip_code":"95612","country":"US","city":"Clarksburg","state":"California","state_ab":"CA","county":"Yolo","geo_location":{ "type": "Point", "coordinates": [-121.5641, 38.3945] }},
{"zip_code":"95692","country":"US","city":"Wheatland","state":"California","state_ab":"CA","county":"Yuba","geo_location":{ "type": "Point", "coordinates": [-121.4235, 39.0337] }},
{"zip_code":"95922","country":"US","city":"Camptonville","state":"California","state_ab":"CA","county":"Yuba","geo_location":{ "type": "Point", "coordinates": [-121.0098, 39.482] }},
{"zip_code":"95935","country":"US","city":"Dobbins","state":"California","state_ab":"CA","county":"Yuba","geo_location":{ "type": "Point", "coordinates": [-121.2256, 39.3662] }},
{"zip_code":"95962","country":"US","city":"Oregon House","state":"California","state_ab":"CA","county":"Yuba","geo_location":{ "type": "Point", "coordinates": [-121.2663, 39.3459] }},
{"zip_code":"80102","country":"US","city":"Bennett","state":"Colorado","state_ab":"CO","county":"Adams","geo_location":{ "type": "Point", "coordinates": [-104.4273, 39.7254] }},
{"zip_code":"80012","country":"US","city":"Aurora","state":"Colorado","state_ab":"CO","county":"Arapahoe","geo_location":{ "type": "Point", "coordinates": [-104.8377, 39.6987] }},
{"zip_code":"80155","country":"US","city":"Englewood","state":"Colorado","state_ab":"CO","county":"Arapahoe","geo_location":{ "type": "Point", "coordinates": [-104.4083, 39.7388] }},
{"zip_code":"80025","country":"US","city":"Eldorado Springs","state":"Colorado","state_ab":"CO","county":"Boulder","geo_location":{ "type": "Point", "coordinates": [-105.288, 39.9324] }},
{"zip_code":"80038","country":"US","city":"Broomfield","state":"Colorado","state_ab":"CO","county":"Boulder","geo_location":{ "type": "Point", "coordinates": [-105.3735, 40.0878] }},
{"zip_code":"80308","country":"US","city":"Boulder","state":"Colorado","state_ab":"CO","county":"Boulder","geo_location":{ "type": "Point", "coordinates": [-105.3868, 40.0277] }},
{"zip_code":"80322","country":"US","city":"Boulder","state":"Colorado","state_ab":"CO","county":"Boulder","geo_location":{ "type": "Point", "coordinates": [-105.3735, 40.0878] }},
{"zip_code":"80502","country":"US","city":"Longmont","state":"Colorado","state_ab":"CO","county":"Boulder","geo_location":{ "type": "Point", "coordinates": [-105.3735, 40.0878] }},
{"zip_code":"80825","country":"US","city":"Kit Carson","state":"Colorado","state_ab":"CO","county":"Cheyenne","geo_location":{ "type": "Point", "coordinates": [-102.8198, 38.804] }},
{"zip_code":"80438","country":"US","city":"Empire","state":"Colorado","state_ab":"CO","county":"Clear Creek","geo_location":{ "type": "Point", "coordinates": [-105.6655, 39.7619] }},
{"zip_code":"80452","country":"US","city":"Idaho Springs","state":"Colorado","state_ab":"CO","county":"Clear Creek","geo_location":{ "type": "Point", "coordinates": [-105.5983, 39.7402] }},
{"zip_code":"81415","country":"US","city":"Crawford","state":"Colorado","state_ab":"CO","county":"Delta","geo_location":{ "type": "Point", "coordinates": [-107.6149, 38.6941] }},
{"zip_code":"81428","country":"US","city":"Paonia","state":"Colorado","state_ab":"CO","county":"Delta","geo_location":{ "type": "Point", "coordinates": [-107.5985, 38.865] }},
{"zip_code":"80205","country":"US","city":"Denver","state":"Colorado","state_ab":"CO","county":"Denver","geo_location":{ "type": "Point", "coordinates": [-104.9661, 39.759] }},
{"zip_code":"80218","country":"US","city":"Denver","state":"Colorado","state_ab":"CO","county":"Denver","geo_location":{ "type": "Point", "coordinates": [-104.9717, 39.7327] }},
{"zip_code":"80285","country":"US","city":"Denver","state":"Colorado","state_ab":"CO","county":"Denver County","geo_location":{ "type": "Point", "coordinates": [-104.9813, 39.7427] }},
{"zip_code":"80902","country":"US","city":"Colorado Springs","state":"Colorado","state_ab":"CO","county":"El Paso County","geo_location":{ "type": "Point", "coordinates": [-104.8063, 38.7536] }},
{"zip_code":"80915","country":"US","city":"Colorado Springs","state":"Colorado","state_ab":"CO","county":"El Paso","geo_location":{ "type": "Point", "coordinates": [-104.7134, 38.8558] }},
{"zip_code":"80928","country":"US","city":"Colorado Springs","state":"Colorado","state_ab":"CO","county":"El Paso","geo_location":{ "type": "Point", "coordinates": [-104.457, 38.6233] }},
{"zip_code":"80942","country":"US","city":"Colorado Springs","state":"Colorado","state_ab":"CO","county":"El Paso","geo_location":{ "type": "Point", "coordinates": [-104.562, 38.8247] }},
{"zip_code":"80995","country":"US","city":"Colorado Springs","state":"Colorado","state_ab":"CO","county":"El Paso","geo_location":{ "type": "Point", "coordinates": [-104.562, 38.8247] }},
{"zip_code":"81222","country":"US","city":"Coaldale","state":"Colorado","state_ab":"CO","county":"Fremont","geo_location":{ "type": "Point", "coordinates": [-105.7843, 38.3824] }},
{"zip_code":"81635","country":"US","city":"Parachute","state":"Colorado","state_ab":"CO","county":"Garfield","geo_location":{ "type": "Point", "coordinates": [-107.8789, 39.4585] }},
{"zip_code":"80478","country":"US","city":"Tabernash","state":"Colorado","state_ab":"CO","county":"Grand","geo_location":{ "type": "Point", "coordinates": [-105.8615, 39.9797] }},
{"zip_code":"81235","country":"US","city":"Lake City","state":"Colorado","state_ab":"CO","county":"Hinsdale","geo_location":{ "type": "Point", "coordinates": [-107.302, 37.9868] }},
{"zip_code":"81055","country":"US","city":"La Veta","state":"Colorado","state_ab":"CO","county":"Huerfano","geo_location":{ "type": "Point", "coordinates": [-105.0575, 37.5117] }},
{"zip_code":"80128","country":"US","city":"Littleton","state":"Colorado","state_ab":"CO","county":"Jefferson","geo_location":{ "type": "Point", "coordinates": [-105.0832, 39.5918] }},
{"zip_code":"80232","country":"US","city":"Denver","state":"Colorado","state_ab":"CO","county":"Jefferson","geo_location":{ "type": "Point", "coordinates": [-105.0908, 39.6895] }},
{"zip_code":"80425","country":"US","city":"Buffalo Creek","state":"Colorado","state_ab":"CO","county":"Jefferson","geo_location":{ "type": "Point", "coordinates": [-105.255, 39.3322] }},
{"zip_code":"80465","country":"US","city":"Morrison","state":"Colorado","state_ab":"CO","county":"Jefferson","geo_location":{ "type": "Point", "coordinates": [-105.1746, 39.6125] }},
{"zip_code":"80515","country":"US","city":"Drake","state":"Colorado","state_ab":"CO","county":"Larimer","geo_location":{ "type": "Point", "coordinates": [-105.3831, 40.4275] }},
{"zip_code":"80528","country":"US","city":"Fort Collins","state":"Colorado","state_ab":"CO","county":"Larimer","geo_location":{ "type": "Point", "coordinates": [-105.0002, 40.4961] }},
{"zip_code":"81028","country":"US","city":"Bristol","state":"Colorado","state_ab":"CO","county":"Las Animas County","geo_location":{ "type": "Point", "coordinates": [-102.3477, 38.134] }},
{"zip_code":"81042","country":"US","city":"Gulnare","state":"Colorado","state_ab":"CO","county":"Las Animas","geo_location":{ "type": "Point", "coordinates": [-104.7346, 37.3153] }},
{"zip_code":"81082","country":"US","city":"Trinidad","state":"Colorado","state_ab":"CO","county":"Las Animas","geo_location":{ "type": "Point", "coordinates": [-104.5038, 37.2691] }},
{"zip_code":"80722","country":"US","city":"Atwood","state":"Colorado","state_ab":"CO","county":"Logan","geo_location":{ "type": "Point", "coordinates": [-103.2749, 40.5082] }},
{"zip_code":"81505","country":"US","city":"Grand Junction","state":"Colorado","state_ab":"CO","county":"Mesa","geo_location":{ "type": "Point", "coordinates": [-108.5968, 39.1071] }},
{"zip_code":"81402","country":"US","city":"Montrose","state":"Colorado","state_ab":"CO","county":"Montrose","geo_location":{ "type": "Point", "coordinates": [-107.886, 38.4851] }},
{"zip_code":"81002","country":"US","city":"Pueblo","state":"Colorado","state_ab":"CO","county":"Pueblo","geo_location":{ "type": "Point", "coordinates": [-104.5523, 38.1286] }},
{"zip_code":"81015","country":"US","city":"Pueblo","state":"Colorado","state_ab":"CO","county":"Pueblo","geo_location":{ "type": "Point", "coordinates": [-104.5523, 38.1286] }},
{"zip_code":"81648","country":"US","city":"Rangely","state":"Colorado","state_ab":"CO","county":"Rio Blanco","geo_location":{ "type": "Point", "coordinates": [-108.7991, 40.0828] }},
{"zip_code":"81132","country":"US","city":"Del Norte","state":"Colorado","state_ab":"CO","county":"Rio Grande","geo_location":{ "type": "Point", "coordinates": [-106.4073, 37.6447] }},
{"zip_code":"81248","country":"US","city":"Sargents","state":"Colorado","state_ab":"CO","county":"Saguache","geo_location":{ "type": "Point", "coordinates": [-106.4161, 38.4033] }},
{"zip_code":"81325","country":"US","city":"Egnar","state":"Colorado","state_ab":"CO","county":"San Miguel","geo_location":{ "type": "Point", "coordinates": [-108.9299, 37.9344] }},
{"zip_code":"80812","country":"US","city":"Cope","state":"Colorado","state_ab":"CO","county":"Washington","geo_location":{ "type": "Point", "coordinates": [-102.9904, 39.6848] }},
{"zip_code":"80542","country":"US","city":"Mead","state":"Colorado","state_ab":"CO","county":"Weld","geo_location":{ "type": "Point", "coordinates": [-104.9994, 40.2347] }},
{"zip_code":"80632","country":"US","city":"Greeley","state":"Colorado","state_ab":"CO","county":"Weld","geo_location":{ "type": "Point", "coordinates": [-104.7629, 40.3766] }},
{"zip_code":"80645","country":"US","city":"La Salle","state":"Colorado","state_ab":"CO","county":"Weld","geo_location":{ "type": "Point", "coordinates": [-104.7268, 40.3211] }},
{"zip_code":"80735","country":"US","city":"Idalia","state":"Colorado","state_ab":"CO","county":"Yuma","geo_location":{ "type": "Point", "coordinates": [-102.4262, 39.8167] }},
{"zip_code":"6432","country":"US","city":"Fairfield","state":"Connecticut","state_ab":"CT","county":"Fairfield","geo_location":{ "type": "Point", "coordinates": [-73.2354, 41.2017] }},
{"zip_code":"6612","country":"US","city":"Easton","state":"Connecticut","state_ab":"CT","county":"Fairfield","geo_location":{ "type": "Point", "coordinates": [-73.2871, 41.2523] }},
{"zip_code":"6832","country":"US","city":"Greenwich","state":"Connecticut","state_ab":"CT","county":"Fairfield","geo_location":{ "type": "Point", "coordinates": [-73.3637, 41.3089] }},
{"zip_code":"6858","country":"US","city":"Norwalk","state":"Connecticut","state_ab":"CT","county":"Fairfield","geo_location":{ "type": "Point", "coordinates": [-73.4162, 41.1105] }},
{"zip_code":"85325","country":"US","city":"Bouse","state":"Arizona","state_ab":"AZ","county":"La Paz","geo_location":{ "type": "Point", "coordinates": [-114.0036, 33.9578] }},
{"zip_code":"85002","country":"US","city":"Phoenix","state":"Arizona","state_ab":"AZ","county":"Maricopa","geo_location":{ "type": "Point", "coordinates": [-112.1872, 33.2765] }},
{"zip_code":"85015","country":"US","city":"Phoenix","state":"Arizona","state_ab":"AZ","county":"Maricopa","geo_location":{ "type": "Point", "coordinates": [-112.1011, 33.5082] }},
{"zip_code":"85028","country":"US","city":"Phoenix","state":"Arizona","state_ab":"AZ","county":"Maricopa","geo_location":{ "type": "Point", "coordinates": [-112.0087, 33.5851] }},
{"zip_code":"85042","country":"US","city":"Phoenix","state":"Arizona","state_ab":"AZ","county":"Maricopa","geo_location":{ "type": "Point", "coordinates": [-112.0283, 33.3794] }},
{"zip_code":"85055","country":"US","city":"Phoenix","state":"Arizona","state_ab":"AZ","county":"Maricopa","geo_location":{ "type": "Point", "coordinates": [-112.1872, 33.2765] }},
{"zip_code":"85068","country":"US","city":"Phoenix","state":"Arizona","state_ab":"AZ","county":"Maricopa","geo_location":{ "type": "Point", "coordinates": [-112.1872, 33.2765] }},
{"zip_code":"85082","country":"US","city":"Phoenix","state":"Arizona","state_ab":"AZ","county":"Maricopa","geo_location":{ "type": "Point", "coordinates": [-112.1872, 33.2765] }},
{"zip_code":"85208","country":"US","city":"Mesa","state":"Arizona","state_ab":"AZ","county":"Maricopa","geo_location":{ "type": "Point", "coordinates": [-111.6513, 33.3984] }},
{"zip_code":"85248","country":"US","city":"Chandler","state":"Arizona","state_ab":"AZ","county":"Maricopa","geo_location":{ "type": "Point", "coordinates": [-111.8593, 33.2509] }},
{"zip_code":"85262","country":"US","city":"Scottsdale","state":"Arizona","state_ab":"AZ","county":"Maricopa","geo_location":{ "type": "Point", "coordinates": [-111.7791, 33.7752] }},
{"zip_code":"85275","country":"US","city":"Mesa","state":"Arizona","state_ab":"AZ","county":"Maricopa","geo_location":{ "type": "Point", "coordinates": [-112.1872, 33.2765] }},
{"zip_code":"85312","country":"US","city":"Glendale","state":"Arizona","state_ab":"AZ","county":"Maricopa","geo_location":{ "type": "Point", "coordinates": [-112.1872, 33.2765] }},
{"zip_code":"85338","country":"US","city":"Goodyear","state":"Arizona","state_ab":"AZ","county":"Maricopa","geo_location":{ "type": "Point", "coordinates": [-112.3834, 33.4368] }},
{"zip_code":"85378","country":"US","city":"Surprise","state":"Arizona","state_ab":"AZ","county":"Maricopa","geo_location":{ "type": "Point", "coordinates": [-112.1872, 33.2765] }},
{"zip_code":"85392","country":"US","city":"Avondale","state":"Arizona","state_ab":"AZ","county":"Maricopa County","geo_location":{ "type": "Point", "coordinates": [-112.3093, 33.4777] }},
{"zip_code":"86405","country":"US","city":"Lake Havasu City","state":"Arizona","state_ab":"AZ","county":"Mohave","geo_location":{ "type": "Point", "coordinates": [-113.6427, 35.6053] }},
{"zip_code":"86432","country":"US","city":"Littlefield","state":"Arizona","state_ab":"AZ","county":"Mohave","geo_location":{ "type": "Point", "coordinates": [-113.5893, 36.4612] }},
{"zip_code":"86445","country":"US","city":"Willow Beach","state":"Arizona","state_ab":"AZ","county":"Mohave","geo_location":{ "type": "Point", "coordinates": [-114.5001, 35.7759] }},
{"zip_code":"86032","country":"US","city":"Joseph City","state":"Arizona","state_ab":"AZ","county":"Navajo","geo_location":{ "type": "Point", "coordinates": [-110.3373, 34.9814] }},
{"zip_code":"85622","country":"US","city":"Green Valley","state":"Arizona","state_ab":"AZ","county":"Pima","geo_location":{ "type": "Point", "coordinates": [-111.0755, 31.8269] }},
{"zip_code":"85712","country":"US","city":"Tucson","state":"Arizona","state_ab":"AZ","county":"Pima","geo_location":{ "type": "Point", "coordinates": [-110.8869, 32.25] }},
{"zip_code":"85725","country":"US","city":"Tucson","state":"Arizona","state_ab":"AZ","county":"Pima","geo_location":{ "type": "Point", "coordinates": [-111.8907, 31.9701] }},
{"zip_code":"85738","country":"US","city":"Catalina","state":"Arizona","state_ab":"AZ","county":"Pima","geo_location":{ "type": "Point", "coordinates": [-111.8907, 31.9701] }},
{"zip_code":"85752","country":"US","city":"Tucson","state":"Arizona","state_ab":"AZ","county":"Pima","geo_location":{ "type": "Point", "coordinates": [-111.8907, 31.9701] }},
{"zip_code":"85118","country":"US","city":"Gold Canyon","state":"Arizona","state_ab":"AZ","county":"Pinal","geo_location":{ "type": "Point", "coordinates": [-111.3502, 33.3284] }},
{"zip_code":"85132","country":"US","city":"Florence","state":"Arizona","state_ab":"AZ","county":"Pinal","geo_location":{ "type": "Point", "coordinates": [-111.3612, 32.9969] }},
{"zip_code":"85145","country":"US","city":"Red Rock","state":"Arizona","state_ab":"AZ","county":"Pinal","geo_location":{ "type": "Point", "coordinates": [-111.341, 32.58] }},
{"zip_code":"85172","country":"US","city":"Stanfield","state":"Arizona","state_ab":"AZ","county":"Pinal","geo_location":{ "type": "Point", "coordinates": [-111.966, 32.8823] }},
{"zip_code":"85648","country":"US","city":"Rio Rico","state":"Arizona","state_ab":"AZ","county":"Santa Cruz","geo_location":{ "type": "Point", "coordinates": [-111.0757, 31.5084] }},
{"zip_code":"85662","country":"US","city":"Nogales","state":"Arizona","state_ab":"AZ","county":"Santa Cruz","geo_location":{ "type": "Point", "coordinates": [-110.9093, 31.532] }},
{"zip_code":"86302","country":"US","city":"Prescott","state":"Arizona","state_ab":"AZ","county":"Yavapai","geo_location":{ "type": "Point", "coordinates": [-112.4915, 34.5749] }},
{"zip_code":"86315","country":"US","city":"Prescott Valley","state":"Arizona","state_ab":"AZ","county":"Yavapai","geo_location":{ "type": "Point", "coordinates": [-112.2639, 34.7055] }},
{"zip_code":"86342","country":"US","city":"Lake Montezuma","state":"Arizona","state_ab":"AZ","county":"Yavapai","geo_location":{ "type": "Point", "coordinates": [-111.7872, 34.6417] }},
{"zip_code":"85352","country":"US","city":"Tacna","state":"Arizona","state_ab":"AZ","county":"Yuma","geo_location":{ "type": "Point", "coordinates": [-113.9763, 32.6934] }},
{"zip_code":"85365","country":"US","city":"Yuma","state":"Arizona","state_ab":"AZ","county":"Yuma","geo_location":{ "type": "Point", "coordinates": [-114.4905, 32.7093] }},
{"zip_code":"94545","country":"US","city":"Hayward","state":"California","state_ab":"CA","county":"Alameda","geo_location":{ "type": "Point", "coordinates": [-122.0971, 37.6332] }},
{"zip_code":"94608","country":"US","city":"Emeryville","state":"California","state_ab":"CA","county":"Alameda","geo_location":{ "type": "Point", "coordinates": [-122.2804, 37.8365] }},
{"zip_code":"94622","country":"US","city":"Oakland","state":"California","state_ab":"CA","county":"Alameda County","geo_location":{ "type": "Point", "coordinates": [-122.2337, 37.799] }},
{"zip_code":"94662","country":"US","city":"Emeryville","state":"California","state_ab":"CA","county":"Alameda","geo_location":{ "type": "Point", "coordinates": [-121.9215, 37.6802] }},
{"zip_code":"94712","country":"US","city":"Berkeley","state":"California","state_ab":"CA","county":"Alameda","geo_location":{ "type": "Point", "coordinates": [-121.9215, 37.6802] }},
{"zip_code":"95665","country":"US","city":"Pine Grove","state":"California","state_ab":"CA","county":"Amador","geo_location":{ "type": "Point", "coordinates": [-120.6544, 38.4049] }},
{"zip_code":"95948","country":"US","city":"Gridley","state":"California","state_ab":"CA","county":"Butte","geo_location":{ "type": "Point", "coordinates": [-121.7137, 39.3532] }},
{"zip_code":"95225","country":"US","city":"Burson","state":"California","state_ab":"CA","county":"Calaveras","geo_location":{ "type": "Point", "coordinates": [-120.8894, 38.1838] }},
{"zip_code":"95252","country":"US","city":"Valley Springs","state":"California","state_ab":"CA","county":"Calaveras","geo_location":{ "type": "Point", "coordinates": [-120.8572, 38.162] }},
{"zip_code":"94505","country":"US","city":"Discovery Bay","state":"California","state_ab":"CA","county":"Contra Costa County","geo_location":{ "type": "Point", "coordinates": [-121.6054, 37.8989] }},
{"zip_code":"94518","country":"US","city":"Concord","state":"California","state_ab":"CA","county":"Contra Costa","geo_location":{ "type": "Point", "coordinates": [-122.0263, 37.9504] }},
{"zip_code":"94572","country":"US","city":"Rodeo","state":"California","state_ab":"CA","county":"Contra Costa","geo_location":{ "type": "Point", "coordinates": [-122.2581, 38.0307] }},
{"zip_code":"94598","country":"US","city":"Walnut Creek","state":"California","state_ab":"CA","county":"Contra Costa","geo_location":{ "type": "Point", "coordinates": [-122.0259, 37.9194] }},
{"zip_code":"94802","country":"US","city":"Richmond","state":"California","state_ab":"CA","county":"Contra Costa","geo_location":{ "type": "Point", "coordinates": [-121.9554, 37.7772] }},
{"zip_code":"95548","country":"US","city":"Klamath","state":"California","state_ab":"CA","county":"Del Norte","geo_location":{ "type": "Point", "coordinates": [-124.0387, 41.5804] }},
{"zip_code":"96152","country":"US","city":"South Lake Tahoe","state":"California","state_ab":"CA","county":"El Dorado","geo_location":{ "type": "Point", "coordinates": [-119.999, 38.9271] }},
{"zip_code":"93605","country":"US","city":"Big Creek","state":"California","state_ab":"CA","county":"Fresno","geo_location":{ "type": "Point", "coordinates": [-119.2492, 37.2032] }},
{"zip_code":"93708","country":"US","city":"Fresno","state":"California","state_ab":"CA","county":"Fresno","geo_location":{ "type": "Point", "coordinates": [-119.6397, 36.7464] }},
{"zip_code":"93722","country":"US","city":"Fresno","state":"California","state_ab":"CA","county":"Fresno","geo_location":{ "type": "Point", "coordinates": [-119.8801, 36.7918] }},
{"zip_code":"93762","country":"US","city":"Fresno","state":"California","state_ab":"CA","county":"Fresno","geo_location":{ "type": "Point", "coordinates": [-119.6397, 36.7464] }},
{"zip_code":"93775","country":"US","city":"Fresno","state":"California","state_ab":"CA","county":"Fresno","geo_location":{ "type": "Point", "coordinates": [-119.6397, 36.7464] }},
{"zip_code":"95988","country":"US","city":"Willows","state":"California","state_ab":"CA","county":"Glenn","geo_location":{ "type": "Point", "coordinates": [-122.2597, 39.5353] }},
{"zip_code":"95562","country":"US","city":"Rio Dell","state":"California","state_ab":"CA","county":"Humboldt","geo_location":{ "type": "Point", "coordinates": [-124.1102, 40.4987] }}]}