{"value": [{"zip_code":"33064","country":"US","city":"Pompano Beach","state":"Florida","state_ab":"FL","county":"Broward","geo_location":{ "type": "Point", "coordinates": [-80.1157, 26.2785] }},
{"zip_code":"33077","country":"US","city":"Pompano Beach","state":"Florida","state_ab":"FL","county":"Broward","geo_location":{ "type": "Point", "coordinates": [-80.4483, 26.1457] }},
{"zip_code":"33307","country":"US","city":"Fort Lauderdale","state":"Florida","state_ab":"FL","county":"Broward","geo_location":{ "type": "Point", "coordinates": [-80.4483, 26.1457] }},
{"zip_code":"33321","country":"US","city":"Fort Lauderdale","state":"Florida","state_ab":"FL","county":"Broward","geo_location":{ "type": "Point", "coordinates": [-80.2696, 26.212] }},
{"zip_code":"33334","country":"US","city":"Fort Lauderdale","state":"Florida","state_ab":"FL","county":"Broward","geo_location":{ "type": "Point", "coordinates": [-80.1344, 26.1845] }},
{"zip_code":"32421","country":"US","city":"Altha","state":"Florida","state_ab":"FL","county":"Calhoun","geo_location":{ "type": "Point", "coordinates": [-85.1704, 30.5319] }},
{"zip_code":"33927","country":"US","city":"El Jobean","state":"Florida","state_ab":"FL","county":"Charlotte","geo_location":{ "type": "Point", "coordinates": [-82.2168, 26.9324] }},
{"zip_code":"33954","country":"US","city":"Port Charlotte","state":"Florida","state_ab":"FL","county":"Charlotte","geo_location":{ "type": "Point", "coordinates": [-82.1108, 27.0228] }},
{"zip_code":"33981","country":"US","city":"Port Charlotte","state":"Florida","state_ab":"FL","county":"Charlotte","geo_location":{ "type": "Point", "coordinates": [-82.2388, 26.9379] }},
{"zip_code":"46114","country":"US","city":"Cartersburg","state":"Indiana","state_ab":"IN","county":"Hendricks","geo_location":{ "type": "Point", "coordinates": [-86.5104, 39.7624] }},
{"zip_code":"46167","country":"US","city":"Pittsboro","state":"Indiana","state_ab":"IN","county":"Hendricks","geo_location":{ "type": "Point", "coordinates": [-86.4645, 39.8615] }},
{"zip_code":"47337","country":"US","city":"Dunreith","state":"Indiana","state_ab":"IN","county":"Henry","geo_location":{ "type": "Point", "coordinates": [-85.4371, 39.8031] }},
{"zip_code":"47351","country":"US","city":"Kennard","state":"Indiana","state_ab":"IN","county":"Henry","geo_location":{ "type": "Point", "coordinates": [-85.5205, 39.904] }},
{"zip_code":"46901","country":"US","city":"Kokomo","state":"Indiana","state_ab":"IN","county":"Howard","geo_location":{ "type": "Point", "coordinates": [-86.1453, 40.4988] }},
{"zip_code":"47274","country":"US","city":"Seymour","state":"Indiana","state_ab":"IN","county":"Jackson","geo_location":{ "type": "Point", "coordinates": [-85.8825, 38.9571] }},
{"zip_code":"46181","country":"US","city":"Trafalgar","state":"Indiana","state_ab":"IN","county":"Johnson","geo_location":{ "type": "Point", "coordinates": [-86.1838, 39.3696] }},
{"zip_code":"47557","country":"US","city":"Monroe City","state":"Indiana","state_ab":"IN","county":"Knox","geo_location":{ "type": "Point", "coordinates": [-87.3641, 38.6001] }},
{"zip_code":"47597","country":"US","city":"Wheatland","state":"Indiana","state_ab":"IN","county":"Knox","geo_location":{ "type": "Point", "coordinates": [-87.3062, 38.6671] }},
{"zip_code":"46567","country":"US","city":"Syracuse","state":"Indiana","state_ab":"IN","county":"Kosciusko","geo_location":{ "type": "Point", "coordinates": [-85.7184, 41.4065] }},
{"zip_code":"46581","country":"US","city":"Warsaw","state":"Indiana","state_ab":"IN","county":"Kosciusko","geo_location":{ "type": "Point", "coordinates": [-85.8643, 41.2394] }},
{"zip_code":"46761","country":"US","city":"Lagrange","state":"Indiana","state_ab":"IN","county":"LaGrange","geo_location":{ "type": "Point", "coordinates": [-85.404, 41.652] }},
{"zip_code":"46307","country":"US","city":"Crown Point","state":"Indiana","state_ab":"IN","county":"Lake","geo_location":{ "type": "Point", "coordinates": [-87.3556, 41.4236] }},
{"zip_code":"46321","country":"US","city":"Munster","state":"Indiana","state_ab":"IN","county":"Lake","geo_location":{ "type": "Point", "coordinates": [-87.5011, 41.5544] }},
{"zip_code":"46411","country":"US","city":"Merrillville","state":"Indiana","state_ab":"IN","county":"Lake","geo_location":{ "type": "Point", "coordinates": [-87.3728, 41.4615] }},
{"zip_code":"46361","country":"US","city":"Michigan City","state":"Indiana","state_ab":"IN","county":"LaPorte","geo_location":{ "type": "Point", "coordinates": [-86.9151, 41.7035] }},
{"zip_code":"47467","country":"US","city":"Tunnelton","state":"Indiana","state_ab":"IN","county":"Lawrence","geo_location":{ "type": "Point", "coordinates": [-86.4794, 38.8395] }},
{"zip_code":"46011","country":"US","city":"Anderson","state":"Indiana","state_ab":"IN","county":"Madison","geo_location":{ "type": "Point", "coordinates": [-85.7253, 40.1146] }},
{"zip_code":"46051","country":"US","city":"Lapel","state":"Indiana","state_ab":"IN","county":"Madison","geo_location":{ "type": "Point", "coordinates": [-85.844, 40.0854] }},
{"zip_code":"46064","country":"US","city":"Pendleton","state":"Indiana","state_ab":"IN","county":"Madison","geo_location":{ "type": "Point", "coordinates": [-85.7946, 39.9792] }},
{"zip_code":"46204","country":"US","city":"Indianapolis","state":"Indiana","state_ab":"IN","county":"Marion","geo_location":{ "type": "Point", "coordinates": [-86.1535, 39.772] }},
{"zip_code":"46217","country":"US","city":"Indianapolis","state":"Indiana","state_ab":"IN","county":"Marion","geo_location":{ "type": "Point", "coordinates": [-86.1976, 39.6782] }},
{"zip_code":"46231","country":"US","city":"Indianapolis","state":"Indiana","state_ab":"IN","county":"Marion","geo_location":{ "type": "Point", "coordinates": [-86.3029, 39.7038] }},
{"zip_code":"46244","country":"US","city":"Indianapolis","state":"Indiana","state_ab":"IN","county":"Marion","geo_location":{ "type": "Point", "coordinates": [-86.1328, 39.7795] }},
{"zip_code":"46501","country":"US","city":"Argos","state":"Indiana","state_ab":"IN","county":"Marshall","geo_location":{ "type": "Point", "coordinates": [-86.2506, 41.2308] }},
{"zip_code":"46914","country":"US","city":"Bunker Hill","state":"Indiana","state_ab":"IN","county":"Miami","geo_location":{ "type": "Point", "coordinates": [-86.0961, 40.6423] }},
{"zip_code":"47401","country":"US","city":"Bloomington","state":"Indiana","state_ab":"IN","county":"Monroe","geo_location":{ "type": "Point", "coordinates": [-86.5083, 39.1401] }},
{"zip_code":"47454","country":"US","city":"Paoli","state":"Indiana","state_ab":"IN","county":"Orange","geo_location":{ "type": "Point", "coordinates": [-86.449, 38.5507] }},
{"zip_code":"47427","country":"US","city":"Coal City","state":"Indiana","state_ab":"IN","county":"Owen","geo_location":{ "type": "Point", "coordinates": [-86.9883, 39.2573] }},
{"zip_code":"47584","country":"US","city":"Spurgeon","state":"Indiana","state_ab":"IN","county":"Pike","geo_location":{ "type": "Point", "coordinates": [-87.2305, 38.2638] }},
{"zip_code":"46347","country":"US","city":"Kouts","state":"Indiana","state_ab":"IN","county":"Porter","geo_location":{ "type": "Point", "coordinates": [-87.024, 41.3091] }},
{"zip_code":"47957","country":"US","city":"Medaryville","state":"Indiana","state_ab":"IN","county":"Pulaski","geo_location":{ "type": "Point", "coordinates": [-86.8808, 41.0897] }},
{"zip_code":"47041","country":"US","city":"Sunman","state":"Indiana","state_ab":"IN","county":"Ripley","geo_location":{ "type": "Point", "coordinates": [-85.1159, 39.2623] }},
{"zip_code":"46127","country":"US","city":"Falmouth","state":"Indiana","state_ab":"IN","county":"Rush","geo_location":{ "type": "Point", "coordinates": [-85.3331, 39.729] }},
{"zip_code":"46554","country":"US","city":"North Liberty","state":"Indiana","state_ab":"IN","county":"St. Joseph","geo_location":{ "type": "Point", "coordinates": [-86.4133, 41.5425] }},
{"zip_code":"46604","country":"US","city":"South Bend","state":"Indiana","state_ab":"IN","county":"St. Joseph","geo_location":{ "type": "Point", "coordinates": [-86.2218, 41.6642] }},
{"zip_code":"46617","country":"US","city":"South Bend","state":"Indiana","state_ab":"IN","county":"St. Joseph","geo_location":{ "type": "Point", "coordinates": [-86.2351, 41.685] }},
{"zip_code":"47234","country":"US","city":"Flat Rock","state":"Indiana","state_ab":"IN","county":"Shelby","geo_location":{ "type": "Point", "coordinates": [-85.7679, 39.3774] }},
{"zip_code":"47531","country":"US","city":"Evanston","state":"Indiana","state_ab":"IN","county":"Spencer","geo_location":{ "type": "Point", "coordinates": [-86.8364, 38.0224] }},
{"zip_code":"47634","country":"US","city":"Richland","state":"Indiana","state_ab":"IN","county":"Spencer","geo_location":{ "type": "Point", "coordinates": [-87.201, 37.9136] }},
{"zip_code":"46374","country":"US","city":"San Pierre","state":"Indiana","state_ab":"IN","county":"Starke","geo_location":{ "type": "Point", "coordinates": [-86.8725, 41.2111] }},
{"zip_code":"46747","country":"US","city":"Hudson","state":"Indiana","state_ab":"IN","county":"Steuben","geo_location":{ "type": "Point", "coordinates": [-85.1132, 41.5771] }},
{"zip_code":"47904","country":"US","city":"Lafayette","state":"Indiana","state_ab":"IN","county":"Tippecanoe","geo_location":{ "type": "Point", "coordinates": [-86.8735, 40.4276] }},
{"zip_code":"47711","country":"US","city":"Evansville","state":"Indiana","state_ab":"IN","county":"Vanderburgh","geo_location":{ "type": "Point", "coordinates": [-87.5548, 38.0617] }},
{"zip_code":"47724","country":"US","city":"Evansville","state":"Indiana","state_ab":"IN","county":"Vanderburgh","geo_location":{ "type": "Point", "coordinates": [-87.575, 37.9971] }},
{"zip_code":"47737","country":"US","city":"Evansville","state":"Indiana","state_ab":"IN","county":"Vanderburgh","geo_location":{ "type": "Point", "coordinates": [-87.575, 37.9971] }},
{"zip_code":"47854","country":"US","city":"Hillsdale","state":"Indiana","state_ab":"IN","county":"Vermillion","geo_location":{ "type": "Point", "coordinates": [-87.4041, 39.7712] }},
{"zip_code":"47801","country":"US","city":"Terre Haute","state":"Indiana","state_ab":"IN","county":"Vigo","geo_location":{ "type": "Point", "coordinates": [-87.4101, 39.4336] }},
{"zip_code":"47814","country":"US","city":"Terre Haute","state":"Indiana","state_ab":"IN","county":"Vigo","geo_location":{ "type": "Point", "coordinates": [-87.4101, 39.4336] }},
{"zip_code":"46941","country":"US","city":"Lagro","state":"Indiana","state_ab":"IN","county":"Wabash","geo_location":{ "type": "Point", "coordinates": [-85.7204, 40.8199] }},
{"zip_code":"47324","country":"US","city":"Boston","state":"Indiana","state_ab":"IN","county":"Wayne","geo_location":{ "type": "Point", "coordinates": [-84.8484, 39.7579] }},
{"zip_code":"46787","country":"US","city":"South Whitley","state":"Indiana","state_ab":"IN","county":"Whitley","geo_location":{ "type": "Point", "coordinates": [-85.6143, 41.0726] }},
{"zip_code":"67061","country":"US","city":"Hazelton","state":"Kansas","state_ab":"KS","county":"Barber","geo_location":{ "type": "Point", "coordinates": [-98.4003, 37.0984] }},
{"zip_code":"67511","country":"US","city":"Albert","state":"Kansas","state_ab":"KS","county":"Barton","geo_location":{ "type": "Point", "coordinates": [-98.9134, 38.4205] }},
{"zip_code":"67564","country":"US","city":"Olmitz","state":"Kansas","state_ab":"KS","county":"Barton","geo_location":{ "type": "Point", "coordinates": [-98.8955, 38.5436] }},
{"zip_code":"66701","country":"US","city":"Fort Scott","state":"Kansas","state_ab":"KS","county":"Bourbon","geo_location":{ "type": "Point", "coordinates": [-94.7148, 37.8216] }},
{"zip_code":"66741","country":"US","city":"Arcadia","state":"Kansas","state_ab":"KS","county":"Bourbon","geo_location":{ "type": "Point", "coordinates": [-94.6613, 37.7175] }},
{"zip_code":"66754","country":"US","city":"Mapleton","state":"Kansas","state_ab":"KS","county":"Bourbon","geo_location":{ "type": "Point", "coordinates": [-94.8735, 38.0228] }},
{"zip_code":"67074","country":"US","city":"Leon","state":"Kansas","state_ab":"KS","county":"Butler","geo_location":{ "type": "Point", "coordinates": [-96.7526, 37.6813] }},
{"zip_code":"66781","country":"US","city":"Weir","state":"Kansas","state_ab":"KS","county":"Cherokee","geo_location":{ "type": "Point", "coordinates": [-94.7286, 37.2912] }},
{"zip_code":"67731","country":"US","city":"Bird City","state":"Kansas","state_ab":"KS","county":"Cheyenne","geo_location":{ "type": "Point", "coordinates": [-101.5319, 39.7579] }},
{"zip_code":"67447","country":"US","city":"Green","state":"Kansas","state_ab":"KS","county":"Clay","geo_location":{ "type": "Point", "coordinates": [-97.0149, 39.4803] }},
{"zip_code":"67487","country":"US","city":"Wakefield","state":"Kansas","state_ab":"KS","county":"Clay","geo_location":{ "type": "Point", "coordinates": [-97.0229, 39.2249] }},
{"zip_code":"66857","country":"US","city":"Le Roy","state":"Kansas","state_ab":"KS","county":"Coffey","geo_location":{ "type": "Point", "coordinates": [-95.6227, 38.0874] }},
{"zip_code":"66871","country":"US","city":"Waverly","state":"Kansas","state_ab":"KS","county":"Coffey","geo_location":{ "type": "Point", "coordinates": [-95.5982, 38.3782] }},
{"zip_code":"66017","country":"US","city":"Denton","state":"Kansas","state_ab":"KS","county":"Doniphan","geo_location":{ "type": "Point", "coordinates": [-95.2744, 39.7154] }},
{"zip_code":"66044","country":"US","city":"Lawrence","state":"Kansas","state_ab":"KS","county":"Douglas","geo_location":{ "type": "Point", "coordinates": [-95.2086, 39.0289] }},
{"zip_code":"67601","country":"US","city":"Hays","state":"Kansas","state_ab":"KS","county":"Ellis","geo_location":{ "type": "Point", "coordinates": [-99.3348, 38.8782] }},
{"zip_code":"67627","country":"US","city":"Catharine","state":"Kansas","state_ab":"KS","county":"Ellis","geo_location":{ "type": "Point", "coordinates": [-99.2161, 38.9276] }},
{"zip_code":"67667","country":"US","city":"Schoenchen","state":"Kansas","state_ab":"KS","county":"Ellis","geo_location":{ "type": "Point", "coordinates": [-99.3322, 38.7128] }},
{"zip_code":"67834","country":"US","city":"Bucklin","state":"Kansas","state_ab":"KS","county":"Ford","geo_location":{ "type": "Point", "coordinates": [-99.6325, 37.553] }},
{"zip_code":"67047","country":"US","city":"Fall River","state":"Kansas","state_ab":"KS","county":"Greenwood","geo_location":{ "type": "Point", "coordinates": [-96.0435, 37.621] }},
{"zip_code":"67137","country":"US","city":"Severy","state":"Kansas","state_ab":"KS","county":"Greenwood","geo_location":{ "type": "Point", "coordinates": [-96.2252, 37.617] }},
{"zip_code":"67151","country":"US","city":"Walton","state":"Kansas","state_ab":"KS","county":"Harvey","geo_location":{ "type": "Point", "coordinates": [-97.2361, 38.1239] }},
{"zip_code":"66097","country":"US","city":"Winchester","state":"Kansas","state_ab":"KS","county":"Jefferson","geo_location":{ "type": "Point", "coordinates": [-95.2696, 39.3245] }},
{"zip_code":"66031","country":"US","city":"New Century","state":"Kansas","state_ab":"KS","county":"Johnson","geo_location":{ "type": "Point", "coordinates": [-94.8992, 38.8249] }},
{"zip_code":"66211","country":"US","city":"Shawnee Mission","state":"Kansas","state_ab":"KS","county":"Johnson","geo_location":{ "type": "Point", "coordinates": [-94.6379, 38.9248] }},
{"zip_code":"66224","country":"US","city":"Shawnee Mission","state":"Kansas","state_ab":"KS","county":"Johnson","geo_location":{ "type": "Point", "coordinates": [-94.6314, 38.8591] }},
{"zip_code":"66251","country":"US","city":"Shawnee Mission","state":"Kansas","state_ab":"KS","county":"Johnson","geo_location":{ "type": "Point", "coordinates": [-94.832, 38.8999] }},
{"zip_code":"67111","country":"US","city":"Murdock","state":"Kansas","state_ab":"KS","county":"Kingman","geo_location":{ "type": "Point", "coordinates": [-97.9503, 37.6099] }},
{"zip_code":"67357","country":"US","city":"Parsons","state":"Kansas","state_ab":"KS","county":"Labette","geo_location":{ "type": "Point", "coordinates": [-95.2693, 37.3389] }},
{"zip_code":"67874","country":"US","city":"Shields","state":"Kansas","state_ab":"KS","county":"Lane County","geo_location":{ "type": "Point", "coordinates": [-100.4177, 38.6208] }},
{"zip_code":"66767","country":"US","city":"Prescott","state":"Kansas","state_ab":"KS","county":"Linn","geo_location":{ "type": "Point", "coordinates": [-94.7008, 38.0718] }},
{"zip_code":"66071","country":"US","city":"Paola","state":"Kansas","state_ab":"KS","county":"Miami","geo_location":{ "type": "Point", "coordinates": [-94.8937, 38.572] }},
{"zip_code":"67344","country":"US","city":"Elk City","state":"Kansas","state_ab":"KS","county":"Montgomery","geo_location":{ "type": "Point", "coordinates": [-95.9135, 37.3146] }},
{"zip_code":"66404","country":"US","city":"Baileyville","state":"Kansas","state_ab":"KS","county":"Nemaha","geo_location":{ "type": "Point", "coordinates": [-96.1801, 39.8816] }},
{"zip_code":"66417","country":"US","city":"Corning","state":"Kansas","state_ab":"KS","county":"Nemaha","geo_location":{ "type": "Point", "coordinates": [-96.0776, 39.657] }},
{"zip_code":"66534","country":"US","city":"Sabetha","state":"Kansas","state_ab":"KS","county":"Nemaha","geo_location":{ "type": "Point", "coordinates": [-95.8113, 39.8993] }},
{"zip_code":"67654","country":"US","city":"Norton","state":"Kansas","state_ab":"KS","county":"Norton","geo_location":{ "type": "Point", "coordinates": [-99.8878, 39.8407] }},
{"zip_code":"67474","country":"US","city":"Portis","state":"Kansas","state_ab":"KS","county":"Osborne","geo_location":{ "type": "Point", "coordinates": [-98.6904, 39.5455] }},
{"zip_code":"66521","country":"US","city":"Onaga","state":"Kansas","state_ab":"KS","county":"Pottawatomie","geo_location":{ "type": "Point", "coordinates": [-96.3443, 39.4424] }},
{"zip_code":"66547","country":"US","city":"Wamego","state":"Kansas","state_ab":"KS","county":"Pottawatomie","geo_location":{ "type": "Point", "coordinates": [-96.3153, 39.21] }},
{"zip_code":"67021","country":"US","city":"Byers","state":"Kansas","state_ab":"KS","county":"Pratt","geo_location":{ "type": "Point", "coordinates": [-98.9017, 37.7847] }},
{"zip_code":"67124","country":"US","city":"Pratt","state":"Kansas","state_ab":"KS","county":"Pratt","geo_location":{ "type": "Point", "coordinates": [-98.73, 37.6502] }},
{"zip_code":"67744","country":"US","city":"Ludell","state":"Kansas","state_ab":"KS","county":"Rawlins","geo_location":{ "type": "Point", "coordinates": [-100.9604, 39.863] }},
{"zip_code":"66961","country":"US","city":"Norway","state":"Kansas","state_ab":"KS","county":"Republic","geo_location":{ "type": "Point", "coordinates": [-97.6509, 39.8279] }},
{"zip_code":"67524","country":"US","city":"Chase","state":"Kansas","state_ab":"KS","county":"Rice","geo_location":{ "type": "Point", "coordinates": [-98.3556, 38.3635] }},
{"zip_code":"67201","country":"US","city":"Wichita","state":"Kansas","state_ab":"KS","county":"Sedgwick","geo_location":{ "type": "Point", "coordinates": [-97.259, 37.652] }},
{"zip_code":"67214","country":"US","city":"Wichita","state":"Kansas","state_ab":"KS","county":"Sedgwick","geo_location":{ "type": "Point", "coordinates": [-97.3133, 37.7051] }},
{"zip_code":"67227","country":"US","city":"Wichita","state":"Kansas","state_ab":"KS","county":"Sedgwick","geo_location":{ "type": "Point", "coordinates": [-97.4916, 37.6281] }},
{"zip_code":"66611","country":"US","city":"Topeka","state":"Kansas","state_ab":"KS","county":"Shawnee","geo_location":{ "type": "Point", "coordinates": [-95.6981, 39.0142] }},
{"zip_code":"66624","country":"US","city":"Topeka","state":"Kansas","state_ab":"KS","county":"Shawnee","geo_location":{ "type": "Point", "coordinates": [-95.7697, 39.0429] }},
{"zip_code":"66637","country":"US","city":"Topeka","state":"Kansas","state_ab":"KS","county":"Shawnee","geo_location":{ "type": "Point", "coordinates": [-95.7697, 39.0429] }},
{"zip_code":"67757","country":"US","city":"Selden","state":"Kansas","state_ab":"KS","county":"Sheridan","geo_location":{ "type": "Point", "coordinates": [-100.5257, 39.5216] }},
{"zip_code":"67641","country":"US","city":"Harlan","state":"Kansas","state_ab":"KS","county":"Smith County","geo_location":{ "type": "Point", "coordinates": [-98.7833, 39.6103] }},
{"zip_code":"67577","country":"US","city":"Seward","state":"Kansas","state_ab":"KS","county":"Stafford County","geo_location":{ "type": "Point", "coordinates": [-98.7622, 38.2076] }},
{"zip_code":"67951","country":"US","city":"Hugoton","state":"Kansas","state_ab":"KS","county":"Stevens","geo_location":{ "type": "Point", "coordinates": [-101.3346, 37.1682] }},
{"zip_code":"66431","country":"US","city":"Harveyville","state":"Kansas","state_ab":"KS","county":"Wabaunsee","geo_location":{ "type": "Point", "coordinates": [-95.9962, 38.8574] }},
{"zip_code":"66507","country":"US","city":"Maple Hill","state":"Kansas","state_ab":"KS","county":"Wabaunsee","geo_location":{ "type": "Point", "coordinates": [-96.0397, 39.0447] }},
{"zip_code":"67861","country":"US","city":"Leoti","state":"Kansas","state_ab":"KS","county":"Wichita","geo_location":{ "type": "Point", "coordinates": [-101.3589, 38.4987] }},
{"zip_code":"66714","country":"US","city":"Benedict","state":"Kansas","state_ab":"KS","county":"Wilson","geo_location":{ "type": "Point", "coordinates": [-95.7038, 37.6118] }},
{"zip_code":"66727","country":"US","city":"Coyville","state":"Kansas","state_ab":"KS","county":"Wilson","geo_location":{ "type": "Point", "coordinates": [-95.7438, 37.5592] }},
{"zip_code":"42761","country":"US","city":"Milltown","state":"Kentucky","state_ab":"KY","county":"Adair","geo_location":{ "type": "Point", "coordinates": [-85.4596, 37.1071] }},
{"zip_code":"42024","country":"US","city":"Barlow","state":"Kentucky","state_ab":"KY","county":"Ballard","geo_location":{ "type": "Point", "coordinates": [-89.0408, 37.0493] }},
{"zip_code":"42127","country":"US","city":"Cave City","state":"Kentucky","state_ab":"KY","county":"Barren","geo_location":{ "type": "Point", "coordinates": [-85.9443, 37.117] }},
{"zip_code":"42141","country":"US","city":"Glasgow","state":"Kentucky","state_ab":"KY","county":"Barren","geo_location":{ "type": "Point", "coordinates": [-85.9221, 36.9882] }},
{"zip_code":"41061","country":"US","city":"Milford","state":"Kentucky","state_ab":"KY","county":"Bracken","geo_location":{ "type": "Point", "coordinates": [-84.0701, 38.6886] }},
{"zip_code":"41317","country":"US","city":"Clayhole","state":"Kentucky","state_ab":"KY","county":"Breathitt","geo_location":{ "type": "Point", "coordinates": [-83.1892, 37.4476] }},
{"zip_code":"41357","country":"US","city":"Noctor","state":"Kentucky","state_ab":"KY","county":"Breathitt County","geo_location":{ "type": "Point", "coordinates": [-83.2732, 37.574] }},
{"zip_code":"42411","country":"US","city":"Fredonia","state":"Kentucky","state_ab":"KY","county":"Caldwell","geo_location":{ "type": "Point", "coordinates": [-88.0112, 37.213] }},
{"zip_code":"41007","country":"US","city":"California","state":"Kentucky","state_ab":"KY","county":"Campbell","geo_location":{ "type": "Point", "coordinates": [-84.3171, 38.9056] }},
{"zip_code":"41074","country":"US","city":"Dayton","state":"Kentucky","state_ab":"KY","county":"Campbell","geo_location":{ "type": "Point", "coordinates": [-84.4712, 39.1114] }},
{"zip_code":"41164","country":"US","city":"Olive Hill","state":"Kentucky","state_ab":"KY","county":"Carter","geo_location":{ "type": "Point", "coordinates": [-83.178, 38.3492] }},
{"zip_code":"42541","country":"US","city":"Middleburg","state":"Kentucky","state_ab":"KY","county":"Casey","geo_location":{ "type": "Point", "coordinates": [-84.8321, 37.3591] }},
{"zip_code":"42217","country":"US","city":"Crofton","state":"Kentucky","state_ab":"KY","county":"Christian","geo_location":{ "type": "Point", "coordinates": [-87.4891, 37.0344] }},
{"zip_code":"42037","country":"US","city":"Dycusburg","state":"Kentucky","state_ab":"KY","county":"Crittenden","geo_location":{ "type": "Point", "coordinates": [-88.1836, 37.1579] }},
{"zip_code":"42064","country":"US","city":"Marion","state":"Kentucky","state_ab":"KY","county":"Crittenden","geo_location":{ "type": "Point", "coordinates": [-88.1005, 37.3254] }},
{"zip_code":"42334","country":"US","city":"Curdsville","state":"Kentucky","state_ab":"KY","county":"Daviess","geo_location":{ "type": "Point", "coordinates": [-87.1128, 37.7455] }},
{"zip_code":"42257","country":"US","city":"Lindseyville","state":"Kentucky","state_ab":"KY","county":"Edmonson","geo_location":{ "type": "Point", "coordinates": [-86.2994, 37.2372] }},
{"zip_code":"42284","country":"US","city":"Sunfish","state":"Kentucky","state_ab":"KY","county":"Edmonson County","geo_location":{ "type": "Point", "coordinates": [-86.3646, 37.2966] }},
{"zip_code":"41177","country":"US","city":"Stephens","state":"Kentucky","state_ab":"KY","county":"Elliott County","geo_location":{ "type": "Point", "coordinates": [-82.9868, 38.1131] }},
{"zip_code":"40471","country":"US","city":"Pryse","state":"Kentucky","state_ab":"KY","county":"Estill County","geo_location":{ "type": "Point", "coordinates": [-83.8426, 37.6841] }},
{"zip_code":"40507","country":"US","city":"Lexington","state":"Kentucky","state_ab":"KY","county":"Fayette","geo_location":{ "type": "Point", "coordinates": [-84.4953, 38.0464] }},
{"zip_code":"40574","country":"US","city":"Lexington","state":"Kentucky","state_ab":"KY","county":"Fayette","geo_location":{ "type": "Point", "coordinates": [-84.4715, 38.0283] }},
{"zip_code":"40587","country":"US","city":"Lexington","state":"Kentucky","state_ab":"KY","county":"Fayette","geo_location":{ "type": "Point", "coordinates": [-84.4715, 38.0283] }},
{"zip_code":"41601","country":"US","city":"Allen","state":"Kentucky","state_ab":"KY","county":"Floyd","geo_location":{ "type": "Point", "coordinates": [-82.7225, 37.6074] }},
{"zip_code":"41614","country":"US","city":"Craynor","state":"Kentucky","state_ab":"KY","county":"Floyd County","geo_location":{ "type": "Point", "coordinates": [-82.6935, 37.408] }},
{"zip_code":"41627","country":"US","city":"Estill","state":"Kentucky","state_ab":"KY","county":"Floyd County","geo_location":{ "type": "Point", "coordinates": [-82.8196, 37.462] }},
{"zip_code":"41641","country":"US","city":"Hunter","state":"Kentucky","state_ab":"KY","county":"Floyd County","geo_location":{ "type": "Point", "coordinates": [-82.7562, 37.506] }},
{"zip_code":"41667","country":"US","city":"Weeksbury","state":"Kentucky","state_ab":"KY","county":"Floyd","geo_location":{ "type": "Point", "coordinates": [-82.7041, 37.317] }},
{"zip_code":"40444","country":"US","city":"Lancaster","state":"Kentucky","state_ab":"KY","county":"Garrard","geo_location":{ "type": "Point", "coordinates": [-84.5969, 37.6584] }},
{"zip_code":"42051","country":"US","city":"Hickory","state":"Kentucky","state_ab":"KY","county":"Graves","geo_location":{ "type": "Point", "coordinates": [-88.6788, 36.8478] }},
{"zip_code":"42721","country":"US","city":"Caneyville","state":"Kentucky","state_ab":"KY","county":"Grayson","geo_location":{ "type": "Point", "coordinates": [-86.4702, 37.4222] }},
{"zip_code":"40121","country":"US","city":"Fort Knox","state":"Kentucky","state_ab":"KY","county":"Hardin","geo_location":{ "type": "Point", "coordinates": [-85.9489, 37.8928] }},
{"zip_code":"40831","country":"US","city":"Harlan","state":"Kentucky","state_ab":"KY","county":"Harlan","geo_location":{ "type": "Point", "coordinates": [-83.3499, 36.7596] }},
{"zip_code":"42451","country":"US","city":"Reed","state":"Kentucky","state_ab":"KY","county":"Henderson","geo_location":{ "type": "Point", "coordinates": [-87.3704, 37.8588] }},
{"zip_code":"40057","country":"US","city":"Pleasureville","state":"Kentucky","state_ab":"KY","county":"Henry","geo_location":{ "type": "Point", "coordinates": [-85.0326, 38.4314] }},
{"zip_code":"42464","country":"US","city":"White Plains","state":"Kentucky","state_ab":"KY","county":"Hopkins","geo_location":{ "type": "Point", "coordinates": [-87.3644, 37.1788] }},
{"zip_code":"83867","country":"US","city":"Silverton","state":"Idaho","state_ab":"ID","county":"Shoshone","geo_location":{ "type": "Point", "coordinates": [-115.9657, 47.4981] }},
{"zip_code":"62301","country":"US","city":"Quincy","state":"Illinois","state_ab":"IL","county":"Adams","geo_location":{ "type": "Point", "coordinates": [-91.3763, 39.9307] }},
{"zip_code":"61337","country":"US","city":"Malden","state":"Illinois","state_ab":"IL","county":"Bureau","geo_location":{ "type": "Point", "coordinates": [-89.3355, 41.4223] }},
{"zip_code":"61014","country":"US","city":"Chadwick","state":"Illinois","state_ab":"IL","county":"Carroll","geo_location":{ "type": "Point", "coordinates": [-89.8963, 41.9962] }},
{"zip_code":"62611","country":"US","city":"Arenzville","state":"Illinois","state_ab":"IL","county":"Cass","geo_location":{ "type": "Point", "coordinates": [-90.3636, 39.8979] }},
{"zip_code":"62691","country":"US","city":"Virginia","state":"Illinois","state_ab":"IL","county":"Cass","geo_location":{ "type": "Point", "coordinates": [-90.1764, 39.958] }},
{"zip_code":"61801","country":"US","city":"Urbana","state":"Illinois","state_ab":"IL","county":"Champaign","geo_location":{ "type": "Point", "coordinates": [-88.2036, 40.1095] }},
{"zip_code":"62547","country":"US","city":"Mount Auburn","state":"Illinois","state_ab":"IL","county":"Christian","geo_location":{ "type": "Point", "coordinates": [-89.2489, 39.769] }},
{"zip_code":"61931","country":"US","city":"Humboldt","state":"Illinois","state_ab":"IL","county":"Coles","geo_location":{ "type": "Point", "coordinates": [-88.3141, 39.6012] }},
{"zip_code":"60077","country":"US","city":"Skokie","state":"Illinois","state_ab":"IL","county":"Cook","geo_location":{ "type": "Point", "coordinates": [-87.7541, 42.0345] }},
{"zip_code":"60091","country":"US","city":"Wilmette","state":"Illinois","state_ab":"IL","county":"Cook","geo_location":{ "type": "Point", "coordinates": [-87.7246, 42.0765] }},
{"zip_code":"60141","country":"US","city":"Hines","state":"Illinois","state_ab":"IL","county":"Cook","geo_location":{ "type": "Point", "coordinates": [-87.8355, 41.8623] }},
{"zip_code":"60154","country":"US","city":"Westchester","state":"Illinois","state_ab":"IL","county":"Cook","geo_location":{ "type": "Point", "coordinates": [-87.8845, 41.8524] }},
{"zip_code":"60194","country":"US","city":"Schaumburg","state":"Illinois","state_ab":"IL","county":"Cook","geo_location":{ "type": "Point", "coordinates": [-88.1167, 42.0289] }},
{"zip_code":"60204","country":"US","city":"Evanston","state":"Illinois","state_ab":"IL","county":"Cook","geo_location":{ "type": "Point", "coordinates": [-87.6873, 41.8119] }},
{"zip_code":"60411","country":"US","city":"Chicago Heights","state":"Illinois","state_ab":"IL","county":"Cook","geo_location":{ "type": "Point", "coordinates": [-87.5904, 41.5087] }},
{"zip_code":"60464","country":"US","city":"Palos Park","state":"Illinois","state_ab":"IL","county":"Cook","geo_location":{ "type": "Point", "coordinates": [-87.8521, 41.6624] }},
{"zip_code":"60477","country":"US","city":"Tinley Park","state":"Illinois","state_ab":"IL","county":"Cook","geo_location":{ "type": "Point", "coordinates": [-87.805, 41.5825] }},
{"zip_code":"60501","country":"US","city":"Summit Argo","state":"Illinois","state_ab":"IL","county":"Cook","geo_location":{ "type": "Point", "coordinates": [-87.824, 41.7801] }},
{"zip_code":"60604","country":"US","city":"Chicago","state":"Illinois","state_ab":"IL","county":"Cook","geo_location":{ "type": "Point", "coordinates": [-87.633, 41.8785] }},
{"zip_code":"60617","country":"US","city":"Chicago","state":"Illinois","state_ab":"IL","county":"Cook","geo_location":{ "type": "Point", "coordinates": [-87.556, 41.7257] }},
{"zip_code":"60631","country":"US","city":"Chicago","state":"Illinois","state_ab":"IL","county":"Cook","geo_location":{ "type": "Point", "coordinates": [-87.8082, 41.9951] }},
{"zip_code":"60644","country":"US","city":"Chicago","state":"Illinois","state_ab":"IL","county":"Cook","geo_location":{ "type": "Point", "coordinates": [-87.7582, 41.8829] }},
{"zip_code":"60657","country":"US","city":"Chicago","state":"Illinois","state_ab":"IL","county":"Cook","geo_location":{ "type": "Point", "coordinates": [-87.6528, 41.9399] }},
{"zip_code":"60671","country":"US","city":"Chicago","state":"Illinois","state_ab":"IL","county":"Cook","geo_location":{ "type": "Point", "coordinates": [-87.6873, 41.8119] }},
{"zip_code":"60684","country":"US","city":"Chicago","state":"Illinois","state_ab":"IL","county":"Cook","geo_location":{ "type": "Point", "coordinates": [-87.6873, 41.8119] }},
{"zip_code":"60697","country":"US","city":"Chicago","state":"Illinois","state_ab":"IL","county":"Cook","geo_location":{ "type": "Point", "coordinates": [-87.6873, 41.8119] }},
{"zip_code":"60707","country":"US","city":"Elmwood Park","state":"Illinois","state_ab":"IL","county":"Cook","geo_location":{ "type": "Point", "coordinates": [-87.8185, 41.9232] }},
{"zip_code":"61777","country":"US","city":"Wapella","state":"Illinois","state_ab":"IL","county":"De Witt","geo_location":{ "type": "Point", "coordinates": [-88.9673, 40.2323] }},
{"zip_code":"60101","country":"US","city":"Addison","state":"Illinois","state_ab":"IL","county":"DuPage","geo_location":{ "type": "Point", "coordinates": [-88.0054, 41.9335] }},
{"zip_code":"60114","country":"US","city":"Addison","state":"Illinois","state_ab":"IL","county":"DuPage","geo_location":{ "type": "Point", "coordinates": [-88.0887, 41.8397] }},
{"zip_code":"60181","country":"US","city":"Villa Park","state":"Illinois","state_ab":"IL","county":"DuPage","geo_location":{ "type": "Point", "coordinates": [-87.9782, 41.8799] }},
{"zip_code":"60514","country":"US","city":"Clarendon Hills","state":"Illinois","state_ab":"IL","county":"DuPage","geo_location":{ "type": "Point", "coordinates": [-87.9569, 41.7965] }},
{"zip_code":"60527","country":"US","city":"Hinsdale","state":"Illinois","state_ab":"IL","county":"DuPage","geo_location":{ "type": "Point", "coordinates": [-87.9334, 41.7447] }},
{"zip_code":"60567","country":"US","city":"Naperville","state":"Illinois","state_ab":"IL","county":"DuPage","geo_location":{ "type": "Point", "coordinates": [-88.0887, 41.8397] }},
{"zip_code":"61917","country":"US","city":"Brocton","state":"Illinois","state_ab":"IL","county":"Edgar","geo_location":{ "type": "Point", "coordinates": [-87.9263, 39.6923] }},
{"zip_code":"61944","country":"US","city":"Paris","state":"Illinois","state_ab":"IL","county":"Edgar","geo_location":{ "type": "Point", "coordinates": [-87.6976, 39.6132] }},
{"zip_code":"62471","country":"US","city":"Vandalia","state":"Illinois","state_ab":"IL","county":"Fayette","geo_location":{ "type": "Point", "coordinates": [-89.1041, 38.9439] }},
{"zip_code":"62857","country":"US","city":"Loogootee","state":"Illinois","state_ab":"IL","county":"Fayette","geo_location":{ "type": "Point", "coordinates": [-88.9755, 38.9771] }},
{"zip_code":"62884","country":"US","city":"Sesser","state":"Illinois","state_ab":"IL","county":"Franklin","geo_location":{ "type": "Point", "coordinates": [-89.0574, 38.0894] }},
{"zip_code":"62897","country":"US","city":"Whittington","state":"Illinois","state_ab":"IL","county":"Franklin","geo_location":{ "type": "Point", "coordinates": [-88.9014, 38.0872] }},
{"zip_code":"61427","country":"US","city":"Cuba","state":"Illinois","state_ab":"IL","county":"Fulton","geo_location":{ "type": "Point", "coordinates": [-90.1811, 40.4995] }},
{"zip_code":"61441","country":"US","city":"Ipava","state":"Illinois","state_ab":"IL","county":"Fulton","geo_location":{ "type": "Point", "coordinates": [-90.2967, 40.3594] }},
{"zip_code":"61531","country":"US","city":"Farmington","state":"Illinois","state_ab":"IL","county":"Fulton","geo_location":{ "type": "Point", "coordinates": [-90.035, 40.6832] }},
{"zip_code":"61544","country":"US","city":"London Mills","state":"Illinois","state_ab":"IL","county":"Fulton","geo_location":{ "type": "Point", "coordinates": [-90.2616, 40.695] }},
{"zip_code":"62871","country":"US","city":"Omaha","state":"Illinois","state_ab":"IL","county":"Gallatin","geo_location":{ "type": "Point", "coordinates": [-88.2865, 37.8904] }},
{"zip_code":"62934","country":"US","city":"Equality","state":"Illinois","state_ab":"IL","county":"Gallatin","geo_location":{ "type": "Point", "coordinates": [-88.3445, 37.7278] }},
{"zip_code":"62044","country":"US","city":"Greenfield","state":"Illinois","state_ab":"IL","county":"Greene","geo_location":{ "type": "Point", "coordinates": [-90.2089, 39.3491] }},
{"zip_code":"60424","country":"US","city":"Gardner","state":"Illinois","state_ab":"IL","county":"Grundy","geo_location":{ "type": "Point", "coordinates": [-88.338, 41.1775] }},
{"zip_code":"60437","country":"US","city":"Kinsman","state":"Illinois","state_ab":"IL","county":"Grundy","geo_location":{ "type": "Point", "coordinates": [-88.5535, 41.1631] }},
{"zip_code":"62817","country":"US","city":"Broughton","state":"Illinois","state_ab":"IL","county":"Hamilton","geo_location":{ "type": "Point", "coordinates": [-88.4678, 37.9546] }},
{"zip_code":"62341","country":"US","city":"Hamilton","state":"Illinois","state_ab":"IL","county":"Hancock","geo_location":{ "type": "Point", "coordinates": [-91.344, 40.4392] }},
{"zip_code":"62354","country":"US","city":"Nauvoo","state":"Illinois","state_ab":"IL","county":"Hancock","geo_location":{ "type": "Point", "coordinates": [-91.3318, 40.5261] }},
{"zip_code":"62367","country":"US","city":"Plymouth","state":"Illinois","state_ab":"IL","county":"Hancock","geo_location":{ "type": "Point", "coordinates": [-90.9672, 40.3236] }},
{"zip_code":"61454","country":"US","city":"Lomax","state":"Illinois","state_ab":"IL","county":"Henderson","geo_location":{ "type": "Point", "coordinates": [-91.0391, 40.6761] }},
{"zip_code":"61234","country":"US","city":"Annawan","state":"Illinois","state_ab":"IL","county":"Henry","geo_location":{ "type": "Point", "coordinates": [-89.9129, 41.398] }},
{"zip_code":"61274","country":"US","city":"Osco","state":"Illinois","state_ab":"IL","county":"Henry","geo_location":{ "type": "Point", "coordinates": [-90.2681, 41.3637] }},
{"zip_code":"60927","country":"US","city":"Clifton","state":"Illinois","state_ab":"IL","county":"Iroquois","geo_location":{ "type": "Point", "coordinates": [-87.9202, 40.9394] }},
{"zip_code":"60967","country":"US","city":"Stockland","state":"Illinois","state_ab":"IL","county":"Iroquois","geo_location":{ "type": "Point", "coordinates": [-87.8288, 40.7481] }},
{"zip_code":"62907","country":"US","city":"Ava","state":"Illinois","state_ab":"IL","county":"Jackson","geo_location":{ "type": "Point", "coordinates": [-89.4654, 37.8793] }},
{"zip_code":"62031","country":"US","city":"Fieldon","state":"Illinois","state_ab":"IL","county":"Jersey","geo_location":{ "type": "Point", "coordinates": [-90.5297, 39.1086] }},
{"zip_code":"61001","country":"US","city":"Apple River","state":"Illinois","state_ab":"IL","county":"Jo Daviess","geo_location":{ "type": "Point", "coordinates": [-90.1201, 42.4714] }},
{"zip_code":"61041","country":"US","city":"Hanover","state":"Illinois","state_ab":"IL","county":"Jo Daviess","geo_location":{ "type": "Point", "coordinates": [-90.2897, 42.2594] }},
{"zip_code":"60554","country":"US","city":"Sugar Grove","state":"Illinois","state_ab":"IL","county":"Kane","geo_location":{ "type": "Point", "coordinates": [-88.4397, 41.7741] }},
{"zip_code":"60901","country":"US","city":"Kankakee","state":"Illinois","state_ab":"IL","county":"Kankakee","geo_location":{ "type": "Point", "coordinates": [-87.8696, 41.1166] }},
{"zip_code":"60914","country":"US","city":"Bourbonnais","state":"Illinois","state_ab":"IL","county":"Kankakee","geo_location":{ "type": "Point", "coordinates": [-87.879, 41.1661] }},
{"zip_code":"60941","country":"US","city":"Herscher","state":"Illinois","state_ab":"IL","county":"Kankakee","geo_location":{ "type": "Point", "coordinates": [-88.0858, 41.0464] }},
{"zip_code":"60954","country":"US","city":"Momence","state":"Illinois","state_ab":"IL","county":"Kankakee","geo_location":{ "type": "Point", "coordinates": [-87.6575, 41.1593] }},
{"zip_code":"60541","country":"US","city":"Newark","state":"Illinois","state_ab":"IL","county":"Kendall","geo_location":{ "type": "Point", "coordinates": [-88.527, 41.5267] }},
{"zip_code":"61401","country":"US","city":"Galesburg","state":"Illinois","state_ab":"IL","county":"Knox","geo_location":{ "type": "Point", "coordinates": [-90.3698, 40.9521] }},
{"zip_code":"61414","country":"US","city":"Altona","state":"Illinois","state_ab":"IL","county":"Knox","geo_location":{ "type": "Point", "coordinates": [-90.1598, 41.1128] }},
{"zip_code":"61467","country":"US","city":"Oneida","state":"Illinois","state_ab":"IL","county":"Knox","geo_location":{ "type": "Point", "coordinates": [-90.2391, 41.0832] }},
{"zip_code":"60011","country":"US","city":"Barrington","state":"Illinois","state_ab":"IL","county":"Lake","geo_location":{ "type": "Point", "coordinates": [-87.6101, 42.3228] }},
{"zip_code":"60037","country":"US","city":"Fort Sheridan","state":"Illinois","state_ab":"IL","county":"Lake","geo_location":{ "type": "Point", "coordinates": [-87.8056, 42.2097] }},
{"zip_code":"60064","country":"US","city":"North Chicago","state":"Illinois","state_ab":"IL","county":"Lake","geo_location":{ "type": "Point", "coordinates": [-87.8564, 42.3247] }},
{"zip_code":"61364","country":"US","city":"Streator","state":"Illinois","state_ab":"IL","county":"La Salle","geo_location":{ "type": "Point", "coordinates": [-88.8307, 41.1225] }},
{"zip_code":"62417","country":"US","city":"Bridgeport","state":"Illinois","state_ab":"IL","county":"Lawrence","geo_location":{ "type": "Point", "coordinates": [-87.7657, 38.7067] }},
{"zip_code":"61324","country":"US","city":"Eldena","state":"Illinois","state_ab":"IL","county":"Lee","geo_location":{ "type": "Point", "coordinates": [-89.4123, 41.7711] }},
{"zip_code":"61311","country":"US","city":"Ancona","state":"Illinois","state_ab":"IL","county":"Livingston","geo_location":{ "type": "Point", "coordinates": [-88.8642, 41.0426] }},
{"zip_code":"61764","country":"US","city":"Pontiac","state":"Illinois","state_ab":"IL","county":"Livingston","geo_location":{ "type": "Point", "coordinates": [-88.6328, 40.8764] }},
{"zip_code":"61751","country":"US","city":"Lawndale","state":"Illinois","state_ab":"IL","county":"Logan","geo_location":{ "type": "Point", "coordinates": [-89.2852, 40.2193] }},
{"zip_code":"62327","country":"US","city":"Colmar","state":"Illinois","state_ab":"IL","county":"McDonough County","geo_location":{ "type": "Point", "coordinates": [-90.7533, 40.3545] }},
{"zip_code":"60051","country":"US","city":"Mchenry","state":"Illinois","state_ab":"IL","county":"McHenry","geo_location":{ "type": "Point", "coordinates": [-88.2294, 42.3542] }},
{"zip_code":"61724","country":"US","city":"Bellflower","state":"Illinois","state_ab":"IL","county":"McLean","geo_location":{ "type": "Point", "coordinates": [-88.5227, 40.3401] }},
{"zip_code":"61737","country":"US","city":"Ellsworth","state":"Illinois","state_ab":"IL","county":"McLean","geo_location":{ "type": "Point", "coordinates": [-88.7371, 40.4432] }},
{"zip_code":"61791","country":"US","city":"Bloomington","state":"Illinois","state_ab":"IL","county":"McLean","geo_location":{ "type": "Point", "coordinates": [-88.8643, 40.5192] }},
{"zip_code":"62521","country":"US","city":"Decatur","state":"Illinois","state_ab":"IL","county":"Macon","geo_location":{ "type": "Point", "coordinates": [-88.9465, 39.8395] }},
{"zip_code":"60297","country":"US","city":"McHenry","state":"Illinois","state_ab":"IL","county":"Madison County","geo_location":{ "type": "Point", "coordinates": [-88.2696, 42.3448] }},
{"zip_code":"62084","country":"US","city":"Roxana","state":"Illinois","state_ab":"IL","county":"Madison","geo_location":{ "type": "Point", "coordinates": [-90.0798, 38.8482] }},
{"zip_code":"62097","country":"US","city":"Worden","state":"Illinois","state_ab":"IL","county":"Madison","geo_location":{ "type": "Point", "coordinates": [-89.8532, 38.9449] }},
{"zip_code":"61377","country":"US","city":"Wenona","state":"Illinois","state_ab":"IL","county":"Marshall","geo_location":{ "type": "Point", "coordinates": [-89.0416, 41.0548] }},
{"zip_code":"62664","country":"US","city":"Mason City","state":"Illinois","state_ab":"IL","county":"Mason","geo_location":{ "type": "Point", "coordinates": [-89.7318, 40.2269] }},
{"zip_code":"62017","country":"US","city":"Coffeen","state":"Illinois","state_ab":"IL","county":"Montgomery","geo_location":{ "type": "Point", "coordinates": [-89.3945, 39.0908] }},
{"zip_code":"62651","country":"US","city":"Jacksonville","state":"Illinois","state_ab":"IL","county":"Morgan","geo_location":{ "type": "Point", "coordinates": [-90.2615, 39.6983] }},
{"zip_code":"61054","country":"US","city":"Mount Morris","state":"Illinois","state_ab":"IL","county":"Ogle","geo_location":{ "type": "Point", "coordinates": [-89.4346, 42.0479] }},
{"zip_code":"61517","country":"US","city":"Brimfield","state":"Illinois","state_ab":"IL","county":"Peoria","geo_location":{ "type": "Point", "coordinates": [-89.897, 40.8407] }},
{"zip_code":"61607","country":"US","city":"Peoria","state":"Illinois","state_ab":"IL","county":"Peoria","geo_location":{ "type": "Point", "coordinates": [-89.6903, 40.6321] }},
{"zip_code":"61634","country":"US","city":"Peoria","state":"Illinois","state_ab":"IL","county":"Peoria","geo_location":{ "type": "Point", "coordinates": [-89.5926, 40.6896] }},
{"zip_code":"61854","country":"US","city":"Mansfield","state":"Illinois","state_ab":"IL","county":"Piatt","geo_location":{ "type": "Point", "coordinates": [-88.5179, 40.2147] }},
{"zip_code":"62314","country":"US","city":"Baylis","state":"Illinois","state_ab":"IL","county":"Pike","geo_location":{ "type": "Point", "coordinates": [-90.8832, 39.7612] }},
{"zip_code":"62947","country":"US","city":"Herod","state":"Illinois","state_ab":"IL","county":"Pope","geo_location":{ "type": "Point", "coordinates": [-88.44, 37.5634] }},
{"zip_code":"62237","country":"US","city":"Coulterville","state":"Illinois","state_ab":"IL","county":"Randolph","geo_location":{ "type": "Point", "coordinates": [-89.6479, 38.1753] }},
{"zip_code":"62277","country":"US","city":"Prairie Du Rocher","state":"Illinois","state_ab":"IL","county":"Randolph","geo_location":{ "type": "Point", "coordinates": [-90.0341, 38.1142] }},
{"zip_code":"62071","country":"US","city":"National Stock Yards","state":"Illinois","state_ab":"IL","county":"St. Clair","geo_location":{ "type": "Point", "coordinates": [-90.1639, 38.6516] }},
{"zip_code":"62224","country":"US","city":"Mascoutah","state":"Illinois","state_ab":"IL","county":"St. Clair","geo_location":{ "type": "Point", "coordinates": [-89.9835, 38.44] }},
{"zip_code":"62264","country":"US","city":"New Athens","state":"Illinois","state_ab":"IL","county":"St. Clair","geo_location":{ "type": "Point", "coordinates": [-89.8728, 38.316] }},
{"zip_code":"62987","country":"US","city":"Stonefort","state":"Illinois","state_ab":"IL","county":"Saline","geo_location":{ "type": "Point", "coordinates": [-88.6228, 37.6432] }},
{"zip_code":"62561","country":"US","city":"Riverton","state":"Illinois","state_ab":"IL","county":"Sangamon","geo_location":{ "type": "Point", "coordinates": [-89.5087, 39.8663] }},
{"zip_code":"62677","country":"US","city":"Pleasant Plains","state":"Illinois","state_ab":"IL","county":"Sangamon","geo_location":{ "type": "Point", "coordinates": [-89.8686, 39.8331] }},
{"zip_code":"62701","country":"US","city":"Springfield","state":"Illinois","state_ab":"IL","county":"Sangamon","geo_location":{ "type": "Point", "coordinates": [-89.6495, 39.8] }},
{"zip_code":"62767","country":"US","city":"Springfield","state":"Illinois","state_ab":"IL","county":"Sangamon","geo_location":{ "type": "Point", "coordinates": [-89.606, 39.7495] }},
{"zip_code":"62781","country":"US","city":"Springfield","state":"Illinois","state_ab":"IL","county":"Sangamon","geo_location":{ "type": "Point", "coordinates": [-89.606, 39.7495] }},
{"zip_code":"62794","country":"US","city":"Springfield","state":"Illinois","state_ab":"IL","county":"Sangamon","geo_location":{ "type": "Point", "coordinates": [-89.606, 39.7495] }},
{"zip_code":"62624","country":"US","city":"Browning","state":"Illinois","state_ab":"IL","county":"Schuyler","geo_location":{ "type": "Point", "coordinates": [-90.5566, 40.1316] }},
{"zip_code":"61957","country":"US","city":"Windsor","state":"Illinois","state_ab":"IL","county":"Shelby","geo_location":{ "type": "Point", "coordinates": [-88.5857, 39.4302] }},
{"zip_code":"62431","country":"US","city":"Herrick","state":"Illinois","state_ab":"IL","county":"Shelby","geo_location":{ "type": "Point", "coordinates": [-88.9812, 39.2245] }},
{"zip_code":"62444","country":"US","city":"Mode","state":"Illinois","state_ab":"IL","county":"Shelby","geo_location":{ "type": "Point", "coordinates": [-88.8053, 39.4346] }},
{"zip_code":"62534","country":"US","city":"Findlay","state":"Illinois","state_ab":"IL","county":"Shelby","geo_location":{ "type": "Point", "coordinates": [-88.7468, 39.5193] }},
{"zip_code":"62574","country":"US","city":"Findlay","state":"Illinois","state_ab":"IL","county":"Shelby County","geo_location":{ "type": "Point", "coordinates": [-88.8615, 39.4788] }},
{"zip_code":"61027","country":"US","city":"Eleroy","state":"Illinois","state_ab":"IL","county":"Stephenson","geo_location":{ "type": "Point", "coordinates": [-89.7612, 42.332] }},
{"zip_code":"61067","country":"US","city":"Ridott","state":"Illinois","state_ab":"IL","county":"Stephenson","geo_location":{ "type": "Point", "coordinates": [-89.4627, 42.2996] }},
{"zip_code":"61571","country":"US","city":"Washington","state":"Illinois","state_ab":"IL","county":"Tazewell","geo_location":{ "type": "Point", "coordinates": [-89.4194, 40.7034] }},
{"zip_code":"62961","country":"US","city":"Millcreek","state":"Illinois","state_ab":"IL","county":"Union","geo_location":{ "type": "Point", "coordinates": [-89.2542, 37.3409] }},
{"zip_code":"61814","country":"US","city":"Bismarck","state":"Illinois","state_ab":"IL","county":"Vermilion","geo_location":{ "type": "Point", "coordinates": [-87.6138, 40.2552] }},
{"zip_code":"61841","country":"US","city":"Fairmount","state":"Illinois","state_ab":"IL","county":"Vermilion","geo_location":{ "type": "Point", "coordinates": [-87.8365, 40.0373] }},
{"zip_code":"62831","country":"US","city":"Du Bois","state":"Illinois","state_ab":"IL","county":"Washington","geo_location":{ "type": "Point", "coordinates": [-89.2042, 38.2526] }},
{"zip_code":"62844","country":"US","city":"Grayville","state":"Illinois","state_ab":"IL","county":"White","geo_location":{ "type": "Point", "coordinates": [-88.0035, 38.2627] }},
{"zip_code":"61081","country":"US","city":"Sterling","state":"Illinois","state_ab":"IL","county":"Whiteside","geo_location":{ "type": "Point", "coordinates": [-89.7054, 41.8055] }},
{"zip_code":"61261","country":"US","city":"Lyndon","state":"Illinois","state_ab":"IL","county":"Whiteside","geo_location":{ "type": "Point", "coordinates": [-89.9169, 41.7199] }},
{"zip_code":"60451","country":"US","city":"New Lenox","state":"Illinois","state_ab":"IL","county":"Will","geo_location":{ "type": "Point", "coordinates": [-87.9631, 41.5067] }},
{"zip_code":"60491","country":"US","city":"Homer Glen","state":"Illinois","state_ab":"IL","county":"Will County","geo_location":{ "type": "Point", "coordinates": [-87.9599, 41.6028] }},
{"zip_code":"62921","country":"US","city":"Colp","state":"Illinois","state_ab":"IL","county":"Williamson","geo_location":{ "type": "Point", "coordinates": [-89.076, 37.8057] }},
{"zip_code":"62974","country":"US","city":"Pittsburg","state":"Illinois","state_ab":"IL","county":"Williamson","geo_location":{ "type": "Point", "coordinates": [-88.8081, 37.8047] }},
{"zip_code":"61104","country":"US","city":"Rockford","state":"Illinois","state_ab":"IL","county":"Winnebago","geo_location":{ "type": "Point", "coordinates": [-89.0768, 42.2554] }},
{"zip_code":"61131","country":"US","city":"Loves Park","state":"Illinois","state_ab":"IL","county":"Winnebago","geo_location":{ "type": "Point", "coordinates": [-89.1705, 42.3254] }},
{"zip_code":"46774","country":"US","city":"New Haven","state":"Indiana","state_ab":"IN","county":"Allen","geo_location":{ "type": "Point", "coordinates": [-85.0117, 41.0699] }},
{"zip_code":"46851","country":"US","city":"Fort Wayne","state":"Indiana","state_ab":"IN","county":"Allen","geo_location":{ "type": "Point", "coordinates": [-85.0707, 41.0938] }},
{"zip_code":"46864","country":"US","city":"Fort Wayne","state":"Indiana","state_ab":"IN","county":"Allen","geo_location":{ "type": "Point", "coordinates": [-85.0707, 41.0938] }},
{"zip_code":"47247","country":"US","city":"Jonesville","state":"Indiana","state_ab":"IN","county":"Bartholomew","geo_location":{ "type": "Point", "coordinates": [-85.8886, 39.0593] }},
{"zip_code":"47917","country":"US","city":"Ambia","state":"Indiana","state_ab":"IN","county":"Benton","geo_location":{ "type": "Point", "coordinates": [-87.4796, 40.4793] }},
{"zip_code":"47944","country":"US","city":"Fowler","state":"Indiana","state_ab":"IN","county":"Benton","geo_location":{ "type": "Point", "coordinates": [-87.309, 40.6255] }},
{"zip_code":"47971","country":"US","city":"Oxford","state":"Indiana","state_ab":"IN","county":"Benton","geo_location":{ "type": "Point", "coordinates": [-87.2526, 40.5217] }},
{"zip_code":"47984","country":"US","city":"Talbot","state":"Indiana","state_ab":"IN","county":"Benton","geo_location":{ "type": "Point", "coordinates": [-87.31, 40.6063] }},
{"zip_code":"46077","country":"US","city":"Zionsville","state":"Indiana","state_ab":"IN","county":"Boone","geo_location":{ "type": "Point", "coordinates": [-86.2767, 39.9561] }},
{"zip_code":"47997","country":"US","city":"Yeoman","state":"Indiana","state_ab":"IN","county":"Carroll","geo_location":{ "type": "Point", "coordinates": [-86.7236, 40.6677] }},
{"zip_code":"46967","country":"US","city":"Onward","state":"Indiana","state_ab":"IN","county":"Cass","geo_location":{ "type": "Point", "coordinates": [-86.1951, 40.6947] }},
{"zip_code":"46994","country":"US","city":"Walton","state":"Indiana","state_ab":"IN","county":"Cass","geo_location":{ "type": "Point", "coordinates": [-86.2805, 40.6772] }},
{"zip_code":"47104","country":"US","city":"Bethlehem","state":"Indiana","state_ab":"IN","county":"Clark","geo_location":{ "type": "Point", "coordinates": [-85.4218, 38.5399] }},
{"zip_code":"47131","country":"US","city":"Jeffersonville","state":"Indiana","state_ab":"IN","county":"Clark","geo_location":{ "type": "Point", "coordinates": [-85.705, 38.437] }},
{"zip_code":"47144","country":"US","city":"Jeffersonville","state":"Indiana","state_ab":"IN","county":"Clark","geo_location":{ "type": "Point", "coordinates": [-85.7321, 38.2868] }},
{"zip_code":"47841","country":"US","city":"Clay City","state":"Indiana","state_ab":"IN","county":"Clay","geo_location":{ "type": "Point", "coordinates": [-87.1082, 39.2727] }},
{"zip_code":"47881","country":"US","city":"Staunton","state":"Indiana","state_ab":"IN","county":"Clay","geo_location":{ "type": "Point", "coordinates": [-87.1867, 39.4917] }},
{"zip_code":"47001","country":"US","city":"Aurora","state":"Indiana","state_ab":"IN","county":"Dearborn","geo_location":{ "type": "Point", "coordinates": [-84.9452, 39.0719] }},
{"zip_code":"47261","country":"US","city":"Millhousen","state":"Indiana","state_ab":"IN","county":"Decatur","geo_location":{ "type": "Point", "coordinates": [-85.4918, 39.292] }},
{"zip_code":"46721","country":"US","city":"Butler","state":"Indiana","state_ab":"IN","county":"DeKalb","geo_location":{ "type": "Point", "coordinates": [-84.8787, 41.4287] }},
{"zip_code":"46514","country":"US","city":"Elkhart","state":"Indiana","state_ab":"IN","county":"Elkhart","geo_location":{ "type": "Point", "coordinates": [-85.9729, 41.7101] }},
{"zip_code":"46527","country":"US","city":"Goshen","state":"Indiana","state_ab":"IN","county":"Elkhart","geo_location":{ "type": "Point", "coordinates": [-85.8581, 41.5977] }},
{"zip_code":"47647","country":"US","city":"Buckskin","state":"Indiana","state_ab":"IN","county":"Gibson","geo_location":{ "type": "Point", "coordinates": [-87.6518, 38.3495] }},
{"zip_code":"47441","country":"US","city":"Linton","state":"Indiana","state_ab":"IN","county":"Greene","geo_location":{ "type": "Point", "coordinates": [-87.1723, 39.0461] }},
{"zip_code":"46037","country":"US","city":"Fishers","state":"Indiana","state_ab":"IN","county":"Hamilton County","geo_location":{ "type": "Point", "coordinates": [-85.9601, 39.9559] }},
{"zip_code":"46154","country":"US","city":"Maxwell","state":"Indiana","state_ab":"IN","county":"Hancock","geo_location":{ "type": "Point", "coordinates": [-85.7684, 39.8568] }},
{"zip_code":"47117","country":"US","city":"Elizabeth","state":"Indiana","state_ab":"IN","county":"Harrison","geo_location":{ "type": "Point", "coordinates": [-85.9589, 38.1244] }},
{"zip_code":"85551","country":"US","city":"Solomon","state":"Arizona","state_ab":"AZ","county":"Graham","geo_location":{ "type": "Point", "coordinates": [-109.6964, 32.8428] }},
{"zip_code":"85344","country":"US","city":"Parker","state":"Arizona","state_ab":"AZ","county":"La Paz","geo_location":{ "type": "Point", "coordinates": [-114.2681, 33.9677] }},
{"zip_code":"85357","country":"US","city":"Wenden","state":"Arizona","state_ab":"AZ","county":"La Paz","geo_location":{ "type": "Point", "coordinates": [-113.458, 34.0422] }},
{"zip_code":"85371","country":"US","city":"Poston","state":"Arizona","state_ab":"AZ","county":"La Paz","geo_location":{ "type": "Point", "coordinates": [-114.3902, 34.0318] }},
{"zip_code":"85007","country":"US","city":"Phoenix","state":"Arizona","state_ab":"AZ","county":"Maricopa","geo_location":{ "type": "Point", "coordinates": [-112.0893, 33.4523] }},
{"zip_code":"85021","country":"US","city":"Phoenix","state":"Arizona","state_ab":"AZ","county":"Maricopa","geo_location":{ "type": "Point", "coordinates": [-112.0927, 33.56] }},
{"zip_code":"85034","country":"US","city":"Phoenix","state":"Arizona","state_ab":"AZ","county":"Maricopa","geo_location":{ "type": "Point", "coordinates": [-112.0421, 33.4413] }},
{"zip_code":"85061","country":"US","city":"Phoenix","state":"Arizona","state_ab":"AZ","county":"Maricopa","geo_location":{ "type": "Point", "coordinates": [-112.1872, 33.2765] }},
{"zip_code":"85074","country":"US","city":"Phoenix","state":"Arizona","state_ab":"AZ","county":"Maricopa","geo_location":{ "type": "Point", "coordinates": [-112.1872, 33.2765] }},
{"zip_code":"85087","country":"US","city":"New River","state":"Arizona","state_ab":"AZ","county":"Maricopa","geo_location":{ "type": "Point", "coordinates": [-112.1279, 33.9235] }},
{"zip_code":"85201","country":"US","city":"Mesa","state":"Arizona","state_ab":"AZ","county":"Maricopa","geo_location":{ "type": "Point", "coordinates": [-111.8469, 33.4317] }},
{"zip_code":"85214","country":"US","city":"Mesa","state":"Arizona","state_ab":"AZ","county":"Maricopa","geo_location":{ "type": "Point", "coordinates": [-112.1872, 33.2765] }},
{"zip_code":"85227","country":"US","city":"Chandler Heights","state":"Arizona","state_ab":"AZ","county":"Maricopa","geo_location":{ "type": "Point", "coordinates": [-111.6862, 33.2122] }},
{"zip_code":"85254","country":"US","city":"Scottsdale","state":"Arizona","state_ab":"AZ","county":"Maricopa","geo_location":{ "type": "Point", "coordinates": [-111.9554, 33.6165] }},
{"zip_code":"85267","country":"US","city":"Scottsdale","state":"Arizona","state_ab":"AZ","county":"Maricopa","geo_location":{ "type": "Point", "coordinates": [-112.1872, 33.2765] }},
{"zip_code":"85281","country":"US","city":"Tempe","state":"Arizona","state_ab":"AZ","county":"Maricopa","geo_location":{ "type": "Point", "coordinates": [-111.9261, 33.4227] }},
{"zip_code":"85304","country":"US","city":"Glendale","state":"Arizona","state_ab":"AZ","county":"Maricopa","geo_location":{ "type": "Point", "coordinates": [-112.1746, 33.5943] }},
{"zip_code":"85331","country":"US","city":"Cave Creek","state":"Arizona","state_ab":"AZ","county":"Maricopa","geo_location":{ "type": "Point", "coordinates": [-111.9349, 33.8851] }},
{"zip_code":"86411","country":"US","city":"Hackberry","state":"Arizona","state_ab":"AZ","county":"Mohave","geo_location":{ "type": "Point", "coordinates": [-113.6427, 35.6053] }},
{"zip_code":"86437","country":"US","city":"Valentine","state":"Arizona","state_ab":"AZ","county":"Mohave","geo_location":{ "type": "Point", "coordinates": [-113.6141, 35.3788] }},
{"zip_code":"85911","country":"US","city":"Cibecue","state":"Arizona","state_ab":"AZ","county":"Navajo","geo_location":{ "type": "Point", "coordinates": [-110.2887, 35.2857] }},
{"zip_code":"85937","country":"US","city":"Snowflake","state":"Arizona","state_ab":"AZ","county":"Navajo","geo_location":{ "type": "Point", "coordinates": [-110.0807, 34.4959] }},
{"zip_code":"85601","country":"US","city":"Arivaca","state":"Arizona","state_ab":"AZ","county":"Pima","geo_location":{ "type": "Point", "coordinates": [-111.316, 31.5885] }},
{"zip_code":"85614","country":"US","city":"Green Valley","state":"Arizona","state_ab":"AZ","county":"Pima","geo_location":{ "type": "Point", "coordinates": [-111.0003, 31.8543] }},
{"zip_code":"85641","country":"US","city":"Vail","state":"Arizona","state_ab":"AZ","county":"Pima","geo_location":{ "type": "Point", "coordinates": [-110.7053, 32.0027] }},
{"zip_code":"85654","country":"US","city":"Rillito","state":"Arizona","state_ab":"AZ","county":"Pima","geo_location":{ "type": "Point", "coordinates": [-111.8907, 31.9701] }},
{"zip_code":"85704","country":"US","city":"Tucson","state":"Arizona","state_ab":"AZ","county":"Pima","geo_location":{ "type": "Point", "coordinates": [-110.9855, 32.3379] }},
{"zip_code":"85717","country":"US","city":"Tucson","state":"Arizona","state_ab":"AZ","county":"Pima","geo_location":{ "type": "Point", "coordinates": [-111.8907, 31.9701] }},
{"zip_code":"85731","country":"US","city":"Tucson","state":"Arizona","state_ab":"AZ","county":"Pima","geo_location":{ "type": "Point", "coordinates": [-110.7082, 32.088] }},
{"zip_code":"85744","country":"US","city":"Tucson","state":"Arizona","state_ab":"AZ","county":"Pima","geo_location":{ "type": "Point", "coordinates": [-111.8907, 31.9701] }},
{"zip_code":"85757","country":"US","city":"Tucson","state":"Arizona","state_ab":"AZ","county":"Pima County","geo_location":{ "type": "Point", "coordinates": [-111.0973, 32.1336] }},
{"zip_code":"85137","country":"US","city":"Kearny","state":"Arizona","state_ab":"AZ","county":"Pinal","geo_location":{ "type": "Point", "coordinates": [-110.9123, 33.0594] }},
{"zip_code":"85241","country":"US","city":"Picacho","state":"Arizona","state_ab":"AZ","county":"Pinal","geo_location":{ "type": "Point", "coordinates": [-111.531, 32.6896] }},
{"zip_code":"86321","country":"US","city":"Bagdad","state":"Arizona","state_ab":"AZ","county":"Yavapai","geo_location":{ "type": "Point", "coordinates": [-113.1755, 34.5785] }},
{"zip_code":"86334","country":"US","city":"Paulden","state":"Arizona","state_ab":"AZ","county":"Yavapai","geo_location":{ "type": "Point", "coordinates": [-112.5441, 35.0313] }},
{"zip_code":"94537","country":"US","city":"Fremont","state":"California","state_ab":"CA","county":"Alameda","geo_location":{ "type": "Point", "coordinates": [-121.9215, 37.6802] }},
{"zip_code":"94551","country":"US","city":"Livermore","state":"California","state_ab":"CA","county":"Alameda","geo_location":{ "type": "Point", "coordinates": [-121.77, 37.7526] }},
{"zip_code":"94577","country":"US","city":"San Leandro","state":"California","state_ab":"CA","county":"Alameda","geo_location":{ "type": "Point", "coordinates": [-122.1587, 37.7205] }},
{"zip_code":"94601","country":"US","city":"Oakland","state":"California","state_ab":"CA","county":"Alameda","geo_location":{ "type": "Point", "coordinates": [-122.2166, 37.7806] }},
{"zip_code":"94614","country":"US","city":"Oakland","state":"California","state_ab":"CA","county":"Alameda","geo_location":{ "type": "Point", "coordinates": [-122.2046, 37.7277] }},
{"zip_code":"94627","country":"US","city":"Oakland","state":"California","state_ab":"CA","county":"Alameda","geo_location":{ "type": "Point", "coordinates": [-121.9215, 37.6802] }},
{"zip_code":"94704","country":"US","city":"Berkeley","state":"California","state_ab":"CA","county":"Alameda","geo_location":{ "type": "Point", "coordinates": [-122.257, 37.8664] }},
{"zip_code":"95644","country":"US","city":"Kit Carson","state":"California","state_ab":"CA","county":"Amador","geo_location":{ "type": "Point", "coordinates": [-120.5294, 38.456] }},
{"zip_code":"95914","country":"US","city":"Bangor","state":"California","state_ab":"CA","county":"Butte","geo_location":{ "type": "Point", "coordinates": [-121.3653, 39.423] }},
{"zip_code":"95927","country":"US","city":"Chico","state":"California","state_ab":"CA","county":"Butte","geo_location":{ "type": "Point", "coordinates": [-121.9398, 39.8117] }},
{"zip_code":"95941","country":"US","city":"Forbestown","state":"California","state_ab":"CA","county":"Butte","geo_location":{ "type": "Point", "coordinates": [-121.2423, 39.521] }},
{"zip_code":"95954","country":"US","city":"Magalia","state":"California","state_ab":"CA","county":"Butte","geo_location":{ "type": "Point", "coordinates": [-121.58, 39.8912] }},
{"zip_code":"95967","country":"US","city":"Paradise","state":"California","state_ab":"CA","county":"Butte","geo_location":{ "type": "Point", "coordinates": [-121.6551, 39.7155] }},
{"zip_code":"95257","country":"US","city":"Wilseyville","state":"California","state_ab":"CA","county":"Calaveras","geo_location":{ "type": "Point", "coordinates": [-120.4627, 38.3793] }},
{"zip_code":"94511","country":"US","city":"Bethel Island","state":"California","state_ab":"CA","county":"Contra Costa","geo_location":{ "type": "Point", "coordinates": [-121.6425, 38.0266] }},
{"zip_code":"94524","country":"US","city":"Concord","state":"California","state_ab":"CA","county":"Contra Costa","geo_location":{ "type": "Point", "coordinates": [-121.9554, 37.7772] }},
{"zip_code":"94564","country":"US","city":"Pinole","state":"California","state_ab":"CA","county":"Contra Costa","geo_location":{ "type": "Point", "coordinates": [-122.2875, 37.9969] }},
{"zip_code":"94807","country":"US","city":"Richmond","state":"California","state_ab":"CA","county":"Contra Costa","geo_location":{ "type": "Point", "coordinates": [-121.9554, 37.7772] }},
{"zip_code":"95567","country":"US","city":"Smith River","state":"California","state_ab":"CA","county":"Del Norte","geo_location":{ "type": "Point", "coordinates": [-124.1587, 41.9404] }},
{"zip_code":"95684","country":"US","city":"Somerset","state":"California","state_ab":"CA","county":"El Dorado","geo_location":{ "type": "Point", "coordinates": [-120.5949, 38.5953] }},
{"zip_code":"95721","country":"US","city":"Echo Lake","state":"California","state_ab":"CA","county":"El Dorado","geo_location":{ "type": "Point", "coordinates": [-120.0721, 38.8152] }},
{"zip_code":"96157","country":"US","city":"South Lake Tahoe","state":"California","state_ab":"CA","county":"El Dorado","geo_location":{ "type": "Point", "coordinates": [-119.9767, 38.9344] }},
{"zip_code":"93611","country":"US","city":"Clovis","state":"California","state_ab":"CA","county":"Fresno","geo_location":{ "type": "Point", "coordinates": [-119.6802, 36.8253] }},
{"zip_code":"93624","country":"US","city":"Five Points","state":"California","state_ab":"CA","county":"Fresno","geo_location":{ "type": "Point", "coordinates": [-120.1118, 36.3386] }},
{"zip_code":"93651","country":"US","city":"Prather","state":"California","state_ab":"CA","county":"Fresno","geo_location":{ "type": "Point", "coordinates": [-119.5268, 36.9938] }},
{"zip_code":"93664","country":"US","city":"Shaver Lake","state":"California","state_ab":"CA","county":"Fresno","geo_location":{ "type": "Point", "coordinates": [-119.273, 37.1397] }},
{"zip_code":"93701","country":"US","city":"Fresno","state":"California","state_ab":"CA","county":"Fresno","geo_location":{ "type": "Point", "coordinates": [-119.7867, 36.7487] }},
{"zip_code":"93714","country":"US","city":"Fresno","state":"California","state_ab":"CA","county":"Fresno","geo_location":{ "type": "Point", "coordinates": [-119.6397, 36.7464] }},
{"zip_code":"93727","country":"US","city":"Fresno","state":"California","state_ab":"CA","county":"Fresno","geo_location":{ "type": "Point", "coordinates": [-119.7061, 36.7528] }},
{"zip_code":"93741","country":"US","city":"Fresno","state":"California","state_ab":"CA","county":"Fresno","geo_location":{ "type": "Point", "coordinates": [-119.6397, 36.7464] }},
{"zip_code":"93794","country":"US","city":"Fresno","state":"California","state_ab":"CA","county":"Fresno","geo_location":{ "type": "Point", "coordinates": [-119.6397, 36.7464] }},
{"zip_code":"93844","country":"US","city":"Fresno","state":"California","state_ab":"CA","county":"Fresno","geo_location":{ "type": "Point", "coordinates": [-119.6397, 36.7464] }},
{"zip_code":"95501","country":"US","city":"Eureka","state":"California","state_ab":"CA","county":"Humboldt","geo_location":{ "type": "Point", "coordinates": [-124.1573, 40.7938] }},
{"zip_code":"95514","country":"US","city":"Blocksburg","state":"California","state_ab":"CA","county":"Humboldt","geo_location":{ "type": "Point", "coordinates": [-123.6576, 40.2987] }},
{"zip_code":"95554","country":"US","city":"Myers Flat","state":"California","state_ab":"CA","county":"Humboldt","geo_location":{ "type": "Point", "coordinates": [-123.7945, 40.2841] }},
{"zip_code":"93224","country":"US","city":"Fellows","state":"California","state_ab":"CA","county":"Kern","geo_location":{ "type": "Point", "coordinates": [-119.5648, 35.2026] }},
{"zip_code":"93251","country":"US","city":"Mc Kittrick","state":"California","state_ab":"CA","county":"Kern","geo_location":{ "type": "Point", "coordinates": [-119.6366, 35.3031] }},
{"zip_code":"93301","country":"US","city":"Bakersfield","state":"California","state_ab":"CA","county":"Kern","geo_location":{ "type": "Point", "coordinates": [-119.0171, 35.3866] }},
{"zip_code":"93314","country":"US","city":"Bakersfield","state":"California","state_ab":"CA","county":"Kern County","geo_location":{ "type": "Point", "coordinates": [-119.17, 35.3863] }},
{"zip_code":"93381","country":"US","city":"Bakersfield","state":"California","state_ab":"CA","county":"Kern","geo_location":{ "type": "Point", "coordinates": [-118.9052, 35.2944] }},
{"zip_code":"93561","country":"US","city":"Tehachapi","state":"California","state_ab":"CA","county":"Kern","geo_location":{ "type": "Point", "coordinates": [-118.5022, 35.043] }},
{"zip_code":"95424","country":"US","city":"Clearlake Park","state":"California","state_ab":"CA","county":"Lake","geo_location":{ "type": "Point", "coordinates": [-122.65, 38.9666] }},
{"zip_code":"95451","country":"US","city":"Kelseyville","state":"California","state_ab":"CA","county":"Lake","geo_location":{ "type": "Point", "coordinates": [-122.7777, 38.9421] }},
{"zip_code":"95464","country":"US","city":"Nice","state":"California","state_ab":"CA","county":"Lake","geo_location":{ "type": "Point", "coordinates": [-122.8315, 39.1194] }},
{"zip_code":"96117","country":"US","city":"Litchfield","state":"California","state_ab":"CA","county":"Lassen","geo_location":{ "type": "Point", "coordinates": [-120.4092, 40.4073] }},
{"zip_code":"90007","country":"US","city":"Los Angeles","state":"California","state_ab":"CA","county":"Los Angeles","geo_location":{ "type": "Point", "coordinates": [-118.2871, 34.0294] }},
{"zip_code":"90021","country":"US","city":"Los Angeles","state":"California","state_ab":"CA","county":"Los Angeles","geo_location":{ "type": "Point", "coordinates": [-118.2447, 34.0333] }},
{"zip_code":"90034","country":"US","city":"Los Angeles","state":"California","state_ab":"CA","county":"Los Angeles","geo_location":{ "type": "Point", "coordinates": [-118.4005, 34.029] }},
{"zip_code":"90047","country":"US","city":"Los Angeles","state":"California","state_ab":"CA","county":"Los Angeles","geo_location":{ "type": "Point", "coordinates": [-118.3073, 33.9569] }},
{"zip_code":"90061","country":"US","city":"Los Angeles","state":"California","state_ab":"CA","county":"Los Angeles","geo_location":{ "type": "Point", "coordinates": [-118.2716, 33.9245] }},
{"zip_code":"90074","country":"US","city":"Los Angeles","state":"California","state_ab":"CA","county":"Los Angeles","geo_location":{ "type": "Point", "coordinates": [-118.2987, 33.7866] }},
{"zip_code":"90087","country":"US","city":"Los Angeles","state":"California","state_ab":"CA","county":"Los Angeles","geo_location":{ "type": "Point", "coordinates": [-118.2987, 33.7866] }},
{"zip_code":"90201","country":"US","city":"Bell","state":"California","state_ab":"CA","county":"Los Angeles","geo_location":{ "type": "Point", "coordinates": [-118.1689, 33.9767] }},
{"zip_code":"90241","country":"US","city":"Downey","state":"California","state_ab":"CA","county":"Los Angeles","geo_location":{ "type": "Point", "coordinates": [-118.1306, 33.9416] }},
{"zip_code":"90254","country":"US","city":"Hermosa Beach","state":"California","state_ab":"CA","county":"Los Angeles","geo_location":{ "type": "Point", "coordinates": [-118.3955, 33.8643] }},
{"zip_code":"90267","country":"US","city":"Manhattan Beach","state":"California","state_ab":"CA","county":"Los Angeles","geo_location":{ "type": "Point", "coordinates": [-118.2987, 33.7866] }},
{"zip_code":"90294","country":"US","city":"Venice","state":"California","state_ab":"CA","county":"Los Angeles","geo_location":{ "type": "Point", "coordinates": [-118.2987, 33.7866] }},
{"zip_code":"90304","country":"US","city":"Inglewood","state":"California","state_ab":"CA","county":"Los Angeles","geo_location":{ "type": "Point", "coordinates": [-118.3586, 33.9379] }},
{"zip_code":"90397","country":"US","city":"Inglewood","state":"California","state_ab":"CA","county":"Los Angeles","geo_location":{ "type": "Point", "coordinates": [-118.2987, 33.7866] }},
{"zip_code":"90407","country":"US","city":"Santa Monica","state":"California","state_ab":"CA","county":"Los Angeles","geo_location":{ "type": "Point", "coordinates": [-118.2987, 33.7866] }},
{"zip_code":"90601","country":"US","city":"Whittier","state":"California","state_ab":"CA","county":"Los Angeles","geo_location":{ "type": "Point", "coordinates": [-118.0371, 34.0011] }},
{"zip_code":"90704","country":"US","city":"Avalon","state":"California","state_ab":"CA","county":"Los Angeles","geo_location":{ "type": "Point", "coordinates": [-118.3437, 33.332] }},
{"zip_code":"90717","country":"US","city":"Lomita","state":"California","state_ab":"CA","county":"Los Angeles","geo_location":{ "type": "Point", "coordinates": [-118.3172, 33.7938] }},
{"zip_code":"90731","country":"US","city":"San Pedro","state":"California","state_ab":"CA","county":"Los Angeles","geo_location":{ "type": "Point", "coordinates": [-118.2914, 33.7339] }},
{"zip_code":"90744","country":"US","city":"Wilmington","state":"California","state_ab":"CA","county":"Los Angeles","geo_location":{ "type": "Point", "coordinates": [-118.2645, 33.7855] }},
{"zip_code":"90807","country":"US","city":"Long Beach","state":"California","state_ab":"CA","county":"Los Angeles","geo_location":{ "type": "Point", "coordinates": [-118.1811, 33.8315] }},
{"zip_code":"90834","country":"US","city":"Long Beach","state":"California","state_ab":"CA","county":"Los Angeles","geo_location":{ "type": "Point", "coordinates": [-118.1994, 33.7678] }},
{"zip_code":"90847","country":"US","city":"Long Beach","state":"California","state_ab":"CA","county":"Los Angeles","geo_location":{ "type": "Point", "coordinates": [-118.2987, 33.7866] }},
{"zip_code":"91011","country":"US","city":"La Canada Flintridge","state":"California","state_ab":"CA","county":"Los Angeles","geo_location":{ "type": "Point", "coordinates": [-118.2051, 34.2217] }},
{"zip_code":"91024","country":"US","city":"Sierra Madre","state":"California","state_ab":"CA","county":"Los Angeles","geo_location":{ "type": "Point", "coordinates": [-118.0519, 34.1651] }},
{"zip_code":"91051","country":"US","city":"Pasadena","state":"California","state_ab":"CA","county":"Los Angeles","geo_location":{ "type": "Point", "coordinates": [-118.2987, 33.7866] }},
{"zip_code":"91077","country":"US","city":"Arcadia","state":"California","state_ab":"CA","county":"Los Angeles","geo_location":{ "type": "Point", "coordinates": [-118.2987, 33.7866] }},
{"zip_code":"91101","country":"US","city":"Pasadena","state":"California","state_ab":"CA","county":"Los Angeles","geo_location":{ "type": "Point", "coordinates": [-118.1391, 34.1468] }},
{"zip_code":"91114","country":"US","city":"Pasadena","state":"California","state_ab":"CA","county":"Los Angeles","geo_location":{ "type": "Point", "coordinates": [-118.2987, 33.7866] }},
{"zip_code":"91127","country":"US","city":"Pasadena","state":"California","state_ab":"CA","county":"Los Angeles County","geo_location":{ "type": "Point", "coordinates": [-118.1533, 34.1552] }},
{"zip_code":"91204","country":"US","city":"Glendale","state":"California","state_ab":"CA","county":"Los Angeles","geo_location":{ "type": "Point", "coordinates": [-118.2599, 34.1379] }},
{"zip_code":"91307","country":"US","city":"West Hills","state":"California","state_ab":"CA","county":"Los Angeles","geo_location":{ "type": "Point", "coordinates": [-118.6389, 34.1963] }},
{"zip_code":"91321","country":"US","city":"Newhall","state":"California","state_ab":"CA","county":"Los Angeles","geo_location":{ "type": "Point", "coordinates": [-118.523, 34.3795] }},
{"zip_code":"91334","country":"US","city":"Pacoima","state":"California","state_ab":"CA","county":"Los Angeles","geo_location":{ "type": "Point", "coordinates": [-118.2987, 33.7866] }},
{"zip_code":"91387","country":"US","city":"Canyon Country","state":"California","state_ab":"CA","county":"Los Angeles","geo_location":{ "type": "Point", "coordinates": [-118.426, 34.4132] }},
{"zip_code":"91411","country":"US","city":"Van Nuys","state":"California","state_ab":"CA","county":"Los Angeles","geo_location":{ "type": "Point", "coordinates": [-118.4574, 34.1781] }},
{"zip_code":"91501","country":"US","city":"Burbank","state":"California","state_ab":"CA","county":"Los Angeles","geo_location":{ "type": "Point", "coordinates": [-118.3009, 34.1862] }},
{"zip_code":"91604","country":"US","city":"Studio City","state":"California","state_ab":"CA","county":"Los Angeles","geo_location":{ "type": "Point", "coordinates": [-118.3913, 34.143] }},
{"zip_code":"91617","country":"US","city":"Valley Village","state":"California","state_ab":"CA","county":"Los Angeles","geo_location":{ "type": "Point", "coordinates": [-118.2987, 33.7866] }},
{"zip_code":"91734","country":"US","city":"El Monte","state":"California","state_ab":"CA","county":"Los Angeles","geo_location":{ "type": "Point", "coordinates": [-118.2987, 33.7866] }},
{"zip_code":"91747","country":"US","city":"La Puente","state":"California","state_ab":"CA","county":"Los Angeles","geo_location":{ "type": "Point", "coordinates": [-118.2987, 33.7866] }},
{"zip_code":"93534","country":"US","city":"Lancaster","state":"California","state_ab":"CA","county":"Los Angeles","geo_location":{ "type": "Point", "coordinates": [-118.1491, 34.6909] }},
{"zip_code":"93637","country":"US","city":"Madera","state":"California","state_ab":"CA","county":"Madera","geo_location":{ "type": "Point", "coordinates": [-120.082, 36.9403] }},
{"zip_code":"94911","country":"US","city":"San Rafael","state":"California","state_ab":"CA","county":"Marin County","geo_location":{ "type": "Point", "coordinates": [-122.5059, 37.9811] }},
{"zip_code":"94924","country":"US","city":"Bolinas","state":"California","state_ab":"CA","county":"Marin","geo_location":{ "type": "Point", "coordinates": [-122.6947, 37.9079] }},
{"zip_code":"94937","country":"US","city":"Inverness","state":"California","state_ab":"CA","county":"Marin","geo_location":{ "type": "Point", "coordinates": [-122.8877, 38.1126] }},
{"zip_code":"94964","country":"US","city":"San Quentin","state":"California","state_ab":"CA","county":"Marin","geo_location":{ "type": "Point", "coordinates": [-122.4844, 37.9416] }},
{"zip_code":"94977","country":"US","city":"Larkspur","state":"California","state_ab":"CA","county":"Marin","geo_location":{ "type": "Point", "coordinates": [-122.741, 38.068] }},
{"zip_code":"95437","country":"US","city":"Fort Bragg","state":"California","state_ab":"CA","county":"Mendocino","geo_location":{ "type": "Point", "coordinates": [-123.7703, 39.4402] }},
{"zip_code":"95334","country":"US","city":"Livingston","state":"California","state_ab":"CA","county":"Merced","geo_location":{ "type": "Point", "coordinates": [-120.7252, 37.3763] }},
{"zip_code":"95374","country":"US","city":"Stevinson","state":"California","state_ab":"CA","county":"Merced","geo_location":{ "type": "Point", "coordinates": [-120.8764, 37.3283] }},
{"zip_code":"96054","country":"US","city":"Lookout","state":"California","state_ab":"CA","county":"Modoc","geo_location":{ "type": "Point", "coordinates": [-121.2156, 41.2347] }},
{"zip_code":"96104","country":"US","city":"Cedarville","state":"California","state_ab":"CA","county":"Modoc","geo_location":{ "type": "Point", "coordinates": [-120.1516, 41.4759] }},
{"zip_code":"93907","country":"US","city":"Salinas","state":"California","state_ab":"CA","county":"Monterey","geo_location":{ "type": "Point", "coordinates": [-121.6703, 36.7563] }},
{"zip_code":"93921","country":"US","city":"Carmel","state":"California","state_ab":"CA","county":"Monterey","geo_location":{ "type": "Point", "coordinates": [-121.9225, 36.5497] }},
{"zip_code":"92607","country":"US","city":"Laguna Niguel","state":"California","state_ab":"CA","county":"Orange","geo_location":{ "type": "Point", "coordinates": [-117.7117, 33.5269] }},
{"zip_code":"92621","country":"US","city":"Brea","state":"California","state_ab":"CA","county":"Orange County","geo_location":{ "type": "Point", "coordinates": [-117.8891, 33.9227] }},
{"zip_code":"92634","country":"US","city":"Fullerton","state":"California","state_ab":"CA","county":"Orange County","geo_location":{ "type": "Point", "coordinates": [-117.9028, 33.8739] }},
{"zip_code":"92647","country":"US","city":"Huntington Beach","state":"California","state_ab":"CA","county":"Orange","geo_location":{ "type": "Point", "coordinates": [-118.0033, 33.721] }},
{"zip_code":"92661","country":"US","city":"Newport Beach","state":"California","state_ab":"CA","county":"Orange","geo_location":{ "type": "Point", "coordinates": [-117.9021, 33.6045] }},
{"zip_code":"92674","country":"US","city":"San Clemente","state":"California","state_ab":"CA","county":"Orange","geo_location":{ "type": "Point", "coordinates": [-117.6211, 33.4409] }},
{"zip_code":"92687","country":"US","city":"Yorba Linda","state":"California","state_ab":"CA","county":"Orange County","geo_location":{ "type": "Point", "coordinates": [-117.7403, 33.8811] }},
{"zip_code":"92711","country":"US","city":"Santa Ana","state":"California","state_ab":"CA","county":"Orange","geo_location":{ "type": "Point", "coordinates": [-117.8043, 33.7669] }},
{"zip_code":"92801","country":"US","city":"Anaheim","state":"California","state_ab":"CA","county":"Orange","geo_location":{ "type": "Point", "coordinates": [-117.9546, 33.8428] }},
{"zip_code":"92814","country":"US","city":"Anaheim","state":"California","state_ab":"CA","county":"Orange","geo_location":{ "type": "Point", "coordinates": [-117.9607, 33.8173] }},
{"zip_code":"92841","country":"US","city":"Garden Grove","state":"California","state_ab":"CA","county":"Orange","geo_location":{ "type": "Point", "coordinates": [-117.9766, 33.7817] }},
{"zip_code":"92867","country":"US","city":"Orange","state":"California","state_ab":"CA","county":"Orange","geo_location":{ "type": "Point", "coordinates": [-117.8493, 33.811] }},
{"zip_code":"95604","country":"US","city":"Auburn","state":"California","state_ab":"CA","county":"Placer","geo_location":{ "type": "Point", "coordinates": [-121.067, 38.9029] }},
{"zip_code":"95631","country":"US","city":"Foresthill","state":"California","state_ab":"CA","county":"Placer","geo_location":{ "type": "Point", "coordinates": [-120.7224, 39.0682] }},
{"zip_code":"95747","country":"US","city":"Roseville","state":"California","state_ab":"CA","county":"Placer","geo_location":{ "type": "Point", "coordinates": [-121.3372, 38.7703] }},
{"zip_code":"92234","country":"US","city":"Cathedral City","state":"California","state_ab":"CA","county":"Riverside","geo_location":{ "type": "Point", "coordinates": [-116.4665, 33.8098] }},
{"zip_code":"92247","country":"US","city":"La Quinta","state":"California","state_ab":"CA","county":"Riverside County","geo_location":{ "type": "Point", "coordinates": [-116.2951, 33.6736] }},
{"zip_code":"92261","country":"US","city":"Palm Desert","state":"California","state_ab":"CA","county":"Riverside","geo_location":{ "type": "Point", "coordinates": [-116.4082, 33.6604] }},
{"zip_code":"92274","country":"US","city":"Thermal","state":"California","state_ab":"CA","county":"Riverside","geo_location":{ "type": "Point", "coordinates": [-116.1572, 33.5578] }},
{"zip_code":"92504","country":"US","city":"Riverside","state":"California","state_ab":"CA","county":"Riverside","geo_location":{ "type": "Point", "coordinates": [-117.4119, 33.9315] }},
{"zip_code":"92517","country":"US","city":"Riverside","state":"California","state_ab":"CA","county":"Riverside","geo_location":{ "type": "Point", "coordinates": [-116.0556, 33.7529] }},
{"zip_code":"92531","country":"US","city":"Lake Elsinore","state":"California","state_ab":"CA","county":"Riverside","geo_location":{ "type": "Point", "coordinates": [-116.0556, 33.7529] }},
{"zip_code":"92544","country":"US","city":"Hemet","state":"California","state_ab":"CA","county":"Riverside","geo_location":{ "type": "Point", "coordinates": [-116.9243, 33.739] }},
{"zip_code":"32294","country":"US","city":"Jacksonville","state":"Florida","state_ab":"FL","county":"Duval County","geo_location":{ "type": "Point", "coordinates": [-81.4174, 30.3162] }},
{"zip_code":"32511","country":"US","city":"Pensacola","state":"Florida","state_ab":"FL","county":"Escambia","geo_location":{ "type": "Point", "coordinates": [-87.2917, 30.4061] }},
{"zip_code":"32524","country":"US","city":"Pensacola","state":"Florida","state_ab":"FL","county":"Escambia","geo_location":{ "type": "Point", "coordinates": [-87.2758, 30.6143] }},
{"zip_code":"32577","country":"US","city":"Molino","state":"Florida","state_ab":"FL","county":"Escambia","geo_location":{ "type": "Point", "coordinates": [-87.3852, 30.6902] }},
{"zip_code":"32591","country":"US","city":"Pensacola","state":"Florida","state_ab":"FL","county":"Escambia","geo_location":{ "type": "Point", "coordinates": [-87.2758, 30.6143] }},
{"zip_code":"32137","country":"US","city":"Palm Coast","state":"Florida","state_ab":"FL","county":"Flagler","geo_location":{ "type": "Point", "coordinates": [-81.219, 29.5565] }},
{"zip_code":"32151","country":"US","city":"Flagler Beach","state":"Florida","state_ab":"FL","county":"Flagler","geo_location":{ "type": "Point", "coordinates": [-81.2828, 29.4661] }},
{"zip_code":"32164","country":"US","city":"Palm Coast","state":"Florida","state_ab":"FL","county":"Flagler","geo_location":{ "type": "Point", "coordinates": [-81.2045, 29.4861] }},
{"zip_code":"34607","country":"US","city":"Spring Hill","state":"Florida","state_ab":"FL","county":"Hernando","geo_location":{ "type": "Point", "coordinates": [-82.6267, 28.5065] }},
{"zip_code":"34661","country":"US","city":"Nobleton","state":"Florida","state_ab":"FL","county":"Hernando","geo_location":{ "type": "Point", "coordinates": [-82.2638, 28.6436] }},
{"zip_code":"33527","country":"US","city":"Dover","state":"Florida","state_ab":"FL","county":"Hillsborough","geo_location":{ "type": "Point", "coordinates": [-82.2138, 27.992] }},
{"zip_code":"33567","country":"US","city":"Plant City","state":"Florida","state_ab":"FL","county":"Hillsborough","geo_location":{ "type": "Point", "coordinates": [-82.1216, 27.922] }},
{"zip_code":"33594","country":"US","city":"Valrico","state":"Florida","state_ab":"FL","county":"Hillsborough","geo_location":{ "type": "Point", "coordinates": [-82.242, 27.9408] }},
{"zip_code":"33604","country":"US","city":"Tampa","state":"Florida","state_ab":"FL","county":"Hillsborough","geo_location":{ "type": "Point", "coordinates": [-82.4578, 28.0173] }},
{"zip_code":"33617","country":"US","city":"Tampa","state":"Florida","state_ab":"FL","county":"Hillsborough","geo_location":{ "type": "Point", "coordinates": [-82.3949, 28.0384] }},
{"zip_code":"33631","country":"US","city":"Tampa","state":"Florida","state_ab":"FL","county":"Hillsborough","geo_location":{ "type": "Point", "coordinates": [-82.4388, 27.872] }},
{"zip_code":"33684","country":"US","city":"Tampa","state":"Florida","state_ab":"FL","county":"Hillsborough","geo_location":{ "type": "Point", "coordinates": [-82.4388, 27.872] }},
{"zip_code":"33697","country":"US","city":"Tampa","state":"Florida","state_ab":"FL","county":"Hillsborough","geo_location":{ "type": "Point", "coordinates": [-82.4388, 27.872] }},
{"zip_code":"32964","country":"US","city":"Vero Beach","state":"Florida","state_ab":"FL","county":"Indian River","geo_location":{ "type": "Point", "coordinates": [-80.5726, 27.709] }},
{"zip_code":"32447","country":"US","city":"Marianna","state":"Florida","state_ab":"FL","county":"Jackson","geo_location":{ "type": "Point", "coordinates": [-85.2022, 30.7603] }},
{"zip_code":"32344","country":"US","city":"Monticello","state":"Florida","state_ab":"FL","county":"Jefferson","geo_location":{ "type": "Point", "coordinates": [-83.8925, 30.5197] }},
{"zip_code":"32757","country":"US","city":"Mount Dora","state":"Florida","state_ab":"FL","county":"Lake","geo_location":{ "type": "Point", "coordinates": [-81.6439, 28.774] }},
{"zip_code":"32784","country":"US","city":"Umatilla","state":"Florida","state_ab":"FL","county":"Lake","geo_location":{ "type": "Point", "coordinates": [-81.6801, 28.9254] }}]}