{"value": [{"zip_code":"67867","country":"US","city":"Montezuma","state":"Kansas","state_ab":"KS","county":"Gray","geo_location":{ "type": "Point", "coordinates": [-100.4461, 37.6016] }},
{"zip_code":"67117","country":"US","city":"North Newton","state":"Kansas","state_ab":"KS","county":"Harvey","geo_location":{ "type": "Point", "coordinates": [-97.3473, 38.0743] }},
{"zip_code":"67854","country":"US","city":"Jetmore","state":"Kansas","state_ab":"KS","county":"Hodgeman","geo_location":{ "type": "Point", "coordinates": [-99.9327, 38.0738] }},
{"zip_code":"66941","country":"US","city":"Esbon","state":"Kansas","state_ab":"KS","county":"Jewell","geo_location":{ "type": "Point", "coordinates": [-98.4462, 39.7562] }},
{"zip_code":"66051","country":"US","city":"Olathe","state":"Kansas","state_ab":"KS","county":"Johnson","geo_location":{ "type": "Point", "coordinates": [-94.832, 38.8999] }},
{"zip_code":"66204","country":"US","city":"Shawnee Mission","state":"Kansas","state_ab":"KS","county":"Johnson","geo_location":{ "type": "Point", "coordinates": [-94.6771, 38.9928] }},
{"zip_code":"66217","country":"US","city":"Shawnee Mission","state":"Kansas","state_ab":"KS","county":"Johnson","geo_location":{ "type": "Point", "coordinates": [-94.7709, 39.0146] }},
{"zip_code":"67054","country":"US","city":"Greensburg","state":"Kansas","state_ab":"KS","county":"Kiowa","geo_location":{ "type": "Point", "coordinates": [-99.3011, 37.6084] }},
{"zip_code":"67481","country":"US","city":"Sylvan Grove","state":"Kansas","state_ab":"KS","county":"Lincoln","geo_location":{ "type": "Point", "coordinates": [-98.373, 39.0324] }},
{"zip_code":"67764","country":"US","city":"Winona","state":"Kansas","state_ab":"KS","county":"Logan","geo_location":{ "type": "Point", "coordinates": [-101.2216, 39.061] }},
{"zip_code":"66864","country":"US","city":"Neosho Rapids","state":"Kansas","state_ab":"KS","county":"Lyon","geo_location":{ "type": "Point", "coordinates": [-96.0168, 38.3948] }},
{"zip_code":"66851","country":"US","city":"Florence","state":"Kansas","state_ab":"KS","county":"Marion","geo_location":{ "type": "Point", "coordinates": [-96.9346, 38.2415] }},
{"zip_code":"66411","country":"US","city":"Blue Rapids","state":"Kansas","state_ab":"KS","county":"Marshall","geo_location":{ "type": "Point", "coordinates": [-96.6359, 39.675] }},
{"zip_code":"66541","country":"US","city":"Summerfield","state":"Kansas","state_ab":"KS","county":"Marshall","geo_location":{ "type": "Point", "coordinates": [-96.3279, 39.9798] }},
{"zip_code":"66064","country":"US","city":"Osawatomie","state":"Kansas","state_ab":"KS","county":"Miami","geo_location":{ "type": "Point", "coordinates": [-94.962, 38.4888] }},
{"zip_code":"67337","country":"US","city":"Coffeyville","state":"Kansas","state_ab":"KS","county":"Montgomery","geo_location":{ "type": "Point", "coordinates": [-95.6328, 37.0441] }},
{"zip_code":"67351","country":"US","city":"Liberty","state":"Kansas","state_ab":"KS","county":"Montgomery","geo_location":{ "type": "Point", "coordinates": [-95.6017, 37.1576] }},
{"zip_code":"67364","country":"US","city":"Tyro","state":"Kansas","state_ab":"KS","county":"Montgomery","geo_location":{ "type": "Point", "coordinates": [-95.8237, 37.037] }},
{"zip_code":"67584","country":"US","city":"Utica","state":"Kansas","state_ab":"KS","county":"Ness","geo_location":{ "type": "Point", "coordinates": [-100.138, 38.6411] }},
{"zip_code":"66451","country":"US","city":"Lyndon","state":"Kansas","state_ab":"KS","county":"Osage","geo_location":{ "type": "Point", "coordinates": [-95.6802, 38.6356] }},
{"zip_code":"67467","country":"US","city":"Minneapolis","state":"Kansas","state_ab":"KS","county":"Ottawa","geo_location":{ "type": "Point", "coordinates": [-97.6688, 39.1295] }},
{"zip_code":"67621","country":"US","city":"Agra","state":"Kansas","state_ab":"KS","county":"Phillips","geo_location":{ "type": "Point", "coordinates": [-99.1255, 39.8037] }},
{"zip_code":"67647","country":"US","city":"Long Island","state":"Kansas","state_ab":"KS","county":"Phillips","geo_location":{ "type": "Point", "coordinates": [-99.5391, 39.9517] }},
{"zip_code":"67661","country":"US","city":"Phillipsburg","state":"Kansas","state_ab":"KS","county":"Phillips","geo_location":{ "type": "Point", "coordinates": [-99.3328, 39.7623] }},
{"zip_code":"67504","country":"US","city":"Hutchinson","state":"Kansas","state_ab":"KS","county":"Reno","geo_location":{ "type": "Point", "coordinates": [-98.0859, 37.9532] }},
{"zip_code":"67427","country":"US","city":"Bushton","state":"Kansas","state_ab":"KS","county":"Rice","geo_location":{ "type": "Point", "coordinates": [-98.4016, 38.5018] }},
{"zip_code":"66554","country":"US","city":"Randolph","state":"Kansas","state_ab":"KS","county":"Riley","geo_location":{ "type": "Point", "coordinates": [-96.7828, 39.4879] }},
{"zip_code":"67634","country":"US","city":"Dorrance","state":"Kansas","state_ab":"KS","county":"Russell","geo_location":{ "type": "Point", "coordinates": [-98.5695, 38.8348] }},
{"zip_code":"67401","country":"US","city":"Salina","state":"Kansas","state_ab":"KS","county":"Saline","geo_location":{ "type": "Point", "coordinates": [-97.6421, 38.8237] }},
{"zip_code":"67001","country":"US","city":"Andale","state":"Kansas","state_ab":"KS","county":"Sedgwick","geo_location":{ "type": "Point", "coordinates": [-97.6366, 37.7797] }},
{"zip_code":"67067","country":"US","city":"Kechi","state":"Kansas","state_ab":"KS","county":"Sedgwick","geo_location":{ "type": "Point", "coordinates": [-97.2737, 37.7934] }},
{"zip_code":"67207","country":"US","city":"Wichita","state":"Kansas","state_ab":"KS","county":"Sedgwick","geo_location":{ "type": "Point", "coordinates": [-97.2179, 37.671] }},
{"zip_code":"67221","country":"US","city":"Mcconnell Afb","state":"Kansas","state_ab":"KS","county":"Sedgwick","geo_location":{ "type": "Point", "coordinates": [-97.2979, 37.6066] }},
{"zip_code":"66604","country":"US","city":"Topeka","state":"Kansas","state_ab":"KS","county":"Shawnee","geo_location":{ "type": "Point", "coordinates": [-95.7178, 39.0405] }},
{"zip_code":"66617","country":"US","city":"Topeka","state":"Kansas","state_ab":"KS","county":"Shawnee","geo_location":{ "type": "Point", "coordinates": [-95.6384, 39.1271] }},
{"zip_code":"66967","country":"US","city":"Smith Center","state":"Kansas","state_ab":"KS","county":"Smith","geo_location":{ "type": "Point", "coordinates": [-98.7842, 39.8042] }},
{"zip_code":"67557","country":"US","city":"Macksville","state":"Kansas","state_ab":"KS","county":"Stafford","geo_location":{ "type": "Point", "coordinates": [-98.9481, 37.9433] }},
{"zip_code":"66501","country":"US","city":"Mc Farland","state":"Kansas","state_ab":"KS","county":"Wabaunsee","geo_location":{ "type": "Point", "coordinates": [-96.2379, 39.0535] }},
{"zip_code":"66761","country":"US","city":"Piqua","state":"Kansas","state_ab":"KS","county":"Woodson","geo_location":{ "type": "Point", "coordinates": [-95.59, 37.8728] }},
{"zip_code":"66101","country":"US","city":"Kansas City","state":"Kansas","state_ab":"KS","county":"Wyandotte","geo_location":{ "type": "Point", "coordinates": [-94.6271, 39.1157] }},
{"zip_code":"42741","country":"US","city":"Glens Fork","state":"Kentucky","state_ab":"KY","county":"Adair","geo_location":{ "type": "Point", "coordinates": [-85.2487, 37.007] }},
{"zip_code":"40374","country":"US","city":"Sharpsburg","state":"Kentucky","state_ab":"KY","county":"Bath","geo_location":{ "type": "Point", "coordinates": [-83.8932, 38.2147] }},
{"zip_code":"41094","country":"US","city":"Walton","state":"Kentucky","state_ab":"KY","county":"Boone","geo_location":{ "type": "Point", "coordinates": [-84.6328, 38.8875] }},
{"zip_code":"40361","country":"US","city":"Paris","state":"Kentucky","state_ab":"KY","county":"Bourbon","geo_location":{ "type": "Point", "coordinates": [-84.245, 38.2083] }},
{"zip_code":"40464","country":"US","city":"Parksville","state":"Kentucky","state_ab":"KY","county":"Boyle","geo_location":{ "type": "Point", "coordinates": [-84.9281, 37.5778] }},
{"zip_code":"41377","country":"US","city":"Talbert","state":"Kentucky","state_ab":"KY","county":"Breathitt","geo_location":{ "type": "Point", "coordinates": [-83.4445, 37.4175] }},
{"zip_code":"40114","country":"US","city":"Constantine","state":"Kentucky","state_ab":"KY","county":"Breckinridge County","geo_location":{ "type": "Point", "coordinates": [-86.2417, 37.6794] }},
{"zip_code":"42251","country":"US","city":"Huntsville","state":"Kentucky","state_ab":"KY","county":"Butler","geo_location":{ "type": "Point", "coordinates": [-86.8858, 37.158] }},
{"zip_code":"42071","country":"US","city":"Murray","state":"Kentucky","state_ab":"KY","county":"Calloway","geo_location":{ "type": "Point", "coordinates": [-88.3032, 36.6099] }},
{"zip_code":"41001","country":"US","city":"Alexandria","state":"Kentucky","state_ab":"KY","county":"Campbell","geo_location":{ "type": "Point", "coordinates": [-84.3943, 38.9406] }},
{"zip_code":"40914","country":"US","city":"Big Creek","state":"Kentucky","state_ab":"KY","county":"Clay","geo_location":{ "type": "Point", "coordinates": [-83.5706, 37.1046] }},
{"zip_code":"40941","country":"US","city":"Garrard","state":"Kentucky","state_ab":"KY","county":"Clay","geo_location":{ "type": "Point", "coordinates": [-83.737, 37.1477] }},
{"zip_code":"42084","country":"US","city":"Tolu","state":"Kentucky","state_ab":"KY","county":"Crittenden","geo_location":{ "type": "Point", "coordinates": [-88.2461, 37.4349] }},
{"zip_code":"42714","country":"US","city":"Bow","state":"Kentucky","state_ab":"KY","county":"Cumberland County","geo_location":{ "type": "Point", "coordinates": [-85.3019, 36.7081] }},
{"zip_code":"42301","country":"US","city":"Owensboro","state":"Kentucky","state_ab":"KY","county":"Daviess","geo_location":{ "type": "Point", "coordinates": [-87.1554, 37.7513] }},
{"zip_code":"41171","country":"US","city":"Sandy Hook","state":"Kentucky","state_ab":"KY","county":"Elliott","geo_location":{ "type": "Point", "coordinates": [-83.0797, 38.1316] }},
{"zip_code":"40501","country":"US","city":"Lexington","state":"Kentucky","state_ab":"KY","county":"Fayette","geo_location":{ "type": "Point", "coordinates": [-84.6165, 38.0378] }},
{"zip_code":"40514","country":"US","city":"Lexington","state":"Kentucky","state_ab":"KY","county":"Fayette","geo_location":{ "type": "Point", "coordinates": [-84.5767, 37.9833] }},
{"zip_code":"40581","country":"US","city":"Lexington","state":"Kentucky","state_ab":"KY","county":"Fayette","geo_location":{ "type": "Point", "coordinates": [-84.4715, 38.0283] }},
{"zip_code":"40594","country":"US","city":"Lexington","state":"Kentucky","state_ab":"KY","county":"Fayette","geo_location":{ "type": "Point", "coordinates": [-84.4715, 38.0283] }},
{"zip_code":"41041","country":"US","city":"Flemingsburg","state":"Kentucky","state_ab":"KY","county":"Fleming","geo_location":{ "type": "Point", "coordinates": [-83.708, 38.428] }},
{"zip_code":"41081","country":"US","city":"Plummers Landing","state":"Kentucky","state_ab":"KY","county":"Fleming","geo_location":{ "type": "Point", "coordinates": [-83.7186, 38.3481] }},
{"zip_code":"41607","country":"US","city":"Blue River","state":"Kentucky","state_ab":"KY","county":"Floyd","geo_location":{ "type": "Point", "coordinates": [-82.8418, 37.6253] }},
{"zip_code":"41621","country":"US","city":"Dwale","state":"Kentucky","state_ab":"KY","county":"Floyd","geo_location":{ "type": "Point", "coordinates": [-82.7227, 37.6246] }},
{"zip_code":"41647","country":"US","city":"Mc Dowell","state":"Kentucky","state_ab":"KY","county":"Floyd","geo_location":{ "type": "Point", "coordinates": [-82.7203, 37.4355] }},
{"zip_code":"40604","country":"US","city":"Frankfort","state":"Kentucky","state_ab":"KY","county":"Franklin","geo_location":{ "type": "Point", "coordinates": [-84.8748, 38.2341] }},
{"zip_code":"41054","country":"US","city":"Mason","state":"Kentucky","state_ab":"KY","county":"Grant","geo_location":{ "type": "Point", "coordinates": [-84.5786, 38.5932] }},
{"zip_code":"42754","country":"US","city":"Leitchfield","state":"Kentucky","state_ab":"KY","county":"Grayson","geo_location":{ "type": "Point", "coordinates": [-86.3249, 37.4603] }},
{"zip_code":"41144","country":"US","city":"Greenup","state":"Kentucky","state_ab":"KY","county":"Greenup","geo_location":{ "type": "Point", "coordinates": [-82.9191, 38.5368] }},
{"zip_code":"42701","country":"US","city":"Elizabethtown","state":"Kentucky","state_ab":"KY","county":"Hardin","geo_location":{ "type": "Point", "coordinates": [-85.8784, 37.6848] }},
{"zip_code":"42781","country":"US","city":"Stephensburg","state":"Kentucky","state_ab":"KY","county":"Hardin County","geo_location":{ "type": "Point", "coordinates": [-86.019, 37.63] }},
{"zip_code":"40824","country":"US","city":"Dayhoit","state":"Kentucky","state_ab":"KY","county":"Harlan","geo_location":{ "type": "Point", "coordinates": [-83.3753, 36.8356] }},
{"zip_code":"40927","country":"US","city":"Closplint","state":"Kentucky","state_ab":"KY","county":"Harlan","geo_location":{ "type": "Point", "coordinates": [-83.0414, 36.8713] }},
{"zip_code":"42457","country":"US","city":"Smith Mills","state":"Kentucky","state_ab":"KY","county":"Henderson","geo_location":{ "type": "Point", "coordinates": [-87.7889, 37.8323] }},
{"zip_code":"40011","country":"US","city":"Campbellsburg","state":"Kentucky","state_ab":"KY","county":"Henry","geo_location":{ "type": "Point", "coordinates": [-85.1611, 38.5231] }},
{"zip_code":"42031","country":"US","city":"Clinton","state":"Kentucky","state_ab":"KY","county":"Hickman","geo_location":{ "type": "Point", "coordinates": [-88.9676, 36.6675] }},
{"zip_code":"42431","country":"US","city":"Madisonville","state":"Kentucky","state_ab":"KY","county":"Hopkins","geo_location":{ "type": "Point", "coordinates": [-87.4953, 37.3256] }},
{"zip_code":"40204","country":"US","city":"Louisville","state":"Kentucky","state_ab":"KY","county":"Jefferson","geo_location":{ "type": "Point", "coordinates": [-85.7249, 38.2369] }},
{"zip_code":"40217","country":"US","city":"Louisville","state":"Kentucky","state_ab":"KY","county":"Jefferson","geo_location":{ "type": "Point", "coordinates": [-85.7404, 38.2174] }},
{"zip_code":"40231","country":"US","city":"Louisville","state":"Kentucky","state_ab":"KY","county":"Jefferson","geo_location":{ "type": "Point", "coordinates": [-85.6768, 38.189] }},
{"zip_code":"40257","country":"US","city":"Louisville","state":"Kentucky","state_ab":"KY","county":"Jefferson","geo_location":{ "type": "Point", "coordinates": [-85.6768, 38.189] }},
{"zip_code":"40297","country":"US","city":"Louisville","state":"Kentucky","state_ab":"KY","county":"Jefferson","geo_location":{ "type": "Point", "coordinates": [-85.6768, 38.189] }},
{"zip_code":"41234","country":"US","city":"Meally","state":"Kentucky","state_ab":"KY","county":"Johnson","geo_location":{ "type": "Point", "coordinates": [-82.7415, 37.8078] }},
{"zip_code":"41274","country":"US","city":"Wittensville","state":"Kentucky","state_ab":"KY","county":"Johnson","geo_location":{ "type": "Point", "coordinates": [-82.81, 37.8703] }},
{"zip_code":"41014","country":"US","city":"Covington","state":"Kentucky","state_ab":"KY","county":"Kenton","geo_location":{ "type": "Point", "coordinates": [-84.5118, 39.0642] }},
{"zip_code":"41801","country":"US","city":"Amburgey","state":"Kentucky","state_ab":"KY","county":"Knott County","geo_location":{ "type": "Point", "coordinates": [-83.0023, 37.2667] }},
{"zip_code":"40734","country":"US","city":"Gray","state":"Kentucky","state_ab":"KY","county":"Knox","geo_location":{ "type": "Point", "coordinates": [-83.9828, 36.9467] }},
{"zip_code":"40747","country":"US","city":"London","state":"Kentucky","state_ab":"KY","county":"Laurel","geo_location":{ "type": "Point", "coordinates": [-84.1156, 37.1376] }},
{"zip_code":"41311","country":"US","city":"Beattyville","state":"Kentucky","state_ab":"KY","county":"Lee","geo_location":{ "type": "Point", "coordinates": [-83.714, 37.5999] }},
{"zip_code":"41764","country":"US","city":"Smilax","state":"Kentucky","state_ab":"KY","county":"Leslie","geo_location":{ "type": "Point", "coordinates": [-83.2539, 37.1214] }},
{"zip_code":"41777","country":"US","city":"Yeaddiss","state":"Kentucky","state_ab":"KY","county":"Leslie","geo_location":{ "type": "Point", "coordinates": [-83.2361, 37.0565] }},
{"zip_code":"41517","country":"US","city":"Burdine","state":"Kentucky","state_ab":"KY","county":"Letcher","geo_location":{ "type": "Point", "coordinates": [-82.6111, 37.1845] }},
{"zip_code":"41131","country":"US","city":"Concord","state":"Kentucky","state_ab":"KY","county":"Lewis County","geo_location":{ "type": "Point", "coordinates": [-83.491, 38.6861] }},
{"zip_code":"40437","country":"US","city":"Hustonville","state":"Kentucky","state_ab":"KY","county":"Lincoln","geo_location":{ "type": "Point", "coordinates": [-84.8528, 37.4595] }},
{"zip_code":"42327","country":"US","city":"Calhoun","state":"Kentucky","state_ab":"KY","county":"McLean","geo_location":{ "type": "Point", "coordinates": [-87.2773, 37.575] }},
{"zip_code":"41427","country":"US","city":"Flat Fork","state":"Kentucky","state_ab":"KY","county":"Magoffin County","geo_location":{ "type": "Point", "coordinates": [-83.0285, 37.8376] }},
{"zip_code":"41441","country":"US","city":"Hendricks","state":"Kentucky","state_ab":"KY","county":"Magoffin County","geo_location":{ "type": "Point", "coordinates": [-83.0981, 37.705] }},
{"zip_code":"41467","country":"US","city":"Salyersville","state":"Kentucky","state_ab":"KY","county":"Magoffin County","geo_location":{ "type": "Point", "coordinates": [-83.049, 37.8821] }},
{"zip_code":"41904","country":"US","city":"Migrate","state":"Kentucky","state_ab":"KY","county":"Magoffin County","geo_location":{ "type": "Point", "coordinates": [-84.5027, 38.0638] }},
{"zip_code":"40037","country":"US","city":"Loretto","state":"Kentucky","state_ab":"KY","county":"Marion","geo_location":{ "type": "Point", "coordinates": [-85.4113, 37.6421] }},
{"zip_code":"42044","country":"US","city":"Gilbertsville","state":"Kentucky","state_ab":"KY","county":"Marshall","geo_location":{ "type": "Point", "coordinates": [-88.2667, 36.9655] }},
{"zip_code":"41261","country":"US","city":"Warfield","state":"Kentucky","state_ab":"KY","county":"Martin County","geo_location":{ "type": "Point", "coordinates": [-82.459, 37.761] }},
{"zip_code":"40387","country":"US","city":"Wellington","state":"Kentucky","state_ab":"KY","county":"Menifee","geo_location":{ "type": "Point", "coordinates": [-83.4675, 37.978] }},
{"zip_code":"40334","country":"US","city":"Hope","state":"Kentucky","state_ab":"KY","county":"Montgomery","geo_location":{ "type": "Point", "coordinates": [-83.7713, 38.0161] }},
{"zip_code":"42367","country":"US","city":"Powderly","state":"Kentucky","state_ab":"KY","county":"Muhlenberg","geo_location":{ "type": "Point", "coordinates": [-87.1549, 37.2429] }},
{"zip_code":"40051","country":"US","city":"New Haven","state":"Kentucky","state_ab":"KY","county":"Nelson","geo_location":{ "type": "Point", "coordinates": [-85.547, 37.6438] }},
{"zip_code":"42354","country":"US","city":"Mc Henry","state":"Kentucky","state_ab":"KY","county":"Ohio","geo_location":{ "type": "Point", "coordinates": [-86.9298, 37.3778] }},
{"zip_code":"40077","country":"US","city":"Westport","state":"Kentucky","state_ab":"KY","county":"Oldham","geo_location":{ "type": "Point", "coordinates": [-85.4524, 38.4921] }},
{"zip_code":"41351","country":"US","city":"Mistletoe","state":"Kentucky","state_ab":"KY","county":"Owsley","geo_location":{ "type": "Point", "coordinates": [-83.7049, 37.3986] }},
{"zip_code":"41364","country":"US","city":"Ricetown","state":"Kentucky","state_ab":"KY","county":"Owsley","geo_location":{ "type": "Point", "coordinates": [-83.6752, 37.3871] }},
{"zip_code":"40981","country":"US","city":"Saul","state":"Kentucky","state_ab":"KY","county":"Perry","geo_location":{ "type": "Point", "coordinates": [-83.387, 37.3313] }},
{"zip_code":"41751","country":"US","city":"Jeff","state":"Kentucky","state_ab":"KY","county":"Perry","geo_location":{ "type": "Point", "coordinates": [-83.1427, 37.2184] }},
{"zip_code":"41531","country":"US","city":"Hardy","state":"Kentucky","state_ab":"KY","county":"Pike","geo_location":{ "type": "Point", "coordinates": [-82.2328, 37.5928] }},
{"zip_code":"41544","country":"US","city":"Mc Carr","state":"Kentucky","state_ab":"KY","county":"Pike","geo_location":{ "type": "Point", "coordinates": [-82.1674, 37.5969] }},
{"zip_code":"41557","country":"US","city":"Raccoon","state":"Kentucky","state_ab":"KY","county":"Pike","geo_location":{ "type": "Point", "coordinates": [-82.4221, 37.4935] }},
{"zip_code":"41571","country":"US","city":"Varney","state":"Kentucky","state_ab":"KY","county":"Pike","geo_location":{ "type": "Point", "coordinates": [-82.4356, 37.6275] }},
{"zip_code":"42134","country":"US","city":"Franklin","state":"Kentucky","state_ab":"KY","county":"Simpson","geo_location":{ "type": "Point", "coordinates": [-86.57, 36.7254] }},
{"zip_code":"42211","country":"US","city":"Cadiz","state":"Kentucky","state_ab":"KY","county":"Trigg","geo_location":{ "type": "Point", "coordinates": [-87.8286, 36.802] }},
{"zip_code":"42611","country":"US","city":"Coopersville","state":"Kentucky","state_ab":"KY","county":"Wayne County","geo_location":{ "type": "Point", "coordinates": [-84.731, 36.7171] }},
{"zip_code":"42404","country":"US","city":"Clay","state":"Kentucky","state_ab":"KY","county":"Webster","geo_location":{ "type": "Point", "coordinates": [-87.8368, 37.4756] }},
{"zip_code":"42444","country":"US","city":"Poole","state":"Kentucky","state_ab":"KY","county":"Webster","geo_location":{ "type": "Point", "coordinates": [-87.6439, 37.641] }},
{"zip_code":"40347","country":"US","city":"Midway","state":"Kentucky","state_ab":"KY","county":"Woodford","geo_location":{ "type": "Point", "coordinates": [-84.6928, 38.1487] }},
{"zip_code":"70537","country":"US","city":"Evangeline","state":"Louisiana","state_ab":"LA","county":"Acadia","geo_location":{ "type": "Point", "coordinates": [-92.5532, 30.2683] }},
{"zip_code":"70654","country":"US","city":"Mittie","state":"Louisiana","state_ab":"LA","county":"Allen","geo_location":{ "type": "Point", "coordinates": [-92.9068, 30.7144] }},
{"zip_code":"71037","country":"US","city":"Haughton","state":"Louisiana","state_ab":"LA","county":"Bossier","geo_location":{ "type": "Point", "coordinates": [-93.5657, 32.5507] }},
{"zip_code":"71051","country":"US","city":"Elm Grove","state":"Louisiana","state_ab":"LA","county":"Bossier","geo_location":{ "type": "Point", "coordinates": [-93.5026, 32.3886] }},
{"zip_code":"71064","country":"US","city":"Plain Dealing","state":"Louisiana","state_ab":"LA","county":"Bossier","geo_location":{ "type": "Point", "coordinates": [-93.6905, 32.9074] }},
{"zip_code":"71101","country":"US","city":"Shreveport","state":"Louisiana","state_ab":"LA","county":"Caddo","geo_location":{ "type": "Point", "coordinates": [-93.7487, 32.5037] }},
{"zip_code":"71154","country":"US","city":"Shreveport","state":"Louisiana","state_ab":"LA","county":"Caddo","geo_location":{ "type": "Point", "coordinates": [-93.7526, 32.6076] }},
{"zip_code":"70601","country":"US","city":"Lake Charles","state":"Louisiana","state_ab":"LA","county":"Calcasieu","geo_location":{ "type": "Point", "coordinates": [-93.188, 30.2285] }},
{"zip_code":"71334","country":"US","city":"Ferriday","state":"Louisiana","state_ab":"LA","county":"Concordia","geo_location":{ "type": "Point", "coordinates": [-91.5502, 31.6602] }},
{"zip_code":"70704","country":"US","city":"Baker","state":"Louisiana","state_ab":"LA","county":"East Baton Rouge","geo_location":{ "type": "Point", "coordinates": [-91.0804, 30.5159] }},
{"zip_code":"70807","country":"US","city":"Baton Rouge","state":"Louisiana","state_ab":"LA","county":"East Baton Rouge","geo_location":{ "type": "Point", "coordinates": [-91.2246, 30.5768] }},
{"zip_code":"70821","country":"US","city":"Baton Rouge","state":"Louisiana","state_ab":"LA","county":"East Baton Rouge","geo_location":{ "type": "Point", "coordinates": [-91.0447, 30.4613] }},
{"zip_code":"70874","country":"US","city":"Baton Rouge","state":"Louisiana","state_ab":"LA","county":"East Baton Rouge","geo_location":{ "type": "Point", "coordinates": [-91.2054, 30.5902] }},
{"zip_code":"70524","country":"US","city":"Chataignier","state":"Louisiana","state_ab":"LA","county":"Evangeline","geo_location":{ "type": "Point", "coordinates": [-92.3202, 30.5709] }},
{"zip_code":"70757","country":"US","city":"Maringouin","state":"Louisiana","state_ab":"LA","county":"Iberville","geo_location":{ "type": "Point", "coordinates": [-91.5099, 30.4626] }},
{"zip_code":"70591","country":"US","city":"Welsh","state":"Louisiana","state_ab":"LA","county":"Jefferson Davis","geo_location":{ "type": "Point", "coordinates": [-92.819, 30.2363] }},
{"zip_code":"31811","country":"US","city":"Hamilton","state":"Georgia","state_ab":"GA","county":"Harris","geo_location":{ "type": "Point", "coordinates": [-84.8848, 32.7418] }},
{"zip_code":"30281","country":"US","city":"Stockbridge","state":"Georgia","state_ab":"GA","county":"Henry","geo_location":{ "type": "Point", "coordinates": [-84.2165, 33.5633] }},
{"zip_code":"31774","country":"US","city":"Ocilla","state":"Georgia","state_ab":"GA","county":"Irwin","geo_location":{ "type": "Point", "coordinates": [-83.2565, 31.5929] }},
{"zip_code":"31064","country":"US","city":"Monticello","state":"Georgia","state_ab":"GA","county":"Jasper","geo_location":{ "type": "Point", "coordinates": [-83.714, 33.3118] }},
{"zip_code":"30434","country":"US","city":"Louisville","state":"Georgia","state_ab":"GA","county":"Jefferson","geo_location":{ "type": "Point", "coordinates": [-82.3836, 33.0163] }},
{"zip_code":"31787","country":"US","city":"Smithville","state":"Georgia","state_ab":"GA","county":"Lee","geo_location":{ "type": "Point", "coordinates": [-84.2271, 31.8847] }},
{"zip_code":"31604","country":"US","city":"Valdosta","state":"Georgia","state_ab":"GA","county":"Lowndes","geo_location":{ "type": "Point", "coordinates": [-83.2522, 30.828] }},
{"zip_code":"30627","country":"US","city":"Carlton","state":"Georgia","state_ab":"GA","county":"Madison","geo_location":{ "type": "Point", "coordinates": [-83.0038, 33.9852] }},
{"zip_code":"31901","country":"US","city":"Columbus","state":"Georgia","state_ab":"GA","county":"Muscogee","geo_location":{ "type": "Point", "coordinates": [-84.9795, 32.473] }},
{"zip_code":"31914","country":"US","city":"Columbus","state":"Georgia","state_ab":"GA","county":"Muscogee","geo_location":{ "type": "Point", "coordinates": [-84.8741, 32.491] }},
{"zip_code":"31994","country":"US","city":"Columbus","state":"Georgia","state_ab":"GA","county":"Muscogee","geo_location":{ "type": "Point", "coordinates": [-84.8741, 32.491] }},
{"zip_code":"30267","country":"US","city":"Oxford","state":"Georgia","state_ab":"GA","county":"Newton County","geo_location":{ "type": "Point", "coordinates": [-83.864, 33.6806] }},
{"zip_code":"30667","country":"US","city":"Stephens","state":"Georgia","state_ab":"GA","county":"Oglethorpe","geo_location":{ "type": "Point", "coordinates": [-83.1159, 33.7715] }},
{"zip_code":"30177","country":"US","city":"Tate","state":"Georgia","state_ab":"GA","county":"Pickens","geo_location":{ "type": "Point", "coordinates": [-84.3785, 34.4027] }},
{"zip_code":"31024","country":"US","city":"Eatonton","state":"Georgia","state_ab":"GA","county":"Putnam","geo_location":{ "type": "Point", "coordinates": [-83.3628, 33.3127] }},
{"zip_code":"30537","country":"US","city":"Dillard","state":"Georgia","state_ab":"GA","county":"Rabun","geo_location":{ "type": "Point", "coordinates": [-83.3199, 34.9777] }},
{"zip_code":"30911","country":"US","city":"Augusta","state":"Georgia","state_ab":"GA","county":"Richmond","geo_location":{ "type": "Point", "coordinates": [-82.091, 33.386] }},
{"zip_code":"30577","country":"US","city":"Toccoa","state":"Georgia","state_ab":"GA","county":"Stephens","geo_location":{ "type": "Point", "coordinates": [-83.3114, 34.5665] }},
{"zip_code":"30421","country":"US","city":"Collins","state":"Georgia","state_ab":"GA","county":"Tattnall","geo_location":{ "type": "Point", "coordinates": [-82.1095, 32.1852] }},
{"zip_code":"31037","country":"US","city":"Helena","state":"Georgia","state_ab":"GA","county":"Telfair","geo_location":{ "type": "Point", "coordinates": [-82.9178, 32.0781] }},
{"zip_code":"30474","country":"US","city":"Vidalia","state":"Georgia","state_ab":"GA","county":"Toombs","geo_location":{ "type": "Point", "coordinates": [-82.4067, 32.1934] }},
{"zip_code":"30241","country":"US","city":"Lagrange","state":"Georgia","state_ab":"GA","county":"Troup","geo_location":{ "type": "Point", "coordinates": [-84.9577, 33.0249] }},
{"zip_code":"30641","country":"US","city":"Good Hope","state":"Georgia","state_ab":"GA","county":"Walton","geo_location":{ "type": "Point", "coordinates": [-83.595, 33.7613] }},
{"zip_code":"31501","country":"US","city":"Waycross","state":"Georgia","state_ab":"GA","county":"Ware","geo_location":{ "type": "Point", "coordinates": [-82.3596, 31.2243] }},
{"zip_code":"30807","country":"US","city":"Camak","state":"Georgia","state_ab":"GA","county":"Warren","geo_location":{ "type": "Point", "coordinates": [-82.6422, 33.4471] }},
{"zip_code":"30821","country":"US","city":"Norwood","state":"Georgia","state_ab":"GA","county":"Warren","geo_location":{ "type": "Point", "coordinates": [-82.7356, 33.4789] }},
{"zip_code":"31824","country":"US","city":"Preston","state":"Georgia","state_ab":"GA","county":"Webster","geo_location":{ "type": "Point", "coordinates": [-84.5489, 32.074] }},
{"zip_code":"39877","country":"US","city":"Parrott","state":"Georgia","state_ab":"GA","county":"Webster County","geo_location":{ "type": "Point", "coordinates": [-84.5112, 31.8939] }},
{"zip_code":"96704","country":"US","city":"Captain Cook","state":"Hawaii","state_ab":"HI","county":"Hawaii","geo_location":{ "type": "Point", "coordinates": [-155.8875, 19.4386] }},
{"zip_code":"96771","country":"US","city":"Mountain View","state":"Hawaii","state_ab":"HI","county":"Hawaii","geo_location":{ "type": "Point", "coordinates": [-155.0864, 19.5506] }},
{"zip_code":"96717","country":"US","city":"Hauula","state":"Hawaii","state_ab":"HI","county":"Honolulu","geo_location":{ "type": "Point", "coordinates": [-157.9157, 21.6139] }},
{"zip_code":"96731","country":"US","city":"Kahuku","state":"Hawaii","state_ab":"HI","county":"Honolulu","geo_location":{ "type": "Point", "coordinates": [-157.9725, 21.675] }},
{"zip_code":"96744","country":"US","city":"Kaneohe","state":"Hawaii","state_ab":"HI","county":"Honolulu","geo_location":{ "type": "Point", "coordinates": [-157.8115, 21.4228] }},
{"zip_code":"96797","country":"US","city":"Waipahu","state":"Hawaii","state_ab":"HI","county":"Honolulu","geo_location":{ "type": "Point", "coordinates": [-158.0124, 21.3982] }},
{"zip_code":"96807","country":"US","city":"Honolulu","state":"Hawaii","state_ab":"HI","county":"Honolulu","geo_location":{ "type": "Point", "coordinates": [-157.8585, 21.3062] }},
{"zip_code":"96821","country":"US","city":"Honolulu","state":"Hawaii","state_ab":"HI","county":"Honolulu","geo_location":{ "type": "Point", "coordinates": [-157.7552, 21.2928] }},
{"zip_code":"96847","country":"US","city":"Honolulu","state":"Hawaii","state_ab":"HI","county":"Honolulu","geo_location":{ "type": "Point", "coordinates": [-157.8443, 21.3022] }},
{"zip_code":"96861","country":"US","city":"Camp H M Smith","state":"Hawaii","state_ab":"HI","county":"Honolulu","geo_location":{ "type": "Point", "coordinates": [-157.8994, 21.3967] }},
{"zip_code":"96757","country":"US","city":"Kualapuu","state":"Hawaii","state_ab":"HI","county":"Maui","geo_location":{ "type": "Point", "coordinates": [-157.0277, 21.1601] }},
{"zip_code":"96784","country":"US","city":"Puunene","state":"Hawaii","state_ab":"HI","county":"Maui","geo_location":{ "type": "Point", "coordinates": [-156.6467, 20.8666] }},
{"zip_code":"50841","country":"US","city":"Corning","state":"Iowa","state_ab":"IA","county":"Adams","geo_location":{ "type": "Point", "coordinates": [-94.7358, 40.9871] }},
{"zip_code":"52151","country":"US","city":"Lansing","state":"Iowa","state_ab":"IA","county":"Allamakee","geo_location":{ "type": "Point", "coordinates": [-91.266, 43.3661] }},
{"zip_code":"50117","country":"US","city":"Hamlin","state":"Iowa","state_ab":"IA","county":"Audubon","geo_location":{ "type": "Point", "coordinates": [-94.9157, 41.6506] }},
{"zip_code":"50634","country":"US","city":"Gilbertville","state":"Iowa","state_ab":"IA","county":"Black Hawk","geo_location":{ "type": "Point", "coordinates": [-92.2199, 42.4197] }},
{"zip_code":"50647","country":"US","city":"Janesville","state":"Iowa","state_ab":"IA","county":"Bremer","geo_location":{ "type": "Point", "coordinates": [-92.4791, 42.6465] }},
{"zip_code":"50674","country":"US","city":"Sumner","state":"Iowa","state_ab":"IA","county":"Bremer","geo_location":{ "type": "Point", "coordinates": [-92.1186, 42.8419] }},
{"zip_code":"50607","country":"US","city":"Aurora","state":"Iowa","state_ab":"IA","county":"Buchanan","geo_location":{ "type": "Point", "coordinates": [-91.7335, 42.6203] }},
{"zip_code":"51444","country":"US","city":"Halbur","state":"Iowa","state_ab":"IA","county":"Carroll","geo_location":{ "type": "Point", "coordinates": [-94.9731, 42.0048] }},
{"zip_code":"50274","country":"US","city":"Wiota","state":"Iowa","state_ab":"IA","county":"Cass","geo_location":{ "type": "Point", "coordinates": [-94.8405, 41.3846] }},
{"zip_code":"50401","country":"US","city":"Mason City","state":"Iowa","state_ab":"IA","county":"Cerro Gordo","geo_location":{ "type": "Point", "coordinates": [-93.1954, 43.1499] }},
{"zip_code":"50467","country":"US","city":"Rock Falls","state":"Iowa","state_ab":"IA","county":"Cerro Gordo","geo_location":{ "type": "Point", "coordinates": [-93.0857, 43.2066] }},
{"zip_code":"50661","country":"US","city":"North Washington","state":"Iowa","state_ab":"IA","county":"Chickasaw","geo_location":{ "type": "Point", "coordinates": [-92.4144, 43.1174] }},
{"zip_code":"51301","country":"US","city":"Spencer","state":"Iowa","state_ab":"IA","county":"Clay","geo_location":{ "type": "Point", "coordinates": [-95.1457, 43.1451] }},
{"zip_code":"51341","country":"US","city":"Gillett Grove","state":"Iowa","state_ab":"IA","county":"Clay","geo_location":{ "type": "Point", "coordinates": [-95.0431, 43.0157] }},
{"zip_code":"52047","country":"US","city":"Farmersburg","state":"Iowa","state_ab":"IA","county":"Clayton","geo_location":{ "type": "Point", "coordinates": [-91.339, 42.9522] }},
{"zip_code":"52254","country":"US","city":"Lost Nation","state":"Iowa","state_ab":"IA","county":"Clinton","geo_location":{ "type": "Point", "coordinates": [-90.8265, 41.9745] }},
{"zip_code":"52731","country":"US","city":"Charlotte","state":"Iowa","state_ab":"IA","county":"Clinton","geo_location":{ "type": "Point", "coordinates": [-90.4782, 41.9779] }},
{"zip_code":"52757","country":"US","city":"Low Moor","state":"Iowa","state_ab":"IA","county":"Clinton","geo_location":{ "type": "Point", "coordinates": [-90.3706, 41.8065] }},
{"zip_code":"52771","country":"US","city":"Teeds Grove","state":"Iowa","state_ab":"IA","county":"Clinton","geo_location":{ "type": "Point", "coordinates": [-90.2187, 41.9991] }},
{"zip_code":"50261","country":"US","city":"Van Meter","state":"Iowa","state_ab":"IA","county":"Dallas","geo_location":{ "type": "Point", "coordinates": [-93.9207, 41.4699] }},
{"zip_code":"52537","country":"US","city":"Bloomfield","state":"Iowa","state_ab":"IA","county":"Davis","geo_location":{ "type": "Point", "coordinates": [-92.3987, 40.7324] }},
{"zip_code":"50067","country":"US","city":"Decatur","state":"Iowa","state_ab":"IA","county":"Decatur","geo_location":{ "type": "Point", "coordinates": [-93.8317, 40.743] }},
{"zip_code":"50144","country":"US","city":"Leon","state":"Iowa","state_ab":"IA","county":"Decatur","geo_location":{ "type": "Point", "coordinates": [-93.7429, 40.7373] }},
{"zip_code":"52601","country":"US","city":"Burlington","state":"Iowa","state_ab":"IA","county":"Des Moines","geo_location":{ "type": "Point", "coordinates": [-91.117, 40.8087] }},
{"zip_code":"50531","country":"US","city":"Dolliver","state":"Iowa","state_ab":"IA","county":"Emmet","geo_location":{ "type": "Point", "coordinates": [-94.6242, 43.4664] }},
{"zip_code":"52164","country":"US","city":"Randalia","state":"Iowa","state_ab":"IA","county":"Fayette","geo_location":{ "type": "Point", "coordinates": [-91.8846, 42.8626] }},
{"zip_code":"50041","country":"US","city":"Bradford","state":"Iowa","state_ab":"IA","county":"Franklin","geo_location":{ "type": "Point", "coordinates": [-93.2232, 42.6003] }},
{"zip_code":"50427","country":"US","city":"Chapin","state":"Iowa","state_ab":"IA","county":"Franklin","geo_location":{ "type": "Point", "coordinates": [-93.2226, 42.8349] }},
{"zip_code":"50441","country":"US","city":"Hampton","state":"Iowa","state_ab":"IA","county":"Franklin","geo_location":{ "type": "Point", "coordinates": [-93.211, 42.7405] }},
{"zip_code":"50621","country":"US","city":"Conrad","state":"Iowa","state_ab":"IA","county":"Grundy","geo_location":{ "type": "Point", "coordinates": [-92.8865, 42.2342] }},
{"zip_code":"52641","country":"US","city":"Mount Pleasant","state":"Iowa","state_ab":"IA","county":"Henry","geo_location":{ "type": "Point", "coordinates": [-91.5614, 40.9646] }},
{"zip_code":"52654","country":"US","city":"Wayland","state":"Iowa","state_ab":"IA","county":"Henry","geo_location":{ "type": "Point", "coordinates": [-91.6589, 41.1449] }},
{"zip_code":"51431","country":"US","city":"Arthur","state":"Iowa","state_ab":"IA","county":"Ida","geo_location":{ "type": "Point", "coordinates": [-95.3675, 42.3363] }},
{"zip_code":"52357","country":"US","city":"West Amana","state":"Iowa","state_ab":"IA","county":"Iowa County","geo_location":{ "type": "Point", "coordinates": [-91.9336, 41.803] }},
{"zip_code":"52074","country":"US","city":"Spragueville","state":"Iowa","state_ab":"IA","county":"Jackson","geo_location":{ "type": "Point", "coordinates": [-90.473, 42.0727] }},
{"zip_code":"50054","country":"US","city":"Colfax","state":"Iowa","state_ab":"IA","county":"Jasper","geo_location":{ "type": "Point", "coordinates": [-93.2588, 41.6788] }},
{"zip_code":"52241","country":"US","city":"Coralville","state":"Iowa","state_ab":"IA","county":"Johnson","geo_location":{ "type": "Point", "coordinates": [-91.5906, 41.6937] }},
{"zip_code":"52317","country":"US","city":"North Liberty","state":"Iowa","state_ab":"IA","county":"Johnson","geo_location":{ "type": "Point", "coordinates": [-91.6061, 41.7443] }},
{"zip_code":"52331","country":"US","city":"Scotch Grove","state":"Iowa","state_ab":"IA","county":"Jones County","geo_location":{ "type": "Point", "coordinates": [-91.0797, 42.1662] }},
{"zip_code":"50104","country":"US","city":"Gibson","state":"Iowa","state_ab":"IA","county":"Keokuk","geo_location":{ "type": "Point", "coordinates": [-92.3867, 41.4868] }},
{"zip_code":"52591","country":"US","city":"Sigourney","state":"Iowa","state_ab":"IA","county":"Keokuk","geo_location":{ "type": "Point", "coordinates": [-92.2019, 41.3301] }},
{"zip_code":"50517","country":"US","city":"Bancroft","state":"Iowa","state_ab":"IA","county":"Kossuth","geo_location":{ "type": "Point", "coordinates": [-94.2108, 43.2935] }},
{"zip_code":"52627","country":"US","city":"Fort Madison","state":"Iowa","state_ab":"IA","county":"Lee","geo_location":{ "type": "Point", "coordinates": [-91.3398, 40.633] }},
{"zip_code":"52214","country":"US","city":"Central City","state":"Iowa","state_ab":"IA","county":"Linn","geo_location":{ "type": "Point", "coordinates": [-91.4914, 42.1982] }},
{"zip_code":"52227","country":"US","city":"Ely","state":"Iowa","state_ab":"IA","county":"Linn","geo_location":{ "type": "Point", "coordinates": [-91.5738, 41.8943] }},
{"zip_code":"52344","country":"US","city":"Troy Mills","state":"Iowa","state_ab":"IA","county":"Linn","geo_location":{ "type": "Point", "coordinates": [-91.5992, 42.0794] }},
{"zip_code":"52407","country":"US","city":"Cedar Rapids","state":"Iowa","state_ab":"IA","county":"Linn","geo_location":{ "type": "Point", "coordinates": [-91.5992, 42.0794] }},
{"zip_code":"51237","country":"US","city":"George","state":"Iowa","state_ab":"IA","county":"Lyon","geo_location":{ "type": "Point", "coordinates": [-95.9894, 43.3439] }},
{"zip_code":"50027","country":"US","city":"Barnes City","state":"Iowa","state_ab":"IA","county":"Mahaska","geo_location":{ "type": "Point", "coordinates": [-92.4703, 41.4883] }},
{"zip_code":"50207","country":"US","city":"New Sharon","state":"Iowa","state_ab":"IA","county":"Mahaska","geo_location":{ "type": "Point", "coordinates": [-92.6848, 41.464] }},
{"zip_code":"52577","country":"US","city":"Oskaloosa","state":"Iowa","state_ab":"IA","county":"Mahaska","geo_location":{ "type": "Point", "coordinates": [-92.6439, 41.2942] }},
{"zip_code":"50197","country":"US","city":"Knoxville","state":"Iowa","state_ab":"IA","county":"Marion","geo_location":{ "type": "Point", "coordinates": [-93.0992, 41.3345] }},
{"zip_code":"50221","country":"US","city":"Pershing","state":"Iowa","state_ab":"IA","county":"Marion County","geo_location":{ "type": "Point", "coordinates": [-93.0957, 41.3055] }},
{"zip_code":"50234","country":"US","city":"Rhodes","state":"Iowa","state_ab":"IA","county":"Marshall","geo_location":{ "type": "Point", "coordinates": [-93.1796, 41.9177] }},
{"zip_code":"50247","country":"US","city":"State Center","state":"Iowa","state_ab":"IA","county":"Marshall","geo_location":{ "type": "Point", "coordinates": [-93.1673, 42.0109] }},
{"zip_code":"51534","country":"US","city":"Glenwood","state":"Iowa","state_ab":"IA","county":"Mills","geo_location":{ "type": "Point", "coordinates": [-95.7389, 41.047] }},
{"zip_code":"51561","country":"US","city":"Pacific Junction","state":"Iowa","state_ab":"IA","county":"Mills","geo_location":{ "type": "Point", "coordinates": [-95.8046, 41.0271] }},
{"zip_code":"50454","country":"US","city":"Little Cedar","state":"Iowa","state_ab":"IA","county":"Mitchell","geo_location":{ "type": "Point", "coordinates": [-92.7344, 43.3919] }},
{"zip_code":"50481","country":"US","city":"Toeterville","state":"Iowa","state_ab":"IA","county":"Mitchell","geo_location":{ "type": "Point", "coordinates": [-92.789, 43.3564] }},
{"zip_code":"51354","country":"US","city":"Ocheyedan","state":"Iowa","state_ab":"IA","county":"Osceola","geo_location":{ "type": "Point", "coordinates": [-95.5204, 43.391] }},
{"zip_code":"51637","country":"US","city":"College Springs","state":"Iowa","state_ab":"IA","county":"Page","geo_location":{ "type": "Point", "coordinates": [-95.1157, 40.6249] }},
{"zip_code":"51651","country":"US","city":"Shambaugh","state":"Iowa","state_ab":"IA","county":"Page","geo_location":{ "type": "Point", "coordinates": [-95.025, 40.6575] }},
{"zip_code":"50597","country":"US","city":"West Bend","state":"Iowa","state_ab":"IA","county":"Palo Alto","geo_location":{ "type": "Point", "coordinates": [-94.4564, 42.9574] }},
{"zip_code":"51017","country":"US","city":"Craig","state":"Iowa","state_ab":"IA","county":"Plymouth","geo_location":{ "type": "Point", "coordinates": [-96.3095, 42.8962] }},
{"zip_code":"51031","country":"US","city":"Le Mars","state":"Iowa","state_ab":"IA","county":"Plymouth","geo_location":{ "type": "Point", "coordinates": [-96.1704, 42.7962] }},
{"zip_code":"51057","country":"US","city":"Struble","state":"Iowa","state_ab":"IA","county":"Plymouth","geo_location":{ "type": "Point", "coordinates": [-96.1786, 42.8376] }},
{"zip_code":"50571","country":"US","city":"Palmer","state":"Iowa","state_ab":"IA","county":"Pocahontas","geo_location":{ "type": "Point", "coordinates": [-94.5432, 42.6419] }},
{"zip_code":"50131","country":"US","city":"Johnston","state":"Iowa","state_ab":"IA","county":"Polk","geo_location":{ "type": "Point", "coordinates": [-93.7028, 41.673] }},
{"zip_code":"50311","country":"US","city":"Des Moines","state":"Iowa","state_ab":"IA","county":"Polk","geo_location":{ "type": "Point", "coordinates": [-93.6729, 41.601] }},
{"zip_code":"50324","country":"US","city":"Windsor Heights","state":"Iowa","state_ab":"IA","county":"Polk","geo_location":{ "type": "Point", "coordinates": [-93.7152, 41.6032] }},
{"zip_code":"50364","country":"US","city":"Des Moines","state":"Iowa","state_ab":"IA","county":"Polk","geo_location":{ "type": "Point", "coordinates": [-93.5722, 41.6727] }},
{"zip_code":"50391","country":"US","city":"Des Moines","state":"Iowa","state_ab":"IA","county":"Polk","geo_location":{ "type": "Point", "coordinates": [-93.5722, 41.6727] }},
{"zip_code":"51521","country":"US","city":"Avoca","state":"Iowa","state_ab":"IA","county":"Pottawattamie","geo_location":{ "type": "Point", "coordinates": [-95.3509, 41.4768] }},
{"zip_code":"50157","country":"US","city":"Malcom","state":"Iowa","state_ab":"IA","county":"Poweshiek","geo_location":{ "type": "Point", "coordinates": [-92.5354, 41.7695] }},
{"zip_code":"50171","country":"US","city":"Montezuma","state":"Iowa","state_ab":"IA","county":"Poweshiek","geo_location":{ "type": "Point", "coordinates": [-92.5276, 41.5928] }},
{"zip_code":"50854","country":"US","city":"Mount Ayr","state":"Iowa","state_ab":"IA","county":"Ringgold","geo_location":{ "type": "Point", "coordinates": [-94.2321, 40.7142] }},
{"zip_code":"52807","country":"US","city":"Davenport","state":"Iowa","state_ab":"IA","county":"Scott","geo_location":{ "type": "Point", "coordinates": [-90.5403, 41.5618] }},
{"zip_code":"51574","country":"US","city":"Tennant","state":"Iowa","state_ab":"IA","county":"Shelby","geo_location":{ "type": "Point", "coordinates": [-95.4419, 41.5957] }},
{"zip_code":"50014","country":"US","city":"Ames","state":"Iowa","state_ab":"IA","county":"Story","geo_location":{ "type": "Point", "coordinates": [-93.6945, 42.0486] }},
{"zip_code":"50801","country":"US","city":"Creston","state":"Iowa","state_ab":"IA","county":"Union","geo_location":{ "type": "Point", "coordinates": [-94.3471, 41.0499] }},
{"zip_code":"52551","country":"US","city":"Douds","state":"Iowa","state_ab":"IA","county":"Van Buren","geo_location":{ "type": "Point", "coordinates": [-92.0859, 40.8378] }},
{"zip_code":"50001","country":"US","city":"Ackworth","state":"Iowa","state_ab":"IA","county":"Warren","geo_location":{ "type": "Point", "coordinates": [-93.3767, 41.3737] }},
{"zip_code":"52201","country":"US","city":"Ainsworth","state":"Iowa","state_ab":"IA","county":"Washington","geo_location":{ "type": "Point", "coordinates": [-91.5472, 41.3202] }},
{"zip_code":"50544","country":"US","city":"Harcourt","state":"Iowa","state_ab":"IA","county":"Webster","geo_location":{ "type": "Point", "coordinates": [-94.1961, 42.2531] }},
{"zip_code":"50557","country":"US","city":"Lehigh","state":"Iowa","state_ab":"IA","county":"Webster","geo_location":{ "type": "Point", "coordinates": [-94.0342, 42.3526] }},
{"zip_code":"51004","country":"US","city":"Anthon","state":"Iowa","state_ab":"IA","county":"Woodbury","geo_location":{ "type": "Point", "coordinates": [-95.8948, 42.387] }},
{"zip_code":"51044","country":"US","city":"Oto","state":"Iowa","state_ab":"IA","county":"Woodbury","geo_location":{ "type": "Point", "coordinates": [-95.8616, 42.2646] }},
{"zip_code":"51107","country":"US","city":"Sioux City","state":"Iowa","state_ab":"IA","county":"Woodbury County","geo_location":{ "type": "Point", "coordinates": [-96.3813, 42.4875] }},
{"zip_code":"83704","country":"US","city":"Boise","state":"Idaho","state_ab":"ID","county":"Ada","geo_location":{ "type": "Point", "coordinates": [-116.2951, 43.633] }},
{"zip_code":"83717","country":"US","city":"Boise","state":"Idaho","state_ab":"ID","county":"Ada","geo_location":{ "type": "Point", "coordinates": [-116.244, 43.4599] }},
{"zip_code":"83731","country":"US","city":"Boise","state":"Idaho","state_ab":"ID","county":"Ada","geo_location":{ "type": "Point", "coordinates": [-116.244, 43.4599] }},
{"zip_code":"83744","country":"US","city":"Boise","state":"Idaho","state_ab":"ID","county":"Ada","geo_location":{ "type": "Point", "coordinates": [-116.244, 43.4599] }},
{"zip_code":"83757","country":"US","city":"Boise","state":"Idaho","state_ab":"ID","county":"Ada","geo_location":{ "type": "Point", "coordinates": [-116.244, 43.4599] }},
{"zip_code":"83654","country":"US","city":"New Meadows","state":"Idaho","state_ab":"ID","county":"Adams","geo_location":{ "type": "Point", "coordinates": [-116.2874, 44.994] }},
{"zip_code":"83201","country":"US","city":"Pocatello","state":"Idaho","state_ab":"ID","county":"Bannock","geo_location":{ "type": "Point", "coordinates": [-112.4381, 42.8876] }},
{"zip_code":"83214","country":"US","city":"Arimo","state":"Idaho","state_ab":"ID","county":"Bannock","geo_location":{ "type": "Point", "coordinates": [-112.1746, 42.56] }},
{"zip_code":"83281","country":"US","city":"Swanlake","state":"Idaho","state_ab":"ID","county":"Bannock","geo_location":{ "type": "Point", "coordinates": [-111.9781, 42.3195] }},
{"zip_code":"83254","country":"US","city":"Montpelier","state":"Idaho","state_ab":"ID","county":"Bear Lake","geo_location":{ "type": "Point", "coordinates": [-111.3195, 42.352] }},
{"zip_code":"83861","country":"US","city":"Saint Maries","state":"Idaho","state_ab":"ID","county":"Benewah","geo_location":{ "type": "Point", "coordinates": [-116.5681, 47.2977] }},
{"zip_code":"83821","country":"US","city":"Coolin","state":"Idaho","state_ab":"ID","county":"Bonner","geo_location":{ "type": "Point", "coordinates": [-116.8408, 48.5228] }},
{"zip_code":"83847","country":"US","city":"Naples","state":"Idaho","state_ab":"ID","county":"Boundary","geo_location":{ "type": "Point", "coordinates": [-116.3196, 48.6049] }},
{"zip_code":"83641","country":"US","city":"Melba","state":"Idaho","state_ab":"ID","county":"Canyon","geo_location":{ "type": "Point", "coordinates": [-116.5489, 43.3784] }},
{"zip_code":"83241","country":"US","city":"Grace","state":"Idaho","state_ab":"ID","county":"Caribou","geo_location":{ "type": "Point", "coordinates": [-111.74, 42.55] }},
{"zip_code":"83227","country":"US","city":"Clayton","state":"Idaho","state_ab":"ID","county":"Custer","geo_location":{ "type": "Point", "coordinates": [-114.4102, 44.2733] }},
{"zip_code":"83601","country":"US","city":"Atlanta","state":"Idaho","state_ab":"ID","county":"Elmore","geo_location":{ "type": "Point", "coordinates": [-115.2538, 43.8479] }},
{"zip_code":"83627","country":"US","city":"Hammett","state":"Idaho","state_ab":"ID","county":"Elmore","geo_location":{ "type": "Point", "coordinates": [-115.3837, 42.9482] }},
{"zip_code":"83421","country":"US","city":"Chester","state":"Idaho","state_ab":"ID","county":"Fremont","geo_location":{ "type": "Point", "coordinates": [-111.5351, 44.0011] }},
{"zip_code":"83447","country":"US","city":"Squirrel","state":"Idaho","state_ab":"ID","county":"Fremont","geo_location":{ "type": "Point", "coordinates": [-111.6017, 44.3192] }},
{"zip_code":"83434","country":"US","city":"Menan","state":"Idaho","state_ab":"ID","county":"Jefferson","geo_location":{ "type": "Point", "coordinates": [-111.9837, 43.7266] }},
{"zip_code":"83537","country":"US","city":"Kendrick","state":"Idaho","state_ab":"ID","county":"Latah","geo_location":{ "type": "Point", "coordinates": [-116.6049, 46.6286] }},
{"zip_code":"83834","country":"US","city":"Harvard","state":"Idaho","state_ab":"ID","county":"Latah","geo_location":{ "type": "Point", "coordinates": [-116.7025, 46.9376] }},
{"zip_code":"83524","country":"US","city":"Culdesac","state":"Idaho","state_ab":"ID","county":"Nez Perce","geo_location":{ "type": "Point", "coordinates": [-116.6536, 46.378] }},
{"zip_code":"83551","country":"US","city":"Spalding","state":"Idaho","state_ab":"ID","county":"Nez Perce","geo_location":{ "type": "Point", "coordinates": [-116.8045, 46.4003] }},
{"zip_code":"92551","country":"US","city":"Moreno Valley","state":"California","state_ab":"CA","county":"Riverside","geo_location":{ "type": "Point", "coordinates": [-117.2261, 33.8814] }},
{"zip_code":"92564","country":"US","city":"Murrieta","state":"California","state_ab":"CA","county":"Riverside","geo_location":{ "type": "Point", "coordinates": [-116.0556, 33.7529] }},
{"zip_code":"92591","country":"US","city":"Temecula","state":"California","state_ab":"CA","county":"Riverside","geo_location":{ "type": "Point", "coordinates": [-117.1286, 33.5217] }},
{"zip_code":"94207","country":"US","city":"Sacramento","state":"California","state_ab":"CA","county":"Sacramento","geo_location":{ "type": "Point", "coordinates": [-121.4444, 38.3774] }},
{"zip_code":"94234","country":"US","city":"Sacramento","state":"California","state_ab":"CA","county":"Sacramento","geo_location":{ "type": "Point", "coordinates": [-121.4444, 38.3774] }},
{"zip_code":"94247","country":"US","city":"Sacramento","state":"California","state_ab":"CA","county":"Sacramento","geo_location":{ "type": "Point", "coordinates": [-121.4444, 38.3774] }},
{"zip_code":"94261","country":"US","city":"Sacramento","state":"California","state_ab":"CA","county":"Sacramento","geo_location":{ "type": "Point", "coordinates": [-121.4444, 38.3774] }},
{"zip_code":"94274","country":"US","city":"Sacramento","state":"California","state_ab":"CA","county":"Sacramento","geo_location":{ "type": "Point", "coordinates": [-121.4444, 38.3774] }},
{"zip_code":"94287","country":"US","city":"Sacramento","state":"California","state_ab":"CA","county":"Sacramento","geo_location":{ "type": "Point", "coordinates": [-121.4444, 38.3774] }},
{"zip_code":"95611","country":"US","city":"Citrus Heights","state":"California","state_ab":"CA","county":"Sacramento","geo_location":{ "type": "Point", "coordinates": [-121.28, 38.7072] }},
{"zip_code":"95624","country":"US","city":"Elk Grove","state":"California","state_ab":"CA","county":"Sacramento","geo_location":{ "type": "Point", "coordinates": [-121.3599, 38.4232] }},
{"zip_code":"95741","country":"US","city":"Rancho Cordova","state":"California","state_ab":"CA","county":"Sacramento","geo_location":{ "type": "Point", "coordinates": [-121.3016, 38.5891] }},
{"zip_code":"95817","country":"US","city":"Sacramento","state":"California","state_ab":"CA","county":"Sacramento","geo_location":{ "type": "Point", "coordinates": [-121.4583, 38.5498] }},
{"zip_code":"95831","country":"US","city":"Sacramento","state":"California","state_ab":"CA","county":"Sacramento","geo_location":{ "type": "Point", "coordinates": [-121.5297, 38.4962] }},
{"zip_code":"95857","country":"US","city":"Sacramento","state":"California","state_ab":"CA","county":"Sacramento","geo_location":{ "type": "Point", "coordinates": [-121.4933, 38.5816] }},
{"zip_code":"91701","country":"US","city":"Rancho Cucamonga","state":"California","state_ab":"CA","county":"San Bernardino","geo_location":{ "type": "Point", "coordinates": [-117.5999, 34.1376] }},
{"zip_code":"92267","country":"US","city":"Parker Dam","state":"California","state_ab":"CA","county":"San Bernardino","geo_location":{ "type": "Point", "coordinates": [-114.156, 34.298] }},
{"zip_code":"92304","country":"US","city":"Amboy","state":"California","state_ab":"CA","county":"San Bernardino","geo_location":{ "type": "Point", "coordinates": [-115.7749, 34.599] }},
{"zip_code":"92317","country":"US","city":"Blue Jay","state":"California","state_ab":"CA","county":"San Bernardino","geo_location":{ "type": "Point", "coordinates": [-117.0796, 34.2112] }},
{"zip_code":"92344","country":"US","city":"Hesperia","state":"California","state_ab":"CA","county":"San Bernardino County","geo_location":{ "type": "Point", "coordinates": [-117.4075, 34.4239] }},
{"zip_code":"92357","country":"US","city":"Loma Linda","state":"California","state_ab":"CA","county":"San Bernardino","geo_location":{ "type": "Point", "coordinates": [-115.9671, 34.84] }},
{"zip_code":"92371","country":"US","city":"Phelan","state":"California","state_ab":"CA","county":"San Bernardino","geo_location":{ "type": "Point", "coordinates": [-117.5196, 34.4449] }},
{"zip_code":"92397","country":"US","city":"Wrightwood","state":"California","state_ab":"CA","county":"San Bernardino","geo_location":{ "type": "Point", "coordinates": [-117.6249, 34.3628] }},
{"zip_code":"92407","country":"US","city":"San Bernardino","state":"California","state_ab":"CA","county":"San Bernardino","geo_location":{ "type": "Point", "coordinates": [-117.3908, 34.2166] }},
{"zip_code":"91921","country":"US","city":"Chula Vista","state":"California","state_ab":"CA","county":"San Diego","geo_location":{ "type": "Point", "coordinates": [-116.846, 33.0169] }},
{"zip_code":"91934","country":"US","city":"Jacumba","state":"California","state_ab":"CA","county":"San Diego","geo_location":{ "type": "Point", "coordinates": [-116.1952, 32.6249] }},
{"zip_code":"91947","country":"US","city":"Lincoln Acres","state":"California","state_ab":"CA","county":"San Diego","geo_location":{ "type": "Point", "coordinates": [-116.846, 33.0169] }},
{"zip_code":"91987","country":"US","city":"Tecate","state":"California","state_ab":"CA","county":"San Diego","geo_location":{ "type": "Point", "coordinates": [-116.846, 33.0169] }},
{"zip_code":"92007","country":"US","city":"Cardiff By The Sea","state":"California","state_ab":"CA","county":"San Diego","geo_location":{ "type": "Point", "coordinates": [-117.2745, 33.023] }},
{"zip_code":"92021","country":"US","city":"El Cajon","state":"California","state_ab":"CA","county":"San Diego","geo_location":{ "type": "Point", "coordinates": [-116.9223, 32.8178] }},
{"zip_code":"92061","country":"US","city":"Pauma Valley","state":"California","state_ab":"CA","county":"San Diego","geo_location":{ "type": "Point", "coordinates": [-116.9596, 33.3063] }},
{"zip_code":"92074","country":"US","city":"Poway","state":"California","state_ab":"CA","county":"San Diego","geo_location":{ "type": "Point", "coordinates": [-116.846, 33.0169] }},
{"zip_code":"92111","country":"US","city":"San Diego","state":"California","state_ab":"CA","county":"San Diego","geo_location":{ "type": "Point", "coordinates": [-117.1708, 32.7972] }},
{"zip_code":"92124","country":"US","city":"San Diego","state":"California","state_ab":"CA","county":"San Diego","geo_location":{ "type": "Point", "coordinates": [-117.0986, 32.8201] }},
{"zip_code":"92137","country":"US","city":"San Diego","state":"California","state_ab":"CA","county":"San Diego","geo_location":{ "type": "Point", "coordinates": [-117.1197, 32.8538] }},
{"zip_code":"92164","country":"US","city":"San Diego","state":"California","state_ab":"CA","county":"San Diego","geo_location":{ "type": "Point", "coordinates": [-116.846, 33.0169] }},
{"zip_code":"92177","country":"US","city":"San Diego","state":"California","state_ab":"CA","county":"San Diego","geo_location":{ "type": "Point", "coordinates": [-116.846, 33.0169] }},
{"zip_code":"92191","country":"US","city":"San Diego","state":"California","state_ab":"CA","county":"San Diego","geo_location":{ "type": "Point", "coordinates": [-116.846, 33.0169] }},
{"zip_code":"94104","country":"US","city":"San Francisco","state":"California","state_ab":"CA","county":"San Francisco","geo_location":{ "type": "Point", "coordinates": [-122.4018, 37.7915] }},
{"zip_code":"94117","country":"US","city":"San Francisco","state":"California","state_ab":"CA","county":"San Francisco","geo_location":{ "type": "Point", "coordinates": [-122.4413, 37.7712] }},
{"zip_code":"94131","country":"US","city":"San Francisco","state":"California","state_ab":"CA","county":"San Francisco","geo_location":{ "type": "Point", "coordinates": [-122.4383, 37.745] }},
{"zip_code":"94144","country":"US","city":"San Francisco","state":"California","state_ab":"CA","county":"San Francisco","geo_location":{ "type": "Point", "coordinates": [-122.7278, 37.7848] }},
{"zip_code":"94157","country":"US","city":"San Francisco","state":"California","state_ab":"CA","county":"San Francisco","geo_location":{ "type": "Point", "coordinates": [-122.7278, 37.7848] }},
{"zip_code":"94171","country":"US","city":"San Francisco","state":"California","state_ab":"CA","county":"San Francisco","geo_location":{ "type": "Point", "coordinates": [-122.7278, 37.7848] }},
{"zip_code":"95211","country":"US","city":"Stockton","state":"California","state_ab":"CA","county":"San Joaquin","geo_location":{ "type": "Point", "coordinates": [-121.311, 37.9809] }},
{"zip_code":"95237","country":"US","city":"Lockeford","state":"California","state_ab":"CA","county":"San Joaquin","geo_location":{ "type": "Point", "coordinates": [-121.1424, 38.1613] }},
{"zip_code":"93424","country":"US","city":"Avila Beach","state":"California","state_ab":"CA","county":"San Luis Obispo","geo_location":{ "type": "Point", "coordinates": [-120.7178, 35.1903] }},
{"zip_code":"93451","country":"US","city":"San Miguel","state":"California","state_ab":"CA","county":"San Luis Obispo","geo_location":{ "type": "Point", "coordinates": [-120.5929, 35.9004] }},
{"zip_code":"94014","country":"US","city":"Daly City","state":"California","state_ab":"CA","county":"San Mateo","geo_location":{ "type": "Point", "coordinates": [-122.4388, 37.6875] }},
{"zip_code":"94027","country":"US","city":"Atherton","state":"California","state_ab":"CA","county":"San Mateo","geo_location":{ "type": "Point", "coordinates": [-122.2002, 37.4563] }},
{"zip_code":"94067","country":"US","city":"San Bruno","state":"California","state_ab":"CA","county":"San Mateo","geo_location":{ "type": "Point", "coordinates": [-122.3348, 37.3811] }},
{"zip_code":"94401","country":"US","city":"San Mateo","state":"California","state_ab":"CA","county":"San Mateo","geo_location":{ "type": "Point", "coordinates": [-122.3225, 37.5735] }},
{"zip_code":"93101","country":"US","city":"Santa Barbara","state":"California","state_ab":"CA","county":"Santa Barbara","geo_location":{ "type": "Point", "coordinates": [-119.7078, 34.4197] }},
{"zip_code":"93437","country":"US","city":"Lompoc","state":"California","state_ab":"CA","county":"Santa Barbara","geo_location":{ "type": "Point", "coordinates": [-120.5171, 34.7532] }},
{"zip_code":"93464","country":"US","city":"Solvang","state":"California","state_ab":"CA","county":"Santa Barbara","geo_location":{ "type": "Point", "coordinates": [-120.1115, 34.6744] }},
{"zip_code":"94041","country":"US","city":"Mountain View","state":"California","state_ab":"CA","county":"Santa Clara","geo_location":{ "type": "Point", "coordinates": [-122.0783, 37.3893] }},
{"zip_code":"95031","country":"US","city":"Los Gatos","state":"California","state_ab":"CA","county":"Santa Clara","geo_location":{ "type": "Point", "coordinates": [-121.9676, 37.1574] }},
{"zip_code":"95044","country":"US","city":"Redwood Estates","state":"California","state_ab":"CA","county":"Santa Clara","geo_location":{ "type": "Point", "coordinates": [-121.986, 37.1584] }},
{"zip_code":"95071","country":"US","city":"Saratoga","state":"California","state_ab":"CA","county":"Santa Clara","geo_location":{ "type": "Point", "coordinates": [-122.0302, 37.2593] }},
{"zip_code":"95121","country":"US","city":"San Jose","state":"California","state_ab":"CA","county":"Santa Clara","geo_location":{ "type": "Point", "coordinates": [-121.8099, 37.3042] }},
{"zip_code":"95134","country":"US","city":"San Jose","state":"California","state_ab":"CA","county":"Santa Clara","geo_location":{ "type": "Point", "coordinates": [-121.9406, 37.4087] }},
{"zip_code":"95161","country":"US","city":"San Jose","state":"California","state_ab":"CA","county":"Santa Clara","geo_location":{ "type": "Point", "coordinates": [-121.8868, 37.3894] }},
{"zip_code":"95017","country":"US","city":"Davenport","state":"California","state_ab":"CA","county":"Santa Cruz","geo_location":{ "type": "Point", "coordinates": [-122.2137, 37.0423] }},
{"zip_code":"96007","country":"US","city":"Anderson","state":"California","state_ab":"CA","county":"Shasta","geo_location":{ "type": "Point", "coordinates": [-122.3282, 40.4574] }},
{"zip_code":"96047","country":"US","city":"Igo","state":"California","state_ab":"CA","county":"Shasta","geo_location":{ "type": "Point", "coordinates": [-122.654, 40.4318] }},
{"zip_code":"96087","country":"US","city":"Shasta","state":"California","state_ab":"CA","county":"Shasta","geo_location":{ "type": "Point", "coordinates": [-122.4968, 40.6109] }},
{"zip_code":"96124","country":"US","city":"Calpine","state":"California","state_ab":"CA","county":"Sierra","geo_location":{ "type": "Point", "coordinates": [-120.4046, 39.6139] }},
{"zip_code":"96034","country":"US","city":"Gazelle","state":"California","state_ab":"CA","county":"Siskiyou","geo_location":{ "type": "Point", "coordinates": [-122.5371, 41.5105] }},
{"zip_code":"94571","country":"US","city":"Rio Vista","state":"California","state_ab":"CA","county":"Solano","geo_location":{ "type": "Point", "coordinates": [-121.7016, 38.1637] }},
{"zip_code":"94931","country":"US","city":"Cotati","state":"California","state_ab":"CA","county":"Sonoma","geo_location":{ "type": "Point", "coordinates": [-122.7048, 38.3259] }},
{"zip_code":"95404","country":"US","city":"Santa Rosa","state":"California","state_ab":"CA","county":"Sonoma","geo_location":{ "type": "Point", "coordinates": [-122.6878, 38.4534] }},
{"zip_code":"95431","country":"US","city":"Eldridge","state":"California","state_ab":"CA","county":"Sonoma","geo_location":{ "type": "Point", "coordinates": [-122.5055, 38.3348] }},
{"zip_code":"95444","country":"US","city":"Graton","state":"California","state_ab":"CA","county":"Sonoma","geo_location":{ "type": "Point", "coordinates": [-122.8676, 38.4335] }},
{"zip_code":"95471","country":"US","city":"Rio Nido","state":"California","state_ab":"CA","county":"Sonoma","geo_location":{ "type": "Point", "coordinates": [-123.0331, 38.4905] }},
{"zip_code":"95497","country":"US","city":"The Sea Ranch","state":"California","state_ab":"CA","county":"Sonoma","geo_location":{ "type": "Point", "coordinates": [-123.4675, 38.7256] }},
{"zip_code":"95354","country":"US","city":"Modesto","state":"California","state_ab":"CA","county":"Stanislaus","geo_location":{ "type": "Point", "coordinates": [-120.9749, 37.6409] }},
{"zip_code":"95367","country":"US","city":"Riverbank","state":"California","state_ab":"CA","county":"Stanislaus","geo_location":{ "type": "Point", "coordinates": [-120.942, 37.7298] }},
{"zip_code":"95381","country":"US","city":"Turlock","state":"California","state_ab":"CA","county":"Stanislaus","geo_location":{ "type": "Point", "coordinates": [-120.8428, 37.4994] }},
{"zip_code":"96021","country":"US","city":"Corning","state":"California","state_ab":"CA","county":"Tehama","geo_location":{ "type": "Point", "coordinates": [-122.196, 39.9296] }},
{"zip_code":"96061","country":"US","city":"Mill Creek","state":"California","state_ab":"CA","county":"Tehama","geo_location":{ "type": "Point", "coordinates": [-121.5035, 40.3439] }},
{"zip_code":"96074","country":"US","city":"Paskenta","state":"California","state_ab":"CA","county":"Tehama","geo_location":{ "type": "Point", "coordinates": [-122.5814, 39.8772] }},
{"zip_code":"93217","country":"US","city":"Di Giorgio","state":"California","state_ab":"CA","county":"Tulare County","geo_location":{ "type": "Point", "coordinates": [-118.8273, 35.265] }},
{"zip_code":"93244","country":"US","city":"Lemon Cove","state":"California","state_ab":"CA","county":"Tulare","geo_location":{ "type": "Point", "coordinates": [-118.9941, 36.4969] }},
{"zip_code":"93257","country":"US","city":"Porterville","state":"California","state_ab":"CA","county":"Tulare","geo_location":{ "type": "Point", "coordinates": [-119.0315, 36.0686] }},
{"zip_code":"93271","country":"US","city":"Three Rivers","state":"California","state_ab":"CA","county":"Tulare","geo_location":{ "type": "Point", "coordinates": [-118.8875, 36.4377] }},
{"zip_code":"95314","country":"US","city":"Dardanelle","state":"California","state_ab":"CA","county":"Tuolumne","geo_location":{ "type": "Point", "coordinates": [-119.8327, 38.3411] }},
{"zip_code":"95327","country":"US","city":"Jamestown","state":"California","state_ab":"CA","county":"Tuolumne","geo_location":{ "type": "Point", "coordinates": [-120.4717, 37.8906] }},
{"zip_code":"93011","country":"US","city":"Camarillo","state":"California","state_ab":"CA","county":"Ventura","geo_location":{ "type": "Point", "coordinates": [-119.1343, 34.0324] }},
{"zip_code":"93024","country":"US","city":"Ojai","state":"California","state_ab":"CA","county":"Ventura","geo_location":{ "type": "Point", "coordinates": [-119.1343, 34.0324] }},
{"zip_code":"93064","country":"US","city":"Brandeis","state":"California","state_ab":"CA","county":"Ventura","geo_location":{ "type": "Point", "coordinates": [-118.7107, 34.2582] }},
{"zip_code":"95637","country":"US","city":"Guinda","state":"California","state_ab":"CA","county":"Yolo","geo_location":{ "type": "Point", "coordinates": [-122.2036, 38.8407] }},
{"zip_code":"95691","country":"US","city":"West Sacramento","state":"California","state_ab":"CA","county":"Yolo","geo_location":{ "type": "Point", "coordinates": [-121.5516, 38.5673] }},
{"zip_code":"95961","country":"US","city":"Olivehurst","state":"California","state_ab":"CA","county":"Yuba","geo_location":{ "type": "Point", "coordinates": [-121.5497, 39.0861] }},
{"zip_code":"80011","country":"US","city":"Aurora","state":"Colorado","state_ab":"CO","county":"Adams","geo_location":{ "type": "Point", "coordinates": [-104.8152, 39.7378] }},
{"zip_code":"80024","country":"US","city":"Dupont","state":"Colorado","state_ab":"CO","county":"Adams","geo_location":{ "type": "Point", "coordinates": [-104.9188, 39.8445] }},
{"zip_code":"80037","country":"US","city":"Commerce City","state":"Colorado","state_ab":"CO","county":"Adams","geo_location":{ "type": "Point", "coordinates": [-104.4079, 39.808] }},
{"zip_code":"80154","country":"US","city":"Englewood","state":"Colorado","state_ab":"CO","county":"Arapahoe","geo_location":{ "type": "Point", "coordinates": [-104.4083, 39.7388] }},
{"zip_code":"81157","country":"US","city":"Pagosa Springs","state":"Colorado","state_ab":"CO","county":"Archuleta","geo_location":{ "type": "Point", "coordinates": [-107.0932, 37.2704] }},
{"zip_code":"81054","country":"US","city":"Las Animas","state":"Colorado","state_ab":"CO","county":"Bent","geo_location":{ "type": "Point", "coordinates": [-103.0884, 37.923] }},
{"zip_code":"80307","country":"US","city":"Boulder","state":"Colorado","state_ab":"CO","county":"Boulder","geo_location":{ "type": "Point", "coordinates": [-105.3735, 40.0878] }},
{"zip_code":"80321","country":"US","city":"Boulder","state":"Colorado","state_ab":"CO","county":"Boulder","geo_location":{ "type": "Point", "coordinates": [-105.3735, 40.0878] }},
{"zip_code":"80501","country":"US","city":"Longmont","state":"Colorado","state_ab":"CO","county":"Boulder","geo_location":{ "type": "Point", "coordinates": [-105.1009, 40.1779] }},
{"zip_code":"81414","country":"US","city":"Cory","state":"Colorado","state_ab":"CO","county":"Delta","geo_location":{ "type": "Point", "coordinates": [-107.9862, 38.7887] }},
{"zip_code":"80204","country":"US","city":"Denver","state":"Colorado","state_ab":"CO","county":"Denver","geo_location":{ "type": "Point", "coordinates": [-105.0259, 39.734] }},
{"zip_code":"80217","country":"US","city":"Denver","state":"Colorado","state_ab":"CO","county":"Denver","geo_location":{ "type": "Point", "coordinates": [-104.4083, 39.7388] }},
{"zip_code":"80231","country":"US","city":"Denver","state":"Colorado","state_ab":"CO","county":"Denver","geo_location":{ "type": "Point", "coordinates": [-104.8843, 39.6793] }},
{"zip_code":"80244","country":"US","city":"Denver","state":"Colorado","state_ab":"CO","county":"Denver","geo_location":{ "type": "Point", "coordinates": [-104.4083, 39.7388] }},
{"zip_code":"80257","country":"US","city":"Denver","state":"Colorado","state_ab":"CO","county":"Denver","geo_location":{ "type": "Point", "coordinates": [-104.4083, 39.7388] }},
{"zip_code":"80271","country":"US","city":"Denver","state":"Colorado","state_ab":"CO","county":"Denver","geo_location":{ "type": "Point", "coordinates": [-104.4083, 39.7388] }},
{"zip_code":"81324","country":"US","city":"Dove Creek","state":"Colorado","state_ab":"CO","county":"Dolores","geo_location":{ "type": "Point", "coordinates": [-108.9181, 37.7632] }},
{"zip_code":"81621","country":"US","city":"Basalt","state":"Colorado","state_ab":"CO","county":"Eagle","geo_location":{ "type": "Point", "coordinates": [-106.9988, 39.3535] }},
{"zip_code":"80101","country":"US","city":"Agate","state":"Colorado","state_ab":"CO","county":"Elbert","geo_location":{ "type": "Point", "coordinates": [-103.9846, 39.4203] }},
{"zip_code":"80864","country":"US","city":"Yoder","state":"Colorado","state_ab":"CO","county":"El Paso","geo_location":{ "type": "Point", "coordinates": [-104.2184, 38.7753] }},
{"zip_code":"80901","country":"US","city":"Colorado Springs","state":"Colorado","state_ab":"CO","county":"El Paso","geo_location":{ "type": "Point", "coordinates": [-104.8578, 38.8615] }},
{"zip_code":"80914","country":"US","city":"Colorado Springs","state":"Colorado","state_ab":"CO","county":"El Paso","geo_location":{ "type": "Point", "coordinates": [-104.7012, 38.8192] }},
{"zip_code":"80927","country":"US","city":"Colorado Springs","state":"Colorado","state_ab":"CO","county":"El Paso County","geo_location":{ "type": "Point", "coordinates": [-104.6583, 38.9286] }},
{"zip_code":"80941","country":"US","city":"Colorado Springs","state":"Colorado","state_ab":"CO","county":"El Paso","geo_location":{ "type": "Point", "coordinates": [-104.562, 38.8247] }},
{"zip_code":"81221","country":"US","city":"Coal Creek","state":"Colorado","state_ab":"CO","county":"Fremont","geo_location":{ "type": "Point", "coordinates": [-105.1597, 38.3389] }},
{"zip_code":"81647","country":"US","city":"New Castle","state":"Colorado","state_ab":"CO","county":"Garfield","geo_location":{ "type": "Point", "coordinates": [-107.5428, 39.5709] }},
{"zip_code":"80451","country":"US","city":"Hot Sulphur Springs","state":"Colorado","state_ab":"CO","county":"Grand","geo_location":{ "type": "Point", "coordinates": [-106.0693, 40.0712] }},
{"zip_code":"81247","country":"US","city":"Gunnison","state":"Colorado","state_ab":"CO","county":"Gunnison","geo_location":{ "type": "Point", "coordinates": [-107.2921, 38.4575] }},
{"zip_code":"80127","country":"US","city":"Littleton","state":"Colorado","state_ab":"CO","county":"Jefferson","geo_location":{ "type": "Point", "coordinates": [-105.1328, 39.592] }},
{"zip_code":"80437","country":"US","city":"Evergreen","state":"Colorado","state_ab":"CO","county":"Jefferson","geo_location":{ "type": "Point", "coordinates": [-105.2239, 39.522] }},
{"zip_code":"80527","country":"US","city":"Fort Collins","state":"Colorado","state_ab":"CO","county":"Larimer","geo_location":{ "type": "Point", "coordinates": [-105.28, 40.5406] }},
{"zip_code":"80541","country":"US","city":"Masonville","state":"Colorado","state_ab":"CO","county":"Larimer","geo_location":{ "type": "Point", "coordinates": [-105.372, 40.5293] }},
{"zip_code":"81027","country":"US","city":"Branson","state":"Colorado","state_ab":"CO","county":"Las Animas","geo_location":{ "type": "Point", "coordinates": [-103.8741, 37.0518] }},
{"zip_code":"81081","country":"US","city":"Trinchera","state":"Colorado","state_ab":"CO","county":"Las Animas","geo_location":{ "type": "Point", "coordinates": [-104.1184, 37.0757] }},
{"zip_code":"80747","country":"US","city":"Peetz","state":"Colorado","state_ab":"CO","county":"Logan","geo_location":{ "type": "Point", "coordinates": [-103.1166, 40.9519] }},
{"zip_code":"81504","country":"US","city":"Grand Junction","state":"Colorado","state_ab":"CO","county":"Mesa","geo_location":{ "type": "Point", "coordinates": [-108.4916, 39.0791] }},
{"zip_code":"81401","country":"US","city":"Montrose","state":"Colorado","state_ab":"CO","county":"Montrose","geo_location":{ "type": "Point", "coordinates": [-107.8752, 38.4678] }},
{"zip_code":"81067","country":"US","city":"Rocky Ford","state":"Colorado","state_ab":"CO","county":"Otero","geo_location":{ "type": "Point", "coordinates": [-103.7251, 38.049] }},
{"zip_code":"81427","country":"US","city":"Ouray","state":"Colorado","state_ab":"CO","county":"Ouray","geo_location":{ "type": "Point", "coordinates": [-107.6726, 38.0258] }},
{"zip_code":"80721","country":"US","city":"Amherst","state":"Colorado","state_ab":"CO","county":"Phillips","geo_location":{ "type": "Point", "coordinates": [-102.1706, 40.6824] }},
{"zip_code":"80734","country":"US","city":"Holyoke","state":"Colorado","state_ab":"CO","county":"Phillips","geo_location":{ "type": "Point", "coordinates": [-102.2825, 40.5825] }},
{"zip_code":"81041","country":"US","city":"Granada","state":"Colorado","state_ab":"CO","county":"Prowers","geo_location":{ "type": "Point", "coordinates": [-102.3271, 38.0545] }},
{"zip_code":"81001","country":"US","city":"Pueblo","state":"Colorado","state_ab":"CO","county":"Pueblo","geo_location":{ "type": "Point", "coordinates": [-104.5848, 38.2879] }},
{"zip_code":"81014","country":"US","city":"Pueblo","state":"Colorado","state_ab":"CO","county":"Pueblo","geo_location":{ "type": "Point", "coordinates": [-104.5523, 38.1286] }},
{"zip_code":"81144","country":"US","city":"Monte Vista","state":"Colorado","state_ab":"CO","county":"Rio Grande","geo_location":{ "type": "Point", "coordinates": [-106.1408, 37.5731] }},
{"zip_code":"80477","country":"US","city":"Steamboat Springs","state":"Colorado","state_ab":"CO","county":"Routt","geo_location":{ "type": "Point", "coordinates": [-106.9269, 40.3482] }},
{"zip_code":"81131","country":"US","city":"Crestone","state":"Colorado","state_ab":"CO","county":"Saguache","geo_location":{ "type": "Point", "coordinates": [-105.6879, 37.953] }},
{"zip_code":"80424","country":"US","city":"Breckenridge","state":"Colorado","state_ab":"CO","county":"Summit","geo_location":{ "type": "Point", "coordinates": [-106.0225, 39.4753] }},
{"zip_code":"80514","country":"US","city":"Dacono","state":"Colorado","state_ab":"CO","county":"Weld","geo_location":{ "type": "Point", "coordinates": [-104.9297, 40.0836] }},
{"zip_code":"80631","country":"US","city":"Greeley","state":"Colorado","state_ab":"CO","county":"Weld","geo_location":{ "type": "Point", "coordinates": [-104.6806, 40.385] }},
{"zip_code":"80644","country":"US","city":"Kersey","state":"Colorado","state_ab":"CO","county":"Weld","geo_location":{ "type": "Point", "coordinates": [-104.5288, 40.3963] }},
{"zip_code":"80824","country":"US","city":"Kirk","state":"Colorado","state_ab":"CO","county":"Yuma","geo_location":{ "type": "Point", "coordinates": [-102.4776, 39.6171] }},
{"zip_code":"6404","country":"US","city":"Botsford","state":"Connecticut","state_ab":"CT","county":"Fairfield","geo_location":{ "type": "Point", "coordinates": [-73.1292, 41.1651] }},
{"zip_code":"6431","country":"US","city":"Fairfield","state":"Connecticut","state_ab":"CT","county":"Fairfield","geo_location":{ "type": "Point", "coordinates": [-73.2527, 41.2191] }},
{"zip_code":"6484","country":"US","city":"Shelton","state":"Connecticut","state_ab":"CT","county":"Fairfield","geo_location":{ "type": "Point", "coordinates": [-73.1294, 41.3047] }},
{"zip_code":"6497","country":"US","city":"Stratford","state":"Connecticut","state_ab":"CT","county":"Fairfield","geo_location":{ "type": "Point", "coordinates": [-73.1305, 41.2071] }},
{"zip_code":"6611","country":"US","city":"Trumbull","state":"Connecticut","state_ab":"CT","county":"Fairfield","geo_location":{ "type": "Point", "coordinates": [-73.2111, 41.2564] }},
{"zip_code":"6804","country":"US","city":"Brookfield","state":"Connecticut","state_ab":"CT","county":"Fairfield","geo_location":{ "type": "Point", "coordinates": [-73.398, 41.465] }},
{"zip_code":"6817","country":"US","city":"Danbury","state":"Connecticut","state_ab":"CT","county":"Fairfield","geo_location":{ "type": "Point", "coordinates": [-73.3637, 41.3089] }},
{"zip_code":"6831","country":"US","city":"Greenwich","state":"Connecticut","state_ab":"CT","county":"Fairfield","geo_location":{ "type": "Point", "coordinates": [-73.6594, 41.0549] }},
{"zip_code":"6857","country":"US","city":"Norwalk","state":"Connecticut","state_ab":"CT","county":"Fairfield","geo_location":{ "type": "Point", "coordinates": [-73.3637, 41.3089] }},
{"zip_code":"83874","country":"US","city":"Murray","state":"Idaho","state_ab":"ID","county":"Shoshone","geo_location":{ "type": "Point", "coordinates": [-115.6445, 47.5012] }},
{"zip_code":"83344","country":"US","city":"Murtaugh","state":"Idaho","state_ab":"ID","county":"Twin Falls","geo_location":{ "type": "Point", "coordinates": [-114.1606, 42.4776] }},
{"zip_code":"62347","country":"US","city":"Liberty","state":"Illinois","state_ab":"IL","county":"Adams","geo_location":{ "type": "Point", "coordinates": [-91.0869, 39.8892] }},
{"zip_code":"62914","country":"US","city":"Cairo","state":"Illinois","state_ab":"IL","county":"Alexander","geo_location":{ "type": "Point", "coordinates": [-89.1811, 37.0123] }},
{"zip_code":"62284","country":"US","city":"Smithboro","state":"Illinois","state_ab":"IL","county":"Bond","geo_location":{ "type": "Point", "coordinates": [-89.3266, 38.8739] }},
{"zip_code":"61317","country":"US","city":"Cherry","state":"Illinois","state_ab":"IL","county":"Bureau","geo_location":{ "type": "Point", "coordinates": [-89.2126, 41.4264] }},
{"zip_code":"61344","country":"US","city":"Mineral","state":"Illinois","state_ab":"IL","county":"Bureau","geo_location":{ "type": "Point", "coordinates": [-89.8201, 41.4036] }},
{"zip_code":"61074","country":"US","city":"Savanna","state":"Illinois","state_ab":"IL","county":"Carroll","geo_location":{ "type": "Point", "coordinates": [-90.1401, 42.0956] }},
{"zip_code":"61821","country":"US","city":"Champaign","state":"Illinois","state_ab":"IL","county":"Champaign","geo_location":{ "type": "Point", "coordinates": [-88.2788, 40.1073] }},
{"zip_code":"61847","country":"US","city":"Gifford","state":"Illinois","state_ab":"IL","county":"Champaign","geo_location":{ "type": "Point", "coordinates": [-88.0317, 40.3028] }},
{"zip_code":"61874","country":"US","city":"Savoy","state":"Illinois","state_ab":"IL","county":"Champaign","geo_location":{ "type": "Point", "coordinates": [-88.2528, 40.0654] }},
{"zip_code":"62567","country":"US","city":"Stonington","state":"Illinois","state_ab":"IL","county":"Christian","geo_location":{ "type": "Point", "coordinates": [-89.1913, 39.6405] }},
{"zip_code":"62477","country":"US","city":"West Union","state":"Illinois","state_ab":"IL","county":"Clark","geo_location":{ "type": "Point", "coordinates": [-87.6512, 39.2402] }},
{"zip_code":"62824","country":"US","city":"Clay City","state":"Illinois","state_ab":"IL","county":"Clay","geo_location":{ "type": "Point", "coordinates": [-88.3516, 38.6695] }},
{"zip_code":"62231","country":"US","city":"Carlyle","state":"Illinois","state_ab":"IL","county":"Clinton","geo_location":{ "type": "Point", "coordinates": [-89.3805, 38.6066] }},
{"zip_code":"60004","country":"US","city":"Arlington Heights","state":"Illinois","state_ab":"IL","county":"Cook","geo_location":{ "type": "Point", "coordinates": [-87.9792, 42.112] }},
{"zip_code":"60017","country":"US","city":"Des Plaines","state":"Illinois","state_ab":"IL","county":"Cook","geo_location":{ "type": "Point", "coordinates": [-87.8944, 42.0288] }},
{"zip_code":"60107","country":"US","city":"Streamwood","state":"Illinois","state_ab":"IL","county":"Cook","geo_location":{ "type": "Point", "coordinates": [-88.169, 42.0225] }},
{"zip_code":"60161","country":"US","city":"Melrose Park","state":"Illinois","state_ab":"IL","county":"Cook","geo_location":{ "type": "Point", "coordinates": [-87.6873, 41.8119] }},
{"zip_code":"60251","country":"US","city":"Palatine","state":"Illinois","state_ab":"IL","county":"Cook County","geo_location":{ "type": "Point", "coordinates": [-88.1208, 41.9166] }},
{"zip_code":"60301","country":"US","city":"Oak Park","state":"Illinois","state_ab":"IL","county":"Cook","geo_location":{ "type": "Point", "coordinates": [-87.7986, 41.8886] }},
{"zip_code":"60457","country":"US","city":"Hickory Hills","state":"Illinois","state_ab":"IL","county":"Cook","geo_location":{ "type": "Point", "coordinates": [-87.8289, 41.7262] }},
{"zip_code":"60471","country":"US","city":"Richton Park","state":"Illinois","state_ab":"IL","county":"Cook","geo_location":{ "type": "Point", "coordinates": [-87.7238, 41.4819] }},
{"zip_code":"60534","country":"US","city":"Lyons","state":"Illinois","state_ab":"IL","county":"Cook","geo_location":{ "type": "Point", "coordinates": [-87.8236, 41.813] }},
{"zip_code":"60611","country":"US","city":"Chicago","state":"Illinois","state_ab":"IL","county":"Cook","geo_location":{ "type": "Point", "coordinates": [-87.6223, 41.8971] }},
{"zip_code":"60624","country":"US","city":"Chicago","state":"Illinois","state_ab":"IL","county":"Cook","geo_location":{ "type": "Point", "coordinates": [-87.7223, 41.8804] }},
{"zip_code":"60637","country":"US","city":"Chicago","state":"Illinois","state_ab":"IL","county":"Cook","geo_location":{ "type": "Point", "coordinates": [-87.6051, 41.7813] }},
{"zip_code":"60651","country":"US","city":"Chicago","state":"Illinois","state_ab":"IL","county":"Cook","geo_location":{ "type": "Point", "coordinates": [-87.7393, 41.9025] }},
{"zip_code":"60664","country":"US","city":"Chicago","state":"Illinois","state_ab":"IL","county":"Cook","geo_location":{ "type": "Point", "coordinates": [-87.6873, 41.8119] }},
{"zip_code":"60677","country":"US","city":"Chicago","state":"Illinois","state_ab":"IL","county":"Cook","geo_location":{ "type": "Point", "coordinates": [-87.6873, 41.8119] }},
{"zip_code":"60691","country":"US","city":"Chicago","state":"Illinois","state_ab":"IL","county":"Cook","geo_location":{ "type": "Point", "coordinates": [-87.6873, 41.8119] }},
{"zip_code":"60701","country":"US","city":"Chicago","state":"Illinois","state_ab":"IL","county":"Cook","geo_location":{ "type": "Point", "coordinates": [-87.6873, 41.8119] }},
{"zip_code":"60714","country":"US","city":"Niles","state":"Illinois","state_ab":"IL","county":"Cook","geo_location":{ "type": "Point", "coordinates": [-87.8112, 42.0312] }},
{"zip_code":"60804","country":"US","city":"Cicero","state":"Illinois","state_ab":"IL","county":"Cook","geo_location":{ "type": "Point", "coordinates": [-87.7602, 41.8378] }},
{"zip_code":"62451","country":"US","city":"Palestine","state":"Illinois","state_ab":"IL","county":"Crawford","geo_location":{ "type": "Point", "coordinates": [-87.6157, 39.0028] }},
{"zip_code":"62464","country":"US","city":"Stoy","state":"Illinois","state_ab":"IL","county":"Crawford","geo_location":{ "type": "Point", "coordinates": [-87.8396, 38.9898] }},
{"zip_code":"61911","country":"US","city":"Arthur","state":"Illinois","state_ab":"IL","county":"Douglas","geo_location":{ "type": "Point", "coordinates": [-88.4555, 39.7077] }},
{"zip_code":"60187","country":"US","city":"Wheaton","state":"Illinois","state_ab":"IL","county":"DuPage","geo_location":{ "type": "Point", "coordinates": [-88.1123, 41.8724] }},
{"zip_code":"60521","country":"US","city":"Hinsdale","state":"Illinois","state_ab":"IL","county":"DuPage","geo_location":{ "type": "Point", "coordinates": [-87.9287, 41.8001] }},
{"zip_code":"60561","country":"US","city":"Darien","state":"Illinois","state_ab":"IL","county":"DuPage","geo_location":{ "type": "Point", "coordinates": [-87.9805, 41.7434] }},
{"zip_code":"61924","country":"US","city":"Chrisman","state":"Illinois","state_ab":"IL","county":"Edgar","geo_location":{ "type": "Point", "coordinates": [-87.6556, 39.7996] }},
{"zip_code":"62411","country":"US","city":"Altamont","state":"Illinois","state_ab":"IL","county":"Effingham","geo_location":{ "type": "Point", "coordinates": [-88.7481, 39.0634] }},
{"zip_code":"62424","country":"US","city":"Dieterich","state":"Illinois","state_ab":"IL","county":"Effingham","geo_location":{ "type": "Point", "coordinates": [-88.4074, 39.0319] }},
{"zip_code":"62011","country":"US","city":"Bingham","state":"Illinois","state_ab":"IL","county":"Fayette","geo_location":{ "type": "Point", "coordinates": [-89.2125, 39.1128] }},
{"zip_code":"62891","country":"US","city":"Valier","state":"Illinois","state_ab":"IL","county":"Franklin","geo_location":{ "type": "Point", "coordinates": [-89.0351, 38.0222] }},
{"zip_code":"61524","country":"US","city":"Dunfermline","state":"Illinois","state_ab":"IL","county":"Fulton","geo_location":{ "type": "Point", "coordinates": [-90.0419, 40.4916] }},
{"zip_code":"62954","country":"US","city":"Junction","state":"Illinois","state_ab":"IL","county":"Gallatin","geo_location":{ "type": "Point", "coordinates": [-88.2491, 37.6952] }},
{"zip_code":"60444","country":"US","city":"Mazon","state":"Illinois","state_ab":"IL","county":"Grundy","geo_location":{ "type": "Point", "coordinates": [-88.4217, 41.2264] }},
{"zip_code":"62321","country":"US","city":"Carthage","state":"Illinois","state_ab":"IL","county":"Hancock","geo_location":{ "type": "Point", "coordinates": [-91.1005, 40.4129] }},
{"zip_code":"62334","country":"US","city":"Elvaston","state":"Illinois","state_ab":"IL","county":"Hancock","geo_location":{ "type": "Point", "coordinates": [-91.2214, 40.4171] }},
{"zip_code":"61241","country":"US","city":"Colona","state":"Illinois","state_ab":"IL","county":"Henry","geo_location":{ "type": "Point", "coordinates": [-90.321, 41.4885] }},
{"zip_code":"61254","country":"US","city":"Geneseo","state":"Illinois","state_ab":"IL","county":"Henry","geo_location":{ "type": "Point", "coordinates": [-90.1711, 41.4688] }},
{"zip_code":"61434","country":"US","city":"Galva","state":"Illinois","state_ab":"IL","county":"Henry","geo_location":{ "type": "Point", "coordinates": [-90.0481, 41.1656] }},
{"zip_code":"60974","country":"US","city":"Woodland","state":"Illinois","state_ab":"IL","county":"Iroquois","geo_location":{ "type": "Point", "coordinates": [-87.7307, 40.7151] }},
{"zip_code":"62901","country":"US","city":"Carbondale","state":"Illinois","state_ab":"IL","county":"Jackson","geo_location":{ "type": "Point", "coordinates": [-89.2158, 37.72] }}]}